order_id,warehouse_region,shipping_cost,promised_delivery_date,actual_delivery_date,delivery_status
O0000001,East Hub,5.73,2026-01-04,2026-01-03,On Time
O0000002,Central Hub,6.98,2026-01-04,2026-01-04,On Time
O0000003,Central Hub,16.14,2026-01-05,2026-01-05,On Time
O0000004,East Hub,8.36,2026-01-05,2026-01-05,On Time
O0000005,Central Hub,7.25,2026-01-07,2026-01-07,On Time
O0000006,Central Hub,8.24,2026-01-04,2026-01-04,On Time
O0000007,West Hub,11.02,2026-01-05,2026-01-04,On Time
O0000008,East Hub,10.66,2026-01-06,2026-01-06,On Time
O0000009,West Hub,12.14,2026-01-05,2026-01-04,On Time
O0000010,Central Hub,7.68,2026-01-04,2026-01-04,On Time
O0000011,West Hub,8.61,2026-01-05,2026-01-05,On Time
O0000012,Central Hub,5.98,2026-01-06,2026-01-06,On Time
O0000013,East Hub,11.62,2026-01-06,2026-01-06,On Time
O0000014,East Hub,12.99,2026-01-04,2026-01-03,On Time
O0000015,West Hub,7.44,2026-01-06,2026-01-05,On Time
O0000016,West Hub,9.8,2026-01-06,2026-01-05,On Time
O0000017,East Hub,8.99,2026-01-04,2026-01-03,On Time
O0000018,West Hub,9.58,2026-01-06,2026-01-05,On Time
O0000019,West Hub,9.14,2026-01-04,2026-01-03,On Time
O0000020,West Hub,10.54,2026-01-07,2026-01-10,Late
O0000021,West Hub,8.62,2026-01-04,2026-01-07,Late
O0000022,West Hub,13.92,2026-01-04,2026-01-04,On Time
O0000023,Central Hub,6.15,2026-01-05,2026-01-04,On Time
O0000024,Central Hub,9.04,2026-01-06,2026-01-05,On Time
O0000025,West Hub,9.65,2026-01-06,2026-01-05,On Time
O0000026,Central Hub,12.92,2026-01-07,2026-01-06,On Time
O0000027,Central Hub,10.53,2026-01-04,2026-01-04,On Time
O0000028,West Hub,10.43,2026-01-06,2026-01-06,On Time
O0000029,Central Hub,8.14,2026-01-07,2026-01-07,On Time
O0000030,West Hub,14.7,2026-01-04,2026-01-04,On Time
O0000031,Central Hub,9.01,2026-01-04,2026-01-03,On Time
O0000032,East Hub,7.84,2026-01-04,2026-01-03,On Time
O0000033,West Hub,12.13,2026-01-07,2026-01-07,On Time
O0000034,West Hub,9.93,2026-01-06,2026-01-05,On Time
O0000035,Central Hub,9.23,2026-01-04,2026-01-04,On Time
O0000036,Central Hub,7.65,2026-01-06,2026-01-06,On Time
O0000037,West Hub,12.56,2026-01-05,2026-01-04,On Time
O0000038,East Hub,13.95,2026-01-07,2026-01-07,On Time
O0000039,West Hub,7.31,2026-01-05,2026-01-05,On Time
O0000040,East Hub,11.07,2026-01-04,2026-01-09,Late
O0000041,East Hub,7.56,2026-01-06,2026-01-05,On Time
O0000042,East Hub,7.34,2026-01-06,2026-01-05,On Time
O0000043,Central Hub,9.36,2026-01-04,2026-01-04,On Time
O0000044,East Hub,10.83,2026-01-05,2026-01-04,On Time
O0000045,East Hub,16.53,2026-01-07,2026-01-06,On Time
O0000046,East Hub,6.91,2026-01-08,2026-01-07,On Time
O0000047,East Hub,8.72,2026-01-07,2026-01-07,On Time
O0000048,West Hub,12.71,2026-01-06,2026-01-05,On Time
O0000049,West Hub,8.06,2026-01-05,2026-01-05,On Time
O0000050,Central Hub,14.54,2026-01-06,2026-01-05,On Time
O0000051,East Hub,10.47,2026-01-08,2026-01-07,On Time
O0000052,West Hub,7.78,2026-01-08,2026-01-08,On Time
O0000053,East Hub,9.69,2026-01-06,2026-01-06,On Time
O0000054,East Hub,12.0,2026-01-08,2026-01-07,On Time
O0000055,West Hub,9.09,2026-01-06,2026-01-05,On Time
O0000056,West Hub,9.82,2026-01-05,2026-01-09,Late
O0000057,Central Hub,6.81,2026-01-05,2026-01-04,On Time
O0000058,East Hub,16.94,2026-01-07,2026-01-06,On Time
O0000059,Central Hub,11.02,2026-01-05,2026-01-04,On Time
O0000060,East Hub,7.98,2026-01-05,2026-01-04,On Time
O0000061,Central Hub,14.76,2026-01-05,2026-01-05,On Time
O0000062,Central Hub,8.7,2026-01-06,2026-01-09,Late
O0000063,West Hub,8.29,2026-01-06,2026-01-06,On Time
O0000064,Central Hub,7.4,2026-01-08,2026-01-11,Late
O0000065,Central Hub,6.44,2026-01-07,2026-01-07,On Time
O0000066,Central Hub,17.1,2026-01-06,2026-01-06,On Time
O0000067,West Hub,7.41,2026-01-06,2026-01-05,On Time
O0000068,Central Hub,18.62,2026-01-05,2026-01-04,On Time
O0000069,Central Hub,6.89,2026-01-08,2026-01-08,On Time
O0000070,East Hub,8.35,2026-01-08,2026-01-07,On Time
O0000071,West Hub,10.91,2026-01-08,2026-01-09,Late
O0000072,Central Hub,8.67,2026-01-05,2026-01-07,Late
O0000073,Central Hub,8.47,2026-01-07,2026-01-07,On Time
O0000074,East Hub,19.77,2026-01-05,2026-01-04,On Time
O0000075,East Hub,6.33,2026-01-05,2026-01-05,On Time
O0000076,West Hub,11.49,2026-01-05,2026-01-04,On Time
O0000077,West Hub,13.98,2026-01-07,2026-01-06,On Time
O0000078,East Hub,8.29,2026-01-07,2026-01-07,On Time
O0000079,West Hub,12.17,2026-01-08,2026-01-08,On Time
O0000080,West Hub,15.89,2026-01-06,2026-01-08,Late
O0000081,Central Hub,7.74,2026-01-08,2026-01-08,On Time
O0000082,Central Hub,10.87,2026-01-05,2026-01-04,On Time
O0000083,West Hub,14.05,2026-01-08,2026-01-12,Late
O0000084,West Hub,14.67,2026-01-07,2026-01-07,On Time
O0000085,East Hub,10.91,2026-01-08,2026-01-08,On Time
O0000086,West Hub,17.7,2026-01-07,2026-01-06,On Time
O0000087,East Hub,7.98,2026-01-06,2026-01-05,On Time
O0000088,West Hub,13.4,2026-01-06,2026-01-06,On Time
O0000089,East Hub,10.06,2026-01-06,2026-01-06,On Time
O0000090,West Hub,12.99,2026-01-07,2026-01-06,On Time
O0000091,West Hub,10.1,2026-01-07,2026-01-07,On Time
O0000092,East Hub,7.45,2026-01-07,2026-01-07,On Time
O0000093,Central Hub,7.19,2026-01-06,2026-01-06,On Time
O0000094,West Hub,10.93,2026-01-06,2026-01-06,On Time
O0000095,Central Hub,9.0,2026-01-07,2026-01-06,On Time
O0000096,West Hub,15.56,2026-01-09,2026-01-08,On Time
O0000097,Central Hub,7.32,2026-01-08,2026-01-07,On Time
O0000098,East Hub,8.91,2026-01-07,2026-01-06,On Time
O0000099,Central Hub,6.69,2026-01-08,2026-01-08,On Time
O0000100,East Hub,8.32,2026-01-09,2026-01-09,On Time
O0000101,East Hub,7.44,2026-01-07,2026-01-07,On Time
O0000102,West Hub,9.32,2026-01-07,2026-01-06,On Time
O0000103,West Hub,10.52,2026-01-09,2026-01-08,On Time
O0000104,East Hub,8.09,2026-01-07,2026-01-07,On Time
O0000105,Central Hub,6.85,2026-01-06,2026-01-06,On Time
O0000106,Central Hub,10.09,2026-01-08,2026-01-07,On Time
O0000107,Central Hub,14.68,2026-01-09,2026-01-09,On Time
O0000108,Central Hub,9.06,2026-01-06,2026-01-06,On Time
O0000109,West Hub,9.66,2026-01-07,2026-01-06,On Time
O0000110,Central Hub,8.77,2026-01-08,2026-01-08,On Time
O0000111,Central Hub,8.97,2026-01-08,2026-01-07,On Time
O0000112,West Hub,14.61,2026-01-08,2026-01-08,On Time
O0000113,West Hub,10.36,2026-01-08,2026-01-07,On Time
O0000114,Central Hub,8.63,2026-01-08,2026-01-07,On Time
O0000115,Central Hub,8.55,2026-01-09,2026-01-08,On Time
O0000116,Central Hub,11.82,2026-01-08,2026-01-07,On Time
O0000117,East Hub,8.79,2026-01-07,2026-01-07,On Time
O0000118,Central Hub,7.79,2026-01-08,2026-01-07,On Time
O0000119,East Hub,13.53,2026-01-09,2026-01-09,On Time
O0000120,Central Hub,12.63,2026-01-09,2026-01-08,On Time
O0000121,West Hub,8.71,2026-01-08,2026-01-08,On Time
O0000122,Central Hub,9.17,2026-01-06,2026-01-06,On Time
O0000123,West Hub,16.09,2026-01-09,2026-01-08,On Time
O0000124,West Hub,10.83,2026-01-07,2026-01-07,On Time
O0000125,West Hub,14.22,2026-01-06,2026-01-06,On Time
O0000126,East Hub,7.21,2026-01-08,2026-01-07,On Time
O0000127,West Hub,7.46,2026-01-09,2026-01-09,On Time
O0000128,West Hub,16.31,2026-01-09,2026-01-08,On Time
O0000129,West Hub,7.97,2026-01-08,2026-01-08,On Time
O0000130,East Hub,6.94,2026-01-08,2026-01-07,On Time
O0000131,East Hub,9.48,2026-01-09,2026-01-09,On Time
O0000132,East Hub,11.95,2026-01-09,2026-01-08,On Time
O0000133,West Hub,8.96,2026-01-09,2026-01-09,On Time
O0000134,East Hub,10.26,2026-01-08,2026-01-07,On Time
O0000135,West Hub,9.0,2026-01-08,2026-01-07,On Time
O0000136,East Hub,7.19,2026-01-07,2026-01-07,On Time
O0000137,East Hub,7.72,2026-01-10,2026-01-09,On Time
O0000138,East Hub,7.56,2026-01-08,2026-01-07,On Time
O0000139,West Hub,8.38,2026-01-09,2026-01-09,On Time
O0000140,West Hub,13.89,2026-01-07,2026-01-07,On Time
O0000141,West Hub,15.18,2026-01-09,2026-01-09,On Time
O0000142,East Hub,11.07,2026-01-07,2026-01-06,On Time
O0000143,East Hub,6.9,2026-01-08,2026-01-08,On Time
O0000144,West Hub,12.82,2026-01-07,2026-01-07,On Time
O0000145,West Hub,7.2,2026-01-09,2026-01-08,On Time
O0000146,Central Hub,7.01,2026-01-09,2026-01-09,On Time
O0000147,West Hub,8.39,2026-01-07,2026-01-06,On Time
O0000148,East Hub,14.87,2026-01-07,2026-01-06,On Time
O0000149,Central Hub,8.01,2026-01-09,2026-01-08,On Time
O0000150,East Hub,7.93,2026-01-09,2026-01-09,On Time
O0000151,East Hub,6.91,2026-01-09,2026-01-08,On Time
O0000152,East Hub,15.43,2026-01-07,2026-01-07,On Time
O0000153,Central Hub,11.53,2026-01-09,2026-01-08,On Time
O0000154,East Hub,10.9,2026-01-08,2026-01-07,On Time
O0000155,Central Hub,18.38,2026-01-08,2026-01-10,Late
O0000156,Central Hub,16.82,2026-01-10,2026-01-09,On Time
O0000157,West Hub,16.34,2026-01-10,2026-01-11,Late
O0000158,Central Hub,10.78,2026-01-08,2026-01-08,On Time
O0000159,West Hub,11.0,2026-01-09,2026-01-08,On Time
O0000160,West Hub,10.95,2026-01-09,2026-01-08,On Time
O0000161,Central Hub,8.66,2026-01-09,2026-01-09,On Time
O0000162,East Hub,10.44,2026-01-07,2026-01-07,On Time
O0000163,West Hub,9.67,2026-01-09,2026-01-13,Late
O0000164,West Hub,11.54,2026-01-07,2026-01-07,On Time
O0000165,Central Hub,8.28,2026-01-09,2026-01-08,On Time
O0000166,West Hub,10.6,2026-01-07,2026-01-06,On Time
O0000167,Central Hub,9.5,2026-01-10,2026-01-14,Late
O0000168,West Hub,17.42,2026-01-07,2026-01-07,On Time
O0000169,West Hub,8.48,2026-01-07,2026-01-06,On Time
O0000170,Central Hub,9.46,2026-01-10,2026-01-10,On Time
O0000171,West Hub,9.16,2026-01-08,2026-01-07,On Time
O0000172,West Hub,16.95,2026-01-08,2026-01-08,On Time
O0000173,West Hub,18.85,2026-01-09,2026-01-09,On Time
O0000174,West Hub,7.75,2026-01-07,2026-01-07,On Time
O0000175,Central Hub,12.39,2026-01-09,2026-01-09,On Time
O0000176,West Hub,6.13,2026-01-07,2026-01-06,On Time
O0000177,West Hub,10.95,2026-01-10,2026-01-10,On Time
O0000178,West Hub,7.38,2026-01-08,2026-01-07,On Time
O0000179,Central Hub,11.88,2026-01-08,2026-01-08,On Time
O0000180,West Hub,12.17,2026-01-08,2026-01-07,On Time
O0000181,East Hub,13.59,2026-01-11,2026-01-11,On Time
O0000182,West Hub,9.23,2026-01-11,2026-01-11,On Time
O0000183,East Hub,14.94,2026-01-11,2026-01-10,On Time
O0000184,Central Hub,8.12,2026-01-08,2026-01-08,On Time
O0000185,Central Hub,10.05,2026-01-10,2026-01-09,On Time
O0000186,Central Hub,8.16,2026-01-09,2026-01-11,Late
O0000187,East Hub,12.01,2026-01-10,2026-01-09,On Time
O0000188,Central Hub,9.13,2026-01-08,2026-01-08,On Time
O0000189,West Hub,10.46,2026-01-09,2026-01-08,On Time
O0000190,Central Hub,11.12,2026-01-08,2026-01-08,On Time
O0000191,Central Hub,13.25,2026-01-10,2026-01-09,On Time
O0000192,East Hub,6.82,2026-01-09,2026-01-09,On Time
O0000193,West Hub,9.66,2026-01-08,2026-01-10,Late
O0000194,West Hub,8.35,2026-01-10,2026-01-10,On Time
O0000195,West Hub,8.39,2026-01-08,2026-01-12,Late
O0000196,East Hub,9.26,2026-01-09,2026-01-08,On Time
O0000197,East Hub,6.68,2026-01-10,2026-01-12,Late
O0000198,West Hub,10.05,2026-01-08,2026-01-08,On Time
O0000199,East Hub,13.59,2026-01-11,2026-01-10,On Time
O0000200,Central Hub,8.35,2026-01-09,2026-01-08,On Time
O0000201,East Hub,10.93,2026-01-11,2026-01-10,On Time
O0000202,West Hub,15.32,2026-01-11,2026-01-10,On Time
O0000203,East Hub,11.93,2026-01-11,2026-01-11,On Time
O0000204,West Hub,16.15,2026-01-11,2026-01-10,On Time
O0000205,West Hub,8.83,2026-01-09,2026-01-08,On Time
O0000206,West Hub,13.33,2026-01-11,2026-01-11,On Time
O0000207,Central Hub,15.79,2026-01-10,2026-01-09,On Time
O0000208,West Hub,13.54,2026-01-11,2026-01-11,On Time
O0000209,Central Hub,9.15,2026-01-09,2026-01-09,On Time
O0000210,Central Hub,8.78,2026-01-11,2026-01-11,On Time
O0000211,Central Hub,12.96,2026-01-09,2026-01-09,On Time
O0000212,Central Hub,8.4,2026-01-10,2026-01-09,On Time
O0000213,East Hub,8.77,2026-01-08,2026-01-07,On Time
O0000214,Central Hub,6.4,2026-01-08,2026-01-08,On Time
O0000215,Central Hub,6.79,2026-01-10,2026-01-10,On Time
O0000216,Central Hub,10.98,2026-01-10,2026-01-09,On Time
O0000217,West Hub,8.75,2026-01-10,2026-01-10,On Time
O0000218,Central Hub,6.69,2026-01-09,2026-01-09,On Time
O0000219,West Hub,9.21,2026-01-08,2026-01-13,Late
O0000220,East Hub,5.57,2026-01-11,2026-01-11,On Time
O0000221,Central Hub,7.95,2026-01-10,2026-01-10,On Time
O0000222,West Hub,11.42,2026-01-08,2026-01-07,On Time
O0000223,West Hub,7.63,2026-01-10,2026-01-10,On Time
O0000224,Central Hub,9.89,2026-01-08,2026-01-08,On Time
O0000225,West Hub,10.51,2026-01-10,2026-01-10,On Time
O0000226,East Hub,13.85,2026-01-10,2026-01-10,On Time
O0000227,West Hub,12.53,2026-01-08,2026-01-11,Late
O0000228,East Hub,11.96,2026-01-09,2026-01-08,On Time
O0000229,West Hub,8.87,2026-01-11,2026-01-10,On Time
O0000230,West Hub,14.8,2026-01-08,2026-01-07,On Time
O0000231,East Hub,6.92,2026-01-09,2026-01-08,On Time
O0000232,East Hub,5.99,2026-01-12,2026-01-11,On Time
O0000233,East Hub,7.62,2026-01-11,2026-01-10,On Time
O0000234,West Hub,10.07,2026-01-12,2026-01-11,On Time
O0000235,Central Hub,9.4,2026-01-09,2026-01-09,On Time
O0000236,East Hub,12.16,2026-01-10,2026-01-09,On Time
O0000237,West Hub,15.06,2026-01-11,2026-01-11,On Time
O0000238,Central Hub,8.81,2026-01-09,2026-01-08,On Time
O0000239,East Hub,8.03,2026-01-09,2026-01-08,On Time
O0000240,East Hub,12.63,2026-01-10,2026-01-10,On Time
O0000241,East Hub,11.64,2026-01-12,2026-01-11,On Time
O0000242,Central Hub,10.15,2026-01-09,2026-01-12,Late
O0000243,Central Hub,10.18,2026-01-12,2026-01-12,On Time
O0000244,West Hub,15.38,2026-01-12,2026-01-17,Late
O0000245,East Hub,12.6,2026-01-12,2026-01-11,On Time
O0000246,West Hub,8.75,2026-01-09,2026-01-14,Late
O0000247,Central Hub,11.28,2026-01-12,2026-01-12,On Time
O0000248,East Hub,11.13,2026-01-10,2026-01-10,On Time
O0000249,West Hub,8.56,2026-01-11,2026-01-10,On Time
O0000250,West Hub,8.73,2026-01-10,2026-01-14,Late
O0000251,East Hub,7.46,2026-01-12,2026-01-12,On Time
O0000252,West Hub,9.73,2026-01-11,2026-01-11,On Time
O0000253,West Hub,25.3,2026-01-11,2026-01-10,On Time
O0000254,East Hub,11.5,2026-01-10,2026-01-09,On Time
O0000255,East Hub,7.27,2026-01-09,2026-01-08,On Time
O0000256,East Hub,15.7,2026-01-12,2026-01-12,On Time
O0000257,Central Hub,8.7,2026-01-09,2026-01-10,Late
O0000258,Central Hub,9.77,2026-01-12,2026-01-12,On Time
O0000259,West Hub,9.09,2026-01-09,2026-01-08,On Time
O0000260,Central Hub,8.16,2026-01-11,2026-01-11,On Time
O0000261,West Hub,10.13,2026-01-11,2026-01-13,Late
O0000262,East Hub,13.21,2026-01-09,2026-01-09,On Time
O0000263,West Hub,8.48,2026-01-10,2026-01-10,On Time
O0000264,East Hub,13.39,2026-01-12,2026-01-11,On Time
O0000265,Central Hub,12.68,2026-01-11,2026-01-11,On Time
O0000266,East Hub,8.08,2026-01-10,2026-01-10,On Time
O0000267,Central Hub,13.88,2026-01-11,2026-01-11,On Time
O0000268,West Hub,20.58,2026-01-11,2026-01-11,On Time
O0000269,Central Hub,16.19,2026-01-12,2026-01-11,On Time
O0000270,East Hub,8.07,2026-01-11,2026-01-10,On Time
O0000271,West Hub,7.63,2026-01-12,2026-01-11,On Time
O0000272,East Hub,11.16,2026-01-09,2026-01-09,On Time
O0000273,West Hub,14.09,2026-01-12,2026-01-12,On Time
O0000274,West Hub,7.65,2026-01-10,2026-01-10,On Time
O0000275,West Hub,15.09,2026-01-09,2026-01-08,On Time
O0000276,Central Hub,12.52,2026-01-10,2026-01-15,Late
O0000277,Central Hub,6.21,2026-01-12,2026-01-12,On Time
O0000278,East Hub,11.21,2026-01-10,2026-01-09,On Time
O0000279,Central Hub,10.56,2026-01-10,2026-01-10,On Time
O0000280,Central Hub,8.23,2026-01-10,2026-01-10,On Time
O0000281,West Hub,10.27,2026-01-12,2026-01-12,On Time
O0000282,West Hub,11.23,2026-01-11,2026-01-11,On Time
O0000283,East Hub,5.76,2026-01-09,2026-01-09,On Time
O0000284,East Hub,9.58,2026-01-11,2026-01-11,On Time
O0000285,Central Hub,10.42,2026-01-11,2026-01-11,On Time
O0000286,West Hub,18.63,2026-01-11,2026-01-11,On Time
O0000287,East Hub,6.56,2026-01-12,2026-01-11,On Time
O0000288,Central Hub,16.32,2026-01-11,2026-01-10,On Time
O0000289,Central Hub,9.48,2026-01-12,2026-01-11,On Time
O0000290,Central Hub,7.98,2026-01-13,2026-01-13,On Time
O0000291,West Hub,10.75,2026-01-13,2026-01-13,On Time
O0000292,West Hub,7.58,2026-01-12,2026-01-11,On Time
O0000293,East Hub,9.42,2026-01-10,2026-01-09,On Time
O0000294,Central Hub,6.33,2026-01-10,2026-01-09,On Time
O0000295,West Hub,9.21,2026-01-12,2026-01-11,On Time
O0000296,East Hub,6.44,2026-01-10,2026-01-09,On Time
O0000297,Central Hub,8.79,2026-01-10,2026-01-10,On Time
O0000298,Central Hub,9.84,2026-01-10,2026-01-09,On Time
O0000299,East Hub,9.09,2026-01-11,2026-01-10,On Time
O0000300,Central Hub,13.27,2026-01-13,2026-01-12,On Time
O0000301,East Hub,12.83,2026-01-13,2026-01-12,On Time
O0000302,West Hub,7.98,2026-01-11,2026-01-11,On Time
O0000303,West Hub,8.27,2026-01-12,2026-01-11,On Time
O0000304,East Hub,11.03,2026-01-11,2026-01-11,On Time
O0000305,West Hub,8.33,2026-01-12,2026-01-12,On Time
O0000306,East Hub,11.61,2026-01-11,2026-01-11,On Time
O0000307,East Hub,6.63,2026-01-12,2026-01-11,On Time
O0000308,Central Hub,8.83,2026-01-11,2026-01-10,On Time
O0000309,Central Hub,5.98,2026-01-10,2026-01-09,On Time
O0000310,Central Hub,7.37,2026-01-10,2026-01-10,On Time
O0000311,East Hub,7.98,2026-01-11,2026-01-10,On Time
O0000312,Central Hub,9.23,2026-01-12,2026-01-11,On Time
O0000313,East Hub,6.59,2026-01-10,2026-01-09,On Time
O0000314,East Hub,13.6,2026-01-12,2026-01-11,On Time
O0000315,West Hub,27.68,2026-01-13,2026-01-13,On Time
O0000316,Central Hub,7.96,2026-01-11,2026-01-11,On Time
O0000317,West Hub,18.33,2026-01-12,2026-01-12,On Time
O0000318,East Hub,9.79,2026-01-13,2026-01-13,On Time
O0000319,West Hub,8.99,2026-01-10,2026-01-10,On Time
O0000320,West Hub,11.61,2026-01-11,2026-01-10,On Time
O0000321,Central Hub,12.78,2026-01-12,2026-01-12,On Time
O0000322,East Hub,14.34,2026-01-10,2026-01-09,On Time
O0000323,Central Hub,15.42,2026-01-13,2026-01-12,On Time
O0000324,West Hub,17.54,2026-01-11,2026-01-10,On Time
O0000325,West Hub,9.28,2026-01-11,2026-01-12,Late
O0000326,West Hub,9.25,2026-01-12,2026-01-12,On Time
O0000327,West Hub,11.63,2026-01-13,2026-01-13,On Time
O0000328,East Hub,8.31,2026-01-12,2026-01-11,On Time
O0000329,West Hub,10.79,2026-01-11,2026-01-10,On Time
O0000330,West Hub,11.8,2026-01-12,2026-01-11,On Time
O0000331,East Hub,11.69,2026-01-10,2026-01-09,On Time
O0000332,West Hub,16.01,2026-01-12,2026-01-11,On Time
O0000333,East Hub,12.15,2026-01-10,2026-01-12,Late
O0000334,East Hub,10.03,2026-01-13,2026-01-13,On Time
O0000335,Central Hub,9.45,2026-01-12,2026-01-11,On Time
O0000336,West Hub,21.96,2026-01-13,2026-01-13,On Time
O0000337,East Hub,9.33,2026-01-11,2026-01-11,On Time
O0000338,Central Hub,10.65,2026-01-11,2026-01-11,On Time
O0000339,Central Hub,9.99,2026-01-12,2026-01-11,On Time
O0000340,West Hub,8.45,2026-01-11,2026-01-10,On Time
O0000341,West Hub,16.08,2026-01-13,2026-01-17,Late
O0000342,East Hub,9.02,2026-01-13,2026-01-12,On Time
O0000343,West Hub,10.25,2026-01-11,2026-01-10,On Time
O0000344,East Hub,8.9,2026-01-12,2026-01-11,On Time
O0000345,East Hub,8.34,2026-01-13,2026-01-13,On Time
O0000346,Central Hub,12.96,2026-01-10,2026-01-09,On Time
O0000347,Central Hub,10.35,2026-01-10,2026-01-10,On Time
O0000348,East Hub,7.85,2026-01-13,2026-01-13,On Time
O0000349,West Hub,19.21,2026-01-12,2026-01-12,On Time
O0000350,East Hub,8.74,2026-01-10,2026-01-14,Late
O0000351,Central Hub,8.36,2026-01-13,2026-01-13,On Time
O0000352,East Hub,9.39,2026-01-11,2026-01-11,On Time
O0000353,Central Hub,6.76,2026-01-10,2026-01-09,On Time
O0000354,Central Hub,19.28,2026-01-11,2026-01-10,On Time
O0000355,East Hub,7.92,2026-01-12,2026-01-12,On Time
O0000356,Central Hub,11.45,2026-01-11,2026-01-10,On Time
O0000357,East Hub,8.22,2026-01-12,2026-01-11,On Time
O0000358,Central Hub,9.9,2026-01-12,2026-01-11,On Time
O0000359,West Hub,10.0,2026-01-10,2026-01-10,On Time
O0000360,East Hub,9.61,2026-01-12,2026-01-12,On Time
O0000361,Central Hub,11.68,2026-01-13,2026-01-13,On Time
O0000362,Central Hub,11.93,2026-01-11,2026-01-11,On Time
O0000363,Central Hub,9.31,2026-01-12,2026-01-11,On Time
O0000364,Central Hub,7.59,2026-01-11,2026-01-11,On Time
O0000365,West Hub,9.62,2026-01-11,2026-01-11,On Time
O0000366,Central Hub,9.52,2026-01-14,2026-01-13,On Time
O0000367,East Hub,8.39,2026-01-13,2026-01-13,On Time
O0000368,West Hub,9.06,2026-01-12,2026-01-12,On Time
O0000369,Central Hub,6.35,2026-01-13,2026-01-13,On Time
O0000370,West Hub,15.96,2026-01-12,2026-01-12,On Time
O0000371,Central Hub,10.72,2026-01-12,2026-01-15,Late
O0000372,West Hub,10.74,2026-01-12,2026-01-12,On Time
O0000373,East Hub,8.02,2026-01-12,2026-01-11,On Time
O0000374,Central Hub,8.68,2026-01-11,2026-01-11,On Time
O0000375,West Hub,11.59,2026-01-14,2026-01-14,On Time
O0000376,Central Hub,9.12,2026-01-11,2026-01-11,On Time
O0000377,Central Hub,8.24,2026-01-12,2026-01-11,On Time
O0000378,Central Hub,5.81,2026-01-14,2026-01-14,On Time
O0000379,Central Hub,8.82,2026-01-12,2026-01-12,On Time
O0000380,East Hub,8.18,2026-01-14,2026-01-14,On Time
O0000381,West Hub,13.79,2026-01-12,2026-01-12,On Time
O0000382,East Hub,14.9,2026-01-13,2026-01-12,On Time
O0000383,Central Hub,9.36,2026-01-12,2026-01-15,Late
O0000384,East Hub,19.03,2026-01-11,2026-01-10,On Time
O0000385,Central Hub,8.46,2026-01-12,2026-01-11,On Time
O0000386,Central Hub,12.01,2026-01-13,2026-01-13,On Time
O0000387,West Hub,6.59,2026-01-13,2026-01-13,On Time
O0000388,West Hub,13.68,2026-01-13,2026-01-13,On Time
O0000389,East Hub,7.73,2026-01-13,2026-01-12,On Time
O0000390,Central Hub,5.78,2026-01-13,2026-01-13,On Time
O0000391,West Hub,23.17,2026-01-13,2026-01-13,On Time
O0000392,West Hub,18.87,2026-01-13,2026-01-17,Late
O0000393,East Hub,7.62,2026-01-11,2026-01-10,On Time
O0000394,East Hub,14.2,2026-01-12,2026-01-11,On Time
O0000395,Central Hub,10.18,2026-01-13,2026-01-17,Late
O0000396,Central Hub,8.53,2026-01-11,2026-01-15,Late
O0000397,East Hub,8.46,2026-01-12,2026-01-11,On Time
O0000398,West Hub,7.47,2026-01-12,2026-01-11,On Time
O0000399,West Hub,10.13,2026-01-14,2026-01-13,On Time
O0000400,West Hub,6.85,2026-01-13,2026-01-15,Late
O0000401,Central Hub,10.53,2026-01-12,2026-01-11,On Time
O0000402,West Hub,11.83,2026-01-13,2026-01-13,On Time
O0000403,East Hub,11.93,2026-01-13,2026-01-12,On Time
O0000404,Central Hub,9.18,2026-01-11,2026-01-14,Late
O0000405,West Hub,7.89,2026-01-11,2026-01-15,Late
O0000406,Central Hub,6.9,2026-01-12,2026-01-12,On Time
O0000407,West Hub,24.47,2026-01-14,2026-01-14,On Time
O0000408,Central Hub,8.85,2026-01-12,2026-01-11,On Time
O0000409,West Hub,8.77,2026-01-12,2026-01-12,On Time
O0000410,Central Hub,8.78,2026-01-14,2026-01-14,On Time
O0000411,Central Hub,14.18,2026-01-11,2026-01-10,On Time
O0000412,East Hub,7.62,2026-01-13,2026-01-12,On Time
O0000413,Central Hub,7.35,2026-01-13,2026-01-13,On Time
O0000414,East Hub,9.33,2026-01-12,2026-01-11,On Time
O0000415,East Hub,8.46,2026-01-12,2026-01-11,On Time
O0000416,Central Hub,7.48,2026-01-13,2026-01-12,On Time
O0000417,West Hub,14.21,2026-01-14,2026-01-14,On Time
O0000418,Central Hub,12.26,2026-01-12,2026-01-12,On Time
O0000419,West Hub,15.95,2026-01-14,2026-01-13,On Time
O0000420,Central Hub,11.46,2026-01-11,2026-01-11,On Time
O0000421,East Hub,10.72,2026-01-12,2026-01-11,On Time
O0000422,West Hub,13.67,2026-01-14,2026-01-14,On Time
O0000423,Central Hub,16.11,2026-01-14,2026-01-13,On Time
O0000424,West Hub,9.27,2026-01-14,2026-01-13,On Time
O0000425,West Hub,8.85,2026-01-13,2026-01-12,On Time
O0000426,East Hub,13.07,2026-01-13,2026-01-12,On Time
O0000427,West Hub,10.29,2026-01-11,2026-01-10,On Time
O0000428,East Hub,9.27,2026-01-13,2026-01-12,On Time
O0000429,West Hub,10.53,2026-01-13,2026-01-12,On Time
O0000430,West Hub,8.29,2026-01-12,2026-01-11,On Time
O0000431,West Hub,10.26,2026-01-15,2026-01-15,On Time
O0000432,West Hub,9.09,2026-01-15,2026-01-14,On Time
O0000433,West Hub,7.82,2026-01-15,2026-01-14,On Time
O0000434,East Hub,14.09,2026-01-15,2026-01-15,On Time
O0000435,West Hub,9.65,2026-01-15,2026-01-14,On Time
O0000436,East Hub,10.66,2026-01-12,2026-01-11,On Time
O0000437,Central Hub,7.63,2026-01-12,2026-01-12,On Time
O0000438,Central Hub,8.49,2026-01-13,2026-01-13,On Time
O0000439,West Hub,15.37,2026-01-12,2026-01-17,Late
O0000440,East Hub,10.76,2026-01-14,2026-01-14,On Time
O0000441,East Hub,12.87,2026-01-12,2026-01-11,On Time
O0000442,East Hub,12.35,2026-01-14,2026-01-14,On Time
O0000443,East Hub,7.46,2026-01-14,2026-01-13,On Time
O0000444,West Hub,8.35,2026-01-12,2026-01-12,On Time
O0000445,East Hub,11.01,2026-01-12,2026-01-11,On Time
O0000446,Central Hub,8.79,2026-01-13,2026-01-13,On Time
O0000447,East Hub,7.74,2026-01-14,2026-01-13,On Time
O0000448,Central Hub,12.08,2026-01-15,2026-01-15,On Time
O0000449,Central Hub,6.15,2026-01-13,2026-01-13,On Time
O0000450,East Hub,9.57,2026-01-13,2026-01-13,On Time
O0000451,West Hub,8.84,2026-01-15,2026-01-15,On Time
O0000452,Central Hub,8.93,2026-01-12,2026-01-12,On Time
O0000453,West Hub,7.94,2026-01-15,2026-01-15,On Time
O0000454,East Hub,10.47,2026-01-15,2026-01-14,On Time
O0000455,West Hub,11.03,2026-01-13,2026-01-13,On Time
O0000456,West Hub,9.39,2026-01-14,2026-01-13,On Time
O0000457,Central Hub,11.75,2026-01-15,2026-01-15,On Time
O0000458,West Hub,13.73,2026-01-15,2026-01-19,Late
O0000459,West Hub,14.29,2026-01-14,2026-01-14,On Time
O0000460,West Hub,12.41,2026-01-14,2026-01-13,On Time
O0000461,East Hub,10.2,2026-01-15,2026-01-15,On Time
O0000462,West Hub,13.71,2026-01-15,2026-01-14,On Time
O0000463,West Hub,17.91,2026-01-15,2026-01-15,On Time
O0000464,East Hub,12.75,2026-01-14,2026-01-14,On Time
O0000465,West Hub,12.29,2026-01-14,2026-01-14,On Time
O0000466,East Hub,10.5,2026-01-14,2026-01-13,On Time
O0000467,East Hub,9.62,2026-01-13,2026-01-13,On Time
O0000468,West Hub,10.91,2026-01-12,2026-01-11,On Time
O0000469,East Hub,7.44,2026-01-12,2026-01-12,On Time
O0000470,West Hub,11.43,2026-01-15,2026-01-14,On Time
O0000471,West Hub,7.57,2026-01-14,2026-01-13,On Time
O0000472,East Hub,8.01,2026-01-15,2026-01-14,On Time
O0000473,West Hub,7.78,2026-01-14,2026-01-13,On Time
O0000474,West Hub,8.78,2026-01-13,2026-01-12,On Time
O0000475,West Hub,8.54,2026-01-13,2026-01-13,On Time
O0000476,East Hub,8.36,2026-01-12,2026-01-11,On Time
O0000477,East Hub,13.07,2026-01-14,2026-01-13,On Time
O0000478,Central Hub,13.41,2026-01-15,2026-01-17,Late
O0000479,East Hub,8.27,2026-01-14,2026-01-13,On Time
O0000480,West Hub,17.09,2026-01-12,2026-01-11,On Time
O0000481,Central Hub,9.03,2026-01-15,2026-01-14,On Time
O0000482,West Hub,11.22,2026-01-15,2026-01-16,Late
O0000483,East Hub,14.18,2026-01-15,2026-01-15,On Time
O0000484,West Hub,13.94,2026-01-14,2026-01-14,On Time
O0000485,East Hub,9.4,2026-01-13,2026-01-12,On Time
O0000486,East Hub,10.73,2026-01-12,2026-01-12,On Time
O0000487,East Hub,6.0,2026-01-15,2026-01-20,Late
O0000488,Central Hub,6.81,2026-01-12,2026-01-11,On Time
O0000489,West Hub,12.55,2026-01-15,2026-01-14,On Time
O0000490,Central Hub,13.04,2026-01-12,2026-01-12,On Time
O0000491,East Hub,7.0,2026-01-15,2026-01-14,On Time
O0000492,East Hub,9.2,2026-01-12,2026-01-12,On Time
O0000493,West Hub,13.17,2026-01-13,2026-01-13,On Time
O0000494,West Hub,8.25,2026-01-13,2026-01-13,On Time
O0000495,East Hub,15.16,2026-01-14,2026-01-14,On Time
O0000496,East Hub,9.35,2026-01-12,2026-01-11,On Time
O0000497,Central Hub,14.25,2026-01-12,2026-01-11,On Time
O0000498,East Hub,13.85,2026-01-13,2026-01-13,On Time
O0000499,East Hub,12.23,2026-01-14,2026-01-14,On Time
O0000500,West Hub,10.58,2026-01-12,2026-01-12,On Time
O0000501,East Hub,8.03,2026-01-15,2026-01-17,Late
O0000502,Central Hub,16.03,2026-01-13,2026-01-13,On Time
O0000503,East Hub,6.39,2026-01-13,2026-01-13,On Time
O0000504,West Hub,20.92,2026-01-14,2026-01-13,On Time
O0000505,Central Hub,7.51,2026-01-14,2026-01-14,On Time
O0000506,Central Hub,12.42,2026-01-13,2026-01-12,On Time
O0000507,West Hub,6.85,2026-01-13,2026-01-13,On Time
O0000508,East Hub,13.11,2026-01-13,2026-01-12,On Time
O0000509,West Hub,10.87,2026-01-15,2026-01-15,On Time
O0000510,Central Hub,11.26,2026-01-15,2026-01-14,On Time
O0000511,West Hub,8.4,2026-01-14,2026-01-18,Late
O0000512,Central Hub,9.39,2026-01-14,2026-01-14,On Time
O0000513,Central Hub,6.15,2026-01-14,2026-01-14,On Time
O0000514,Central Hub,9.49,2026-01-13,2026-01-12,On Time
O0000515,West Hub,7.03,2026-01-14,2026-01-14,On Time
O0000516,East Hub,14.01,2026-01-15,2026-01-14,On Time
O0000517,Central Hub,7.06,2026-01-15,2026-01-15,On Time
O0000518,Central Hub,10.81,2026-01-15,2026-01-14,On Time
O0000519,East Hub,10.98,2026-01-13,2026-01-12,On Time
O0000520,East Hub,7.71,2026-01-14,2026-01-14,On Time
O0000521,Central Hub,14.52,2026-01-14,2026-01-14,On Time
O0000522,Central Hub,7.52,2026-01-13,2026-01-13,On Time
O0000523,West Hub,22.49,2026-01-16,2026-01-16,On Time
O0000524,Central Hub,7.91,2026-01-13,2026-01-13,On Time
O0000525,West Hub,11.64,2026-01-15,2026-01-14,On Time
O0000526,Central Hub,8.7,2026-01-16,2026-01-15,On Time
O0000527,West Hub,8.41,2026-01-16,2026-01-15,On Time
O0000528,East Hub,10.09,2026-01-13,2026-01-13,On Time
O0000529,West Hub,10.53,2026-01-16,2026-01-15,On Time
O0000530,Central Hub,7.27,2026-01-16,2026-01-15,On Time
O0000531,Central Hub,8.12,2026-01-16,2026-01-15,On Time
O0000532,East Hub,10.37,2026-01-16,2026-01-15,On Time
O0000533,East Hub,6.32,2026-01-15,2026-01-15,On Time
O0000534,Central Hub,7.97,2026-01-14,2026-01-14,On Time
O0000535,East Hub,5.82,2026-01-13,2026-01-12,On Time
O0000536,Central Hub,7.03,2026-01-15,2026-01-14,On Time
O0000537,Central Hub,8.07,2026-01-16,2026-01-16,On Time
O0000538,West Hub,11.8,2026-01-15,2026-01-14,On Time
O0000539,East Hub,8.74,2026-01-13,2026-01-13,On Time
O0000540,East Hub,12.54,2026-01-15,2026-01-14,On Time
O0000541,Central Hub,11.04,2026-01-14,2026-01-14,On Time
O0000542,East Hub,23.55,2026-01-15,2026-01-15,On Time
O0000543,East Hub,13.55,2026-01-14,2026-01-14,On Time
O0000544,Central Hub,14.45,2026-01-16,2026-01-15,On Time
O0000545,West Hub,12.17,2026-01-13,2026-01-13,On Time
O0000546,Central Hub,8.8,2026-01-15,2026-01-15,On Time
O0000547,East Hub,10.47,2026-01-13,2026-01-13,On Time
O0000548,East Hub,11.2,2026-01-13,2026-01-12,On Time
O0000549,Central Hub,11.1,2026-01-15,2026-01-15,On Time
O0000550,West Hub,14.63,2026-01-13,2026-01-12,On Time
O0000551,West Hub,13.76,2026-01-13,2026-01-13,On Time
O0000552,West Hub,8.71,2026-01-13,2026-01-12,On Time
O0000553,Central Hub,12.33,2026-01-16,2026-01-16,On Time
O0000554,West Hub,7.73,2026-01-16,2026-01-17,Late
O0000555,East Hub,11.6,2026-01-16,2026-01-15,On Time
O0000556,West Hub,10.72,2026-01-14,2026-01-14,On Time
O0000557,West Hub,11.78,2026-01-13,2026-01-12,On Time
O0000558,East Hub,13.83,2026-01-14,2026-01-13,On Time
O0000559,East Hub,7.86,2026-01-14,2026-01-14,On Time
O0000560,Central Hub,6.53,2026-01-16,2026-01-15,On Time
O0000561,West Hub,9.67,2026-01-16,2026-01-16,On Time
O0000562,West Hub,7.5,2026-01-15,2026-01-15,On Time
O0000563,East Hub,6.47,2026-01-16,2026-01-16,On Time
O0000564,East Hub,8.01,2026-01-15,2026-01-15,On Time
O0000565,Central Hub,7.58,2026-01-15,2026-01-14,On Time
O0000566,East Hub,11.85,2026-01-15,2026-01-16,Late
O0000567,East Hub,7.17,2026-01-16,2026-01-15,On Time
O0000568,East Hub,7.69,2026-01-14,2026-01-13,On Time
O0000569,East Hub,7.95,2026-01-17,2026-01-16,On Time
O0000570,East Hub,11.27,2026-01-15,2026-01-15,On Time
O0000571,Central Hub,12.9,2026-01-17,2026-01-17,On Time
O0000572,West Hub,9.44,2026-01-14,2026-01-13,On Time
O0000573,East Hub,7.35,2026-01-14,2026-01-13,On Time
O0000574,West Hub,9.34,2026-01-16,2026-01-15,On Time
O0000575,Central Hub,9.48,2026-01-15,2026-01-15,On Time
O0000576,East Hub,8.76,2026-01-15,2026-01-15,On Time
O0000577,Central Hub,10.64,2026-01-15,2026-01-15,On Time
O0000578,Central Hub,9.29,2026-01-15,2026-01-14,On Time
O0000579,Central Hub,10.45,2026-01-14,2026-01-14,On Time
O0000580,West Hub,9.39,2026-01-17,2026-01-16,On Time
O0000581,Central Hub,19.64,2026-01-17,2026-01-16,On Time
O0000582,West Hub,9.36,2026-01-17,2026-01-17,On Time
O0000583,East Hub,9.06,2026-01-15,2026-01-15,On Time
O0000584,West Hub,6.9,2026-01-17,2026-01-16,On Time
O0000585,East Hub,11.03,2026-01-16,2026-01-16,On Time
O0000586,East Hub,9.92,2026-01-14,2026-01-13,On Time
O0000587,West Hub,18.19,2026-01-16,2026-01-16,On Time
O0000588,Central Hub,10.02,2026-01-14,2026-01-14,On Time
O0000589,West Hub,16.14,2026-01-17,2026-01-17,On Time
O0000590,Central Hub,9.25,2026-01-14,2026-01-13,On Time
O0000591,East Hub,7.59,2026-01-17,2026-01-17,On Time
O0000592,Central Hub,10.11,2026-01-15,2026-01-15,On Time
O0000593,West Hub,8.43,2026-01-16,2026-01-16,On Time
O0000594,Central Hub,10.88,2026-01-15,2026-01-14,On Time
O0000595,West Hub,16.77,2026-01-17,2026-01-16,On Time
O0000596,Central Hub,10.53,2026-01-17,2026-01-17,On Time
O0000597,East Hub,7.47,2026-01-16,2026-01-15,On Time
O0000598,Central Hub,10.18,2026-01-14,2026-01-13,On Time
O0000599,West Hub,10.37,2026-01-16,2026-01-16,On Time
O0000600,West Hub,9.91,2026-01-14,2026-01-14,On Time
O0000601,Central Hub,6.73,2026-01-16,2026-01-15,On Time
O0000602,East Hub,12.98,2026-01-17,2026-01-16,On Time
O0000603,East Hub,17.06,2026-01-15,2026-01-14,On Time
O0000604,Central Hub,13.33,2026-01-15,2026-01-15,On Time
O0000605,Central Hub,7.27,2026-01-15,2026-01-14,On Time
O0000606,West Hub,9.99,2026-01-17,2026-01-17,On Time
O0000607,Central Hub,9.37,2026-01-15,2026-01-14,On Time
O0000608,West Hub,18.59,2026-01-15,2026-01-15,On Time
O0000609,East Hub,10.08,2026-01-15,2026-01-14,On Time
O0000610,East Hub,13.93,2026-01-14,2026-01-14,On Time
O0000611,East Hub,9.39,2026-01-15,2026-01-15,On Time
O0000612,Central Hub,10.89,2026-01-15,2026-01-15,On Time
O0000613,Central Hub,8.65,2026-01-15,2026-01-15,On Time
O0000614,East Hub,11.99,2026-01-16,2026-01-16,On Time
O0000615,East Hub,7.53,2026-01-16,2026-01-16,On Time
O0000616,East Hub,5.97,2026-01-14,2026-01-13,On Time
O0000617,Central Hub,8.07,2026-01-15,2026-01-15,On Time
O0000618,West Hub,15.64,2026-01-15,2026-01-14,On Time
O0000619,East Hub,7.63,2026-01-15,2026-01-15,On Time
O0000620,Central Hub,10.09,2026-01-17,2026-01-17,On Time
O0000621,Central Hub,7.08,2026-01-18,2026-01-18,On Time
O0000622,West Hub,5.53,2026-01-17,2026-01-17,On Time
O0000623,West Hub,7.43,2026-01-15,2026-01-15,On Time
O0000624,East Hub,8.03,2026-01-18,2026-01-17,On Time
O0000625,Central Hub,6.89,2026-01-18,2026-01-17,On Time
O0000626,Central Hub,6.45,2026-01-18,2026-01-18,On Time
O0000627,East Hub,10.35,2026-01-16,2026-01-15,On Time
O0000628,West Hub,13.88,2026-01-18,2026-01-17,On Time
O0000629,Central Hub,7.95,2026-01-15,2026-01-14,On Time
O0000630,Central Hub,10.6,2026-01-18,2026-01-17,On Time
O0000631,East Hub,11.76,2026-01-17,2026-01-16,On Time
O0000632,East Hub,14.63,2026-01-18,2026-01-17,On Time
O0000633,West Hub,11.1,2026-01-17,2026-01-16,On Time
O0000634,East Hub,8.25,2026-01-16,2026-01-15,On Time
O0000635,West Hub,22.53,2026-01-18,2026-01-17,On Time
O0000636,Central Hub,12.78,2026-01-15,2026-01-14,On Time
O0000637,Central Hub,8.25,2026-01-18,2026-01-18,On Time
O0000638,West Hub,9.36,2026-01-16,2026-01-15,On Time
O0000639,East Hub,7.94,2026-01-18,2026-01-17,On Time
O0000640,West Hub,9.64,2026-01-18,2026-01-17,On Time
O0000641,West Hub,17.27,2026-01-15,2026-01-16,Late
O0000642,Central Hub,12.36,2026-01-16,2026-01-16,On Time
O0000643,East Hub,9.49,2026-01-15,2026-01-14,On Time
O0000644,Central Hub,10.52,2026-01-17,2026-01-16,On Time
O0000645,West Hub,9.72,2026-01-15,2026-01-14,On Time
O0000646,West Hub,24.09,2026-01-15,2026-01-15,On Time
O0000647,East Hub,6.84,2026-01-15,2026-01-14,On Time
O0000648,West Hub,8.75,2026-01-18,2026-01-18,On Time
O0000649,East Hub,9.74,2026-01-15,2026-01-16,Late
O0000650,East Hub,7.69,2026-01-16,2026-01-16,On Time
O0000651,East Hub,9.34,2026-01-15,2026-01-14,On Time
O0000652,East Hub,7.64,2026-01-15,2026-01-14,On Time
O0000653,West Hub,10.32,2026-01-18,2026-01-17,On Time
O0000654,West Hub,13.88,2026-01-18,2026-01-17,On Time
O0000655,East Hub,11.21,2026-01-17,2026-01-19,Late
O0000656,Central Hub,7.29,2026-01-17,2026-01-16,On Time
O0000657,East Hub,8.49,2026-01-16,2026-01-15,On Time
O0000658,East Hub,7.63,2026-01-16,2026-01-16,On Time
O0000659,Central Hub,12.46,2026-01-15,2026-01-14,On Time
O0000660,West Hub,10.18,2026-01-15,2026-01-15,On Time
O0000661,Central Hub,8.27,2026-01-17,2026-01-16,On Time
O0000662,Central Hub,7.66,2026-01-17,2026-01-17,On Time
O0000663,Central Hub,9.26,2026-01-16,2026-01-16,On Time
O0000664,West Hub,11.64,2026-01-16,2026-01-15,On Time
O0000665,West Hub,12.53,2026-01-16,2026-01-16,On Time
O0000666,West Hub,12.39,2026-01-16,2026-01-16,On Time
O0000667,East Hub,9.87,2026-01-17,2026-01-16,On Time
O0000668,West Hub,10.73,2026-01-15,2026-01-15,On Time
O0000669,Central Hub,7.72,2026-01-17,2026-01-16,On Time
O0000670,Central Hub,11.18,2026-01-15,2026-01-14,On Time
O0000671,East Hub,10.4,2026-01-16,2026-01-15,On Time
O0000672,West Hub,8.87,2026-01-18,2026-01-17,On Time
O0000673,Central Hub,7.37,2026-01-18,2026-01-18,On Time
O0000674,West Hub,8.11,2026-01-17,2026-01-20,Late
O0000675,East Hub,7.19,2026-01-17,2026-01-16,On Time
O0000676,Central Hub,6.77,2026-01-15,2026-01-14,On Time
O0000677,West Hub,10.05,2026-01-15,2026-01-15,On Time
O0000678,West Hub,16.33,2026-01-17,2026-01-17,On Time
O0000679,Central Hub,10.46,2026-01-17,2026-01-17,On Time
O0000680,West Hub,11.86,2026-01-17,2026-01-16,On Time
O0000681,Central Hub,7.79,2026-01-16,2026-01-15,On Time
O0000682,Central Hub,13.54,2026-01-18,2026-01-18,On Time
O0000683,Central Hub,9.6,2026-01-15,2026-01-15,On Time
O0000684,Central Hub,6.99,2026-01-18,2026-01-18,On Time
O0000685,East Hub,11.04,2026-01-18,2026-01-18,On Time
O0000686,Central Hub,18.76,2026-01-16,2026-01-15,On Time
O0000687,East Hub,8.58,2026-01-18,2026-01-18,On Time
O0000688,East Hub,9.35,2026-01-16,2026-01-15,On Time
O0000689,East Hub,10.82,2026-01-16,2026-01-15,On Time
O0000690,East Hub,11.83,2026-01-15,2026-01-14,On Time
O0000691,Central Hub,10.21,2026-01-15,2026-01-15,On Time
O0000692,East Hub,9.62,2026-01-16,2026-01-15,On Time
O0000693,Central Hub,7.79,2026-01-16,2026-01-16,On Time
O0000694,West Hub,12.61,2026-01-15,2026-01-14,On Time
O0000695,East Hub,8.59,2026-01-18,2026-01-17,On Time
O0000696,East Hub,7.97,2026-01-17,2026-01-17,On Time
O0000697,East Hub,6.26,2026-01-16,2026-01-16,On Time
O0000698,West Hub,11.01,2026-01-18,2026-01-18,On Time
O0000699,West Hub,11.99,2026-01-19,2026-01-19,On Time
O0000700,Central Hub,11.1,2026-01-18,2026-01-17,On Time
O0000701,East Hub,16.6,2026-01-16,2026-01-15,On Time
O0000702,Central Hub,11.09,2026-01-18,2026-01-17,On Time
O0000703,Central Hub,9.78,2026-01-16,2026-01-16,On Time
O0000704,West Hub,10.67,2026-01-17,2026-01-16,On Time
O0000705,West Hub,12.73,2026-01-18,2026-01-17,On Time
O0000706,West Hub,9.41,2026-01-19,2026-01-19,On Time
O0000707,West Hub,10.67,2026-01-19,2026-01-19,On Time
O0000708,Central Hub,8.59,2026-01-17,2026-01-17,On Time
O0000709,Central Hub,11.84,2026-01-16,2026-01-15,On Time
O0000710,West Hub,10.62,2026-01-16,2026-01-16,On Time
O0000711,West Hub,11.3,2026-01-16,2026-01-15,On Time
O0000712,East Hub,7.64,2026-01-17,2026-01-17,On Time
O0000713,Central Hub,11.92,2026-01-16,2026-01-16,On Time
O0000714,Central Hub,9.45,2026-01-17,2026-01-16,On Time
O0000715,Central Hub,9.34,2026-01-18,2026-01-17,On Time
O0000716,East Hub,8.65,2026-01-18,2026-01-17,On Time
O0000717,Central Hub,7.89,2026-01-17,2026-01-16,On Time
O0000718,West Hub,7.86,2026-01-18,2026-01-17,On Time
O0000719,East Hub,8.65,2026-01-19,2026-01-19,On Time
O0000720,East Hub,7.11,2026-01-16,2026-01-15,On Time
O0000721,West Hub,14.42,2026-01-19,2026-01-18,On Time
O0000722,West Hub,16.73,2026-01-16,2026-01-16,On Time
O0000723,East Hub,9.59,2026-01-17,2026-01-16,On Time
O0000724,Central Hub,13.04,2026-01-16,2026-01-15,On Time
O0000725,East Hub,7.76,2026-01-19,2026-01-19,On Time
O0000726,Central Hub,12.24,2026-01-18,2026-01-18,On Time
O0000727,East Hub,11.16,2026-01-18,2026-01-17,On Time
O0000728,East Hub,9.1,2026-01-16,2026-01-16,On Time
O0000729,East Hub,17.05,2026-01-18,2026-01-17,On Time
O0000730,Central Hub,17.78,2026-01-19,2026-01-18,On Time
O0000731,Central Hub,6.83,2026-01-16,2026-01-16,On Time
O0000732,Central Hub,8.5,2026-01-18,2026-01-17,On Time
O0000733,Central Hub,11.33,2026-01-19,2026-01-18,On Time
O0000734,East Hub,12.75,2026-01-17,2026-01-16,On Time
O0000735,West Hub,11.67,2026-01-18,2026-01-18,On Time
O0000736,West Hub,15.87,2026-01-16,2026-01-15,On Time
O0000737,Central Hub,19.28,2026-01-17,2026-01-17,On Time
O0000738,East Hub,9.53,2026-01-18,2026-01-18,On Time
O0000739,East Hub,6.78,2026-01-16,2026-01-15,On Time
O0000740,East Hub,11.18,2026-01-16,2026-01-15,On Time
O0000741,Central Hub,6.79,2026-01-18,2026-01-18,On Time
O0000742,Central Hub,8.85,2026-01-19,2026-01-19,On Time
O0000743,Central Hub,9.19,2026-01-16,2026-01-16,On Time
O0000744,Central Hub,13.71,2026-01-17,2026-01-16,On Time
O0000745,East Hub,9.48,2026-01-18,2026-01-18,On Time
O0000746,West Hub,8.49,2026-01-16,2026-01-15,On Time
O0000747,Central Hub,9.84,2026-01-17,2026-01-16,On Time
O0000748,West Hub,10.79,2026-01-19,2026-01-19,On Time
O0000749,West Hub,8.73,2026-01-19,2026-01-19,On Time
O0000750,West Hub,12.52,2026-01-18,2026-01-17,On Time
O0000751,East Hub,7.61,2026-01-16,2026-01-15,On Time
O0000752,Central Hub,7.1,2026-01-18,2026-01-18,On Time
O0000753,West Hub,8.64,2026-01-19,2026-01-23,Late
O0000754,West Hub,10.54,2026-01-18,2026-01-18,On Time
O0000755,Central Hub,10.54,2026-01-18,2026-01-18,On Time
O0000756,West Hub,8.33,2026-01-18,2026-01-17,On Time
O0000757,Central Hub,7.87,2026-01-19,2026-01-18,On Time
O0000758,West Hub,11.27,2026-01-19,2026-01-18,On Time
O0000759,East Hub,6.48,2026-01-18,2026-01-17,On Time
O0000760,East Hub,6.21,2026-01-18,2026-01-19,Late
O0000761,East Hub,6.93,2026-01-18,2026-01-17,On Time
O0000762,East Hub,8.43,2026-01-19,2026-01-19,On Time
O0000763,East Hub,10.89,2026-01-19,2026-01-23,Late
O0000764,West Hub,16.38,2026-01-17,2026-01-17,On Time
O0000765,East Hub,6.97,2026-01-16,2026-01-16,On Time
O0000766,East Hub,10.46,2026-01-16,2026-01-16,On Time
O0000767,Central Hub,6.93,2026-01-18,2026-01-17,On Time
O0000768,Central Hub,6.87,2026-01-18,2026-01-18,On Time
O0000769,East Hub,10.31,2026-01-18,2026-01-18,On Time
O0000770,East Hub,8.95,2026-01-16,2026-01-15,On Time
O0000771,East Hub,9.43,2026-01-18,2026-01-17,On Time
O0000772,Central Hub,15.59,2026-01-16,2026-01-16,On Time
O0000773,East Hub,9.63,2026-01-19,2026-01-19,On Time
O0000774,West Hub,7.81,2026-01-18,2026-01-18,On Time
O0000775,East Hub,8.84,2026-01-19,2026-01-19,On Time
O0000776,West Hub,7.58,2026-01-17,2026-01-16,On Time
O0000777,East Hub,9.07,2026-01-19,2026-01-18,On Time
O0000778,Central Hub,8.01,2026-01-18,2026-01-18,On Time
O0000779,East Hub,16.67,2026-01-19,2026-01-18,On Time
O0000780,East Hub,6.35,2026-01-17,2026-01-16,On Time
O0000781,West Hub,11.31,2026-01-17,2026-01-16,On Time
O0000782,Central Hub,17.47,2026-01-18,2026-01-18,On Time
O0000783,East Hub,8.02,2026-01-17,2026-01-18,Late
O0000784,Central Hub,9.26,2026-01-19,2026-01-19,On Time
O0000785,Central Hub,6.65,2026-01-20,2026-01-20,On Time
O0000786,East Hub,9.02,2026-01-20,2026-01-19,On Time
O0000787,East Hub,9.73,2026-01-20,2026-01-20,On Time
O0000788,West Hub,14.24,2026-01-19,2026-01-18,On Time
O0000789,Central Hub,19.4,2026-01-19,2026-01-18,On Time
O0000790,Central Hub,7.91,2026-01-20,2026-01-19,On Time
O0000791,Central Hub,11.73,2026-01-20,2026-01-19,On Time
O0000792,East Hub,9.31,2026-01-19,2026-01-18,On Time
O0000793,East Hub,7.07,2026-01-20,2026-01-20,On Time
O0000794,Central Hub,11.16,2026-01-19,2026-01-18,On Time
O0000795,East Hub,9.35,2026-01-19,2026-01-19,On Time
O0000796,East Hub,7.47,2026-01-20,2026-01-20,On Time
O0000797,West Hub,10.03,2026-01-17,2026-01-16,On Time
O0000798,Central Hub,7.41,2026-01-20,2026-01-20,On Time
O0000799,Central Hub,6.68,2026-01-18,2026-01-17,On Time
O0000800,East Hub,8.7,2026-01-17,2026-01-18,Late
O0000801,Central Hub,12.54,2026-01-20,2026-01-20,On Time
O0000802,East Hub,6.6,2026-01-20,2026-01-19,On Time
O0000803,East Hub,7.52,2026-01-20,2026-01-20,On Time
O0000804,Central Hub,11.08,2026-01-19,2026-01-18,On Time
O0000805,East Hub,7.58,2026-01-20,2026-01-19,On Time
O0000806,East Hub,10.9,2026-01-19,2026-01-19,On Time
O0000807,East Hub,9.57,2026-01-17,2026-01-16,On Time
O0000808,Central Hub,14.18,2026-01-20,2026-01-20,On Time
O0000809,East Hub,6.55,2026-01-18,2026-01-17,On Time
O0000810,East Hub,12.95,2026-01-20,2026-01-20,On Time
O0000811,Central Hub,13.33,2026-01-18,2026-01-17,On Time
O0000812,West Hub,11.33,2026-01-19,2026-01-19,On Time
O0000813,East Hub,9.25,2026-01-20,2026-01-20,On Time
O0000814,East Hub,9.85,2026-01-17,2026-01-16,On Time
O0000815,East Hub,7.06,2026-01-18,2026-01-18,On Time
O0000816,Central Hub,10.81,2026-01-17,2026-01-16,On Time
O0000817,East Hub,12.8,2026-01-17,2026-01-17,On Time
O0000818,Central Hub,12.41,2026-01-17,2026-01-17,On Time
O0000819,West Hub,9.04,2026-01-20,2026-01-19,On Time
O0000820,West Hub,12.77,2026-01-18,2026-01-17,On Time
O0000821,East Hub,14.59,2026-01-18,2026-01-18,On Time
O0000822,West Hub,11.31,2026-01-20,2026-01-19,On Time
O0000823,East Hub,11.51,2026-01-18,2026-01-18,On Time
O0000824,East Hub,9.46,2026-01-18,2026-01-17,On Time
O0000825,Central Hub,5.92,2026-01-17,2026-01-16,On Time
O0000826,Central Hub,12.95,2026-01-18,2026-01-17,On Time
O0000827,Central Hub,7.33,2026-01-19,2026-01-18,On Time
O0000828,West Hub,8.25,2026-01-19,2026-01-19,On Time
O0000829,Central Hub,8.44,2026-01-17,2026-01-16,On Time
O0000830,West Hub,10.09,2026-01-18,2026-01-17,On Time
O0000831,East Hub,9.21,2026-01-18,2026-01-17,On Time
O0000832,Central Hub,9.84,2026-01-18,2026-01-17,On Time
O0000833,East Hub,7.34,2026-01-18,2026-01-18,On Time
O0000834,Central Hub,9.3,2026-01-17,2026-01-16,On Time
O0000835,West Hub,11.12,2026-01-19,2026-01-24,Late
O0000836,West Hub,15.56,2026-01-20,2026-01-19,On Time
O0000837,East Hub,10.39,2026-01-18,2026-01-17,On Time
O0000838,West Hub,9.6,2026-01-19,2026-01-18,On Time
O0000839,Central Hub,7.16,2026-01-18,2026-01-17,On Time
O0000840,East Hub,9.64,2026-01-18,2026-01-18,On Time
O0000841,East Hub,12.56,2026-01-19,2026-01-19,On Time
O0000842,West Hub,8.4,2026-01-20,2026-01-20,On Time
O0000843,Central Hub,12.2,2026-01-21,2026-01-20,On Time
O0000844,East Hub,5.84,2026-01-21,2026-01-21,On Time
O0000845,Central Hub,10.06,2026-01-21,2026-01-20,On Time
O0000846,West Hub,6.02,2026-01-21,2026-01-20,On Time
O0000847,Central Hub,8.7,2026-01-21,2026-01-21,On Time
O0000848,Central Hub,6.98,2026-01-20,2026-01-22,Late
O0000849,East Hub,6.96,2026-01-21,2026-01-23,Late
O0000850,Central Hub,7.66,2026-01-19,2026-01-18,On Time
O0000851,Central Hub,8.63,2026-01-20,2026-01-19,On Time
O0000852,East Hub,15.04,2026-01-18,2026-01-17,On Time
O0000853,West Hub,7.31,2026-01-19,2026-01-19,On Time
O0000854,Central Hub,13.35,2026-01-18,2026-01-18,On Time
O0000855,Central Hub,8.15,2026-01-18,2026-01-18,On Time
O0000856,Central Hub,7.93,2026-01-21,2026-01-20,On Time
O0000857,West Hub,14.14,2026-01-19,2026-01-19,On Time
O0000858,Central Hub,9.33,2026-01-18,2026-01-18,On Time
O0000859,Central Hub,18.47,2026-01-21,2026-01-21,On Time
O0000860,West Hub,7.27,2026-01-20,2026-01-23,Late
O0000861,East Hub,8.5,2026-01-18,2026-01-17,On Time
O0000862,Central Hub,7.19,2026-01-18,2026-01-18,On Time
O0000863,Central Hub,8.34,2026-01-18,2026-01-17,On Time
O0000864,Central Hub,7.06,2026-01-20,2026-01-19,On Time
O0000865,East Hub,7.89,2026-01-18,2026-01-18,On Time
O0000866,Central Hub,8.03,2026-01-18,2026-01-17,On Time
O0000867,East Hub,8.52,2026-01-19,2026-01-18,On Time
O0000868,Central Hub,6.53,2026-01-21,2026-01-21,On Time
O0000869,Central Hub,7.13,2026-01-18,2026-01-18,On Time
O0000870,West Hub,7.67,2026-01-21,2026-01-20,On Time
O0000871,Central Hub,10.99,2026-01-21,2026-01-21,On Time
O0000872,West Hub,13.52,2026-01-19,2026-01-18,On Time
O0000873,East Hub,12.04,2026-01-20,2026-01-20,On Time
O0000874,Central Hub,9.65,2026-01-21,2026-01-20,On Time
O0000875,East Hub,17.2,2026-01-20,2026-01-19,On Time
O0000876,Central Hub,14.71,2026-01-18,2026-01-18,On Time
O0000877,Central Hub,7.46,2026-01-19,2026-01-19,On Time
O0000878,Central Hub,6.23,2026-01-19,2026-01-18,On Time
O0000879,East Hub,6.47,2026-01-21,2026-01-20,On Time
O0000880,West Hub,12.92,2026-01-21,2026-01-20,On Time
O0000881,Central Hub,5.52,2026-01-19,2026-01-18,On Time
O0000882,West Hub,8.23,2026-01-20,2026-01-23,Late
O0000883,East Hub,7.4,2026-01-19,2026-01-18,On Time
O0000884,West Hub,10.43,2026-01-21,2026-01-20,On Time
O0000885,West Hub,12.09,2026-01-21,2026-01-20,On Time
O0000886,Central Hub,9.86,2026-01-18,2026-01-18,On Time
O0000887,West Hub,13.1,2026-01-20,2026-01-20,On Time
O0000888,West Hub,9.5,2026-01-21,2026-01-21,On Time
O0000889,East Hub,6.36,2026-01-20,2026-01-20,On Time
O0000890,West Hub,17.81,2026-01-21,2026-01-24,Late
O0000891,West Hub,11.56,2026-01-21,2026-01-20,On Time
O0000892,West Hub,14.08,2026-01-19,2026-01-19,On Time
O0000893,West Hub,6.36,2026-01-18,2026-01-17,On Time
O0000894,Central Hub,17.03,2026-01-21,2026-01-21,On Time
O0000895,East Hub,9.89,2026-01-20,2026-01-20,On Time
O0000896,Central Hub,17.08,2026-01-19,2026-01-19,On Time
O0000897,West Hub,7.82,2026-01-19,2026-01-19,On Time
O0000898,West Hub,15.5,2026-01-22,2026-01-23,Late
O0000899,East Hub,9.55,2026-01-19,2026-01-19,On Time
O0000900,Central Hub,9.35,2026-01-21,2026-01-20,On Time
O0000901,West Hub,10.07,2026-01-22,2026-01-22,On Time
O0000902,East Hub,8.16,2026-01-21,2026-01-20,On Time
O0000903,West Hub,12.4,2026-01-22,2026-01-22,On Time
O0000904,West Hub,11.92,2026-01-21,2026-01-20,On Time
O0000905,West Hub,10.06,2026-01-19,2026-01-18,On Time
O0000906,West Hub,7.28,2026-01-19,2026-01-18,On Time
O0000907,West Hub,11.65,2026-01-22,2026-01-22,On Time
O0000908,West Hub,10.98,2026-01-22,2026-01-21,On Time
O0000909,East Hub,11.99,2026-01-21,2026-01-20,On Time
O0000910,Central Hub,6.07,2026-01-22,2026-01-22,On Time
O0000911,East Hub,11.56,2026-01-20,2026-01-20,On Time
O0000912,Central Hub,11.59,2026-01-21,2026-01-20,On Time
O0000913,East Hub,10.82,2026-01-20,2026-01-20,On Time
O0000914,East Hub,8.3,2026-01-22,2026-01-21,On Time
O0000915,Central Hub,6.8,2026-01-22,2026-01-21,On Time
O0000916,Central Hub,10.08,2026-01-19,2026-01-19,On Time
O0000917,Central Hub,7.65,2026-01-20,2026-01-19,On Time
O0000918,West Hub,11.86,2026-01-20,2026-01-19,On Time
O0000919,West Hub,14.84,2026-01-21,2026-01-20,On Time
O0000920,East Hub,8.53,2026-01-20,2026-01-19,On Time
O0000921,East Hub,7.7,2026-01-21,2026-01-20,On Time
O0000922,West Hub,9.82,2026-01-20,2026-01-20,On Time
O0000923,West Hub,11.13,2026-01-22,2026-01-22,On Time
O0000924,West Hub,8.22,2026-01-21,2026-01-20,On Time
O0000925,West Hub,16.4,2026-01-21,2026-01-21,On Time
O0000926,East Hub,10.83,2026-01-22,2026-01-22,On Time
O0000927,West Hub,14.62,2026-01-19,2026-01-19,On Time
O0000928,Central Hub,9.22,2026-01-20,2026-01-20,On Time
O0000929,Central Hub,22.38,2026-01-19,2026-01-18,On Time
O0000930,West Hub,6.88,2026-01-19,2026-01-18,On Time
O0000931,West Hub,12.67,2026-01-19,2026-01-18,On Time
O0000932,East Hub,18.23,2026-01-20,2026-01-19,On Time
O0000933,Central Hub,7.68,2026-01-22,2026-01-23,Late
O0000934,Central Hub,9.4,2026-01-22,2026-01-27,Late
O0000935,Central Hub,8.9,2026-01-22,2026-01-22,On Time
O0000936,West Hub,8.92,2026-01-22,2026-01-22,On Time
O0000937,East Hub,7.38,2026-01-21,2026-01-20,On Time
O0000938,Central Hub,7.42,2026-01-21,2026-01-20,On Time
O0000939,Central Hub,8.39,2026-01-21,2026-01-20,On Time
O0000940,West Hub,10.66,2026-01-19,2026-01-18,On Time
O0000941,Central Hub,8.63,2026-01-20,2026-01-20,On Time
O0000942,Central Hub,6.78,2026-01-20,2026-01-19,On Time
O0000943,West Hub,15.35,2026-01-19,2026-01-19,On Time
O0000944,East Hub,6.95,2026-01-23,2026-01-23,On Time
O0000945,Central Hub,7.16,2026-01-20,2026-01-19,On Time
O0000946,East Hub,7.53,2026-01-20,2026-01-20,On Time
O0000947,West Hub,10.0,2026-01-22,2026-01-21,On Time
O0000948,West Hub,10.72,2026-01-21,2026-01-20,On Time
O0000949,Central Hub,20.08,2026-01-21,2026-01-22,Late
O0000950,Central Hub,10.24,2026-01-22,2026-01-22,On Time
O0000951,West Hub,9.18,2026-01-23,2026-01-23,On Time
O0000952,East Hub,13.23,2026-01-21,2026-01-20,On Time
O0000953,East Hub,15.38,2026-01-23,2026-01-22,On Time
O0000954,West Hub,14.46,2026-01-22,2026-01-22,On Time
O0000955,East Hub,9.19,2026-01-21,2026-01-21,On Time
O0000956,East Hub,13.91,2026-01-23,2026-01-23,On Time
O0000957,West Hub,8.18,2026-01-21,2026-01-20,On Time
O0000958,Central Hub,15.92,2026-01-23,2026-01-23,On Time
O0000959,West Hub,9.23,2026-01-20,2026-01-19,On Time
O0000960,West Hub,12.63,2026-01-23,2026-01-22,On Time
O0000961,East Hub,17.28,2026-01-22,2026-01-22,On Time
O0000962,West Hub,11.42,2026-01-21,2026-01-20,On Time
O0000963,West Hub,8.03,2026-01-20,2026-01-19,On Time
O0000964,East Hub,8.24,2026-01-23,2026-01-22,On Time
O0000965,Central Hub,12.67,2026-01-23,2026-01-26,Late
O0000966,West Hub,7.47,2026-01-22,2026-01-23,Late
O0000967,West Hub,11.67,2026-01-20,2026-01-19,On Time
O0000968,West Hub,7.92,2026-01-21,2026-01-20,On Time
O0000969,East Hub,5.05,2026-01-20,2026-01-23,Late
O0000970,East Hub,8.18,2026-01-22,2026-01-22,On Time
O0000971,East Hub,14.92,2026-01-20,2026-01-19,On Time
O0000972,West Hub,12.18,2026-01-23,2026-01-23,On Time
O0000973,Central Hub,15.67,2026-01-22,2026-01-22,On Time
O0000974,West Hub,17.49,2026-01-20,2026-01-19,On Time
O0000975,Central Hub,8.5,2026-01-21,2026-01-25,Late
O0000976,East Hub,13.46,2026-01-22,2026-01-21,On Time
O0000977,East Hub,9.78,2026-01-23,2026-01-23,On Time
O0000978,Central Hub,8.99,2026-01-21,2026-01-21,On Time
O0000979,West Hub,9.99,2026-01-22,2026-01-22,On Time
O0000980,Central Hub,7.48,2026-01-23,2026-01-23,On Time
O0000981,East Hub,7.35,2026-01-21,2026-01-21,On Time
O0000982,West Hub,12.78,2026-01-23,2026-01-23,On Time
O0000983,Central Hub,25.76,2026-01-20,2026-01-19,On Time
O0000984,East Hub,10.77,2026-01-21,2026-01-21,On Time
O0000985,East Hub,8.05,2026-01-23,2026-01-23,On Time
O0000986,West Hub,13.51,2026-01-22,2026-01-21,On Time
O0000987,West Hub,6.84,2026-01-22,2026-01-22,On Time
O0000988,West Hub,9.61,2026-01-22,2026-01-22,On Time
O0000989,Central Hub,7.35,2026-01-21,2026-01-20,On Time
O0000990,East Hub,8.27,2026-01-20,2026-01-20,On Time
O0000991,East Hub,10.36,2026-01-23,2026-01-23,On Time
O0000992,Central Hub,11.02,2026-01-23,2026-01-23,On Time
O0000993,West Hub,7.21,2026-01-21,2026-01-21,On Time
O0000994,East Hub,17.62,2026-01-20,2026-01-20,On Time
O0000995,West Hub,9.3,2026-01-22,2026-01-21,On Time
O0000996,East Hub,11.53,2026-01-23,2026-01-22,On Time
O0000997,West Hub,11.9,2026-01-22,2026-01-23,Late
O0000998,Central Hub,6.37,2026-01-21,2026-01-21,On Time
O0000999,East Hub,7.82,2026-01-20,2026-01-19,On Time
O0001000,Central Hub,9.9,2026-01-22,2026-01-22,On Time
O0001001,West Hub,10.58,2026-01-21,2026-01-20,On Time
O0001002,West Hub,6.83,2026-01-23,2026-01-23,On Time
O0001003,Central Hub,14.38,2026-01-22,2026-01-21,On Time
O0001004,East Hub,10.69,2026-01-24,2026-01-23,On Time
O0001005,West Hub,16.75,2026-01-24,2026-01-23,On Time
O0001006,Central Hub,13.89,2026-01-24,2026-01-23,On Time
O0001007,West Hub,18.13,2026-01-22,2026-01-22,On Time
O0001008,East Hub,12.3,2026-01-24,2026-01-23,On Time
O0001009,Central Hub,9.59,2026-01-22,2026-01-21,On Time
O0001010,West Hub,8.11,2026-01-24,2026-01-23,On Time
O0001011,Central Hub,8.75,2026-01-24,2026-01-24,On Time
O0001012,West Hub,7.08,2026-01-24,2026-01-23,On Time
O0001013,East Hub,7.19,2026-01-23,2026-01-23,On Time
O0001014,West Hub,10.26,2026-01-23,2026-01-22,On Time
O0001015,West Hub,11.66,2026-01-24,2026-01-28,Late
O0001016,East Hub,11.67,2026-01-22,2026-01-21,On Time
O0001017,West Hub,7.2,2026-01-21,2026-01-20,On Time
O0001018,Central Hub,6.77,2026-01-21,2026-01-20,On Time
O0001019,West Hub,15.23,2026-01-24,2026-01-28,Late
O0001020,West Hub,8.77,2026-01-21,2026-01-20,On Time
O0001021,East Hub,5.88,2026-01-21,2026-01-20,On Time
O0001022,West Hub,7.59,2026-01-24,2026-01-23,On Time
O0001023,West Hub,9.14,2026-01-23,2026-01-22,On Time
O0001024,West Hub,12.54,2026-01-22,2026-01-21,On Time
O0001025,Central Hub,10.55,2026-01-24,2026-01-24,On Time
O0001026,East Hub,7.31,2026-01-21,2026-01-20,On Time
O0001027,Central Hub,6.12,2026-01-21,2026-01-21,On Time
O0001028,West Hub,8.53,2026-01-21,2026-01-20,On Time
O0001029,East Hub,15.02,2026-01-21,2026-01-20,On Time
O0001030,West Hub,7.64,2026-01-21,2026-01-20,On Time
O0001031,West Hub,15.39,2026-01-21,2026-01-21,On Time
O0001032,Central Hub,9.54,2026-01-21,2026-01-21,On Time
O0001033,East Hub,8.62,2026-01-21,2026-01-20,On Time
O0001034,Central Hub,31.83,2026-01-22,2026-01-21,On Time
O0001035,East Hub,11.33,2026-01-23,2026-01-23,On Time
O0001036,West Hub,7.2,2026-01-24,2026-01-24,On Time
O0001037,West Hub,10.3,2026-01-21,2026-01-20,On Time
O0001038,West Hub,9.58,2026-01-22,2026-01-21,On Time
O0001039,West Hub,17.61,2026-01-21,2026-01-20,On Time
O0001040,East Hub,7.63,2026-01-23,2026-01-23,On Time
O0001041,West Hub,17.9,2026-01-23,2026-01-22,On Time
O0001042,East Hub,7.76,2026-01-21,2026-01-20,On Time
O0001043,West Hub,8.29,2026-01-23,2026-01-23,On Time
O0001044,Central Hub,8.09,2026-01-22,2026-01-27,Late
O0001045,Central Hub,11.28,2026-01-22,2026-01-21,On Time
O0001046,Central Hub,6.47,2026-01-22,2026-01-22,On Time
O0001047,West Hub,7.94,2026-01-22,2026-01-22,On Time
O0001048,Central Hub,7.78,2026-01-22,2026-01-21,On Time
O0001049,West Hub,10.8,2026-01-22,2026-01-22,On Time
O0001050,East Hub,7.33,2026-01-25,2026-01-24,On Time
O0001051,Central Hub,10.69,2026-01-25,2026-01-25,On Time
O0001052,West Hub,17.9,2026-01-23,2026-01-22,On Time
O0001053,West Hub,13.26,2026-01-22,2026-01-22,On Time
O0001054,Central Hub,10.32,2026-01-24,2026-01-24,On Time
O0001055,East Hub,14.59,2026-01-24,2026-01-23,On Time
O0001056,West Hub,8.23,2026-01-23,2026-01-23,On Time
O0001057,Central Hub,23.78,2026-01-22,2026-01-24,Late
O0001058,Central Hub,14.83,2026-01-24,2026-01-23,On Time
O0001059,West Hub,15.2,2026-01-23,2026-01-28,Late
O0001060,East Hub,12.92,2026-01-24,2026-01-23,On Time
O0001061,West Hub,6.83,2026-01-23,2026-01-23,On Time
O0001062,East Hub,8.78,2026-01-23,2026-01-23,On Time
O0001063,West Hub,9.98,2026-01-23,2026-01-23,On Time
O0001064,West Hub,7.76,2026-01-22,2026-01-22,On Time
O0001065,East Hub,9.87,2026-01-22,2026-01-22,On Time
O0001066,West Hub,7.44,2026-01-24,2026-01-23,On Time
O0001067,East Hub,15.48,2026-01-22,2026-01-21,On Time
O0001068,East Hub,11.09,2026-01-23,2026-01-23,On Time
O0001069,East Hub,12.15,2026-01-24,2026-01-24,On Time
O0001070,West Hub,10.52,2026-01-23,2026-01-22,On Time
O0001071,East Hub,13.78,2026-01-25,2026-01-25,On Time
O0001072,West Hub,15.0,2026-01-23,2026-01-23,On Time
O0001073,West Hub,10.29,2026-01-23,2026-01-23,On Time
O0001074,Central Hub,18.29,2026-01-25,2026-01-24,On Time
O0001075,Central Hub,11.69,2026-01-25,2026-01-24,On Time
O0001076,West Hub,14.14,2026-01-25,2026-01-24,On Time
O0001077,Central Hub,5.12,2026-01-23,2026-01-22,On Time
O0001078,Central Hub,6.7,2026-01-25,2026-01-28,Late
O0001079,Central Hub,7.26,2026-01-24,2026-01-23,On Time
O0001080,East Hub,7.37,2026-01-22,2026-01-21,On Time
O0001081,Central Hub,21.06,2026-01-23,2026-01-23,On Time
O0001082,East Hub,9.88,2026-01-24,2026-01-23,On Time
O0001083,East Hub,5.96,2026-01-23,2026-01-23,On Time
O0001084,East Hub,16.66,2026-01-25,2026-01-24,On Time
O0001085,Central Hub,8.78,2026-01-25,2026-01-24,On Time
O0001086,Central Hub,13.89,2026-01-22,2026-01-21,On Time
O0001087,Central Hub,9.19,2026-01-25,2026-01-27,Late
O0001088,Central Hub,9.21,2026-01-25,2026-01-24,On Time
O0001089,Central Hub,9.79,2026-01-22,2026-01-22,On Time
O0001090,East Hub,11.72,2026-01-25,2026-01-25,On Time
O0001091,East Hub,13.68,2026-01-24,2026-01-25,Late
O0001092,West Hub,11.34,2026-01-22,2026-01-22,On Time
O0001093,East Hub,12.59,2026-01-24,2026-01-24,On Time
O0001094,East Hub,8.14,2026-01-22,2026-01-22,On Time
O0001095,West Hub,9.44,2026-01-25,2026-01-25,On Time
O0001096,East Hub,8.54,2026-01-23,2026-01-23,On Time
O0001097,East Hub,8.35,2026-01-24,2026-01-23,On Time
O0001098,West Hub,7.48,2026-01-22,2026-01-25,Late
O0001099,East Hub,10.1,2026-01-22,2026-01-21,On Time
O0001100,Central Hub,6.88,2026-01-24,2026-01-24,On Time
O0001101,Central Hub,11.8,2026-01-25,2026-01-25,On Time
O0001102,West Hub,14.2,2026-01-22,2026-01-21,On Time
O0001103,Central Hub,9.93,2026-01-26,2026-01-25,On Time
O0001104,Central Hub,8.27,2026-01-25,2026-01-25,On Time
O0001105,Central Hub,7.71,2026-01-25,2026-01-24,On Time
O0001106,West Hub,7.53,2026-01-25,2026-01-24,On Time
O0001107,East Hub,8.8,2026-01-25,2026-01-24,On Time
O0001108,East Hub,9.91,2026-01-26,2026-01-25,On Time
O0001109,West Hub,16.85,2026-01-26,2026-01-25,On Time
O0001110,Central Hub,7.23,2026-01-26,2026-01-25,On Time
O0001111,Central Hub,6.33,2026-01-24,2026-01-24,On Time
O0001112,East Hub,9.74,2026-01-23,2026-01-22,On Time
O0001113,East Hub,8.66,2026-01-23,2026-01-23,On Time
O0001114,Central Hub,8.04,2026-01-26,2026-01-26,On Time
O0001115,Central Hub,8.31,2026-01-26,2026-01-25,On Time
O0001116,Central Hub,7.62,2026-01-26,2026-01-25,On Time
O0001117,East Hub,11.61,2026-01-23,2026-01-23,On Time
O0001118,West Hub,10.28,2026-01-23,2026-01-22,On Time
O0001119,West Hub,8.24,2026-01-26,2026-01-29,Late
O0001120,West Hub,13.81,2026-01-24,2026-01-24,On Time
O0001121,West Hub,9.32,2026-01-25,2026-01-25,On Time
O0001122,West Hub,7.83,2026-01-25,2026-01-24,On Time
O0001123,West Hub,9.54,2026-01-24,2026-01-23,On Time
O0001124,East Hub,10.56,2026-01-26,2026-01-25,On Time
O0001125,East Hub,11.95,2026-01-24,2026-01-27,Late
O0001126,East Hub,14.08,2026-01-25,2026-01-25,On Time
O0001127,East Hub,8.14,2026-01-25,2026-01-25,On Time
O0001128,East Hub,8.63,2026-01-24,2026-01-23,On Time
O0001129,Central Hub,10.6,2026-01-23,2026-01-22,On Time
O0001130,West Hub,12.86,2026-01-26,2026-01-30,Late
O0001131,East Hub,6.8,2026-01-24,2026-01-24,On Time
O0001132,Central Hub,7.42,2026-01-26,2026-01-26,On Time
O0001133,West Hub,7.93,2026-01-23,2026-01-22,On Time
O0001134,West Hub,10.93,2026-01-26,2026-01-27,Late
O0001135,Central Hub,15.72,2026-01-26,2026-01-25,On Time
O0001136,Central Hub,9.67,2026-01-24,2026-01-24,On Time
O0001137,West Hub,17.5,2026-01-25,2026-01-26,Late
O0001138,East Hub,14.43,2026-01-24,2026-01-24,On Time
O0001139,West Hub,13.41,2026-01-24,2026-01-23,On Time
O0001140,West Hub,11.61,2026-01-23,2026-01-23,On Time
O0001141,East Hub,6.37,2026-01-25,2026-01-24,On Time
O0001142,West Hub,10.66,2026-01-24,2026-01-23,On Time
O0001143,West Hub,15.95,2026-01-24,2026-01-23,On Time
O0001144,West Hub,15.14,2026-01-25,2026-01-24,On Time
O0001145,Central Hub,5.99,2026-01-24,2026-01-23,On Time
O0001146,West Hub,17.63,2026-01-23,2026-01-22,On Time
O0001147,East Hub,15.7,2026-01-24,2026-01-24,On Time
O0001148,Central Hub,12.37,2026-01-23,2026-01-22,On Time
O0001149,West Hub,9.27,2026-01-23,2026-01-22,On Time
O0001150,East Hub,8.3,2026-01-25,2026-01-24,On Time
O0001151,East Hub,10.48,2026-01-25,2026-01-24,On Time
O0001152,East Hub,6.98,2026-01-24,2026-01-24,On Time
O0001153,East Hub,10.22,2026-01-26,2026-01-26,On Time
O0001154,East Hub,7.32,2026-01-24,2026-01-24,On Time
O0001155,Central Hub,7.07,2026-01-23,2026-01-23,On Time
O0001156,West Hub,8.5,2026-01-25,2026-01-25,On Time
O0001157,East Hub,14.52,2026-01-25,2026-01-24,On Time
O0001158,Central Hub,9.07,2026-01-25,2026-01-24,On Time
O0001159,Central Hub,5.09,2026-01-25,2026-01-25,On Time
O0001160,East Hub,14.32,2026-01-24,2026-01-24,On Time
O0001161,Central Hub,13.22,2026-01-25,2026-01-25,On Time
O0001162,West Hub,12.68,2026-01-25,2026-01-24,On Time
O0001163,West Hub,8.55,2026-01-27,2026-01-26,On Time
O0001164,East Hub,7.19,2026-01-27,2026-01-27,On Time
O0001165,East Hub,7.54,2026-01-27,2026-01-26,On Time
O0001166,West Hub,8.21,2026-01-27,2026-01-26,On Time
O0001167,Central Hub,5.86,2026-01-27,2026-01-26,On Time
O0001168,West Hub,8.14,2026-01-27,2026-01-26,On Time
O0001169,West Hub,12.16,2026-01-24,2026-01-24,On Time
O0001170,East Hub,7.04,2026-01-24,2026-01-24,On Time
O0001171,West Hub,14.25,2026-01-26,2026-01-25,On Time
O0001172,Central Hub,12.2,2026-01-25,2026-01-24,On Time
O0001173,West Hub,8.29,2026-01-24,2026-01-23,On Time
O0001174,East Hub,13.67,2026-01-24,2026-01-29,Late
O0001175,East Hub,11.09,2026-01-24,2026-01-24,On Time
O0001176,East Hub,8.09,2026-01-27,2026-01-26,On Time
O0001177,Central Hub,8.44,2026-01-27,2026-01-27,On Time
O0001178,East Hub,12.52,2026-01-25,2026-01-25,On Time
O0001179,Central Hub,7.22,2026-01-24,2026-01-24,On Time
O0001180,East Hub,9.3,2026-01-26,2026-01-28,Late
O0001181,East Hub,6.11,2026-01-24,2026-01-23,On Time
O0001182,West Hub,10.78,2026-01-26,2026-01-25,On Time
O0001183,West Hub,12.66,2026-01-26,2026-01-29,Late
O0001184,West Hub,8.85,2026-01-27,2026-01-28,Late
O0001185,West Hub,12.26,2026-01-25,2026-01-25,On Time
O0001186,East Hub,7.72,2026-01-27,2026-01-26,On Time
O0001187,East Hub,12.99,2026-01-24,2026-01-23,On Time
O0001188,East Hub,7.77,2026-01-25,2026-01-24,On Time
O0001189,East Hub,12.32,2026-01-26,2026-01-30,Late
O0001190,East Hub,6.86,2026-01-25,2026-01-24,On Time
O0001191,West Hub,11.07,2026-01-24,2026-01-23,On Time
O0001192,West Hub,10.71,2026-01-24,2026-01-23,On Time
O0001193,Central Hub,7.97,2026-01-24,2026-01-24,On Time
O0001194,Central Hub,14.04,2026-01-27,2026-01-26,On Time
O0001195,West Hub,11.54,2026-01-25,2026-01-30,Late
O0001196,West Hub,12.78,2026-01-26,2026-01-25,On Time
O0001197,West Hub,9.14,2026-01-27,2026-01-26,On Time
O0001198,Central Hub,9.51,2026-01-26,2026-01-26,On Time
O0001199,East Hub,6.61,2026-01-24,2026-01-24,On Time
O0001200,West Hub,8.16,2026-01-26,2026-01-25,On Time
O0001201,West Hub,9.05,2026-01-28,2026-01-28,On Time
O0001202,West Hub,15.92,2026-01-25,2026-01-24,On Time
O0001203,Central Hub,5.12,2026-01-27,2026-01-26,On Time
O0001204,Central Hub,14.22,2026-01-25,2026-01-25,On Time
O0001205,Central Hub,7.33,2026-01-27,2026-01-27,On Time
O0001206,West Hub,16.93,2026-01-27,2026-01-26,On Time
O0001207,Central Hub,16.57,2026-01-25,2026-01-24,On Time
O0001208,West Hub,10.54,2026-01-26,2026-01-25,On Time
O0001209,East Hub,13.57,2026-01-25,2026-01-25,On Time
O0001210,West Hub,15.31,2026-01-28,2026-01-28,On Time
O0001211,East Hub,7.04,2026-01-28,2026-01-28,On Time
O0001212,East Hub,7.21,2026-01-26,2026-01-26,On Time
O0001213,East Hub,12.81,2026-01-28,2026-01-28,On Time
O0001214,East Hub,14.72,2026-01-27,2026-02-01,Late
O0001215,Central Hub,8.53,2026-01-28,2026-01-28,On Time
O0001216,Central Hub,9.34,2026-01-27,2026-01-27,On Time
O0001217,West Hub,13.75,2026-01-26,2026-01-26,On Time
O0001218,Central Hub,6.43,2026-01-25,2026-01-24,On Time
O0001219,Central Hub,11.45,2026-01-25,2026-01-24,On Time
O0001220,West Hub,9.39,2026-01-26,2026-01-25,On Time
O0001221,Central Hub,9.82,2026-01-25,2026-01-24,On Time
O0001222,Central Hub,8.07,2026-01-27,2026-01-27,On Time
O0001223,Central Hub,8.07,2026-01-28,2026-01-28,On Time
O0001224,West Hub,10.22,2026-01-25,2026-01-24,On Time
O0001225,West Hub,13.62,2026-01-27,2026-01-26,On Time
O0001226,East Hub,11.12,2026-01-28,2026-01-27,On Time
O0001227,West Hub,14.29,2026-01-26,2026-01-26,On Time
O0001228,West Hub,11.9,2026-01-26,2026-01-25,On Time
O0001229,East Hub,8.28,2026-01-27,2026-01-26,On Time
O0001230,Central Hub,14.47,2026-01-25,2026-01-27,Late
O0001231,Central Hub,15.82,2026-01-28,2026-01-28,On Time
O0001232,Central Hub,5.54,2026-01-25,2026-01-29,Late
O0001233,East Hub,12.99,2026-01-25,2026-01-24,On Time
O0001234,Central Hub,13.93,2026-01-27,2026-02-01,Late
O0001235,Central Hub,14.82,2026-01-26,2026-01-25,On Time
O0001236,East Hub,12.78,2026-01-25,2026-01-25,On Time
O0001237,East Hub,7.19,2026-01-27,2026-01-27,On Time
O0001238,West Hub,10.62,2026-01-25,2026-01-24,On Time
O0001239,Central Hub,7.76,2026-01-28,2026-01-28,On Time
O0001240,Central Hub,18.04,2026-01-28,2026-01-28,On Time
O0001241,East Hub,8.27,2026-01-25,2026-01-25,On Time
O0001242,East Hub,6.67,2026-01-26,2026-01-26,On Time
O0001243,Central Hub,8.02,2026-01-27,2026-01-26,On Time
O0001244,West Hub,8.96,2026-01-26,2026-01-25,On Time
O0001245,Central Hub,8.02,2026-01-27,2026-01-27,On Time
O0001246,Central Hub,8.17,2026-01-26,2026-01-25,On Time
O0001247,West Hub,11.48,2026-01-29,2026-01-28,On Time
O0001248,East Hub,10.39,2026-01-27,2026-01-27,On Time
O0001249,Central Hub,12.59,2026-01-27,2026-01-26,On Time
O0001250,West Hub,12.72,2026-01-26,2026-01-28,Late
O0001251,West Hub,10.74,2026-01-27,2026-01-27,On Time
O0001252,West Hub,7.69,2026-01-28,2026-01-31,Late
O0001253,East Hub,6.59,2026-01-28,2026-01-28,On Time
O0001254,West Hub,11.64,2026-01-29,2026-01-28,On Time
O0001255,West Hub,10.93,2026-01-26,2026-01-25,On Time
O0001256,West Hub,16.67,2026-01-29,2026-01-29,On Time
O0001257,West Hub,7.57,2026-01-29,2026-01-28,On Time
O0001258,West Hub,13.99,2026-01-28,2026-02-01,Late
O0001259,Central Hub,17.18,2026-01-26,2026-01-26,On Time
O0001260,West Hub,13.65,2026-01-27,2026-01-26,On Time
O0001261,Central Hub,11.6,2026-01-28,2026-01-27,On Time
O0001262,East Hub,12.06,2026-01-26,2026-01-25,On Time
O0001263,West Hub,17.01,2026-01-28,2026-01-28,On Time
O0001264,West Hub,15.11,2026-01-26,2026-01-25,On Time
O0001265,East Hub,9.45,2026-01-26,2026-01-25,On Time
O0001266,Central Hub,19.61,2026-01-27,2026-01-27,On Time
O0001267,West Hub,9.23,2026-01-29,2026-01-28,On Time
O0001268,West Hub,10.68,2026-01-28,2026-01-28,On Time
O0001269,West Hub,9.34,2026-01-28,2026-01-28,On Time
O0001270,West Hub,9.4,2026-01-27,2026-01-27,On Time
O0001271,Central Hub,11.38,2026-01-29,2026-01-28,On Time
O0001272,East Hub,11.29,2026-01-28,2026-01-27,On Time
O0001273,Central Hub,8.2,2026-01-27,2026-01-27,On Time
O0001274,East Hub,10.93,2026-01-26,2026-01-25,On Time
O0001275,West Hub,7.99,2026-01-27,2026-01-26,On Time
O0001276,Central Hub,8.32,2026-01-29,2026-01-28,On Time
O0001277,Central Hub,13.83,2026-01-29,2026-01-29,On Time
O0001278,West Hub,10.16,2026-01-27,2026-01-27,On Time
O0001279,Central Hub,8.42,2026-01-29,2026-01-28,On Time
O0001280,West Hub,11.47,2026-01-29,2026-01-28,On Time
O0001281,West Hub,8.78,2026-01-26,2026-01-25,On Time
O0001282,Central Hub,8.06,2026-01-27,2026-01-27,On Time
O0001283,West Hub,10.04,2026-01-27,2026-01-27,On Time
O0001284,East Hub,17.28,2026-01-28,2026-01-28,On Time
O0001285,West Hub,8.47,2026-01-29,2026-01-29,On Time
O0001286,Central Hub,9.85,2026-01-28,2026-01-27,On Time
O0001287,Central Hub,9.31,2026-01-27,2026-01-27,On Time
O0001288,East Hub,7.19,2026-01-28,2026-01-27,On Time
O0001289,West Hub,8.21,2026-01-27,2026-01-26,On Time
O0001290,East Hub,10.66,2026-01-28,2026-01-28,On Time
O0001291,East Hub,9.98,2026-01-29,2026-01-28,On Time
O0001292,Central Hub,8.36,2026-01-29,2026-01-28,On Time
O0001293,Central Hub,7.65,2026-01-26,2026-01-26,On Time
O0001294,Central Hub,7.61,2026-01-27,2026-01-27,On Time
O0001295,Central Hub,14.75,2026-01-28,2026-01-27,On Time
O0001296,Central Hub,10.28,2026-01-28,2026-01-28,On Time
O0001297,Central Hub,14.64,2026-01-26,2026-01-26,On Time
O0001298,East Hub,7.18,2026-01-28,2026-01-28,On Time
O0001299,Central Hub,8.79,2026-01-29,2026-01-28,On Time
O0001300,Central Hub,12.02,2026-01-26,2026-01-26,On Time
O0001301,West Hub,20.4,2026-01-26,2026-01-26,On Time
O0001302,West Hub,17.45,2026-01-28,2026-01-27,On Time
O0001303,Central Hub,12.51,2026-01-27,2026-01-29,Late
O0001304,West Hub,9.23,2026-01-27,2026-01-26,On Time
O0001305,West Hub,8.71,2026-01-27,2026-01-27,On Time
O0001306,East Hub,8.94,2026-01-28,2026-01-28,On Time
O0001307,Central Hub,6.53,2026-01-27,2026-01-26,On Time
O0001308,West Hub,11.3,2026-01-28,2026-01-28,On Time
O0001309,West Hub,10.44,2026-01-27,2026-01-27,On Time
O0001310,Central Hub,7.43,2026-01-30,2026-01-30,On Time
O0001311,Central Hub,11.96,2026-01-27,2026-01-27,On Time
O0001312,Central Hub,8.54,2026-01-27,2026-01-26,On Time
O0001313,West Hub,10.69,2026-01-27,2026-01-26,On Time
O0001314,East Hub,11.26,2026-01-30,2026-01-30,On Time
O0001315,Central Hub,6.68,2026-01-30,2026-01-29,On Time
O0001316,West Hub,13.22,2026-01-30,2026-01-29,On Time
O0001317,West Hub,14.79,2026-01-27,2026-01-26,On Time
O0001318,West Hub,9.12,2026-01-29,2026-01-28,On Time
O0001319,Central Hub,10.5,2026-01-29,2026-01-28,On Time
O0001320,East Hub,5.52,2026-01-27,2026-01-26,On Time
O0001321,Central Hub,17.3,2026-01-27,2026-01-26,On Time
O0001322,Central Hub,7.56,2026-01-30,2026-02-02,Late
O0001323,Central Hub,9.82,2026-01-29,2026-01-29,On Time
O0001324,West Hub,11.38,2026-01-28,2026-01-27,On Time
O0001325,West Hub,6.99,2026-01-29,2026-01-29,On Time
O0001326,West Hub,7.17,2026-01-30,2026-01-30,On Time
O0001327,East Hub,7.87,2026-01-28,2026-01-27,On Time
O0001328,West Hub,19.84,2026-01-30,2026-01-30,On Time
O0001329,Central Hub,10.14,2026-01-29,2026-01-28,On Time
O0001330,Central Hub,7.44,2026-01-30,2026-01-29,On Time
O0001331,West Hub,19.04,2026-01-30,2026-01-30,On Time
O0001332,West Hub,12.1,2026-01-28,2026-01-27,On Time
O0001333,Central Hub,9.95,2026-01-29,2026-01-29,On Time
O0001334,Central Hub,19.91,2026-01-27,2026-01-26,On Time
O0001335,Central Hub,9.94,2026-01-29,2026-01-29,On Time
O0001336,West Hub,13.53,2026-01-30,2026-01-30,On Time
O0001337,East Hub,18.15,2026-01-28,2026-01-27,On Time
O0001338,West Hub,11.75,2026-01-27,2026-01-27,On Time
O0001339,East Hub,17.16,2026-01-30,2026-01-30,On Time
O0001340,Central Hub,12.33,2026-01-28,2026-01-28,On Time
O0001341,Central Hub,9.79,2026-01-27,2026-01-26,On Time
O0001342,West Hub,7.52,2026-01-30,2026-01-31,Late
O0001343,Central Hub,7.79,2026-01-29,2026-01-28,On Time
O0001344,West Hub,8.96,2026-01-29,2026-01-28,On Time
O0001345,Central Hub,16.11,2026-01-28,2026-01-28,On Time
O0001346,East Hub,6.72,2026-01-28,2026-01-27,On Time
O0001347,Central Hub,7.7,2026-01-28,2026-01-28,On Time
O0001348,West Hub,12.75,2026-01-30,2026-01-29,On Time
O0001349,East Hub,6.88,2026-01-30,2026-01-29,On Time
O0001350,Central Hub,10.41,2026-01-29,2026-01-29,On Time
O0001351,Central Hub,17.69,2026-01-29,2026-01-28,On Time
O0001352,East Hub,13.09,2026-01-28,2026-01-27,On Time
O0001353,East Hub,8.32,2026-01-29,2026-01-28,On Time
O0001354,West Hub,9.03,2026-01-29,2026-01-29,On Time
O0001355,Central Hub,8.89,2026-01-30,2026-01-30,On Time
O0001356,Central Hub,10.57,2026-01-31,2026-01-30,On Time
O0001357,West Hub,10.72,2026-01-29,2026-01-29,On Time
O0001358,Central Hub,7.87,2026-01-28,2026-01-27,On Time
O0001359,West Hub,10.07,2026-01-28,2026-01-27,On Time
O0001360,West Hub,15.85,2026-01-31,2026-01-31,On Time
O0001361,West Hub,13.99,2026-01-28,2026-01-28,On Time
O0001362,West Hub,10.79,2026-01-31,2026-01-30,On Time
O0001363,Central Hub,7.73,2026-01-28,2026-01-28,On Time
O0001364,East Hub,9.9,2026-01-30,2026-01-29,On Time
O0001365,West Hub,8.87,2026-01-28,2026-01-27,On Time
O0001366,West Hub,8.22,2026-01-31,2026-02-04,Late
O0001367,Central Hub,6.03,2026-01-28,2026-01-28,On Time
O0001368,Central Hub,10.1,2026-01-28,2026-01-28,On Time
O0001369,East Hub,7.77,2026-01-29,2026-01-28,On Time
O0001370,West Hub,9.39,2026-01-30,2026-01-30,On Time
O0001371,Central Hub,7.08,2026-01-29,2026-01-28,On Time
O0001372,Central Hub,10.21,2026-01-28,2026-01-28,On Time
O0001373,Central Hub,6.89,2026-01-28,2026-01-27,On Time
O0001374,East Hub,7.24,2026-01-28,2026-01-28,On Time
O0001375,West Hub,18.58,2026-01-31,2026-01-31,On Time
O0001376,Central Hub,10.37,2026-01-31,2026-01-31,On Time
O0001377,Central Hub,6.76,2026-01-29,2026-01-29,On Time
O0001378,West Hub,6.52,2026-01-28,2026-01-27,On Time
O0001379,East Hub,6.97,2026-01-29,2026-01-28,On Time
O0001380,Central Hub,16.33,2026-01-28,2026-01-27,On Time
O0001381,Central Hub,8.19,2026-01-30,2026-01-29,On Time
O0001382,Central Hub,12.91,2026-01-29,2026-01-28,On Time
O0001383,East Hub,7.15,2026-01-30,2026-01-29,On Time
O0001384,East Hub,6.97,2026-01-31,2026-01-30,On Time
O0001385,West Hub,13.85,2026-01-31,2026-01-30,On Time
O0001386,East Hub,10.19,2026-01-29,2026-01-28,On Time
O0001387,East Hub,9.29,2026-01-31,2026-01-31,On Time
O0001388,West Hub,7.57,2026-01-31,2026-01-31,On Time
O0001389,East Hub,8.84,2026-01-29,2026-01-28,On Time
O0001390,Central Hub,9.63,2026-01-31,2026-01-30,On Time
O0001391,Central Hub,7.4,2026-01-30,2026-01-29,On Time
O0001392,West Hub,13.33,2026-01-29,2026-01-28,On Time
O0001393,East Hub,9.26,2026-01-28,2026-01-27,On Time
O0001394,East Hub,15.94,2026-01-30,2026-01-29,On Time
O0001395,Central Hub,11.72,2026-01-28,2026-02-01,Late
O0001396,West Hub,13.24,2026-01-31,2026-02-05,Late
O0001397,West Hub,12.6,2026-01-29,2026-01-28,On Time
O0001398,East Hub,9.72,2026-01-29,2026-02-03,Late
O0001399,West Hub,7.39,2026-01-31,2026-01-31,On Time
O0001400,Central Hub,11.19,2026-01-30,2026-01-30,On Time
O0001401,Central Hub,8.37,2026-02-01,2026-02-01,On Time
O0001402,Central Hub,9.26,2026-01-31,2026-01-31,On Time
O0001403,West Hub,9.66,2026-01-29,2026-01-28,On Time
O0001404,Central Hub,8.15,2026-01-31,2026-01-30,On Time
O0001405,East Hub,10.5,2026-02-01,2026-02-01,On Time
O0001406,Central Hub,11.45,2026-01-29,2026-01-28,On Time
O0001407,Central Hub,8.88,2026-01-31,2026-01-31,On Time
O0001408,East Hub,10.2,2026-01-31,2026-01-30,On Time
O0001409,West Hub,10.59,2026-01-31,2026-01-31,On Time
O0001410,East Hub,7.12,2026-01-30,2026-01-30,On Time
O0001411,West Hub,12.17,2026-01-30,2026-02-01,Late
O0001412,West Hub,8.74,2026-01-31,2026-01-31,On Time
O0001413,West Hub,8.81,2026-01-31,2026-01-31,On Time
O0001414,Central Hub,5.96,2026-02-01,2026-02-01,On Time
O0001415,West Hub,9.48,2026-01-29,2026-01-28,On Time
O0001416,East Hub,7.08,2026-01-30,2026-02-04,Late
O0001417,West Hub,7.79,2026-01-29,2026-01-28,On Time
O0001418,Central Hub,8.7,2026-01-29,2026-01-28,On Time
O0001419,West Hub,13.77,2026-02-01,2026-02-01,On Time
O0001420,Central Hub,14.3,2026-01-31,2026-01-30,On Time
O0001421,East Hub,11.44,2026-01-31,2026-01-30,On Time
O0001422,East Hub,7.72,2026-01-31,2026-01-31,On Time
O0001423,East Hub,17.69,2026-01-31,2026-01-31,On Time
O0001424,West Hub,9.98,2026-01-31,2026-01-31,On Time
O0001425,West Hub,9.97,2026-02-01,2026-01-31,On Time
O0001426,Central Hub,12.53,2026-01-29,2026-01-28,On Time
O0001427,West Hub,15.01,2026-01-30,2026-01-30,On Time
O0001428,East Hub,6.69,2026-01-31,2026-01-30,On Time
O0001429,Central Hub,8.24,2026-02-01,2026-02-01,On Time
O0001430,West Hub,9.46,2026-01-30,2026-01-29,On Time
O0001431,Central Hub,10.68,2026-02-01,2026-01-31,On Time
O0001432,West Hub,13.15,2026-01-30,2026-01-30,On Time
O0001433,West Hub,16.94,2026-01-30,2026-01-29,On Time
O0001434,West Hub,10.7,2026-01-31,2026-01-30,On Time
O0001435,Central Hub,8.95,2026-01-30,2026-01-30,On Time
O0001436,Central Hub,14.66,2026-01-31,2026-01-30,On Time
O0001437,Central Hub,11.46,2026-01-31,2026-01-31,On Time
O0001438,East Hub,8.01,2026-01-29,2026-01-29,On Time
O0001439,West Hub,7.39,2026-01-30,2026-01-30,On Time
O0001440,West Hub,12.91,2026-02-01,2026-02-03,Late
O0001441,Central Hub,7.28,2026-01-30,2026-01-31,Late
O0001442,Central Hub,10.76,2026-01-30,2026-01-31,Late
O0001443,East Hub,7.99,2026-01-29,2026-01-29,On Time
O0001444,East Hub,8.46,2026-02-02,2026-02-02,On Time
O0001445,West Hub,11.73,2026-01-31,2026-01-30,On Time
O0001446,West Hub,10.17,2026-02-01,2026-01-31,On Time
O0001447,Central Hub,7.92,2026-01-31,2026-01-30,On Time
O0001448,Central Hub,6.52,2026-01-31,2026-01-30,On Time
O0001449,West Hub,11.26,2026-02-02,2026-02-02,On Time
O0001450,West Hub,16.44,2026-01-31,2026-01-31,On Time
O0001451,Central Hub,6.99,2026-02-02,2026-02-01,On Time
O0001452,West Hub,11.33,2026-02-02,2026-02-07,Late
O0001453,Central Hub,15.36,2026-01-31,2026-01-31,On Time
O0001454,Central Hub,7.06,2026-02-01,2026-01-31,On Time
O0001455,East Hub,11.39,2026-02-02,2026-02-01,On Time
O0001456,Central Hub,24.32,2026-01-30,2026-01-30,On Time
O0001457,Central Hub,6.61,2026-02-01,2026-02-03,Late
O0001458,Central Hub,6.13,2026-02-01,2026-02-01,On Time
O0001459,West Hub,8.42,2026-02-02,2026-02-01,On Time
O0001460,East Hub,10.95,2026-01-30,2026-01-29,On Time
O0001461,East Hub,6.74,2026-01-30,2026-01-30,On Time
O0001462,Central Hub,12.45,2026-01-31,2026-01-31,On Time
O0001463,East Hub,7.34,2026-01-30,2026-01-30,On Time
O0001464,Central Hub,13.84,2026-02-01,2026-01-31,On Time
O0001465,East Hub,6.49,2026-01-31,2026-01-30,On Time
O0001466,Central Hub,6.92,2026-01-31,2026-01-31,On Time
O0001467,Central Hub,8.67,2026-02-01,2026-01-31,On Time
O0001468,Central Hub,10.66,2026-01-30,2026-01-30,On Time
O0001469,East Hub,12.5,2026-02-01,2026-01-31,On Time
O0001470,East Hub,6.76,2026-02-02,2026-02-01,On Time
O0001471,East Hub,13.69,2026-02-02,2026-02-02,On Time
O0001472,East Hub,11.71,2026-01-31,2026-01-31,On Time
O0001473,East Hub,9.19,2026-02-02,2026-02-02,On Time
O0001474,Central Hub,17.49,2026-01-30,2026-01-30,On Time
O0001475,West Hub,8.48,2026-01-30,2026-01-29,On Time
O0001476,East Hub,11.39,2026-01-31,2026-01-30,On Time
O0001477,East Hub,9.67,2026-01-31,2026-02-01,Late
O0001478,West Hub,9.42,2026-02-02,2026-02-01,On Time
O0001479,West Hub,17.72,2026-01-31,2026-01-30,On Time
O0001480,Central Hub,9.67,2026-01-30,2026-01-30,On Time
O0001481,East Hub,19.12,2026-02-02,2026-02-01,On Time
O0001482,Central Hub,15.66,2026-02-01,2026-01-31,On Time
O0001483,Central Hub,7.37,2026-02-02,2026-02-01,On Time
O0001484,East Hub,6.36,2026-02-02,2026-02-02,On Time
O0001485,Central Hub,12.88,2026-01-31,2026-01-30,On Time
O0001486,Central Hub,11.45,2026-01-30,2026-01-29,On Time
O0001487,West Hub,7.0,2026-01-31,2026-01-31,On Time
O0001488,Central Hub,10.93,2026-01-31,2026-01-30,On Time
O0001489,Central Hub,8.25,2026-01-31,2026-01-30,On Time
O0001490,West Hub,11.7,2026-02-02,2026-02-01,On Time
O0001491,East Hub,11.37,2026-02-02,2026-02-02,On Time
O0001492,Central Hub,9.91,2026-01-30,2026-01-29,On Time
O0001493,Central Hub,8.26,2026-01-30,2026-01-30,On Time
O0001494,East Hub,11.06,2026-02-02,2026-02-01,On Time
O0001495,Central Hub,19.2,2026-01-31,2026-01-31,On Time
O0001496,East Hub,7.04,2026-02-02,2026-02-02,On Time
O0001497,Central Hub,10.36,2026-01-30,2026-01-30,On Time
O0001498,East Hub,9.59,2026-01-31,2026-01-31,On Time
O0001499,West Hub,6.97,2026-01-30,2026-01-29,On Time
O0001500,East Hub,13.51,2026-02-02,2026-02-01,On Time
O0001501,East Hub,8.73,2026-01-31,2026-01-31,On Time
O0001502,Central Hub,11.62,2026-02-01,2026-01-31,On Time
O0001503,West Hub,9.53,2026-02-01,2026-02-01,On Time
O0001504,Central Hub,9.17,2026-02-01,2026-02-01,On Time
O0001505,Central Hub,11.41,2026-01-30,2026-01-29,On Time
O0001506,Central Hub,16.85,2026-01-30,2026-01-30,On Time
O0001507,West Hub,8.86,2026-01-31,2026-02-02,Late
O0001508,Central Hub,9.1,2026-02-03,2026-02-03,On Time
O0001509,West Hub,13.01,2026-01-31,2026-01-30,On Time
O0001510,West Hub,15.65,2026-01-31,2026-01-30,On Time
O0001511,West Hub,10.26,2026-02-03,2026-02-03,On Time
O0001512,West Hub,13.53,2026-01-31,2026-02-02,Late
O0001513,East Hub,7.04,2026-02-01,2026-01-31,On Time
O0001514,East Hub,9.3,2026-02-03,2026-02-02,On Time
O0001515,Central Hub,7.43,2026-02-03,2026-02-02,On Time
O0001516,West Hub,8.06,2026-01-31,2026-01-31,On Time
O0001517,West Hub,11.22,2026-02-01,2026-02-01,On Time
O0001518,East Hub,9.26,2026-02-01,2026-02-01,On Time
O0001519,West Hub,8.57,2026-02-01,2026-02-01,On Time
O0001520,East Hub,11.87,2026-02-02,2026-02-02,On Time
O0001521,West Hub,14.22,2026-02-03,2026-02-03,On Time
O0001522,Central Hub,8.86,2026-02-02,2026-02-02,On Time
O0001523,Central Hub,12.34,2026-01-31,2026-01-31,On Time
O0001524,Central Hub,10.75,2026-02-03,2026-02-02,On Time
O0001525,West Hub,10.11,2026-02-03,2026-02-03,On Time
O0001526,East Hub,12.37,2026-02-02,2026-02-01,On Time
O0001527,West Hub,16.85,2026-02-03,2026-02-02,On Time
O0001528,West Hub,14.63,2026-02-03,2026-02-03,On Time
O0001529,Central Hub,9.85,2026-02-03,2026-02-03,On Time
O0001530,East Hub,6.22,2026-02-02,2026-02-02,On Time
O0001531,West Hub,9.13,2026-02-02,2026-02-02,On Time
O0001532,Central Hub,6.78,2026-02-02,2026-02-01,On Time
O0001533,Central Hub,9.9,2026-02-01,2026-02-01,On Time
O0001534,Central Hub,19.79,2026-01-31,2026-01-31,On Time
O0001535,West Hub,10.71,2026-01-31,2026-01-31,On Time
O0001536,East Hub,10.5,2026-02-01,2026-02-01,On Time
O0001537,East Hub,9.56,2026-01-31,2026-01-30,On Time
O0001538,West Hub,6.4,2026-02-03,2026-02-03,On Time
O0001539,Central Hub,8.8,2026-02-02,2026-02-05,Late
O0001540,Central Hub,8.71,2026-02-02,2026-02-01,On Time
O0001541,Central Hub,6.01,2026-02-02,2026-02-02,On Time
O0001542,West Hub,9.97,2026-01-31,2026-01-30,On Time
O0001543,East Hub,8.26,2026-02-03,2026-02-03,On Time
O0001544,West Hub,9.55,2026-02-02,2026-02-02,On Time
O0001545,West Hub,11.45,2026-01-31,2026-01-31,On Time
O0001546,East Hub,11.02,2026-02-01,2026-02-05,Late
O0001547,East Hub,7.87,2026-01-31,2026-01-31,On Time
O0001548,West Hub,9.51,2026-02-03,2026-02-06,Late
O0001549,West Hub,10.86,2026-02-03,2026-02-05,Late
O0001550,Central Hub,8.49,2026-01-31,2026-01-31,On Time
O0001551,Central Hub,17.69,2026-01-31,2026-01-31,On Time
O0001552,Central Hub,22.7,2026-02-02,2026-02-02,On Time
O0001553,East Hub,9.25,2026-02-01,2026-02-01,On Time
O0001554,West Hub,12.11,2026-02-03,2026-02-02,On Time
O0001555,West Hub,11.92,2026-01-31,2026-02-01,Late
O0001556,West Hub,11.92,2026-02-03,2026-02-08,Late
O0001557,East Hub,10.16,2026-02-03,2026-02-02,On Time
O0001558,Central Hub,8.15,2026-02-01,2026-02-01,On Time
O0001559,Central Hub,6.71,2026-02-02,2026-02-02,On Time
O0001560,East Hub,9.43,2026-02-02,2026-02-01,On Time
O0001561,West Hub,15.27,2026-01-31,2026-01-30,On Time
O0001562,West Hub,9.33,2026-02-02,2026-02-02,On Time
O0001563,East Hub,12.38,2026-02-03,2026-02-03,On Time
O0001564,West Hub,14.24,2026-02-02,2026-02-03,Late
O0001565,Central Hub,10.54,2026-02-02,2026-02-01,On Time
O0001566,West Hub,15.05,2026-02-01,2026-02-03,Late
O0001567,Central Hub,8.78,2026-02-03,2026-02-06,Late
O0001568,East Hub,7.9,2026-01-31,2026-01-31,On Time
O0001569,East Hub,10.24,2026-02-02,2026-02-01,On Time
O0001570,Central Hub,8.18,2026-01-31,2026-01-30,On Time
O0001571,West Hub,9.43,2026-02-03,2026-02-03,On Time
O0001572,West Hub,12.83,2026-02-02,2026-02-01,On Time
O0001573,West Hub,7.62,2026-02-01,2026-02-01,On Time
O0001574,Central Hub,11.11,2026-02-01,2026-01-31,On Time
O0001575,West Hub,11.03,2026-02-01,2026-02-06,Late
O0001576,Central Hub,7.0,2026-02-01,2026-02-01,On Time
O0001577,Central Hub,7.57,2026-02-01,2026-01-31,On Time
O0001578,East Hub,9.94,2026-02-04,2026-02-03,On Time
O0001579,Central Hub,9.13,2026-02-04,2026-02-09,Late
O0001580,Central Hub,12.87,2026-02-01,2026-02-01,On Time
O0001581,Central Hub,8.4,2026-02-04,2026-02-03,On Time
O0001582,East Hub,8.08,2026-02-02,2026-02-01,On Time
O0001583,East Hub,11.96,2026-02-02,2026-02-02,On Time
O0001584,East Hub,6.51,2026-02-03,2026-02-02,On Time
O0001585,East Hub,7.31,2026-02-01,2026-02-01,On Time
O0001586,West Hub,12.93,2026-02-01,2026-02-01,On Time
O0001587,West Hub,7.49,2026-02-04,2026-02-03,On Time
O0001588,Central Hub,9.44,2026-02-01,2026-02-01,On Time
O0001589,East Hub,11.7,2026-02-01,2026-01-31,On Time
O0001590,Central Hub,10.88,2026-02-03,2026-02-03,On Time
O0001591,East Hub,13.4,2026-02-03,2026-02-02,On Time
O0001592,East Hub,12.37,2026-02-02,2026-02-01,On Time
O0001593,Central Hub,7.12,2026-02-04,2026-02-04,On Time
O0001594,East Hub,11.34,2026-02-04,2026-02-04,On Time
O0001595,East Hub,6.75,2026-02-04,2026-02-03,On Time
O0001596,West Hub,17.87,2026-02-02,2026-02-02,On Time
O0001597,West Hub,11.48,2026-02-01,2026-02-01,On Time
O0001598,Central Hub,8.08,2026-02-02,2026-02-02,On Time
O0001599,West Hub,11.2,2026-02-04,2026-02-07,Late
O0001600,West Hub,13.18,2026-02-03,2026-02-03,On Time
O0001601,West Hub,13.25,2026-02-02,2026-02-01,On Time
O0001602,Central Hub,8.89,2026-02-03,2026-02-03,On Time
O0001603,West Hub,21.31,2026-02-03,2026-02-03,On Time
O0001604,West Hub,17.69,2026-02-04,2026-02-03,On Time
O0001605,East Hub,12.38,2026-02-01,2026-02-01,On Time
O0001606,West Hub,13.79,2026-02-01,2026-01-31,On Time
O0001607,West Hub,8.85,2026-02-02,2026-02-01,On Time
O0001608,East Hub,18.59,2026-02-02,2026-02-03,Late
O0001609,Central Hub,12.55,2026-02-01,2026-02-01,On Time
O0001610,East Hub,8.67,2026-02-03,2026-02-02,On Time
O0001611,East Hub,5.0,2026-02-01,2026-01-31,On Time
O0001612,West Hub,8.3,2026-02-03,2026-02-02,On Time
O0001613,Central Hub,5.65,2026-02-02,2026-02-01,On Time
O0001614,Central Hub,9.97,2026-02-04,2026-02-04,On Time
O0001615,West Hub,16.26,2026-02-02,2026-02-01,On Time
O0001616,West Hub,9.54,2026-02-02,2026-02-01,On Time
O0001617,Central Hub,7.83,2026-02-04,2026-02-03,On Time
O0001618,Central Hub,9.49,2026-02-02,2026-02-01,On Time
O0001619,East Hub,13.9,2026-02-02,2026-02-02,On Time
O0001620,Central Hub,11.62,2026-02-03,2026-02-03,On Time
O0001621,East Hub,7.51,2026-02-03,2026-02-03,On Time
O0001622,Central Hub,9.44,2026-02-04,2026-02-03,On Time
O0001623,Central Hub,8.46,2026-02-03,2026-02-03,On Time
O0001624,Central Hub,10.77,2026-02-02,2026-02-01,On Time
O0001625,West Hub,10.05,2026-02-03,2026-02-03,On Time
O0001626,West Hub,14.8,2026-02-02,2026-02-02,On Time
O0001627,West Hub,9.7,2026-02-04,2026-02-04,On Time
O0001628,West Hub,10.79,2026-02-04,2026-02-08,Late
O0001629,East Hub,8.13,2026-02-05,2026-02-05,On Time
O0001630,East Hub,6.87,2026-02-04,2026-02-03,On Time
O0001631,West Hub,8.07,2026-02-05,2026-02-04,On Time
O0001632,East Hub,12.44,2026-02-03,2026-02-02,On Time
O0001633,West Hub,11.66,2026-02-02,2026-02-02,On Time
O0001634,East Hub,8.74,2026-02-04,2026-02-03,On Time
O0001635,West Hub,9.89,2026-02-04,2026-02-04,On Time
O0001636,Central Hub,8.72,2026-02-05,2026-02-05,On Time
O0001637,Central Hub,14.49,2026-02-02,2026-02-02,On Time
O0001638,Central Hub,8.18,2026-02-04,2026-02-04,On Time
O0001639,Central Hub,9.39,2026-02-02,2026-02-03,Late
O0001640,Central Hub,11.12,2026-02-05,2026-02-05,On Time
O0001641,West Hub,20.82,2026-02-02,2026-02-02,On Time
O0001642,Central Hub,17.75,2026-02-03,2026-02-02,On Time
O0001643,Central Hub,11.54,2026-02-02,2026-02-03,Late
O0001644,East Hub,13.98,2026-02-05,2026-02-05,On Time
O0001645,East Hub,12.54,2026-02-02,2026-02-01,On Time
O0001646,Central Hub,8.26,2026-02-05,2026-02-05,On Time
O0001647,Central Hub,14.76,2026-02-05,2026-02-04,On Time
O0001648,West Hub,9.07,2026-02-05,2026-02-04,On Time
O0001649,Central Hub,9.86,2026-02-03,2026-02-02,On Time
O0001650,West Hub,10.79,2026-02-02,2026-02-02,On Time
O0001651,West Hub,8.83,2026-02-05,2026-02-04,On Time
O0001652,West Hub,16.13,2026-02-05,2026-02-05,On Time
O0001653,West Hub,16.34,2026-02-02,2026-02-02,On Time
O0001654,East Hub,10.15,2026-02-04,2026-02-08,Late
O0001655,West Hub,8.97,2026-02-03,2026-02-02,On Time
O0001656,West Hub,9.37,2026-02-04,2026-02-03,On Time
O0001657,East Hub,10.83,2026-02-03,2026-02-03,On Time
O0001658,Central Hub,8.97,2026-02-04,2026-02-03,On Time
O0001659,East Hub,7.38,2026-02-02,2026-02-04,Late
O0001660,West Hub,15.41,2026-02-05,2026-02-05,On Time
O0001661,Central Hub,8.62,2026-02-04,2026-02-03,On Time
O0001662,East Hub,10.58,2026-02-03,2026-02-02,On Time
O0001663,Central Hub,8.11,2026-02-02,2026-02-01,On Time
O0001664,Central Hub,11.51,2026-02-03,2026-02-03,On Time
O0001665,Central Hub,6.84,2026-02-04,2026-02-03,On Time
O0001666,Central Hub,13.12,2026-02-02,2026-02-02,On Time
O0001667,East Hub,10.25,2026-02-05,2026-02-05,On Time
O0001668,Central Hub,10.31,2026-02-03,2026-02-04,Late
O0001669,West Hub,7.23,2026-02-04,2026-02-03,On Time
O0001670,Central Hub,16.15,2026-02-02,2026-02-01,On Time
O0001671,West Hub,7.39,2026-02-04,2026-02-03,On Time
O0001672,West Hub,14.38,2026-02-04,2026-02-03,On Time
O0001673,Central Hub,7.23,2026-02-05,2026-02-04,On Time
O0001674,East Hub,8.66,2026-02-04,2026-02-03,On Time
O0001675,East Hub,6.43,2026-02-04,2026-02-04,On Time
O0001676,West Hub,9.39,2026-02-02,2026-02-01,On Time
O0001677,East Hub,8.87,2026-02-04,2026-02-04,On Time
O0001678,West Hub,7.38,2026-02-05,2026-02-05,On Time
O0001679,West Hub,8.39,2026-02-05,2026-02-08,Late
O0001680,Central Hub,8.21,2026-02-02,2026-02-02,On Time
O0001681,East Hub,8.93,2026-02-04,2026-02-04,On Time
O0001682,West Hub,7.44,2026-02-05,2026-02-04,On Time
O0001683,West Hub,10.35,2026-02-06,2026-02-05,On Time
O0001684,East Hub,11.3,2026-02-06,2026-02-05,On Time
O0001685,West Hub,11.24,2026-02-05,2026-02-05,On Time
O0001686,West Hub,8.36,2026-02-03,2026-02-03,On Time
O0001687,East Hub,10.53,2026-02-04,2026-02-03,On Time
O0001688,West Hub,9.83,2026-02-05,2026-02-04,On Time
O0001689,East Hub,11.3,2026-02-05,2026-02-05,On Time
O0001690,West Hub,9.03,2026-02-04,2026-02-04,On Time
O0001691,West Hub,12.96,2026-02-03,2026-02-02,On Time
O0001692,West Hub,14.35,2026-02-05,2026-02-04,On Time
O0001693,Central Hub,6.61,2026-02-05,2026-02-07,Late
O0001694,West Hub,8.06,2026-02-04,2026-02-03,On Time
O0001695,East Hub,7.23,2026-02-04,2026-02-03,On Time
O0001696,Central Hub,9.83,2026-02-03,2026-02-05,Late
O0001697,East Hub,14.6,2026-02-06,2026-02-06,On Time
O0001698,Central Hub,8.62,2026-02-05,2026-02-10,Late
O0001699,Central Hub,7.28,2026-02-04,2026-02-03,On Time
O0001700,East Hub,11.48,2026-02-06,2026-02-05,On Time
O0001701,Central Hub,6.5,2026-02-03,2026-02-02,On Time
O0001702,West Hub,8.57,2026-02-05,2026-02-05,On Time
O0001703,Central Hub,9.54,2026-02-05,2026-02-05,On Time
O0001704,West Hub,18.5,2026-02-06,2026-02-05,On Time
O0001705,East Hub,8.75,2026-02-04,2026-02-03,On Time
O0001706,East Hub,12.57,2026-02-06,2026-02-05,On Time
O0001707,West Hub,7.41,2026-02-05,2026-02-04,On Time
O0001708,East Hub,7.73,2026-02-04,2026-02-03,On Time
O0001709,West Hub,11.44,2026-02-04,2026-02-03,On Time
O0001710,Central Hub,9.55,2026-02-06,2026-02-05,On Time
O0001711,East Hub,8.66,2026-02-05,2026-02-04,On Time
O0001712,Central Hub,11.03,2026-02-06,2026-02-05,On Time
O0001713,West Hub,10.38,2026-02-06,2026-02-05,On Time
O0001714,West Hub,12.99,2026-02-05,2026-02-04,On Time
O0001715,East Hub,9.72,2026-02-06,2026-02-06,On Time
O0001716,East Hub,10.64,2026-02-03,2026-02-02,On Time
O0001717,East Hub,11.05,2026-02-06,2026-02-06,On Time
O0001718,West Hub,11.94,2026-02-06,2026-02-11,Late
O0001719,West Hub,8.01,2026-02-03,2026-02-02,On Time
O0001720,West Hub,20.45,2026-02-06,2026-02-05,On Time
O0001721,East Hub,6.23,2026-02-05,2026-02-05,On Time
O0001722,Central Hub,13.06,2026-02-03,2026-02-03,On Time
O0001723,East Hub,9.06,2026-02-05,2026-02-04,On Time
O0001724,West Hub,17.28,2026-02-06,2026-02-05,On Time
O0001725,East Hub,14.57,2026-02-03,2026-02-08,Late
O0001726,Central Hub,13.24,2026-02-03,2026-02-02,On Time
O0001727,West Hub,9.46,2026-02-04,2026-02-04,On Time
O0001728,West Hub,14.46,2026-02-06,2026-02-05,On Time
O0001729,East Hub,13.07,2026-02-06,2026-02-06,On Time
O0001730,Central Hub,8.55,2026-02-06,2026-02-06,On Time
O0001731,West Hub,7.36,2026-02-06,2026-02-06,On Time
O0001732,West Hub,8.61,2026-02-06,2026-02-05,On Time
O0001733,East Hub,9.0,2026-02-04,2026-02-04,On Time
O0001734,West Hub,10.27,2026-02-05,2026-02-05,On Time
O0001735,Central Hub,9.02,2026-02-05,2026-02-05,On Time
O0001736,Central Hub,13.0,2026-02-06,2026-02-05,On Time
O0001737,West Hub,12.36,2026-02-06,2026-02-05,On Time
O0001738,Central Hub,7.31,2026-02-04,2026-02-04,On Time
O0001739,East Hub,6.01,2026-02-05,2026-02-05,On Time
O0001740,West Hub,7.92,2026-02-04,2026-02-03,On Time
O0001741,East Hub,13.1,2026-02-03,2026-02-03,On Time
O0001742,East Hub,8.81,2026-02-04,2026-02-03,On Time
O0001743,East Hub,8.56,2026-02-05,2026-02-05,On Time
O0001744,Central Hub,11.74,2026-02-05,2026-02-04,On Time
O0001745,East Hub,13.99,2026-02-07,2026-02-06,On Time
O0001746,East Hub,8.33,2026-02-07,2026-02-07,On Time
O0001747,East Hub,7.59,2026-02-05,2026-02-04,On Time
O0001748,East Hub,10.18,2026-02-05,2026-02-05,On Time
O0001749,East Hub,14.04,2026-02-07,2026-02-07,On Time
O0001750,Central Hub,12.66,2026-02-07,2026-02-07,On Time
O0001751,Central Hub,8.15,2026-02-04,2026-02-03,On Time
O0001752,West Hub,8.42,2026-02-07,2026-02-06,On Time
O0001753,Central Hub,7.84,2026-02-07,2026-02-07,On Time
O0001754,West Hub,11.78,2026-02-07,2026-02-06,On Time
O0001755,East Hub,6.2,2026-02-04,2026-02-04,On Time
O0001756,Central Hub,7.97,2026-02-06,2026-02-06,On Time
O0001757,West Hub,7.26,2026-02-06,2026-02-06,On Time
O0001758,East Hub,9.95,2026-02-06,2026-02-05,On Time
O0001759,West Hub,12.59,2026-02-05,2026-02-04,On Time
O0001760,East Hub,12.45,2026-02-07,2026-02-06,On Time
O0001761,East Hub,15.99,2026-02-04,2026-02-04,On Time
O0001762,West Hub,10.38,2026-02-04,2026-02-04,On Time
O0001763,East Hub,10.75,2026-02-07,2026-02-11,Late
O0001764,West Hub,11.03,2026-02-06,2026-02-05,On Time
O0001765,West Hub,7.54,2026-02-05,2026-02-04,On Time
O0001766,East Hub,8.96,2026-02-04,2026-02-03,On Time
O0001767,East Hub,7.67,2026-02-04,2026-02-03,On Time
O0001768,East Hub,9.37,2026-02-06,2026-02-06,On Time
O0001769,West Hub,13.27,2026-02-06,2026-02-06,On Time
O0001770,East Hub,9.13,2026-02-06,2026-02-05,On Time
O0001771,West Hub,17.48,2026-02-06,2026-02-05,On Time
O0001772,West Hub,8.39,2026-02-06,2026-02-05,On Time
O0001773,East Hub,6.77,2026-02-07,2026-02-06,On Time
O0001774,East Hub,11.42,2026-02-07,2026-02-06,On Time
O0001775,Central Hub,9.07,2026-02-04,2026-02-08,Late
O0001776,Central Hub,10.09,2026-02-05,2026-02-04,On Time
O0001777,East Hub,15.83,2026-02-04,2026-02-04,On Time
O0001778,East Hub,8.29,2026-02-06,2026-02-05,On Time
O0001779,West Hub,7.13,2026-02-06,2026-02-06,On Time
O0001780,West Hub,13.43,2026-02-06,2026-02-05,On Time
O0001781,Central Hub,8.89,2026-02-07,2026-02-06,On Time
O0001782,East Hub,11.59,2026-02-07,2026-02-07,On Time
O0001783,West Hub,11.2,2026-02-06,2026-02-06,On Time
O0001784,East Hub,10.37,2026-02-05,2026-02-05,On Time
O0001785,West Hub,13.04,2026-02-05,2026-02-09,Late
O0001786,West Hub,17.49,2026-02-05,2026-02-08,Late
O0001787,West Hub,17.0,2026-02-07,2026-02-07,On Time
O0001788,Central Hub,7.35,2026-02-05,2026-02-04,On Time
O0001789,Central Hub,16.65,2026-02-06,2026-02-05,On Time
O0001790,East Hub,7.23,2026-02-06,2026-02-06,On Time
O0001791,West Hub,13.16,2026-02-05,2026-02-04,On Time
O0001792,West Hub,11.9,2026-02-06,2026-02-06,On Time
O0001793,West Hub,16.16,2026-02-07,2026-02-07,On Time
O0001794,East Hub,10.2,2026-02-07,2026-02-07,On Time
O0001795,West Hub,12.5,2026-02-06,2026-02-05,On Time
O0001796,Central Hub,8.07,2026-02-08,2026-02-07,On Time
O0001797,West Hub,14.74,2026-02-05,2026-02-05,On Time
O0001798,Central Hub,10.1,2026-02-05,2026-02-04,On Time
O0001799,Central Hub,15.31,2026-02-07,2026-02-07,On Time
O0001800,East Hub,6.04,2026-02-07,2026-02-06,On Time
O0001801,West Hub,11.93,2026-02-08,2026-02-12,Late
O0001802,Central Hub,7.71,2026-02-06,2026-02-06,On Time
O0001803,Central Hub,10.9,2026-02-08,2026-02-07,On Time
O0001804,East Hub,11.74,2026-02-07,2026-02-06,On Time
O0001805,East Hub,16.92,2026-02-06,2026-02-05,On Time
O0001806,West Hub,8.25,2026-02-06,2026-02-06,On Time
O0001807,West Hub,8.73,2026-02-05,2026-02-06,Late
O0001808,East Hub,13.61,2026-02-08,2026-02-08,On Time
O0001809,East Hub,10.49,2026-02-06,2026-02-05,On Time
O0001810,Central Hub,7.75,2026-02-06,2026-02-06,On Time
O0001811,West Hub,12.82,2026-02-07,2026-02-07,On Time
O0001812,West Hub,16.46,2026-02-06,2026-02-06,On Time
O0001813,East Hub,16.45,2026-02-06,2026-02-10,Late
O0001814,East Hub,11.23,2026-02-08,2026-02-08,On Time
O0001815,West Hub,14.62,2026-02-05,2026-02-05,On Time
O0001816,West Hub,14.21,2026-02-05,2026-02-05,On Time
O0001817,East Hub,8.35,2026-02-06,2026-02-06,On Time
O0001818,Central Hub,11.9,2026-02-08,2026-02-07,On Time
O0001819,West Hub,9.27,2026-02-06,2026-02-06,On Time
O0001820,Central Hub,9.68,2026-02-06,2026-02-05,On Time
O0001821,East Hub,10.65,2026-02-08,2026-02-07,On Time
O0001822,East Hub,11.29,2026-02-06,2026-02-05,On Time
O0001823,West Hub,7.66,2026-02-06,2026-02-06,On Time
O0001824,Central Hub,9.41,2026-02-08,2026-02-08,On Time
O0001825,Central Hub,8.24,2026-02-07,2026-02-06,On Time
O0001826,East Hub,9.59,2026-02-07,2026-02-06,On Time
O0001827,Central Hub,15.01,2026-02-07,2026-02-11,Late
O0001828,West Hub,8.84,2026-02-08,2026-02-08,On Time
O0001829,West Hub,8.47,2026-02-08,2026-02-08,On Time
O0001830,East Hub,8.62,2026-02-07,2026-02-07,On Time
O0001831,Central Hub,8.06,2026-02-05,2026-02-04,On Time
O0001832,East Hub,7.95,2026-02-06,2026-02-06,On Time
O0001833,East Hub,10.74,2026-02-07,2026-02-06,On Time
O0001834,Central Hub,10.84,2026-02-05,2026-02-04,On Time
O0001835,East Hub,10.85,2026-02-06,2026-02-06,On Time
O0001836,Central Hub,8.43,2026-02-06,2026-02-05,On Time
O0001837,Central Hub,11.27,2026-02-05,2026-02-05,On Time
O0001838,West Hub,10.29,2026-02-08,2026-02-08,On Time
O0001839,East Hub,19.43,2026-02-08,2026-02-08,On Time
O0001840,East Hub,15.44,2026-02-05,2026-02-05,On Time
O0001841,West Hub,8.44,2026-02-06,2026-02-06,On Time
O0001842,Central Hub,11.75,2026-02-08,2026-02-07,On Time
O0001843,West Hub,17.31,2026-02-08,2026-02-07,On Time
O0001844,East Hub,7.9,2026-02-08,2026-02-07,On Time
O0001845,East Hub,11.01,2026-02-08,2026-02-08,On Time
O0001846,Central Hub,11.7,2026-02-09,2026-02-09,On Time
O0001847,East Hub,10.94,2026-02-09,2026-02-09,On Time
O0001848,East Hub,13.49,2026-02-07,2026-02-07,On Time
O0001849,East Hub,11.87,2026-02-09,2026-02-09,On Time
O0001850,East Hub,13.04,2026-02-07,2026-02-07,On Time
O0001851,East Hub,10.11,2026-02-07,2026-02-09,Late
O0001852,East Hub,7.95,2026-02-08,2026-02-07,On Time
O0001853,West Hub,8.03,2026-02-09,2026-02-09,On Time
O0001854,East Hub,8.52,2026-02-08,2026-02-07,On Time
O0001855,West Hub,10.22,2026-02-08,2026-02-07,On Time
O0001856,East Hub,17.99,2026-02-08,2026-02-08,On Time
O0001857,Central Hub,13.45,2026-02-07,2026-02-07,On Time
O0001858,Central Hub,6.9,2026-02-06,2026-02-06,On Time
O0001859,Central Hub,11.18,2026-02-09,2026-02-09,On Time
O0001860,Central Hub,8.87,2026-02-06,2026-02-10,Late
O0001861,Central Hub,8.66,2026-02-07,2026-02-07,On Time
O0001862,Central Hub,9.2,2026-02-08,2026-02-08,On Time
O0001863,East Hub,13.35,2026-02-06,2026-02-06,On Time
O0001864,West Hub,12.6,2026-02-07,2026-02-06,On Time
O0001865,West Hub,7.65,2026-02-08,2026-02-08,On Time
O0001866,East Hub,18.1,2026-02-08,2026-02-07,On Time
O0001867,Central Hub,7.1,2026-02-07,2026-02-07,On Time
O0001868,East Hub,13.07,2026-02-06,2026-02-05,On Time
O0001869,West Hub,8.26,2026-02-07,2026-02-06,On Time
O0001870,West Hub,8.7,2026-02-06,2026-02-05,On Time
O0001871,East Hub,9.82,2026-02-09,2026-02-08,On Time
O0001872,West Hub,12.85,2026-02-09,2026-02-08,On Time
O0001873,West Hub,13.04,2026-02-06,2026-02-06,On Time
O0001874,West Hub,16.12,2026-02-09,2026-02-09,On Time
O0001875,West Hub,7.33,2026-02-07,2026-02-09,Late
O0001876,West Hub,19.84,2026-02-07,2026-02-06,On Time
O0001877,West Hub,9.69,2026-02-09,2026-02-09,On Time
O0001878,West Hub,11.43,2026-02-07,2026-02-07,On Time
O0001879,East Hub,7.11,2026-02-07,2026-02-07,On Time
O0001880,Central Hub,7.83,2026-02-06,2026-02-05,On Time
O0001881,Central Hub,11.8,2026-02-08,2026-02-08,On Time
O0001882,East Hub,9.65,2026-02-09,2026-02-09,On Time
O0001883,Central Hub,9.28,2026-02-08,2026-02-07,On Time
O0001884,Central Hub,13.75,2026-02-08,2026-02-07,On Time
O0001885,Central Hub,7.16,2026-02-09,2026-02-09,On Time
O0001886,Central Hub,7.15,2026-02-06,2026-02-06,On Time
O0001887,West Hub,7.03,2026-02-07,2026-02-07,On Time
O0001888,Central Hub,17.35,2026-02-08,2026-02-08,On Time
O0001889,West Hub,7.74,2026-02-08,2026-02-10,Late
O0001890,West Hub,12.64,2026-02-06,2026-02-06,On Time
O0001891,East Hub,7.52,2026-02-06,2026-02-05,On Time
O0001892,East Hub,12.76,2026-02-09,2026-02-09,On Time
O0001893,Central Hub,10.41,2026-02-08,2026-02-08,On Time
O0001894,East Hub,12.81,2026-02-09,2026-02-08,On Time
O0001895,East Hub,12.85,2026-02-08,2026-02-08,On Time
O0001896,Central Hub,7.23,2026-02-07,2026-02-06,On Time
O0001897,East Hub,8.02,2026-02-08,2026-02-08,On Time
O0001898,Central Hub,11.74,2026-02-09,2026-02-08,On Time
O0001899,East Hub,13.16,2026-02-07,2026-02-07,On Time
O0001900,Central Hub,7.44,2026-02-10,2026-02-09,On Time
O0001901,East Hub,8.68,2026-02-07,2026-02-06,On Time
O0001902,East Hub,8.64,2026-02-07,2026-02-06,On Time
O0001903,Central Hub,7.0,2026-02-10,2026-02-10,On Time
O0001904,Central Hub,9.8,2026-02-09,2026-02-08,On Time
O0001905,West Hub,10.7,2026-02-09,2026-02-08,On Time
O0001906,Central Hub,12.53,2026-02-10,2026-02-14,Late
O0001907,Central Hub,8.57,2026-02-07,2026-02-06,On Time
O0001908,Central Hub,8.11,2026-02-07,2026-02-06,On Time
O0001909,East Hub,13.36,2026-02-09,2026-02-12,Late
O0001910,Central Hub,15.7,2026-02-09,2026-02-08,On Time
O0001911,Central Hub,15.2,2026-02-07,2026-02-07,On Time
O0001912,West Hub,11.8,2026-02-10,2026-02-09,On Time
O0001913,West Hub,11.89,2026-02-08,2026-02-07,On Time
O0001914,West Hub,11.87,2026-02-10,2026-02-10,On Time
O0001915,East Hub,7.24,2026-02-07,2026-02-06,On Time
O0001916,Central Hub,10.55,2026-02-08,2026-02-11,Late
O0001917,East Hub,10.52,2026-02-08,2026-02-08,On Time
O0001918,West Hub,9.31,2026-02-09,2026-02-09,On Time
O0001919,West Hub,14.52,2026-02-09,2026-02-09,On Time
O0001920,West Hub,9.25,2026-02-10,2026-02-10,On Time
O0001921,West Hub,12.84,2026-02-09,2026-02-09,On Time
O0001922,West Hub,15.76,2026-02-08,2026-02-07,On Time
O0001923,East Hub,12.89,2026-02-09,2026-02-09,On Time
O0001924,West Hub,9.17,2026-02-10,2026-02-10,On Time
O0001925,West Hub,11.7,2026-02-07,2026-02-06,On Time
O0001926,West Hub,9.13,2026-02-08,2026-02-07,On Time
O0001927,West Hub,13.67,2026-02-07,2026-02-06,On Time
O0001928,West Hub,20.34,2026-02-09,2026-02-11,Late
O0001929,Central Hub,7.52,2026-02-09,2026-02-09,On Time
O0001930,Central Hub,13.03,2026-02-09,2026-02-08,On Time
O0001931,Central Hub,6.19,2026-02-08,2026-02-07,On Time
O0001932,West Hub,7.18,2026-02-08,2026-02-08,On Time
O0001933,West Hub,7.96,2026-02-09,2026-02-09,On Time
O0001934,Central Hub,11.11,2026-02-09,2026-02-10,Late
O0001935,West Hub,9.98,2026-02-09,2026-02-09,On Time
O0001936,West Hub,10.17,2026-02-08,2026-02-07,On Time
O0001937,West Hub,18.63,2026-02-08,2026-02-07,On Time
O0001938,West Hub,12.21,2026-02-07,2026-02-07,On Time
O0001939,West Hub,8.18,2026-02-09,2026-02-09,On Time
O0001940,West Hub,10.19,2026-02-10,2026-02-10,On Time
O0001941,West Hub,18.09,2026-02-08,2026-02-07,On Time
O0001942,East Hub,8.27,2026-02-09,2026-02-09,On Time
O0001943,East Hub,11.77,2026-02-08,2026-02-08,On Time
O0001944,West Hub,11.36,2026-02-09,2026-02-11,Late
O0001945,West Hub,9.79,2026-02-08,2026-02-08,On Time
O0001946,Central Hub,10.21,2026-02-09,2026-02-09,On Time
O0001947,Central Hub,7.59,2026-02-07,2026-02-07,On Time
O0001948,Central Hub,7.11,2026-02-10,2026-02-10,On Time
O0001949,East Hub,9.59,2026-02-10,2026-02-09,On Time
O0001950,Central Hub,10.5,2026-02-07,2026-02-07,On Time
O0001951,West Hub,7.81,2026-02-07,2026-02-06,On Time
O0001952,West Hub,13.33,2026-02-10,2026-02-09,On Time
O0001953,West Hub,8.34,2026-02-10,2026-02-09,On Time
O0001954,West Hub,11.57,2026-02-09,2026-02-08,On Time
O0001955,West Hub,9.29,2026-02-07,2026-02-06,On Time
O0001956,Central Hub,8.73,2026-02-10,2026-02-10,On Time
O0001957,Central Hub,12.68,2026-02-08,2026-02-08,On Time
O0001958,West Hub,12.03,2026-02-11,2026-02-10,On Time
O0001959,West Hub,8.97,2026-02-10,2026-02-09,On Time
O0001960,East Hub,9.92,2026-02-11,2026-02-10,On Time
O0001961,Central Hub,14.51,2026-02-10,2026-02-10,On Time
O0001962,East Hub,23.52,2026-02-10,2026-02-09,On Time
O0001963,West Hub,15.97,2026-02-11,2026-02-10,On Time
O0001964,Central Hub,9.35,2026-02-10,2026-02-10,On Time
O0001965,Central Hub,11.67,2026-02-08,2026-02-08,On Time
O0001966,East Hub,8.9,2026-02-08,2026-02-07,On Time
O0001967,East Hub,9.19,2026-02-09,2026-02-08,On Time
O0001968,East Hub,8.14,2026-02-08,2026-02-07,On Time
O0001969,West Hub,7.34,2026-02-08,2026-02-07,On Time
O0001970,Central Hub,9.2,2026-02-09,2026-02-09,On Time
O0001971,West Hub,13.48,2026-02-10,2026-02-10,On Time
O0001972,West Hub,12.19,2026-02-11,2026-02-15,Late
O0001973,East Hub,9.15,2026-02-10,2026-02-09,On Time
O0001974,West Hub,11.76,2026-02-08,2026-02-08,On Time
O0001975,East Hub,17.05,2026-02-10,2026-02-09,On Time
O0001976,East Hub,7.94,2026-02-09,2026-02-09,On Time
O0001977,East Hub,11.08,2026-02-08,2026-02-08,On Time
O0001978,East Hub,7.08,2026-02-08,2026-02-07,On Time
O0001979,East Hub,8.16,2026-02-10,2026-02-09,On Time
O0001980,Central Hub,5.43,2026-02-10,2026-02-10,On Time
O0001981,West Hub,9.57,2026-02-10,2026-02-10,On Time
O0001982,East Hub,18.26,2026-02-10,2026-02-10,On Time
O0001983,East Hub,7.33,2026-02-08,2026-02-07,On Time
O0001984,East Hub,13.03,2026-02-08,2026-02-07,On Time
O0001985,Central Hub,6.02,2026-02-11,2026-02-11,On Time
O0001986,East Hub,7.67,2026-02-08,2026-02-08,On Time
O0001987,West Hub,14.61,2026-02-10,2026-02-10,On Time
O0001988,Central Hub,11.88,2026-02-08,2026-02-07,On Time
O0001989,West Hub,13.56,2026-02-11,2026-02-10,On Time
O0001990,East Hub,9.02,2026-02-10,2026-02-09,On Time
O0001991,Central Hub,9.69,2026-02-11,2026-02-10,On Time
O0001992,Central Hub,9.97,2026-02-09,2026-02-09,On Time
O0001993,Central Hub,9.0,2026-02-08,2026-02-08,On Time
O0001994,West Hub,11.61,2026-02-10,2026-02-10,On Time
O0001995,Central Hub,9.99,2026-02-09,2026-02-09,On Time
O0001996,East Hub,7.13,2026-02-09,2026-02-09,On Time
O0001997,West Hub,9.33,2026-02-10,2026-02-09,On Time
O0001998,East Hub,9.34,2026-02-09,2026-02-09,On Time
O0001999,Central Hub,6.94,2026-02-08,2026-02-07,On Time
O0002000,West Hub,18.9,2026-02-08,2026-02-07,On Time
O0002001,Central Hub,9.44,2026-02-10,2026-02-09,On Time
O0002002,West Hub,8.9,2026-02-08,2026-02-08,On Time
O0002003,East Hub,10.21,2026-02-08,2026-02-10,Late
O0002004,Central Hub,5.34,2026-02-11,2026-02-11,On Time
O0002005,East Hub,7.82,2026-02-08,2026-02-08,On Time
O0002006,East Hub,9.81,2026-02-08,2026-02-07,On Time
O0002007,Central Hub,6.76,2026-02-08,2026-02-08,On Time
O0002008,West Hub,8.76,2026-02-10,2026-02-10,On Time
O0002009,West Hub,9.1,2026-02-09,2026-02-09,On Time
O0002010,East Hub,7.4,2026-02-09,2026-02-08,On Time
O0002011,West Hub,13.01,2026-02-09,2026-02-09,On Time
O0002012,East Hub,6.93,2026-02-10,2026-02-10,On Time
O0002013,West Hub,11.09,2026-02-09,2026-02-09,On Time
O0002014,East Hub,8.12,2026-02-11,2026-02-10,On Time
O0002015,Central Hub,8.32,2026-02-11,2026-02-10,On Time
O0002016,Central Hub,6.22,2026-02-11,2026-02-10,On Time
O0002017,East Hub,8.95,2026-02-12,2026-02-12,On Time
O0002018,East Hub,6.8,2026-02-10,2026-02-10,On Time
O0002019,East Hub,5.83,2026-02-12,2026-02-16,Late
O0002020,Central Hub,17.33,2026-02-10,2026-02-10,On Time
O0002021,Central Hub,22.16,2026-02-11,2026-02-11,On Time
O0002022,East Hub,7.35,2026-02-10,2026-02-10,On Time
O0002023,Central Hub,17.12,2026-02-10,2026-02-09,On Time
O0002024,West Hub,11.49,2026-02-10,2026-02-15,Late
O0002025,West Hub,12.05,2026-02-11,2026-02-11,On Time
O0002026,West Hub,10.61,2026-02-11,2026-02-11,On Time
O0002027,Central Hub,17.37,2026-02-12,2026-02-11,On Time
O0002028,East Hub,19.7,2026-02-12,2026-02-11,On Time
O0002029,Central Hub,6.8,2026-02-12,2026-02-16,Late
O0002030,Central Hub,10.95,2026-02-10,2026-02-09,On Time
O0002031,West Hub,14.9,2026-02-10,2026-02-10,On Time
O0002032,West Hub,21.68,2026-02-09,2026-02-08,On Time
O0002033,Central Hub,10.54,2026-02-11,2026-02-10,On Time
O0002034,Central Hub,10.78,2026-02-11,2026-02-10,On Time
O0002035,West Hub,9.78,2026-02-11,2026-02-10,On Time
O0002036,West Hub,8.03,2026-02-12,2026-02-12,On Time
O0002037,Central Hub,6.97,2026-02-09,2026-02-09,On Time
O0002038,East Hub,11.88,2026-02-10,2026-02-09,On Time
O0002039,Central Hub,13.19,2026-02-09,2026-02-09,On Time
O0002040,West Hub,7.47,2026-02-12,2026-02-11,On Time
O0002041,East Hub,10.92,2026-02-09,2026-02-08,On Time
O0002042,East Hub,7.0,2026-02-11,2026-02-16,Late
O0002043,Central Hub,8.11,2026-02-11,2026-02-10,On Time
O0002044,West Hub,13.32,2026-02-12,2026-02-11,On Time
O0002045,Central Hub,8.6,2026-02-10,2026-02-09,On Time
O0002046,East Hub,10.98,2026-02-11,2026-02-11,On Time
O0002047,West Hub,10.13,2026-02-09,2026-02-08,On Time
O0002048,East Hub,10.22,2026-02-10,2026-02-09,On Time
O0002049,West Hub,18.98,2026-02-09,2026-02-08,On Time
O0002050,East Hub,7.96,2026-02-11,2026-02-11,On Time
O0002051,Central Hub,13.38,2026-02-10,2026-02-09,On Time
O0002052,West Hub,7.28,2026-02-09,2026-02-11,Late
O0002053,Central Hub,11.65,2026-02-09,2026-02-08,On Time
O0002054,Central Hub,9.11,2026-02-12,2026-02-11,On Time
O0002055,East Hub,6.96,2026-02-09,2026-02-09,On Time
O0002056,East Hub,11.39,2026-02-11,2026-02-11,On Time
O0002057,Central Hub,6.51,2026-02-10,2026-02-09,On Time
O0002058,West Hub,6.58,2026-02-12,2026-02-12,On Time
O0002059,West Hub,5.08,2026-02-10,2026-02-10,On Time
O0002060,West Hub,7.44,2026-02-12,2026-02-12,On Time
O0002061,Central Hub,15.23,2026-02-12,2026-02-12,On Time
O0002062,East Hub,11.05,2026-02-11,2026-02-11,On Time
O0002063,East Hub,13.61,2026-02-12,2026-02-12,On Time
O0002064,West Hub,23.28,2026-02-11,2026-02-11,On Time
O0002065,Central Hub,8.21,2026-02-10,2026-02-10,On Time
O0002066,East Hub,11.64,2026-02-10,2026-02-13,Late
O0002067,East Hub,7.42,2026-02-09,2026-02-09,On Time
O0002068,Central Hub,14.95,2026-02-11,2026-02-10,On Time
O0002069,Central Hub,12.58,2026-02-12,2026-02-11,On Time
O0002070,East Hub,9.86,2026-02-12,2026-02-12,On Time
O0002071,East Hub,8.77,2026-02-09,2026-02-08,On Time
O0002072,West Hub,9.01,2026-02-11,2026-02-13,Late
O0002073,East Hub,7.84,2026-02-11,2026-02-10,On Time
O0002074,West Hub,11.53,2026-02-11,2026-02-11,On Time
O0002075,East Hub,6.85,2026-02-11,2026-02-11,On Time
O0002076,West Hub,12.16,2026-02-10,2026-02-10,On Time
O0002077,West Hub,9.96,2026-02-10,2026-02-10,On Time
O0002078,West Hub,15.35,2026-02-12,2026-02-11,On Time
O0002079,West Hub,11.71,2026-02-09,2026-02-09,On Time
O0002080,West Hub,8.78,2026-02-10,2026-02-09,On Time
O0002081,Central Hub,12.42,2026-02-13,2026-02-13,On Time
O0002082,East Hub,15.85,2026-02-12,2026-02-11,On Time
O0002083,Central Hub,10.17,2026-02-13,2026-02-12,On Time
O0002084,West Hub,8.98,2026-02-11,2026-02-10,On Time
O0002085,Central Hub,7.26,2026-02-13,2026-02-12,On Time
O0002086,Central Hub,10.41,2026-02-13,2026-02-12,On Time
O0002087,West Hub,14.73,2026-02-11,2026-02-12,Late
O0002088,Central Hub,8.49,2026-02-12,2026-02-11,On Time
O0002089,East Hub,7.26,2026-02-13,2026-02-12,On Time
O0002090,West Hub,9.36,2026-02-10,2026-02-09,On Time
O0002091,West Hub,11.69,2026-02-11,2026-02-11,On Time
O0002092,West Hub,14.26,2026-02-13,2026-02-12,On Time
O0002093,Central Hub,7.5,2026-02-13,2026-02-13,On Time
O0002094,Central Hub,15.69,2026-02-11,2026-02-15,Late
O0002095,East Hub,9.28,2026-02-12,2026-02-11,On Time
O0002096,East Hub,8.96,2026-02-12,2026-02-12,On Time
O0002097,West Hub,6.76,2026-02-10,2026-02-10,On Time
O0002098,East Hub,20.45,2026-02-13,2026-02-12,On Time
O0002099,West Hub,12.25,2026-02-13,2026-02-15,Late
O0002100,West Hub,16.29,2026-02-10,2026-02-10,On Time
O0002101,East Hub,17.1,2026-02-13,2026-02-12,On Time
O0002102,West Hub,11.44,2026-02-10,2026-02-09,On Time
O0002103,Central Hub,9.58,2026-02-12,2026-02-12,On Time
O0002104,West Hub,9.01,2026-02-10,2026-02-09,On Time
O0002105,West Hub,12.41,2026-02-10,2026-02-09,On Time
O0002106,West Hub,10.76,2026-02-10,2026-02-10,On Time
O0002107,West Hub,11.56,2026-02-12,2026-02-11,On Time
O0002108,West Hub,7.05,2026-02-13,2026-02-12,On Time
O0002109,East Hub,8.99,2026-02-10,2026-02-10,On Time
O0002110,East Hub,11.81,2026-02-11,2026-02-11,On Time
O0002111,Central Hub,9.87,2026-02-11,2026-02-10,On Time
O0002112,Central Hub,12.46,2026-02-10,2026-02-12,Late
O0002113,Central Hub,8.44,2026-02-10,2026-02-15,Late
O0002114,East Hub,8.92,2026-02-13,2026-02-17,Late
O0002115,West Hub,11.3,2026-02-12,2026-02-11,On Time
O0002116,Central Hub,17.58,2026-02-12,2026-02-12,On Time
O0002117,East Hub,12.11,2026-02-11,2026-02-11,On Time
O0002118,West Hub,10.87,2026-02-13,2026-02-12,On Time
O0002119,East Hub,7.75,2026-02-13,2026-02-12,On Time
O0002120,Central Hub,8.46,2026-02-12,2026-02-11,On Time
O0002121,Central Hub,10.1,2026-02-10,2026-02-10,On Time
O0002122,West Hub,10.5,2026-02-13,2026-02-13,On Time
O0002123,West Hub,10.19,2026-02-13,2026-02-13,On Time
O0002124,Central Hub,10.05,2026-02-11,2026-02-10,On Time
O0002125,East Hub,15.98,2026-02-11,2026-02-10,On Time
O0002126,Central Hub,14.58,2026-02-10,2026-02-10,On Time
O0002127,Central Hub,8.72,2026-02-13,2026-02-13,On Time
O0002128,Central Hub,9.8,2026-02-10,2026-02-09,On Time
O0002129,Central Hub,6.6,2026-02-11,2026-02-10,On Time
O0002130,East Hub,9.62,2026-02-11,2026-02-11,On Time
O0002131,East Hub,11.39,2026-02-10,2026-02-09,On Time
O0002132,Central Hub,11.75,2026-02-11,2026-02-15,Late
O0002133,West Hub,6.97,2026-02-12,2026-02-11,On Time
O0002134,West Hub,12.9,2026-02-11,2026-02-14,Late
O0002135,West Hub,8.12,2026-02-10,2026-02-10,On Time
O0002136,West Hub,10.41,2026-02-12,2026-02-12,On Time
O0002137,Central Hub,10.91,2026-02-13,2026-02-13,On Time
O0002138,West Hub,9.87,2026-02-12,2026-02-11,On Time
O0002139,Central Hub,7.43,2026-02-11,2026-02-10,On Time
O0002140,West Hub,14.11,2026-02-13,2026-02-12,On Time
O0002141,West Hub,7.64,2026-02-13,2026-02-13,On Time
O0002142,West Hub,8.42,2026-02-11,2026-02-10,On Time
O0002143,Central Hub,10.68,2026-02-12,2026-02-11,On Time
O0002144,West Hub,10.73,2026-02-12,2026-02-11,On Time
O0002145,Central Hub,6.7,2026-02-13,2026-02-18,Late
O0002146,Central Hub,11.19,2026-02-12,2026-02-11,On Time
O0002147,East Hub,8.21,2026-02-11,2026-02-10,On Time
O0002148,East Hub,9.53,2026-02-11,2026-02-11,On Time
O0002149,West Hub,12.2,2026-02-13,2026-02-12,On Time
O0002150,West Hub,6.84,2026-02-13,2026-02-18,Late
O0002151,Central Hub,12.05,2026-02-11,2026-02-10,On Time
O0002152,Central Hub,8.58,2026-02-11,2026-02-14,Late
O0002153,West Hub,8.41,2026-02-13,2026-02-13,On Time
O0002154,East Hub,9.63,2026-02-13,2026-02-13,On Time
O0002155,West Hub,12.13,2026-02-11,2026-02-11,On Time
O0002156,West Hub,10.24,2026-02-11,2026-02-10,On Time
O0002157,East Hub,9.82,2026-02-11,2026-02-11,On Time
O0002158,East Hub,14.96,2026-02-13,2026-02-12,On Time
O0002159,East Hub,12.04,2026-02-14,2026-02-14,On Time
O0002160,West Hub,10.16,2026-02-12,2026-02-11,On Time
O0002161,West Hub,9.15,2026-02-11,2026-02-10,On Time
O0002162,Central Hub,16.28,2026-02-12,2026-02-12,On Time
O0002163,West Hub,8.41,2026-02-13,2026-02-13,On Time
O0002164,East Hub,11.08,2026-02-12,2026-02-11,On Time
O0002165,East Hub,8.4,2026-02-12,2026-02-12,On Time
O0002166,West Hub,8.17,2026-02-13,2026-02-13,On Time
O0002167,West Hub,7.81,2026-02-14,2026-02-13,On Time
O0002168,East Hub,12.45,2026-02-14,2026-02-13,On Time
O0002169,West Hub,14.14,2026-02-13,2026-02-13,On Time
O0002170,West Hub,9.5,2026-02-12,2026-02-11,On Time
O0002171,East Hub,9.53,2026-02-14,2026-02-13,On Time
O0002172,West Hub,20.41,2026-02-11,2026-02-11,On Time
O0002173,East Hub,9.44,2026-02-14,2026-02-14,On Time
O0002174,West Hub,8.31,2026-02-13,2026-02-12,On Time
O0002175,Central Hub,9.79,2026-02-14,2026-02-13,On Time
O0002176,Central Hub,11.81,2026-02-11,2026-02-10,On Time
O0002177,West Hub,9.82,2026-02-13,2026-02-13,On Time
O0002178,Central Hub,11.17,2026-02-13,2026-02-13,On Time
O0002179,West Hub,23.64,2026-02-14,2026-02-13,On Time
O0002180,East Hub,6.59,2026-02-11,2026-02-10,On Time
O0002181,East Hub,7.27,2026-02-13,2026-02-13,On Time
O0002182,West Hub,17.48,2026-02-14,2026-02-13,On Time
O0002183,West Hub,8.6,2026-02-14,2026-02-13,On Time
O0002184,East Hub,9.74,2026-02-14,2026-02-14,On Time
O0002185,West Hub,13.53,2026-02-14,2026-02-13,On Time
O0002186,East Hub,10.67,2026-02-11,2026-02-10,On Time
O0002187,West Hub,7.59,2026-02-13,2026-02-13,On Time
O0002188,East Hub,9.57,2026-02-13,2026-02-13,On Time
O0002189,Central Hub,7.58,2026-02-11,2026-02-10,On Time
O0002190,West Hub,8.98,2026-02-14,2026-02-14,On Time
O0002191,West Hub,14.32,2026-02-11,2026-02-11,On Time
O0002192,West Hub,10.2,2026-02-14,2026-02-13,On Time
O0002193,West Hub,7.59,2026-02-12,2026-02-11,On Time
O0002194,Central Hub,7.85,2026-02-13,2026-02-13,On Time
O0002195,Central Hub,7.48,2026-02-11,2026-02-10,On Time
O0002196,West Hub,11.77,2026-02-13,2026-02-12,On Time
O0002197,West Hub,12.72,2026-02-12,2026-02-11,On Time
O0002198,Central Hub,12.71,2026-02-14,2026-02-14,On Time
O0002199,East Hub,8.85,2026-02-12,2026-02-12,On Time
O0002200,Central Hub,10.07,2026-02-13,2026-02-13,On Time
O0002201,Central Hub,8.28,2026-02-13,2026-02-12,On Time
O0002202,East Hub,7.04,2026-02-12,2026-02-14,Late
O0002203,West Hub,12.01,2026-02-14,2026-02-13,On Time
O0002204,Central Hub,14.49,2026-02-15,2026-02-14,On Time
O0002205,Central Hub,13.34,2026-02-13,2026-02-12,On Time
O0002206,East Hub,8.89,2026-02-13,2026-02-13,On Time
O0002207,West Hub,20.94,2026-02-13,2026-02-13,On Time
O0002208,West Hub,7.82,2026-02-15,2026-02-15,On Time
O0002209,Central Hub,19.96,2026-02-14,2026-02-19,Late
O0002210,Central Hub,7.43,2026-02-13,2026-02-12,On Time
O0002211,West Hub,7.19,2026-02-14,2026-02-14,On Time
O0002212,West Hub,8.52,2026-02-13,2026-02-12,On Time
O0002213,West Hub,8.82,2026-02-14,2026-02-13,On Time
O0002214,West Hub,12.58,2026-02-15,2026-02-14,On Time
O0002215,East Hub,9.58,2026-02-13,2026-02-12,On Time
O0002216,East Hub,11.49,2026-02-15,2026-02-15,On Time
O0002217,West Hub,12.25,2026-02-15,2026-02-14,On Time
O0002218,Central Hub,8.14,2026-02-14,2026-02-13,On Time
O0002219,West Hub,9.73,2026-02-12,2026-02-15,Late
O0002220,West Hub,10.33,2026-02-13,2026-02-12,On Time
O0002221,Central Hub,16.21,2026-02-14,2026-02-14,On Time
O0002222,West Hub,7.95,2026-02-15,2026-02-15,On Time
O0002223,West Hub,12.61,2026-02-12,2026-02-12,On Time
O0002224,Central Hub,7.1,2026-02-13,2026-02-12,On Time
O0002225,West Hub,8.81,2026-02-12,2026-02-12,On Time
O0002226,Central Hub,9.38,2026-02-15,2026-02-14,On Time
O0002227,Central Hub,8.66,2026-02-12,2026-02-11,On Time
O0002228,West Hub,9.18,2026-02-15,2026-02-15,On Time
O0002229,West Hub,10.11,2026-02-15,2026-02-15,On Time
O0002230,East Hub,8.75,2026-02-15,2026-02-19,Late
O0002231,Central Hub,14.43,2026-02-14,2026-02-13,On Time
O0002232,Central Hub,9.36,2026-02-13,2026-02-14,Late
O0002233,Central Hub,5.94,2026-02-15,2026-02-15,On Time
O0002234,West Hub,10.58,2026-02-12,2026-02-11,On Time
O0002235,West Hub,8.22,2026-02-15,2026-02-14,On Time
O0002236,West Hub,8.53,2026-02-12,2026-02-12,On Time
O0002237,East Hub,11.3,2026-02-12,2026-02-11,On Time
O0002238,West Hub,7.96,2026-02-12,2026-02-12,On Time
O0002239,West Hub,10.12,2026-02-13,2026-02-13,On Time
O0002240,East Hub,12.58,2026-02-15,2026-02-14,On Time
O0002241,Central Hub,11.92,2026-02-14,2026-02-17,Late
O0002242,Central Hub,7.0,2026-02-15,2026-02-14,On Time
O0002243,East Hub,7.88,2026-02-13,2026-02-13,On Time
O0002244,West Hub,11.21,2026-02-14,2026-02-14,On Time
O0002245,Central Hub,9.75,2026-02-15,2026-02-14,On Time
O0002246,West Hub,16.62,2026-02-14,2026-02-14,On Time
O0002247,Central Hub,8.33,2026-02-14,2026-02-13,On Time
O0002248,West Hub,15.43,2026-02-14,2026-02-14,On Time
O0002249,West Hub,7.38,2026-02-13,2026-02-13,On Time
O0002250,Central Hub,9.59,2026-02-15,2026-02-14,On Time
O0002251,West Hub,10.88,2026-02-15,2026-02-14,On Time
O0002252,East Hub,13.22,2026-02-13,2026-02-13,On Time
O0002253,East Hub,15.37,2026-02-12,2026-02-14,Late
O0002254,East Hub,8.72,2026-02-12,2026-02-11,On Time
O0002255,Central Hub,7.05,2026-02-13,2026-02-17,Late
O0002256,Central Hub,9.17,2026-02-15,2026-02-15,On Time
O0002257,West Hub,7.93,2026-02-13,2026-02-12,On Time
O0002258,West Hub,8.98,2026-02-12,2026-02-11,On Time
O0002259,Central Hub,10.6,2026-02-14,2026-02-14,On Time
O0002260,East Hub,10.11,2026-02-15,2026-02-15,On Time
O0002261,Central Hub,11.55,2026-02-12,2026-02-12,On Time
O0002262,West Hub,11.76,2026-02-15,2026-02-15,On Time
O0002263,East Hub,7.24,2026-02-14,2026-02-13,On Time
O0002264,West Hub,12.84,2026-02-13,2026-02-12,On Time
O0002265,East Hub,11.37,2026-02-16,2026-02-16,On Time
O0002266,Central Hub,8.18,2026-02-14,2026-02-13,On Time
O0002267,East Hub,8.28,2026-02-14,2026-02-14,On Time
O0002268,West Hub,12.19,2026-02-16,2026-02-15,On Time
O0002269,Central Hub,7.02,2026-02-16,2026-02-15,On Time
O0002270,East Hub,13.39,2026-02-13,2026-02-13,On Time
O0002271,West Hub,8.28,2026-02-13,2026-02-12,On Time
O0002272,West Hub,8.15,2026-02-14,2026-02-13,On Time
O0002273,West Hub,9.93,2026-02-13,2026-02-14,Late
O0002274,Central Hub,7.63,2026-02-13,2026-02-12,On Time
O0002275,Central Hub,12.12,2026-02-14,2026-02-13,On Time
O0002276,West Hub,8.51,2026-02-14,2026-02-14,On Time
O0002277,West Hub,9.1,2026-02-13,2026-02-12,On Time
O0002278,West Hub,12.3,2026-02-16,2026-02-15,On Time
O0002279,East Hub,12.89,2026-02-13,2026-02-13,On Time
O0002280,Central Hub,13.39,2026-02-13,2026-02-13,On Time
O0002281,East Hub,8.08,2026-02-16,2026-02-15,On Time
O0002282,East Hub,14.4,2026-02-13,2026-02-12,On Time
O0002283,Central Hub,9.13,2026-02-13,2026-02-12,On Time
O0002284,Central Hub,7.71,2026-02-16,2026-02-15,On Time
O0002285,West Hub,15.62,2026-02-14,2026-02-14,On Time
O0002286,Central Hub,11.92,2026-02-15,2026-02-14,On Time
O0002287,West Hub,8.67,2026-02-14,2026-02-14,On Time
O0002288,West Hub,8.16,2026-02-13,2026-02-12,On Time
O0002289,West Hub,19.76,2026-02-13,2026-02-12,On Time
O0002290,West Hub,9.41,2026-02-15,2026-02-15,On Time
O0002291,Central Hub,7.88,2026-02-14,2026-02-13,On Time
O0002292,East Hub,10.54,2026-02-16,2026-02-15,On Time
O0002293,Central Hub,7.09,2026-02-16,2026-02-15,On Time
O0002294,East Hub,5.12,2026-02-15,2026-02-15,On Time
O0002295,East Hub,8.15,2026-02-14,2026-02-13,On Time
O0002296,East Hub,12.73,2026-02-16,2026-02-15,On Time
O0002297,Central Hub,6.39,2026-02-15,2026-02-14,On Time
O0002298,East Hub,9.63,2026-02-16,2026-02-15,On Time
O0002299,West Hub,8.03,2026-02-16,2026-02-16,On Time
O0002300,West Hub,12.72,2026-02-15,2026-02-15,On Time
O0002301,West Hub,18.47,2026-02-15,2026-02-15,On Time
O0002302,Central Hub,9.04,2026-02-16,2026-02-15,On Time
O0002303,West Hub,8.7,2026-02-15,2026-02-19,Late
O0002304,West Hub,8.11,2026-02-13,2026-02-13,On Time
O0002305,West Hub,22.7,2026-02-13,2026-02-13,On Time
O0002306,Central Hub,14.16,2026-02-14,2026-02-15,Late
O0002307,Central Hub,11.72,2026-02-13,2026-02-13,On Time
O0002308,East Hub,13.51,2026-02-14,2026-02-13,On Time
O0002309,East Hub,19.06,2026-02-16,2026-02-15,On Time
O0002310,East Hub,9.2,2026-02-15,2026-02-14,On Time
O0002311,West Hub,9.4,2026-02-15,2026-02-15,On Time
O0002312,East Hub,6.96,2026-02-15,2026-02-15,On Time
O0002313,Central Hub,8.73,2026-02-15,2026-02-15,On Time
O0002314,East Hub,9.31,2026-02-16,2026-02-15,On Time
O0002315,East Hub,15.79,2026-02-14,2026-02-13,On Time
O0002316,West Hub,9.28,2026-02-16,2026-02-15,On Time
O0002317,East Hub,6.25,2026-02-14,2026-02-14,On Time
O0002318,East Hub,11.88,2026-02-13,2026-02-12,On Time
O0002319,West Hub,13.15,2026-02-15,2026-02-18,Late
O0002320,Central Hub,11.77,2026-02-16,2026-02-15,On Time
O0002321,Central Hub,6.18,2026-02-14,2026-02-15,Late
O0002322,East Hub,7.86,2026-02-15,2026-02-15,On Time
O0002323,East Hub,10.81,2026-02-14,2026-02-13,On Time
O0002324,East Hub,12.03,2026-02-17,2026-02-17,On Time
O0002325,West Hub,9.18,2026-02-16,2026-02-19,Late
O0002326,East Hub,6.92,2026-02-16,2026-02-15,On Time
O0002327,East Hub,9.38,2026-02-14,2026-02-14,On Time
O0002328,Central Hub,15.41,2026-02-16,2026-02-16,On Time
O0002329,West Hub,7.1,2026-02-15,2026-02-14,On Time
O0002330,East Hub,11.52,2026-02-14,2026-02-13,On Time
O0002331,West Hub,14.73,2026-02-17,2026-02-16,On Time
O0002332,East Hub,8.07,2026-02-14,2026-02-14,On Time
O0002333,Central Hub,12.31,2026-02-16,2026-02-15,On Time
O0002334,East Hub,9.9,2026-02-15,2026-02-15,On Time
O0002335,East Hub,14.58,2026-02-16,2026-02-16,On Time
O0002336,West Hub,9.97,2026-02-16,2026-02-15,On Time
O0002337,Central Hub,7.46,2026-02-17,2026-02-17,On Time
O0002338,West Hub,15.33,2026-02-15,2026-02-14,On Time
O0002339,Central Hub,7.23,2026-02-16,2026-02-15,On Time
O0002340,West Hub,8.04,2026-02-15,2026-02-15,On Time
O0002341,West Hub,8.32,2026-02-17,2026-02-19,Late
O0002342,West Hub,8.29,2026-02-17,2026-02-17,On Time
O0002343,West Hub,9.29,2026-02-17,2026-02-16,On Time
O0002344,Central Hub,7.12,2026-02-16,2026-02-15,On Time
O0002345,West Hub,8.98,2026-02-15,2026-02-15,On Time
O0002346,East Hub,9.5,2026-02-14,2026-02-13,On Time
O0002347,West Hub,10.08,2026-02-17,2026-02-16,On Time
O0002348,Central Hub,8.01,2026-02-17,2026-02-17,On Time
O0002349,West Hub,8.18,2026-02-17,2026-02-17,On Time
O0002350,Central Hub,11.38,2026-02-16,2026-02-15,On Time
O0002351,East Hub,11.46,2026-02-17,2026-02-16,On Time
O0002352,Central Hub,14.38,2026-02-16,2026-02-15,On Time
O0002353,East Hub,5.29,2026-02-16,2026-02-16,On Time
O0002354,Central Hub,14.29,2026-02-14,2026-02-13,On Time
O0002355,West Hub,10.48,2026-02-17,2026-02-20,Late
O0002356,West Hub,8.07,2026-02-15,2026-02-14,On Time
O0002357,Central Hub,10.35,2026-02-14,2026-02-14,On Time
O0002358,East Hub,9.88,2026-02-17,2026-02-17,On Time
O0002359,West Hub,9.58,2026-02-16,2026-02-16,On Time
O0002360,West Hub,7.05,2026-02-17,2026-02-16,On Time
O0002361,West Hub,8.33,2026-02-14,2026-02-14,On Time
O0002362,East Hub,13.54,2026-02-17,2026-02-17,On Time
O0002363,East Hub,9.1,2026-02-17,2026-02-19,Late
O0002364,East Hub,12.04,2026-02-17,2026-02-16,On Time
O0002365,West Hub,10.68,2026-02-15,2026-02-15,On Time
O0002366,Central Hub,10.61,2026-02-16,2026-02-16,On Time
O0002367,West Hub,8.46,2026-02-17,2026-02-16,On Time
O0002368,West Hub,10.66,2026-02-16,2026-02-16,On Time
O0002369,Central Hub,17.9,2026-02-15,2026-02-14,On Time
O0002370,East Hub,7.64,2026-02-16,2026-02-16,On Time
O0002371,Central Hub,11.62,2026-02-16,2026-02-15,On Time
O0002372,Central Hub,7.2,2026-02-16,2026-02-16,On Time
O0002373,East Hub,7.25,2026-02-17,2026-02-16,On Time
O0002374,East Hub,9.09,2026-02-17,2026-02-16,On Time
O0002375,East Hub,8.11,2026-02-17,2026-02-16,On Time
O0002376,West Hub,10.19,2026-02-14,2026-02-14,On Time
O0002377,West Hub,17.5,2026-02-16,2026-02-15,On Time
O0002378,Central Hub,8.3,2026-02-16,2026-02-15,On Time
O0002379,Central Hub,11.46,2026-02-15,2026-02-14,On Time
O0002380,East Hub,18.26,2026-02-17,2026-02-17,On Time
O0002381,West Hub,8.83,2026-02-16,2026-02-15,On Time
O0002382,Central Hub,17.96,2026-02-16,2026-02-15,On Time
O0002383,East Hub,6.89,2026-02-14,2026-02-14,On Time
O0002384,West Hub,8.74,2026-02-17,2026-02-17,On Time
O0002385,West Hub,20.46,2026-02-17,2026-02-17,On Time
O0002386,West Hub,12.43,2026-02-17,2026-02-16,On Time
O0002387,Central Hub,10.48,2026-02-14,2026-02-13,On Time
O0002388,Central Hub,5.06,2026-02-17,2026-02-17,On Time
O0002389,West Hub,14.19,2026-02-17,2026-02-16,On Time
O0002390,West Hub,12.74,2026-02-14,2026-02-13,On Time
O0002391,East Hub,9.78,2026-02-16,2026-02-16,On Time
O0002392,West Hub,11.33,2026-02-16,2026-02-21,Late
O0002393,East Hub,12.82,2026-02-15,2026-02-14,On Time
O0002394,Central Hub,9.9,2026-02-17,2026-02-16,On Time
O0002395,East Hub,12.05,2026-02-15,2026-02-15,On Time
O0002396,East Hub,12.03,2026-02-15,2026-02-15,On Time
O0002397,Central Hub,7.56,2026-02-16,2026-02-16,On Time
O0002398,Central Hub,11.15,2026-02-15,2026-02-15,On Time
O0002399,West Hub,10.1,2026-02-18,2026-02-17,On Time
O0002400,Central Hub,11.77,2026-02-15,2026-02-15,On Time
O0002401,Central Hub,8.17,2026-02-15,2026-02-14,On Time
O0002402,West Hub,13.87,2026-02-16,2026-02-15,On Time
O0002403,Central Hub,7.16,2026-02-17,2026-02-17,On Time
O0002404,Central Hub,11.05,2026-02-17,2026-02-17,On Time
O0002405,Central Hub,11.47,2026-02-15,2026-02-14,On Time
O0002406,East Hub,10.95,2026-02-16,2026-02-15,On Time
O0002407,West Hub,17.97,2026-02-16,2026-02-15,On Time
O0002408,West Hub,12.23,2026-02-18,2026-02-17,On Time
O0002409,East Hub,11.31,2026-02-18,2026-02-18,On Time
O0002410,West Hub,9.68,2026-02-16,2026-02-15,On Time
O0002411,West Hub,11.62,2026-02-16,2026-02-15,On Time
O0002412,West Hub,8.09,2026-02-17,2026-02-16,On Time
O0002413,East Hub,6.97,2026-02-17,2026-02-16,On Time
O0002414,East Hub,10.48,2026-02-17,2026-02-17,On Time
O0002415,West Hub,14.57,2026-02-17,2026-02-16,On Time
O0002416,Central Hub,8.21,2026-02-17,2026-02-17,On Time
O0002417,Central Hub,10.29,2026-02-18,2026-02-18,On Time
O0002418,West Hub,11.84,2026-02-17,2026-02-17,On Time
O0002419,West Hub,9.03,2026-02-16,2026-02-16,On Time
O0002420,Central Hub,9.27,2026-02-16,2026-02-15,On Time
O0002421,East Hub,14.84,2026-02-18,2026-02-17,On Time
O0002422,East Hub,7.48,2026-02-16,2026-02-15,On Time
O0002423,Central Hub,8.18,2026-02-15,2026-02-15,On Time
O0002424,West Hub,12.12,2026-02-16,2026-02-16,On Time
O0002425,Central Hub,14.97,2026-02-15,2026-02-14,On Time
O0002426,West Hub,6.78,2026-02-15,2026-02-14,On Time
O0002427,East Hub,17.08,2026-02-16,2026-02-15,On Time
O0002428,Central Hub,15.63,2026-02-18,2026-02-18,On Time
O0002429,Central Hub,10.33,2026-02-16,2026-02-15,On Time
O0002430,East Hub,10.53,2026-02-15,2026-02-14,On Time
O0002431,West Hub,12.33,2026-02-18,2026-02-17,On Time
O0002432,Central Hub,10.96,2026-02-17,2026-02-17,On Time
O0002433,East Hub,6.74,2026-02-15,2026-02-14,On Time
O0002434,West Hub,15.94,2026-02-18,2026-02-17,On Time
O0002435,East Hub,9.79,2026-02-16,2026-02-15,On Time
O0002436,West Hub,12.39,2026-02-15,2026-02-20,Late
O0002437,East Hub,5.46,2026-02-18,2026-02-18,On Time
O0002438,East Hub,7.56,2026-02-17,2026-02-17,On Time
O0002439,West Hub,10.91,2026-02-15,2026-02-15,On Time
O0002440,East Hub,9.02,2026-02-18,2026-02-18,On Time
O0002441,West Hub,12.77,2026-02-15,2026-02-14,On Time
O0002442,Central Hub,11.8,2026-02-17,2026-02-16,On Time
O0002443,West Hub,10.56,2026-02-18,2026-02-17,On Time
O0002444,Central Hub,8.24,2026-02-15,2026-02-14,On Time
O0002445,Central Hub,19.43,2026-02-15,2026-02-14,On Time
O0002446,East Hub,11.11,2026-02-18,2026-02-18,On Time
O0002447,Central Hub,10.72,2026-02-16,2026-02-16,On Time
O0002448,West Hub,7.8,2026-02-18,2026-02-17,On Time
O0002449,Central Hub,13.21,2026-02-17,2026-02-17,On Time
O0002450,West Hub,19.88,2026-02-18,2026-02-18,On Time
O0002451,West Hub,10.42,2026-02-16,2026-02-17,Late
O0002452,West Hub,19.3,2026-02-16,2026-02-15,On Time
O0002453,Central Hub,7.44,2026-02-16,2026-02-16,On Time
O0002454,East Hub,11.76,2026-02-17,2026-02-16,On Time
O0002455,West Hub,10.78,2026-02-18,2026-02-18,On Time
O0002456,Central Hub,7.81,2026-02-16,2026-02-15,On Time
O0002457,West Hub,16.79,2026-02-15,2026-02-14,On Time
O0002458,East Hub,8.23,2026-02-16,2026-02-15,On Time
O0002459,West Hub,10.82,2026-02-18,2026-02-18,On Time
O0002460,Central Hub,15.17,2026-02-18,2026-02-17,On Time
O0002461,West Hub,10.63,2026-02-16,2026-02-15,On Time
O0002462,East Hub,6.94,2026-02-17,2026-02-19,Late
O0002463,West Hub,8.25,2026-02-15,2026-02-15,On Time
O0002464,Central Hub,11.78,2026-02-18,2026-02-18,On Time
O0002465,Central Hub,8.67,2026-02-18,2026-02-17,On Time
O0002466,West Hub,7.88,2026-02-18,2026-02-18,On Time
O0002467,West Hub,14.75,2026-02-17,2026-02-16,On Time
O0002468,West Hub,11.05,2026-02-16,2026-02-16,On Time
O0002469,West Hub,11.18,2026-02-17,2026-02-22,Late
O0002470,Central Hub,8.12,2026-02-16,2026-02-16,On Time
O0002471,Central Hub,7.93,2026-02-16,2026-02-16,On Time
O0002472,West Hub,16.68,2026-02-17,2026-02-16,On Time
O0002473,East Hub,9.1,2026-02-18,2026-02-18,On Time
O0002474,East Hub,13.26,2026-02-18,2026-02-18,On Time
O0002475,East Hub,12.62,2026-02-16,2026-02-15,On Time
O0002476,West Hub,19.89,2026-02-18,2026-02-18,On Time
O0002477,Central Hub,15.04,2026-02-17,2026-02-16,On Time
O0002478,East Hub,14.06,2026-02-18,2026-02-17,On Time
O0002479,West Hub,8.15,2026-02-17,2026-02-16,On Time
O0002480,Central Hub,10.9,2026-02-19,2026-02-18,On Time
O0002481,Central Hub,6.3,2026-02-19,2026-02-19,On Time
O0002482,East Hub,8.44,2026-02-18,2026-02-18,On Time
O0002483,Central Hub,10.22,2026-02-17,2026-02-16,On Time
O0002484,East Hub,9.7,2026-02-19,2026-02-19,On Time
O0002485,West Hub,9.54,2026-02-19,2026-02-19,On Time
O0002486,East Hub,9.92,2026-02-16,2026-02-16,On Time
O0002487,Central Hub,12.06,2026-02-19,2026-02-18,On Time
O0002488,West Hub,13.54,2026-02-18,2026-02-18,On Time
O0002489,Central Hub,9.74,2026-02-17,2026-02-17,On Time
O0002490,Central Hub,9.38,2026-02-18,2026-02-17,On Time
O0002491,Central Hub,16.02,2026-02-19,2026-02-18,On Time
O0002492,East Hub,12.95,2026-02-19,2026-02-18,On Time
O0002493,Central Hub,7.49,2026-02-16,2026-02-15,On Time
O0002494,East Hub,8.96,2026-02-18,2026-02-17,On Time
O0002495,East Hub,11.15,2026-02-18,2026-02-18,On Time
O0002496,Central Hub,17.12,2026-02-16,2026-02-16,On Time
O0002497,Central Hub,11.66,2026-02-19,2026-02-19,On Time
O0002498,Central Hub,7.79,2026-02-17,2026-02-16,On Time
O0002499,East Hub,5.58,2026-02-18,2026-02-17,On Time
O0002500,West Hub,15.95,2026-02-19,2026-02-19,On Time
O0002501,West Hub,11.57,2026-02-16,2026-02-15,On Time
O0002502,West Hub,11.58,2026-02-17,2026-02-17,On Time
O0002503,West Hub,14.81,2026-02-17,2026-02-16,On Time
O0002504,East Hub,8.02,2026-02-16,2026-02-16,On Time
O0002505,West Hub,8.49,2026-02-19,2026-02-18,On Time
O0002506,West Hub,11.43,2026-02-17,2026-02-16,On Time
O0002507,Central Hub,12.69,2026-02-16,2026-02-15,On Time
O0002508,West Hub,15.99,2026-02-18,2026-02-17,On Time
O0002509,East Hub,8.1,2026-02-19,2026-02-19,On Time
O0002510,East Hub,8.11,2026-02-18,2026-02-18,On Time
O0002511,Central Hub,15.57,2026-02-18,2026-02-21,Late
O0002512,West Hub,12.25,2026-02-16,2026-02-18,Late
O0002513,West Hub,8.53,2026-02-17,2026-02-17,On Time
O0002514,Central Hub,7.22,2026-02-17,2026-02-17,On Time
O0002515,West Hub,8.24,2026-02-19,2026-02-18,On Time
O0002516,East Hub,13.22,2026-02-19,2026-02-18,On Time
O0002517,Central Hub,8.31,2026-02-19,2026-02-19,On Time
O0002518,Central Hub,12.47,2026-02-16,2026-02-16,On Time
O0002519,Central Hub,6.75,2026-02-17,2026-02-16,On Time
O0002520,East Hub,14.37,2026-02-18,2026-02-18,On Time
O0002521,Central Hub,14.9,2026-02-16,2026-02-15,On Time
O0002522,East Hub,7.59,2026-02-17,2026-02-17,On Time
O0002523,East Hub,9.36,2026-02-16,2026-02-16,On Time
O0002524,East Hub,9.57,2026-02-16,2026-02-15,On Time
O0002525,Central Hub,8.4,2026-02-16,2026-02-15,On Time
O0002526,West Hub,26.51,2026-02-18,2026-02-17,On Time
O0002527,Central Hub,7.76,2026-02-19,2026-02-19,On Time
O0002528,Central Hub,12.12,2026-02-18,2026-02-18,On Time
O0002529,West Hub,7.07,2026-02-19,2026-02-19,On Time
O0002530,West Hub,9.63,2026-02-18,2026-02-23,Late
O0002531,Central Hub,6.03,2026-02-17,2026-02-17,On Time
O0002532,Central Hub,7.45,2026-02-19,2026-02-18,On Time
O0002533,Central Hub,15.33,2026-02-18,2026-02-18,On Time
O0002534,East Hub,10.93,2026-02-18,2026-02-17,On Time
O0002535,West Hub,24.32,2026-02-19,2026-02-18,On Time
O0002536,East Hub,6.86,2026-02-17,2026-02-16,On Time
O0002537,Central Hub,8.68,2026-02-18,2026-02-17,On Time
O0002538,West Hub,9.98,2026-02-19,2026-02-18,On Time
O0002539,Central Hub,8.71,2026-02-19,2026-02-24,Late
O0002540,Central Hub,18.8,2026-02-20,2026-02-19,On Time
O0002541,East Hub,7.65,2026-02-18,2026-02-17,On Time
O0002542,Central Hub,7.9,2026-02-19,2026-02-24,Late
O0002543,East Hub,9.32,2026-02-18,2026-02-17,On Time
O0002544,Central Hub,6.41,2026-02-20,2026-02-19,On Time
O0002545,West Hub,9.59,2026-02-17,2026-02-17,On Time
O0002546,East Hub,12.4,2026-02-19,2026-02-19,On Time
O0002547,Central Hub,6.91,2026-02-17,2026-02-17,On Time
O0002548,Central Hub,13.94,2026-02-18,2026-02-17,On Time
O0002549,West Hub,9.6,2026-02-17,2026-02-17,On Time
O0002550,East Hub,10.85,2026-02-19,2026-02-19,On Time
O0002551,West Hub,12.02,2026-02-17,2026-02-17,On Time
O0002552,East Hub,8.25,2026-02-19,2026-02-18,On Time
O0002553,Central Hub,9.72,2026-02-18,2026-02-18,On Time
O0002554,West Hub,8.44,2026-02-18,2026-02-17,On Time
O0002555,Central Hub,9.51,2026-02-18,2026-02-18,On Time
O0002556,West Hub,11.62,2026-02-19,2026-02-18,On Time
O0002557,Central Hub,12.11,2026-02-17,2026-02-17,On Time
O0002558,Central Hub,7.01,2026-02-20,2026-02-20,On Time
O0002559,East Hub,8.15,2026-02-18,2026-02-18,On Time
O0002560,West Hub,7.38,2026-02-17,2026-02-17,On Time
O0002561,East Hub,14.19,2026-02-20,2026-02-20,On Time
O0002562,West Hub,16.92,2026-02-20,2026-02-24,Late
O0002563,West Hub,13.13,2026-02-19,2026-02-19,On Time
O0002564,East Hub,8.8,2026-02-20,2026-02-25,Late
O0002565,East Hub,7.24,2026-02-20,2026-02-21,Late
O0002566,West Hub,11.72,2026-02-20,2026-02-20,On Time
O0002567,West Hub,10.86,2026-02-18,2026-02-17,On Time
O0002568,West Hub,16.32,2026-02-20,2026-02-20,On Time
O0002569,East Hub,10.17,2026-02-18,2026-02-18,On Time
O0002570,East Hub,6.63,2026-02-18,2026-02-17,On Time
O0002571,West Hub,15.39,2026-02-18,2026-02-18,On Time
O0002572,Central Hub,7.52,2026-02-17,2026-02-16,On Time
O0002573,Central Hub,5.48,2026-02-19,2026-02-18,On Time
O0002574,Central Hub,9.3,2026-02-18,2026-02-18,On Time
O0002575,East Hub,10.45,2026-02-18,2026-02-18,On Time
O0002576,Central Hub,7.07,2026-02-20,2026-02-20,On Time
O0002577,Central Hub,6.98,2026-02-18,2026-02-17,On Time
O0002578,West Hub,8.07,2026-02-20,2026-02-19,On Time
O0002579,Central Hub,8.41,2026-02-17,2026-02-18,Late
O0002580,West Hub,7.62,2026-02-20,2026-02-20,On Time
O0002581,West Hub,14.46,2026-02-18,2026-02-17,On Time
O0002582,Central Hub,8.49,2026-02-20,2026-02-19,On Time
O0002583,Central Hub,10.63,2026-02-19,2026-02-18,On Time
O0002584,Central Hub,7.79,2026-02-17,2026-02-17,On Time
O0002585,Central Hub,6.41,2026-02-18,2026-02-18,On Time
O0002586,Central Hub,6.72,2026-02-18,2026-02-18,On Time
O0002587,West Hub,16.09,2026-02-18,2026-02-18,On Time
O0002588,East Hub,9.54,2026-02-20,2026-02-20,On Time
O0002589,West Hub,14.58,2026-02-20,2026-02-21,Late
O0002590,West Hub,7.3,2026-02-17,2026-02-17,On Time
O0002591,Central Hub,8.92,2026-02-20,2026-02-19,On Time
O0002592,Central Hub,9.05,2026-02-19,2026-02-18,On Time
O0002593,East Hub,8.02,2026-02-17,2026-02-16,On Time
O0002594,Central Hub,11.58,2026-02-19,2026-02-23,Late
O0002595,West Hub,8.5,2026-02-17,2026-02-16,On Time
O0002596,East Hub,9.71,2026-02-18,2026-02-17,On Time
O0002597,Central Hub,7.95,2026-02-18,2026-02-18,On Time
O0002598,East Hub,7.57,2026-02-17,2026-02-17,On Time
O0002599,Central Hub,9.03,2026-02-17,2026-02-16,On Time
O0002600,Central Hub,8.74,2026-02-19,2026-02-18,On Time
O0002601,West Hub,9.39,2026-02-18,2026-02-17,On Time
O0002602,Central Hub,7.97,2026-02-17,2026-02-17,On Time
O0002603,Central Hub,7.03,2026-02-18,2026-02-18,On Time
O0002604,West Hub,10.44,2026-02-17,2026-02-16,On Time
O0002605,Central Hub,7.5,2026-02-18,2026-02-17,On Time
O0002606,Central Hub,12.27,2026-02-20,2026-02-19,On Time
O0002607,Central Hub,10.51,2026-02-17,2026-02-17,On Time
O0002608,West Hub,8.74,2026-02-19,2026-02-19,On Time
O0002609,West Hub,13.98,2026-02-19,2026-02-19,On Time
O0002610,East Hub,9.77,2026-02-20,2026-02-19,On Time
O0002611,Central Hub,6.91,2026-02-18,2026-02-19,Late
O0002612,West Hub,10.18,2026-02-17,2026-02-17,On Time
O0002613,East Hub,10.84,2026-02-20,2026-02-20,On Time
O0002614,West Hub,8.22,2026-02-20,2026-02-23,Late
O0002615,West Hub,9.85,2026-02-20,2026-02-20,On Time
O0002616,Central Hub,15.99,2026-02-20,2026-02-19,On Time
O0002617,East Hub,6.78,2026-02-20,2026-02-25,Late
O0002618,West Hub,16.39,2026-02-18,2026-02-17,On Time
O0002619,West Hub,8.93,2026-02-21,2026-02-20,On Time
O0002620,Central Hub,14.07,2026-02-18,2026-02-17,On Time
O0002621,Central Hub,10.63,2026-02-19,2026-02-19,On Time
O0002622,East Hub,10.11,2026-02-21,2026-02-21,On Time
O0002623,East Hub,8.98,2026-02-21,2026-02-21,On Time
O0002624,East Hub,7.42,2026-02-18,2026-02-17,On Time
O0002625,Central Hub,16.68,2026-02-20,2026-02-20,On Time
O0002626,Central Hub,6.15,2026-02-21,2026-02-21,On Time
O0002627,Central Hub,9.34,2026-02-19,2026-02-18,On Time
O0002628,Central Hub,7.94,2026-02-20,2026-02-20,On Time
O0002629,West Hub,8.99,2026-02-18,2026-02-17,On Time
O0002630,West Hub,8.57,2026-02-21,2026-02-21,On Time
O0002631,East Hub,9.12,2026-02-20,2026-02-20,On Time
O0002632,West Hub,12.27,2026-02-19,2026-02-18,On Time
O0002633,West Hub,7.89,2026-02-20,2026-02-20,On Time
O0002634,Central Hub,20.53,2026-02-20,2026-02-20,On Time
O0002635,Central Hub,14.77,2026-02-20,2026-02-20,On Time
O0002636,West Hub,8.64,2026-02-20,2026-02-20,On Time
O0002637,West Hub,9.68,2026-02-19,2026-02-18,On Time
O0002638,East Hub,10.62,2026-02-18,2026-02-17,On Time
O0002639,West Hub,10.11,2026-02-20,2026-02-19,On Time
O0002640,Central Hub,17.57,2026-02-20,2026-02-20,On Time
O0002641,Central Hub,14.98,2026-02-19,2026-02-18,On Time
O0002642,East Hub,17.52,2026-02-21,2026-02-20,On Time
O0002643,East Hub,10.44,2026-02-18,2026-02-17,On Time
O0002644,West Hub,10.62,2026-02-18,2026-02-18,On Time
O0002645,Central Hub,11.07,2026-02-18,2026-02-17,On Time
O0002646,East Hub,6.98,2026-02-18,2026-02-17,On Time
O0002647,East Hub,7.82,2026-02-19,2026-02-18,On Time
O0002648,West Hub,9.58,2026-02-20,2026-02-21,Late
O0002649,West Hub,13.01,2026-02-19,2026-02-20,Late
O0002650,West Hub,10.14,2026-02-18,2026-02-17,On Time
O0002651,West Hub,12.71,2026-02-18,2026-02-21,Late
O0002652,West Hub,8.76,2026-02-18,2026-02-18,On Time
O0002653,West Hub,8.05,2026-02-18,2026-02-17,On Time
O0002654,East Hub,14.14,2026-02-19,2026-02-18,On Time
O0002655,East Hub,10.11,2026-02-19,2026-02-18,On Time
O0002656,West Hub,10.0,2026-02-19,2026-02-19,On Time
O0002657,East Hub,9.85,2026-02-21,2026-02-20,On Time
O0002658,East Hub,15.41,2026-02-21,2026-02-20,On Time
O0002659,East Hub,6.21,2026-02-21,2026-02-20,On Time
O0002660,Central Hub,12.49,2026-02-21,2026-02-21,On Time
O0002661,West Hub,8.64,2026-02-21,2026-02-20,On Time
O0002662,West Hub,12.4,2026-02-18,2026-02-18,On Time
O0002663,Central Hub,11.05,2026-02-21,2026-02-21,On Time
O0002664,Central Hub,14.99,2026-02-21,2026-02-26,Late
O0002665,Central Hub,9.08,2026-02-20,2026-02-19,On Time
O0002666,West Hub,6.11,2026-02-21,2026-02-21,On Time
O0002667,East Hub,8.88,2026-02-20,2026-02-19,On Time
O0002668,Central Hub,9.88,2026-02-19,2026-02-21,Late
O0002669,East Hub,7.93,2026-02-20,2026-02-20,On Time
O0002670,West Hub,12.9,2026-02-20,2026-02-19,On Time
O0002671,Central Hub,7.94,2026-02-18,2026-02-18,On Time
O0002672,East Hub,10.53,2026-02-21,2026-02-21,On Time
O0002673,Central Hub,13.13,2026-02-19,2026-02-18,On Time
O0002674,West Hub,16.06,2026-02-19,2026-02-24,Late
O0002675,West Hub,18.54,2026-02-19,2026-02-18,On Time
O0002676,East Hub,8.81,2026-02-21,2026-02-26,Late
O0002677,West Hub,19.24,2026-02-18,2026-02-17,On Time
O0002678,Central Hub,11.32,2026-02-19,2026-02-19,On Time
O0002679,West Hub,9.81,2026-02-18,2026-02-18,On Time
O0002680,Central Hub,6.93,2026-02-18,2026-02-17,On Time
O0002681,East Hub,16.68,2026-02-19,2026-02-18,On Time
O0002682,Central Hub,8.19,2026-02-21,2026-02-21,On Time
O0002683,Central Hub,8.54,2026-02-19,2026-02-18,On Time
O0002684,East Hub,8.68,2026-02-22,2026-02-23,Late
O0002685,Central Hub,8.43,2026-02-19,2026-02-18,On Time
O0002686,East Hub,6.8,2026-02-21,2026-02-20,On Time
O0002687,Central Hub,14.03,2026-02-20,2026-02-20,On Time
O0002688,Central Hub,9.55,2026-02-22,2026-02-22,On Time
O0002689,West Hub,16.84,2026-02-20,2026-02-19,On Time
O0002690,East Hub,9.38,2026-02-20,2026-02-20,On Time
O0002691,Central Hub,11.05,2026-02-21,2026-02-21,On Time
O0002692,East Hub,16.67,2026-02-22,2026-02-22,On Time
O0002693,Central Hub,7.87,2026-02-20,2026-02-19,On Time
O0002694,West Hub,10.57,2026-02-20,2026-02-19,On Time
O0002695,West Hub,9.53,2026-02-20,2026-02-20,On Time
O0002696,Central Hub,11.43,2026-02-19,2026-02-18,On Time
O0002697,West Hub,5.69,2026-02-22,2026-02-23,Late
O0002698,East Hub,7.48,2026-02-22,2026-02-22,On Time
O0002699,Central Hub,10.26,2026-02-20,2026-02-19,On Time
O0002700,West Hub,8.36,2026-02-21,2026-02-21,On Time
O0002701,West Hub,8.59,2026-02-20,2026-02-19,On Time
O0002702,East Hub,7.84,2026-02-21,2026-02-20,On Time
O0002703,West Hub,19.31,2026-02-21,2026-02-21,On Time
O0002704,East Hub,7.95,2026-02-20,2026-02-19,On Time
O0002705,East Hub,11.49,2026-02-20,2026-02-20,On Time
O0002706,Central Hub,9.83,2026-02-20,2026-02-19,On Time
O0002707,East Hub,9.96,2026-02-20,2026-02-20,On Time
O0002708,East Hub,8.98,2026-02-22,2026-02-22,On Time
O0002709,East Hub,11.92,2026-02-20,2026-02-19,On Time
O0002710,West Hub,12.34,2026-02-20,2026-02-20,On Time
O0002711,West Hub,13.36,2026-02-22,2026-02-21,On Time
O0002712,East Hub,8.02,2026-02-21,2026-02-21,On Time
O0002713,West Hub,17.03,2026-02-20,2026-02-19,On Time
O0002714,West Hub,7.29,2026-02-22,2026-02-22,On Time
O0002715,Central Hub,10.53,2026-02-21,2026-02-21,On Time
O0002716,West Hub,10.47,2026-02-21,2026-02-21,On Time
O0002717,Central Hub,8.85,2026-02-21,2026-02-21,On Time
O0002718,Central Hub,12.22,2026-02-20,2026-02-20,On Time
O0002719,West Hub,10.22,2026-02-22,2026-02-21,On Time
O0002720,Central Hub,6.48,2026-02-19,2026-02-19,On Time
O0002721,East Hub,7.95,2026-02-22,2026-02-22,On Time
O0002722,West Hub,9.56,2026-02-20,2026-02-19,On Time
O0002723,East Hub,11.58,2026-02-21,2026-02-21,On Time
O0002724,West Hub,8.04,2026-02-19,2026-02-18,On Time
O0002725,Central Hub,7.69,2026-02-20,2026-02-19,On Time
O0002726,Central Hub,10.89,2026-02-20,2026-02-19,On Time
O0002727,Central Hub,16.26,2026-02-20,2026-02-19,On Time
O0002728,West Hub,8.59,2026-02-20,2026-02-20,On Time
O0002729,East Hub,17.68,2026-02-22,2026-02-21,On Time
O0002730,East Hub,20.4,2026-02-21,2026-02-20,On Time
O0002731,East Hub,11.87,2026-02-22,2026-02-22,On Time
O0002732,West Hub,15.28,2026-02-21,2026-02-20,On Time
O0002733,East Hub,6.42,2026-02-20,2026-02-19,On Time
O0002734,West Hub,16.79,2026-02-21,2026-02-20,On Time
O0002735,West Hub,8.41,2026-02-20,2026-02-25,Late
O0002736,East Hub,9.49,2026-02-21,2026-02-21,On Time
O0002737,Central Hub,8.53,2026-02-21,2026-02-20,On Time
O0002738,East Hub,9.8,2026-02-22,2026-02-21,On Time
O0002739,Central Hub,14.51,2026-02-21,2026-02-23,Late
O0002740,West Hub,8.08,2026-02-22,2026-02-22,On Time
O0002741,Central Hub,7.24,2026-02-21,2026-02-20,On Time
O0002742,East Hub,17.55,2026-02-23,2026-02-22,On Time
O0002743,East Hub,7.12,2026-02-22,2026-02-22,On Time
O0002744,Central Hub,10.42,2026-02-22,2026-02-21,On Time
O0002745,East Hub,12.55,2026-02-22,2026-02-21,On Time
O0002746,West Hub,5.94,2026-02-23,2026-02-22,On Time
O0002747,Central Hub,20.5,2026-02-21,2026-02-20,On Time
O0002748,West Hub,14.73,2026-02-22,2026-02-21,On Time
O0002749,West Hub,12.63,2026-02-23,2026-02-23,On Time
O0002750,West Hub,10.56,2026-02-20,2026-02-25,Late
O0002751,Central Hub,7.74,2026-02-23,2026-02-23,On Time
O0002752,Central Hub,12.05,2026-02-23,2026-02-23,On Time
O0002753,East Hub,9.3,2026-02-23,2026-02-22,On Time
O0002754,West Hub,14.62,2026-02-21,2026-02-20,On Time
O0002755,Central Hub,7.29,2026-02-20,2026-02-19,On Time
O0002756,West Hub,17.79,2026-02-21,2026-02-21,On Time
O0002757,Central Hub,8.59,2026-02-22,2026-02-22,On Time
O0002758,East Hub,12.77,2026-02-21,2026-02-21,On Time
O0002759,West Hub,19.5,2026-02-22,2026-02-22,On Time
O0002760,East Hub,7.93,2026-02-22,2026-02-21,On Time
O0002761,Central Hub,8.35,2026-02-23,2026-02-23,On Time
O0002762,Central Hub,6.78,2026-02-23,2026-02-23,On Time
O0002763,West Hub,9.77,2026-02-20,2026-02-19,On Time
O0002764,West Hub,8.57,2026-02-22,2026-02-21,On Time
O0002765,West Hub,7.31,2026-02-21,2026-02-20,On Time
O0002766,West Hub,14.32,2026-02-21,2026-02-20,On Time
O0002767,West Hub,8.2,2026-02-22,2026-02-22,On Time
O0002768,East Hub,7.59,2026-02-23,2026-02-24,Late
O0002769,East Hub,5.91,2026-02-21,2026-02-20,On Time
O0002770,East Hub,10.97,2026-02-20,2026-02-19,On Time
O0002771,West Hub,13.54,2026-02-22,2026-02-21,On Time
O0002772,East Hub,7.08,2026-02-20,2026-02-20,On Time
O0002773,Central Hub,9.42,2026-02-22,2026-02-22,On Time
O0002774,West Hub,14.84,2026-02-20,2026-02-20,On Time
O0002775,West Hub,16.37,2026-02-21,2026-02-20,On Time
O0002776,West Hub,15.84,2026-02-20,2026-02-19,On Time
O0002777,Central Hub,10.36,2026-02-21,2026-02-20,On Time
O0002778,East Hub,12.58,2026-02-21,2026-02-21,On Time
O0002779,East Hub,9.18,2026-02-23,2026-02-22,On Time
O0002780,West Hub,11.3,2026-02-22,2026-02-21,On Time
O0002781,East Hub,13.03,2026-02-20,2026-02-19,On Time
O0002782,West Hub,7.96,2026-02-23,2026-02-23,On Time
O0002783,East Hub,8.74,2026-02-23,2026-02-22,On Time
O0002784,East Hub,8.14,2026-02-20,2026-02-20,On Time
O0002785,West Hub,8.86,2026-02-23,2026-02-22,On Time
O0002786,West Hub,8.75,2026-02-23,2026-02-23,On Time
O0002787,West Hub,12.15,2026-02-21,2026-02-21,On Time
O0002788,West Hub,9.65,2026-02-22,2026-02-22,On Time
O0002789,West Hub,8.76,2026-02-23,2026-02-22,On Time
O0002790,Central Hub,16.24,2026-02-21,2026-02-21,On Time
O0002791,East Hub,11.25,2026-02-23,2026-02-22,On Time
O0002792,East Hub,8.7,2026-02-23,2026-02-23,On Time
O0002793,East Hub,6.29,2026-02-24,2026-02-23,On Time
O0002794,Central Hub,8.22,2026-02-22,2026-02-22,On Time
O0002795,Central Hub,8.13,2026-02-23,2026-02-23,On Time
O0002796,East Hub,11.42,2026-02-21,2026-02-21,On Time
O0002797,Central Hub,7.09,2026-02-24,2026-02-23,On Time
O0002798,West Hub,8.98,2026-02-22,2026-02-22,On Time
O0002799,East Hub,6.17,2026-02-22,2026-02-22,On Time
O0002800,East Hub,10.55,2026-02-22,2026-02-22,On Time
O0002801,Central Hub,7.04,2026-02-21,2026-02-21,On Time
O0002802,Central Hub,8.42,2026-02-22,2026-02-21,On Time
O0002803,Central Hub,8.18,2026-02-22,2026-02-21,On Time
O0002804,West Hub,9.1,2026-02-23,2026-02-22,On Time
O0002805,East Hub,9.14,2026-02-22,2026-02-22,On Time
O0002806,East Hub,9.86,2026-02-23,2026-02-23,On Time
O0002807,Central Hub,8.58,2026-02-23,2026-02-23,On Time
O0002808,Central Hub,16.55,2026-02-21,2026-02-21,On Time
O0002809,West Hub,20.25,2026-02-23,2026-02-22,On Time
O0002810,Central Hub,6.85,2026-02-24,2026-02-24,On Time
O0002811,Central Hub,10.06,2026-02-21,2026-02-20,On Time
O0002812,West Hub,14.98,2026-02-23,2026-02-22,On Time
O0002813,East Hub,12.11,2026-02-23,2026-02-23,On Time
O0002814,Central Hub,7.58,2026-02-22,2026-02-21,On Time
O0002815,West Hub,12.44,2026-02-22,2026-02-22,On Time
O0002816,Central Hub,9.06,2026-02-22,2026-02-21,On Time
O0002817,West Hub,8.01,2026-02-21,2026-02-20,On Time
O0002818,East Hub,6.71,2026-02-21,2026-02-21,On Time
O0002819,East Hub,6.99,2026-02-24,2026-03-01,Late
O0002820,Central Hub,10.91,2026-02-23,2026-02-23,On Time
O0002821,East Hub,9.51,2026-02-21,2026-02-20,On Time
O0002822,Central Hub,10.97,2026-02-21,2026-02-20,On Time
O0002823,Central Hub,8.3,2026-02-22,2026-02-24,Late
O0002824,East Hub,6.64,2026-02-23,2026-02-24,Late
O0002825,Central Hub,8.07,2026-02-24,2026-02-24,On Time
O0002826,West Hub,9.71,2026-02-23,2026-02-22,On Time
O0002827,West Hub,17.16,2026-02-22,2026-02-21,On Time
O0002828,West Hub,11.97,2026-02-24,2026-02-24,On Time
O0002829,West Hub,11.4,2026-02-24,2026-02-23,On Time
O0002830,West Hub,8.28,2026-02-21,2026-02-20,On Time
O0002831,East Hub,10.9,2026-02-24,2026-02-23,On Time
O0002832,East Hub,5.64,2026-02-22,2026-02-22,On Time
O0002833,Central Hub,9.17,2026-02-23,2026-02-22,On Time
O0002834,Central Hub,9.98,2026-02-22,2026-02-22,On Time
O0002835,Central Hub,6.88,2026-02-24,2026-02-23,On Time
O0002836,West Hub,13.48,2026-02-21,2026-02-24,Late
O0002837,Central Hub,8.14,2026-02-22,2026-02-22,On Time
O0002838,Central Hub,15.01,2026-02-23,2026-02-23,On Time
O0002839,East Hub,5.9,2026-02-22,2026-02-25,Late
O0002840,Central Hub,6.58,2026-02-21,2026-02-20,On Time
O0002841,East Hub,7.3,2026-02-24,2026-02-24,On Time
O0002842,Central Hub,8.99,2026-02-24,2026-02-23,On Time
O0002843,Central Hub,9.93,2026-02-23,2026-02-22,On Time
O0002844,Central Hub,16.65,2026-02-24,2026-02-24,On Time
O0002845,Central Hub,13.07,2026-02-23,2026-02-22,On Time
O0002846,Central Hub,11.95,2026-02-24,2026-02-23,On Time
O0002847,Central Hub,9.89,2026-02-22,2026-02-22,On Time
O0002848,Central Hub,7.81,2026-02-25,2026-02-25,On Time
O0002849,Central Hub,14.52,2026-02-22,2026-02-22,On Time
O0002850,Central Hub,10.63,2026-02-24,2026-02-23,On Time
O0002851,Central Hub,8.23,2026-02-24,2026-02-24,On Time
O0002852,West Hub,8.88,2026-02-25,2026-02-25,On Time
O0002853,West Hub,8.59,2026-02-22,2026-02-22,On Time
O0002854,Central Hub,9.42,2026-02-25,2026-02-24,On Time
O0002855,East Hub,16.7,2026-02-22,2026-02-22,On Time
O0002856,East Hub,13.64,2026-02-24,2026-02-24,On Time
O0002857,West Hub,8.58,2026-02-23,2026-02-22,On Time
O0002858,East Hub,5.82,2026-02-25,2026-02-24,On Time
O0002859,East Hub,13.38,2026-02-24,2026-02-24,On Time
O0002860,East Hub,14.38,2026-02-24,2026-02-23,On Time
O0002861,West Hub,13.21,2026-02-22,2026-02-22,On Time
O0002862,East Hub,8.78,2026-02-22,2026-02-22,On Time
O0002863,East Hub,13.44,2026-02-22,2026-02-22,On Time
O0002864,Central Hub,13.06,2026-02-25,2026-02-24,On Time
O0002865,West Hub,17.31,2026-02-23,2026-02-22,On Time
O0002866,West Hub,10.33,2026-02-24,2026-02-23,On Time
O0002867,Central Hub,6.55,2026-02-23,2026-02-22,On Time
O0002868,Central Hub,10.67,2026-02-22,2026-02-22,On Time
O0002869,West Hub,13.16,2026-02-25,2026-02-24,On Time
O0002870,East Hub,7.98,2026-02-22,2026-02-21,On Time
O0002871,East Hub,10.77,2026-02-22,2026-02-21,On Time
O0002872,Central Hub,8.44,2026-02-25,2026-02-25,On Time
O0002873,West Hub,12.85,2026-02-23,2026-02-25,Late
O0002874,Central Hub,9.31,2026-02-22,2026-02-21,On Time
O0002875,West Hub,10.29,2026-02-24,2026-02-23,On Time
O0002876,West Hub,7.66,2026-02-23,2026-02-22,On Time
O0002877,West Hub,10.2,2026-02-25,2026-02-25,On Time
O0002878,East Hub,7.36,2026-02-25,2026-02-24,On Time
O0002879,Central Hub,16.51,2026-02-23,2026-02-22,On Time
O0002880,Central Hub,8.07,2026-02-22,2026-02-21,On Time
O0002881,East Hub,11.86,2026-02-24,2026-02-24,On Time
O0002882,East Hub,8.35,2026-02-24,2026-02-23,On Time
O0002883,West Hub,15.66,2026-02-25,2026-02-24,On Time
O0002884,East Hub,16.09,2026-02-25,2026-03-01,Late
O0002885,West Hub,14.16,2026-02-25,2026-02-25,On Time
O0002886,West Hub,12.01,2026-02-24,2026-02-24,On Time
O0002887,Central Hub,9.66,2026-02-23,2026-02-23,On Time
O0002888,East Hub,6.16,2026-02-24,2026-02-24,On Time
O0002889,West Hub,13.09,2026-02-24,2026-02-24,On Time
O0002890,Central Hub,8.4,2026-02-23,2026-02-23,On Time
O0002891,Central Hub,11.14,2026-02-23,2026-02-22,On Time
O0002892,Central Hub,7.52,2026-02-26,2026-02-26,On Time
O0002893,East Hub,8.21,2026-02-23,2026-02-23,On Time
O0002894,Central Hub,12.34,2026-02-26,2026-02-26,On Time
O0002895,East Hub,9.12,2026-02-25,2026-02-25,On Time
O0002896,East Hub,12.92,2026-02-26,2026-02-26,On Time
O0002897,East Hub,14.31,2026-02-25,2026-02-25,On Time
O0002898,Central Hub,9.7,2026-02-23,2026-02-22,On Time
O0002899,Central Hub,9.64,2026-02-26,2026-02-25,On Time
O0002900,East Hub,14.53,2026-02-25,2026-02-24,On Time
O0002901,West Hub,21.5,2026-02-23,2026-02-22,On Time
O0002902,Central Hub,10.29,2026-02-26,2026-02-25,On Time
O0002903,Central Hub,10.94,2026-02-26,2026-02-25,On Time
O0002904,Central Hub,14.53,2026-02-23,2026-02-23,On Time
O0002905,East Hub,6.61,2026-02-23,2026-02-22,On Time
O0002906,Central Hub,8.08,2026-02-26,2026-02-25,On Time
O0002907,East Hub,9.81,2026-02-25,2026-02-25,On Time
O0002908,Central Hub,9.45,2026-02-25,2026-02-25,On Time
O0002909,Central Hub,6.46,2026-02-26,2026-02-26,On Time
O0002910,East Hub,9.15,2026-02-26,2026-02-26,On Time
O0002911,Central Hub,13.72,2026-02-26,2026-02-25,On Time
O0002912,West Hub,8.67,2026-02-26,2026-02-25,On Time
O0002913,Central Hub,7.4,2026-02-25,2026-02-24,On Time
O0002914,East Hub,6.14,2026-02-25,2026-02-24,On Time
O0002915,Central Hub,7.73,2026-02-25,2026-02-24,On Time
O0002916,Central Hub,10.47,2026-02-24,2026-02-23,On Time
O0002917,East Hub,8.62,2026-02-25,2026-02-25,On Time
O0002918,Central Hub,16.23,2026-02-24,2026-02-23,On Time
O0002919,Central Hub,8.47,2026-02-26,2026-02-25,On Time
O0002920,Central Hub,10.61,2026-02-23,2026-02-22,On Time
O0002921,West Hub,9.98,2026-02-26,2026-02-25,On Time
O0002922,West Hub,18.81,2026-02-25,2026-02-25,On Time
O0002923,West Hub,6.96,2026-02-25,2026-02-25,On Time
O0002924,East Hub,7.59,2026-02-25,2026-02-25,On Time
O0002925,West Hub,8.93,2026-02-24,2026-02-23,On Time
O0002926,East Hub,12.5,2026-02-24,2026-02-24,On Time
O0002927,West Hub,8.03,2026-02-24,2026-02-24,On Time
O0002928,West Hub,6.77,2026-02-26,2026-02-25,On Time
O0002929,Central Hub,7.18,2026-02-24,2026-02-24,On Time
O0002930,Central Hub,12.29,2026-02-27,2026-02-28,Late
O0002931,West Hub,10.33,2026-02-26,2026-03-01,Late
O0002932,West Hub,11.62,2026-02-26,2026-02-25,On Time
O0002933,West Hub,14.93,2026-02-24,2026-02-24,On Time
O0002934,East Hub,8.23,2026-02-25,2026-02-24,On Time
O0002935,East Hub,8.23,2026-02-24,2026-02-23,On Time
O0002936,West Hub,10.35,2026-02-26,2026-02-25,On Time
O0002937,West Hub,13.65,2026-02-27,2026-02-26,On Time
O0002938,East Hub,6.77,2026-02-24,2026-02-23,On Time
O0002939,Central Hub,7.93,2026-02-24,2026-02-23,On Time
O0002940,Central Hub,7.95,2026-02-26,2026-02-26,On Time
O0002941,West Hub,10.39,2026-02-24,2026-02-25,Late
O0002942,Central Hub,7.14,2026-02-24,2026-02-24,On Time
O0002943,Central Hub,7.65,2026-02-26,2026-02-25,On Time
O0002944,West Hub,9.64,2026-02-26,2026-02-26,On Time
O0002945,West Hub,9.84,2026-02-27,2026-02-26,On Time
O0002946,Central Hub,7.05,2026-02-24,2026-02-24,On Time
O0002947,Central Hub,7.35,2026-02-24,2026-02-23,On Time
O0002948,East Hub,12.54,2026-02-26,2026-02-26,On Time
O0002949,West Hub,6.5,2026-02-27,2026-02-27,On Time
O0002950,East Hub,9.06,2026-02-26,2026-02-26,On Time
O0002951,Central Hub,8.89,2026-02-27,2026-02-27,On Time
O0002952,West Hub,19.88,2026-02-25,2026-02-24,On Time
O0002953,East Hub,8.28,2026-02-27,2026-02-26,On Time
O0002954,East Hub,9.25,2026-02-27,2026-02-26,On Time
O0002955,East Hub,6.58,2026-02-26,2026-03-01,Late
O0002956,East Hub,10.04,2026-02-26,2026-02-26,On Time
O0002957,Central Hub,10.8,2026-02-26,2026-02-25,On Time
O0002958,Central Hub,14.88,2026-02-26,2026-02-25,On Time
O0002959,Central Hub,12.24,2026-02-24,2026-02-24,On Time
O0002960,Central Hub,18.43,2026-02-25,2026-02-25,On Time
O0002961,East Hub,8.9,2026-02-27,2026-02-27,On Time
O0002962,Central Hub,9.11,2026-02-27,2026-03-03,Late
O0002963,West Hub,14.76,2026-02-26,2026-02-26,On Time
O0002964,West Hub,10.64,2026-02-25,2026-02-25,On Time
O0002965,East Hub,9.32,2026-02-26,2026-02-26,On Time
O0002966,West Hub,10.89,2026-02-24,2026-02-23,On Time
O0002967,West Hub,8.68,2026-02-26,2026-03-03,Late
O0002968,Central Hub,10.4,2026-02-24,2026-02-24,On Time
O0002969,East Hub,6.32,2026-02-24,2026-02-23,On Time
O0002970,West Hub,13.19,2026-02-26,2026-02-25,On Time
O0002971,Central Hub,10.62,2026-02-26,2026-02-25,On Time
O0002972,Central Hub,9.33,2026-02-24,2026-02-23,On Time
O0002973,East Hub,7.28,2026-02-26,2026-02-26,On Time
O0002974,East Hub,15.26,2026-02-27,2026-02-26,On Time
O0002975,West Hub,12.69,2026-02-25,2026-02-24,On Time
O0002976,Central Hub,10.41,2026-02-24,2026-02-24,On Time
O0002977,West Hub,14.23,2026-02-27,2026-02-26,On Time
O0002978,East Hub,6.86,2026-02-25,2026-02-24,On Time
O0002979,East Hub,6.25,2026-02-25,2026-02-25,On Time
O0002980,Central Hub,11.84,2026-02-25,2026-02-25,On Time
O0002981,Central Hub,11.4,2026-02-25,2026-02-24,On Time
O0002982,West Hub,8.91,2026-02-25,2026-02-24,On Time
O0002983,East Hub,15.82,2026-02-27,2026-02-28,Late
O0002984,Central Hub,6.15,2026-02-25,2026-02-25,On Time
O0002985,East Hub,9.45,2026-02-27,2026-02-26,On Time
O0002986,East Hub,8.09,2026-02-25,2026-02-25,On Time
O0002987,Central Hub,8.36,2026-02-26,2026-02-26,On Time
O0002988,West Hub,7.15,2026-02-25,2026-02-25,On Time
O0002989,West Hub,13.88,2026-02-27,2026-02-27,On Time
O0002990,Central Hub,8.07,2026-02-26,2026-02-25,On Time
O0002991,West Hub,9.34,2026-02-26,2026-02-26,On Time
O0002992,Central Hub,7.68,2026-02-25,2026-02-25,On Time
O0002993,West Hub,16.99,2026-02-25,2026-02-24,On Time
O0002994,West Hub,9.45,2026-02-26,2026-02-25,On Time
O0002995,Central Hub,6.54,2026-02-25,2026-02-25,On Time
O0002996,West Hub,11.71,2026-02-24,2026-02-23,On Time
O0002997,East Hub,9.08,2026-02-26,2026-02-25,On Time
O0002998,East Hub,9.75,2026-02-26,2026-02-26,On Time
O0002999,West Hub,16.95,2026-02-24,2026-02-24,On Time
O0003000,West Hub,11.24,2026-02-27,2026-02-27,On Time
O0003001,West Hub,17.51,2026-02-26,2026-02-25,On Time
O0003002,West Hub,11.29,2026-02-26,2026-02-26,On Time
O0003003,West Hub,8.96,2026-02-25,2026-02-24,On Time
O0003004,West Hub,10.31,2026-02-26,2026-02-25,On Time
O0003005,Central Hub,14.24,2026-02-25,2026-02-25,On Time
O0003006,West Hub,10.61,2026-02-26,2026-02-26,On Time
O0003007,West Hub,13.07,2026-02-26,2026-02-26,On Time
O0003008,East Hub,10.59,2026-02-27,2026-02-27,On Time
O0003009,Central Hub,9.12,2026-02-28,2026-02-27,On Time
O0003010,East Hub,10.15,2026-02-27,2026-02-27,On Time
O0003011,Central Hub,10.27,2026-02-28,2026-02-27,On Time
O0003012,West Hub,7.36,2026-02-25,2026-02-25,On Time
O0003013,Central Hub,6.09,2026-02-27,2026-02-26,On Time
O0003014,East Hub,10.82,2026-02-28,2026-02-27,On Time
O0003015,Central Hub,11.57,2026-02-28,2026-02-28,On Time
O0003016,Central Hub,7.82,2026-02-27,2026-02-26,On Time
O0003017,West Hub,16.55,2026-02-27,2026-02-27,On Time
O0003018,West Hub,16.05,2026-02-27,2026-02-26,On Time
O0003019,West Hub,7.57,2026-02-25,2026-02-25,On Time
O0003020,East Hub,12.99,2026-02-25,2026-02-24,On Time
O0003021,West Hub,9.45,2026-02-28,2026-02-28,On Time
O0003022,East Hub,10.87,2026-02-26,2026-02-26,On Time
O0003023,West Hub,8.41,2026-02-26,2026-02-26,On Time
O0003024,East Hub,10.95,2026-02-25,2026-02-24,On Time
O0003025,Central Hub,6.73,2026-02-28,2026-02-27,On Time
O0003026,East Hub,9.65,2026-02-26,2026-02-26,On Time
O0003027,Central Hub,8.49,2026-02-27,2026-02-26,On Time
O0003028,Central Hub,14.62,2026-02-26,2026-02-26,On Time
O0003029,West Hub,12.32,2026-02-28,2026-02-27,On Time
O0003030,Central Hub,8.53,2026-02-27,2026-02-27,On Time
O0003031,Central Hub,10.36,2026-02-27,2026-03-03,Late
O0003032,East Hub,10.04,2026-02-25,2026-03-01,Late
O0003033,East Hub,17.03,2026-02-25,2026-02-24,On Time
O0003034,West Hub,8.31,2026-02-26,2026-02-27,Late
O0003035,Central Hub,6.39,2026-02-26,2026-02-25,On Time
O0003036,West Hub,8.03,2026-02-26,2026-02-25,On Time
O0003037,East Hub,11.85,2026-02-26,2026-02-25,On Time
O0003038,Central Hub,13.49,2026-02-25,2026-02-25,On Time
O0003039,East Hub,12.44,2026-02-28,2026-02-27,On Time
O0003040,Central Hub,8.15,2026-02-25,2026-02-25,On Time
O0003041,West Hub,7.39,2026-02-28,2026-02-28,On Time
O0003042,West Hub,12.3,2026-02-27,2026-02-27,On Time
O0003043,Central Hub,10.3,2026-02-27,2026-03-01,Late
O0003044,East Hub,9.4,2026-02-25,2026-02-25,On Time
O0003045,East Hub,6.14,2026-02-25,2026-02-25,On Time
O0003046,Central Hub,9.29,2026-02-27,2026-03-03,Late
O0003047,Central Hub,6.06,2026-02-28,2026-02-28,On Time
O0003048,West Hub,21.76,2026-02-28,2026-02-27,On Time
O0003049,West Hub,9.38,2026-02-26,2026-02-26,On Time
O0003050,West Hub,11.45,2026-02-25,2026-02-25,On Time
O0003051,East Hub,11.78,2026-02-25,2026-02-24,On Time
O0003052,West Hub,9.3,2026-02-28,2026-02-27,On Time
O0003053,Central Hub,9.62,2026-02-25,2026-02-25,On Time
O0003054,East Hub,15.32,2026-02-26,2026-02-25,On Time
O0003055,West Hub,11.51,2026-02-25,2026-02-25,On Time
O0003056,East Hub,8.82,2026-02-27,2026-02-26,On Time
O0003057,Central Hub,7.49,2026-02-26,2026-02-26,On Time
O0003058,Central Hub,9.56,2026-02-27,2026-02-26,On Time
O0003059,West Hub,8.3,2026-02-27,2026-02-26,On Time
O0003060,West Hub,15.3,2026-02-27,2026-02-26,On Time
O0003061,Central Hub,10.86,2026-02-27,2026-02-26,On Time
O0003062,East Hub,10.83,2026-02-26,2026-02-25,On Time
O0003063,East Hub,12.43,2026-02-27,2026-02-26,On Time
O0003064,West Hub,13.52,2026-02-28,2026-03-02,Late
O0003065,East Hub,6.47,2026-02-26,2026-02-26,On Time
O0003066,West Hub,15.1,2026-02-27,2026-02-26,On Time
O0003067,East Hub,8.04,2026-03-01,2026-02-28,On Time
O0003068,Central Hub,11.57,2026-02-28,2026-03-04,Late
O0003069,East Hub,13.12,2026-03-01,2026-03-01,On Time
O0003070,East Hub,15.93,2026-02-26,2026-02-26,On Time
O0003071,East Hub,7.23,2026-02-28,2026-02-28,On Time
O0003072,West Hub,7.63,2026-02-28,2026-02-28,On Time
O0003073,Central Hub,11.91,2026-02-26,2026-02-26,On Time
O0003074,Central Hub,7.86,2026-02-26,2026-02-25,On Time
O0003075,East Hub,10.38,2026-02-26,2026-02-25,On Time
O0003076,West Hub,11.77,2026-02-26,2026-02-26,On Time
O0003077,West Hub,12.69,2026-02-28,2026-02-27,On Time
O0003078,West Hub,10.79,2026-02-28,2026-02-27,On Time
O0003079,Central Hub,9.61,2026-02-28,2026-02-27,On Time
O0003080,West Hub,9.81,2026-03-01,2026-02-28,On Time
O0003081,Central Hub,9.23,2026-03-01,2026-03-01,On Time
O0003082,West Hub,23.62,2026-02-26,2026-02-26,On Time
O0003083,Central Hub,7.54,2026-02-27,2026-02-26,On Time
O0003084,Central Hub,12.58,2026-02-28,2026-02-28,On Time
O0003085,Central Hub,12.72,2026-03-01,2026-02-28,On Time
O0003086,Central Hub,7.28,2026-02-28,2026-02-27,On Time
O0003087,East Hub,17.68,2026-02-26,2026-02-25,On Time
O0003088,East Hub,7.43,2026-03-01,2026-02-28,On Time
O0003089,West Hub,8.12,2026-02-28,2026-02-27,On Time
O0003090,Central Hub,6.8,2026-03-01,2026-03-01,On Time
O0003091,Central Hub,7.29,2026-03-01,2026-03-01,On Time
O0003092,West Hub,23.22,2026-02-28,2026-02-27,On Time
O0003093,West Hub,18.16,2026-03-01,2026-03-01,On Time
O0003094,Central Hub,9.4,2026-02-26,2026-02-26,On Time
O0003095,West Hub,15.49,2026-02-28,2026-02-28,On Time
O0003096,East Hub,18.66,2026-03-01,2026-03-06,Late
O0003097,West Hub,11.24,2026-02-26,2026-02-26,On Time
O0003098,East Hub,8.43,2026-02-26,2026-02-25,On Time
O0003099,East Hub,9.74,2026-03-01,2026-02-28,On Time
O0003100,West Hub,12.87,2026-03-01,2026-03-05,Late
O0003101,East Hub,6.14,2026-02-28,2026-02-27,On Time
O0003102,West Hub,17.87,2026-03-01,2026-02-28,On Time
O0003103,West Hub,8.56,2026-02-26,2026-02-25,On Time
O0003104,East Hub,8.54,2026-03-01,2026-03-01,On Time
O0003105,Central Hub,10.67,2026-02-28,2026-02-28,On Time
O0003106,West Hub,22.42,2026-02-27,2026-02-26,On Time
O0003107,Central Hub,7.03,2026-02-27,2026-02-27,On Time
O0003108,Central Hub,7.68,2026-02-27,2026-02-26,On Time
O0003109,East Hub,6.26,2026-02-26,2026-02-25,On Time
O0003110,West Hub,7.88,2026-02-27,2026-02-26,On Time
O0003111,West Hub,14.58,2026-03-02,2026-03-01,On Time
O0003112,West Hub,12.01,2026-02-28,2026-02-28,On Time
O0003113,East Hub,12.25,2026-02-27,2026-02-27,On Time
O0003114,West Hub,10.15,2026-03-02,2026-03-02,On Time
O0003115,West Hub,8.54,2026-03-02,2026-03-04,Late
O0003116,West Hub,18.72,2026-02-27,2026-02-26,On Time
O0003117,West Hub,6.96,2026-03-02,2026-03-02,On Time
O0003118,Central Hub,11.5,2026-03-02,2026-03-02,On Time
O0003119,West Hub,8.03,2026-03-01,2026-03-01,On Time
O0003120,West Hub,7.31,2026-03-02,2026-03-01,On Time
O0003121,West Hub,8.58,2026-02-28,2026-02-28,On Time
O0003122,Central Hub,11.97,2026-02-28,2026-02-28,On Time
O0003123,West Hub,7.22,2026-02-27,2026-02-27,On Time
O0003124,West Hub,17.11,2026-03-01,2026-02-28,On Time
O0003125,East Hub,13.59,2026-02-27,2026-02-27,On Time
O0003126,East Hub,10.18,2026-02-28,2026-02-27,On Time
O0003127,Central Hub,8.39,2026-03-01,2026-02-28,On Time
O0003128,East Hub,8.14,2026-03-01,2026-02-28,On Time
O0003129,East Hub,18.83,2026-03-02,2026-03-05,Late
O0003130,East Hub,16.17,2026-02-28,2026-02-28,On Time
O0003131,West Hub,14.58,2026-02-28,2026-02-28,On Time
O0003132,Central Hub,10.83,2026-03-02,2026-03-02,On Time
O0003133,Central Hub,8.94,2026-03-02,2026-03-02,On Time
O0003134,East Hub,16.22,2026-02-27,2026-03-04,Late
O0003135,West Hub,17.84,2026-03-02,2026-03-01,On Time
O0003136,East Hub,7.96,2026-02-27,2026-02-26,On Time
O0003137,West Hub,14.53,2026-02-28,2026-02-28,On Time
O0003138,Central Hub,7.22,2026-02-27,2026-02-26,On Time
O0003139,East Hub,11.38,2026-03-02,2026-03-02,On Time
O0003140,East Hub,12.18,2026-03-01,2026-02-28,On Time
O0003141,East Hub,9.32,2026-03-02,2026-03-02,On Time
O0003142,Central Hub,11.58,2026-03-01,2026-02-28,On Time
O0003143,West Hub,7.0,2026-03-02,2026-03-01,On Time
O0003144,West Hub,10.31,2026-03-01,2026-03-01,On Time
O0003145,West Hub,17.01,2026-03-02,2026-03-02,On Time
O0003146,Central Hub,8.84,2026-03-01,2026-02-28,On Time
O0003147,East Hub,6.14,2026-03-02,2026-03-02,On Time
O0003148,East Hub,6.62,2026-02-27,2026-02-26,On Time
O0003149,Central Hub,13.26,2026-02-27,2026-02-27,On Time
O0003150,Central Hub,8.42,2026-02-27,2026-02-27,On Time
O0003151,Central Hub,11.35,2026-03-01,2026-03-01,On Time
O0003152,East Hub,5.9,2026-03-02,2026-03-01,On Time
O0003153,Central Hub,9.75,2026-02-27,2026-03-03,Late
O0003154,Central Hub,12.69,2026-03-02,2026-03-02,On Time
O0003155,Central Hub,8.09,2026-03-01,2026-02-28,On Time
O0003156,West Hub,7.0,2026-03-01,2026-03-03,Late
O0003157,West Hub,16.43,2026-02-27,2026-02-26,On Time
O0003158,East Hub,7.4,2026-03-01,2026-02-28,On Time
O0003159,West Hub,7.46,2026-03-01,2026-03-01,On Time
O0003160,Central Hub,7.78,2026-03-01,2026-03-01,On Time
O0003161,East Hub,12.16,2026-02-28,2026-02-27,On Time
O0003162,East Hub,10.84,2026-02-28,2026-02-28,On Time
O0003163,West Hub,14.24,2026-02-28,2026-03-05,Late
O0003164,West Hub,12.62,2026-03-02,2026-03-04,Late
O0003165,East Hub,8.92,2026-03-01,2026-03-01,On Time
O0003166,West Hub,10.85,2026-02-28,2026-02-27,On Time
O0003167,Central Hub,14.03,2026-03-03,2026-03-03,On Time
O0003168,West Hub,14.64,2026-03-03,2026-03-02,On Time
O0003169,West Hub,8.9,2026-03-02,2026-03-06,Late
O0003170,Central Hub,13.18,2026-02-28,2026-02-28,On Time
O0003171,West Hub,7.72,2026-02-28,2026-02-27,On Time
O0003172,East Hub,12.3,2026-02-28,2026-02-28,On Time
O0003173,East Hub,6.4,2026-03-02,2026-03-02,On Time
O0003174,West Hub,7.76,2026-03-01,2026-03-01,On Time
O0003175,Central Hub,9.6,2026-03-01,2026-02-28,On Time
O0003176,East Hub,12.78,2026-03-02,2026-03-01,On Time
O0003177,Central Hub,15.29,2026-03-01,2026-03-01,On Time
O0003178,Central Hub,8.3,2026-02-28,2026-02-28,On Time
O0003179,West Hub,9.4,2026-03-03,2026-03-03,On Time
O0003180,Central Hub,6.6,2026-03-02,2026-03-02,On Time
O0003181,Central Hub,6.8,2026-02-28,2026-02-28,On Time
O0003182,East Hub,10.78,2026-03-02,2026-03-01,On Time
O0003183,Central Hub,12.89,2026-02-28,2026-02-28,On Time
O0003184,West Hub,8.22,2026-03-03,2026-03-02,On Time
O0003185,Central Hub,8.12,2026-03-02,2026-03-02,On Time
O0003186,East Hub,7.39,2026-03-03,2026-03-02,On Time
O0003187,Central Hub,7.8,2026-03-03,2026-03-02,On Time
O0003188,Central Hub,7.46,2026-03-01,2026-03-01,On Time
O0003189,Central Hub,7.23,2026-02-28,2026-02-27,On Time
O0003190,West Hub,7.36,2026-03-03,2026-03-03,On Time
O0003191,East Hub,6.53,2026-03-02,2026-03-02,On Time
O0003192,West Hub,10.79,2026-02-28,2026-02-28,On Time
O0003193,Central Hub,14.02,2026-03-02,2026-03-01,On Time
O0003194,West Hub,8.71,2026-03-01,2026-03-06,Late
O0003195,West Hub,7.7,2026-03-03,2026-03-03,On Time
O0003196,Central Hub,15.15,2026-03-02,2026-03-02,On Time
O0003197,West Hub,10.12,2026-03-03,2026-03-02,On Time
O0003198,Central Hub,8.9,2026-03-03,2026-03-03,On Time
O0003199,West Hub,8.14,2026-03-01,2026-03-01,On Time
O0003200,Central Hub,9.54,2026-03-03,2026-03-02,On Time
O0003201,Central Hub,5.72,2026-03-03,2026-03-02,On Time
O0003202,East Hub,9.26,2026-03-01,2026-02-28,On Time
O0003203,East Hub,8.55,2026-02-28,2026-02-28,On Time
O0003204,Central Hub,11.7,2026-03-03,2026-03-02,On Time
O0003205,East Hub,10.17,2026-03-03,2026-03-02,On Time
O0003206,East Hub,8.1,2026-03-02,2026-03-01,On Time
O0003207,East Hub,6.74,2026-03-03,2026-03-05,Late
O0003208,Central Hub,12.02,2026-03-02,2026-03-02,On Time
O0003209,Central Hub,5.62,2026-03-01,2026-03-01,On Time
O0003210,East Hub,8.89,2026-03-03,2026-03-07,Late
O0003211,Central Hub,13.87,2026-03-02,2026-03-01,On Time
O0003212,Central Hub,11.34,2026-03-02,2026-03-02,On Time
O0003213,West Hub,12.27,2026-03-02,2026-03-02,On Time
O0003214,East Hub,18.36,2026-03-03,2026-03-03,On Time
O0003215,Central Hub,11.95,2026-03-03,2026-03-03,On Time
O0003216,Central Hub,9.25,2026-03-01,2026-03-01,On Time
O0003217,West Hub,13.4,2026-03-03,2026-03-03,On Time
O0003218,West Hub,8.06,2026-03-03,2026-03-03,On Time
O0003219,West Hub,11.51,2026-03-01,2026-02-28,On Time
O0003220,Central Hub,9.47,2026-02-28,2026-03-04,Late
O0003221,Central Hub,11.28,2026-03-04,2026-03-04,On Time
O0003222,Central Hub,12.62,2026-03-02,2026-03-02,On Time
O0003223,West Hub,9.68,2026-03-02,2026-03-02,On Time
O0003224,Central Hub,18.83,2026-03-03,2026-03-02,On Time
O0003225,Central Hub,9.49,2026-03-04,2026-03-03,On Time
O0003226,Central Hub,6.02,2026-03-04,2026-03-03,On Time
O0003227,East Hub,9.3,2026-03-02,2026-03-02,On Time
O0003228,West Hub,12.28,2026-03-04,2026-03-03,On Time
O0003229,East Hub,18.45,2026-03-02,2026-03-01,On Time
O0003230,East Hub,6.26,2026-03-01,2026-02-28,On Time
O0003231,Central Hub,9.79,2026-03-01,2026-02-28,On Time
O0003232,Central Hub,9.46,2026-03-04,2026-03-03,On Time
O0003233,Central Hub,11.2,2026-03-03,2026-03-03,On Time
O0003234,East Hub,8.84,2026-03-02,2026-03-01,On Time
O0003235,West Hub,8.19,2026-03-04,2026-03-04,On Time
O0003236,East Hub,8.42,2026-03-04,2026-03-04,On Time
O0003237,East Hub,7.79,2026-03-01,2026-02-28,On Time
O0003238,East Hub,7.74,2026-03-01,2026-02-28,On Time
O0003239,West Hub,12.74,2026-03-01,2026-03-01,On Time
O0003240,East Hub,8.16,2026-03-01,2026-02-28,On Time
O0003241,East Hub,9.56,2026-03-03,2026-03-02,On Time
O0003242,West Hub,7.39,2026-03-03,2026-03-03,On Time
O0003243,Central Hub,9.36,2026-03-02,2026-03-01,On Time
O0003244,East Hub,14.05,2026-03-03,2026-03-03,On Time
O0003245,East Hub,16.04,2026-03-03,2026-03-02,On Time
O0003246,West Hub,8.91,2026-03-01,2026-03-01,On Time
O0003247,West Hub,11.38,2026-03-03,2026-03-02,On Time
O0003248,Central Hub,5.84,2026-03-04,2026-03-04,On Time
O0003249,East Hub,9.66,2026-03-04,2026-03-03,On Time
O0003250,West Hub,12.44,2026-03-02,2026-03-04,Late
O0003251,Central Hub,19.9,2026-03-03,2026-03-03,On Time
O0003252,West Hub,14.46,2026-03-03,2026-03-02,On Time
O0003253,West Hub,10.5,2026-03-02,2026-03-01,On Time
O0003254,Central Hub,8.56,2026-03-04,2026-03-04,On Time
O0003255,East Hub,5.72,2026-03-04,2026-03-03,On Time
O0003256,West Hub,10.48,2026-03-02,2026-03-07,Late
O0003257,East Hub,12.49,2026-03-01,2026-02-28,On Time
O0003258,Central Hub,8.84,2026-03-04,2026-03-04,On Time
O0003259,East Hub,13.34,2026-03-01,2026-02-28,On Time
O0003260,East Hub,7.14,2026-03-03,2026-03-02,On Time
O0003261,West Hub,9.8,2026-03-03,2026-03-03,On Time
O0003262,West Hub,23.94,2026-03-02,2026-03-01,On Time
O0003263,East Hub,8.31,2026-03-04,2026-03-04,On Time
O0003264,West Hub,20.46,2026-03-03,2026-03-03,On Time
O0003265,East Hub,12.8,2026-03-01,2026-02-28,On Time
O0003266,West Hub,8.61,2026-03-03,2026-03-02,On Time
O0003267,East Hub,9.2,2026-03-04,2026-03-06,Late
O0003268,East Hub,6.53,2026-03-01,2026-02-28,On Time
O0003269,West Hub,9.2,2026-03-04,2026-03-03,On Time
O0003270,West Hub,20.88,2026-03-04,2026-03-04,On Time
O0003271,West Hub,12.68,2026-03-01,2026-03-01,On Time
O0003272,East Hub,9.63,2026-03-02,2026-03-01,On Time
O0003273,West Hub,10.68,2026-03-01,2026-02-28,On Time
O0003274,Central Hub,10.44,2026-03-02,2026-03-01,On Time
O0003275,Central Hub,10.98,2026-03-03,2026-03-02,On Time
O0003276,Central Hub,14.5,2026-03-01,2026-02-28,On Time
O0003277,Central Hub,6.23,2026-03-05,2026-03-06,Late
O0003278,West Hub,16.84,2026-03-03,2026-03-02,On Time
O0003279,West Hub,11.3,2026-03-05,2026-03-08,Late
O0003280,West Hub,8.87,2026-03-04,2026-03-04,On Time
O0003281,West Hub,15.04,2026-03-04,2026-03-04,On Time
O0003282,West Hub,11.7,2026-03-05,2026-03-05,On Time
O0003283,Central Hub,9.17,2026-03-03,2026-03-02,On Time
O0003284,West Hub,8.87,2026-03-05,2026-03-04,On Time
O0003285,West Hub,11.83,2026-03-04,2026-03-04,On Time
O0003286,West Hub,17.02,2026-03-05,2026-03-05,On Time
O0003287,Central Hub,9.28,2026-03-03,2026-03-02,On Time
O0003288,West Hub,14.28,2026-03-02,2026-03-01,On Time
O0003289,West Hub,10.81,2026-03-05,2026-03-05,On Time
O0003290,East Hub,14.49,2026-03-02,2026-03-02,On Time
O0003291,West Hub,8.01,2026-03-02,2026-03-01,On Time
O0003292,East Hub,9.57,2026-03-02,2026-03-01,On Time
O0003293,East Hub,15.73,2026-03-03,2026-03-02,On Time
O0003294,East Hub,10.26,2026-03-02,2026-03-02,On Time
O0003295,West Hub,8.68,2026-03-03,2026-03-02,On Time
O0003296,West Hub,16.04,2026-03-03,2026-03-02,On Time
O0003297,East Hub,10.67,2026-03-02,2026-03-01,On Time
O0003298,West Hub,11.55,2026-03-03,2026-03-02,On Time
O0003299,West Hub,9.51,2026-03-02,2026-03-02,On Time
O0003300,East Hub,11.16,2026-03-03,2026-03-02,On Time
O0003301,Central Hub,6.99,2026-03-05,2026-03-04,On Time
O0003302,East Hub,7.95,2026-03-05,2026-03-05,On Time
O0003303,East Hub,10.48,2026-03-03,2026-03-02,On Time
O0003304,Central Hub,8.88,2026-03-05,2026-03-04,On Time
O0003305,West Hub,12.55,2026-03-04,2026-03-04,On Time
O0003306,Central Hub,6.98,2026-03-05,2026-03-05,On Time
O0003307,West Hub,18.27,2026-03-04,2026-03-03,On Time
O0003308,West Hub,8.97,2026-03-03,2026-03-03,On Time
O0003309,East Hub,7.14,2026-03-02,2026-03-02,On Time
O0003310,Central Hub,7.27,2026-03-02,2026-03-02,On Time
O0003311,Central Hub,10.47,2026-03-02,2026-03-01,On Time
O0003312,East Hub,10.19,2026-03-03,2026-03-03,On Time
O0003313,Central Hub,5.96,2026-03-02,2026-03-01,On Time
O0003314,East Hub,9.26,2026-03-04,2026-03-03,On Time
O0003315,Central Hub,7.04,2026-03-02,2026-03-03,Late
O0003316,Central Hub,5.7,2026-03-03,2026-03-02,On Time
O0003317,East Hub,6.5,2026-03-02,2026-03-02,On Time
O0003318,East Hub,7.39,2026-03-02,2026-03-01,On Time
O0003319,East Hub,9.97,2026-03-04,2026-03-03,On Time
O0003320,East Hub,14.53,2026-03-03,2026-03-02,On Time
O0003321,West Hub,7.74,2026-03-02,2026-03-02,On Time
O0003322,West Hub,18.77,2026-03-02,2026-03-01,On Time
O0003323,East Hub,7.15,2026-03-02,2026-03-02,On Time
O0003324,East Hub,9.36,2026-03-04,2026-03-05,Late
O0003325,West Hub,14.82,2026-03-04,2026-03-03,On Time
O0003326,West Hub,8.57,2026-03-06,2026-03-05,On Time
O0003327,Central Hub,6.53,2026-03-05,2026-03-04,On Time
O0003328,Central Hub,9.11,2026-03-03,2026-03-03,On Time
O0003329,Central Hub,9.89,2026-03-04,2026-03-04,On Time
O0003330,West Hub,10.88,2026-03-05,2026-03-04,On Time
O0003331,West Hub,13.43,2026-03-05,2026-03-07,Late
O0003332,Central Hub,8.07,2026-03-05,2026-03-04,On Time
O0003333,West Hub,13.88,2026-03-04,2026-03-04,On Time
O0003334,East Hub,13.17,2026-03-05,2026-03-04,On Time
O0003335,Central Hub,13.68,2026-03-03,2026-03-02,On Time
O0003336,Central Hub,9.22,2026-03-03,2026-03-03,On Time
O0003337,West Hub,7.29,2026-03-05,2026-03-04,On Time
O0003338,West Hub,9.04,2026-03-04,2026-03-03,On Time
O0003339,West Hub,7.72,2026-03-04,2026-03-03,On Time
O0003340,Central Hub,9.74,2026-03-06,2026-03-06,On Time
O0003341,Central Hub,8.77,2026-03-05,2026-03-04,On Time
O0003342,Central Hub,10.5,2026-03-03,2026-03-03,On Time
O0003343,East Hub,10.18,2026-03-05,2026-03-04,On Time
O0003344,West Hub,8.43,2026-03-05,2026-03-05,On Time
O0003345,East Hub,11.71,2026-03-05,2026-03-05,On Time
O0003346,West Hub,11.68,2026-03-04,2026-03-04,On Time
O0003347,Central Hub,8.63,2026-03-05,2026-03-05,On Time
O0003348,East Hub,7.82,2026-03-06,2026-03-06,On Time
O0003349,East Hub,8.75,2026-03-06,2026-03-06,On Time
O0003350,West Hub,14.34,2026-03-05,2026-03-05,On Time
O0003351,East Hub,9.91,2026-03-06,2026-03-06,On Time
O0003352,West Hub,7.6,2026-03-06,2026-03-06,On Time
O0003353,East Hub,12.59,2026-03-06,2026-03-05,On Time
O0003354,East Hub,8.08,2026-03-03,2026-03-02,On Time
O0003355,East Hub,16.01,2026-03-05,2026-03-05,On Time
O0003356,East Hub,5.8,2026-03-04,2026-03-04,On Time
O0003357,Central Hub,25.53,2026-03-05,2026-03-04,On Time
O0003358,East Hub,8.39,2026-03-05,2026-03-05,On Time
O0003359,West Hub,11.28,2026-03-04,2026-03-04,On Time
O0003360,West Hub,16.43,2026-03-04,2026-03-04,On Time
O0003361,East Hub,8.94,2026-03-04,2026-03-03,On Time
O0003362,Central Hub,12.41,2026-03-05,2026-03-04,On Time
O0003363,West Hub,15.76,2026-03-05,2026-03-04,On Time
O0003364,Central Hub,11.04,2026-03-04,2026-03-04,On Time
O0003365,West Hub,12.57,2026-03-03,2026-03-02,On Time
O0003366,Central Hub,8.5,2026-03-03,2026-03-02,On Time
O0003367,West Hub,10.66,2026-03-03,2026-03-02,On Time
O0003368,Central Hub,9.1,2026-03-03,2026-03-02,On Time
O0003369,West Hub,10.3,2026-03-04,2026-03-03,On Time
O0003370,West Hub,9.44,2026-03-06,2026-03-06,On Time
O0003371,West Hub,16.78,2026-03-05,2026-03-05,On Time
O0003372,Central Hub,8.6,2026-03-05,2026-03-05,On Time
O0003373,East Hub,10.4,2026-03-04,2026-03-04,On Time
O0003374,West Hub,7.77,2026-03-04,2026-03-09,Late
O0003375,West Hub,11.46,2026-03-05,2026-03-04,On Time
O0003376,East Hub,13.66,2026-03-04,2026-03-03,On Time
O0003377,Central Hub,13.04,2026-03-04,2026-03-03,On Time
O0003378,Central Hub,8.45,2026-03-03,2026-03-02,On Time
O0003379,East Hub,5.6,2026-03-06,2026-03-06,On Time
O0003380,Central Hub,19.94,2026-03-04,2026-03-04,On Time
O0003381,West Hub,18.35,2026-03-05,2026-03-04,On Time
O0003382,East Hub,9.73,2026-03-04,2026-03-04,On Time
O0003383,West Hub,8.88,2026-03-05,2026-03-05,On Time
O0003384,West Hub,18.59,2026-03-06,2026-03-06,On Time
O0003385,East Hub,12.86,2026-03-07,2026-03-06,On Time
O0003386,West Hub,9.42,2026-03-07,2026-03-07,On Time
O0003387,East Hub,10.07,2026-03-06,2026-03-05,On Time
O0003388,Central Hub,7.36,2026-03-07,2026-03-06,On Time
O0003389,Central Hub,9.95,2026-03-05,2026-03-05,On Time
O0003390,Central Hub,8.58,2026-03-07,2026-03-06,On Time
O0003391,West Hub,11.81,2026-03-06,2026-03-05,On Time
O0003392,East Hub,9.85,2026-03-07,2026-03-09,Late
O0003393,West Hub,8.54,2026-03-07,2026-03-06,On Time
O0003394,Central Hub,6.49,2026-03-05,2026-03-05,On Time
O0003395,Central Hub,6.82,2026-03-07,2026-03-07,On Time
O0003396,East Hub,10.89,2026-03-07,2026-03-07,On Time
O0003397,West Hub,11.86,2026-03-04,2026-03-04,On Time
O0003398,East Hub,14.86,2026-03-04,2026-03-03,On Time
O0003399,Central Hub,19.58,2026-03-04,2026-03-03,On Time
O0003400,Central Hub,6.58,2026-03-05,2026-03-08,Late
O0003401,East Hub,9.7,2026-03-07,2026-03-07,On Time
O0003402,West Hub,8.69,2026-03-07,2026-03-10,Late
O0003403,Central Hub,10.95,2026-03-04,2026-03-04,On Time
O0003404,Central Hub,9.31,2026-03-04,2026-03-09,Late
O0003405,Central Hub,7.9,2026-03-07,2026-03-06,On Time
O0003406,West Hub,7.62,2026-03-07,2026-03-06,On Time
O0003407,East Hub,9.02,2026-03-05,2026-03-04,On Time
O0003408,Central Hub,6.74,2026-03-05,2026-03-07,Late
O0003409,Central Hub,8.78,2026-03-04,2026-03-03,On Time
O0003410,East Hub,9.53,2026-03-04,2026-03-04,On Time
O0003411,West Hub,7.43,2026-03-05,2026-03-05,On Time
O0003412,West Hub,14.52,2026-03-07,2026-03-06,On Time
O0003413,West Hub,9.38,2026-03-06,2026-03-06,On Time
O0003414,Central Hub,10.28,2026-03-04,2026-03-06,Late
O0003415,Central Hub,7.92,2026-03-05,2026-03-04,On Time
O0003416,East Hub,6.52,2026-03-07,2026-03-07,On Time
O0003417,Central Hub,8.81,2026-03-06,2026-03-05,On Time
O0003418,Central Hub,7.92,2026-03-05,2026-03-04,On Time
O0003419,West Hub,14.28,2026-03-05,2026-03-04,On Time
O0003420,Central Hub,8.73,2026-03-06,2026-03-05,On Time
O0003421,West Hub,9.97,2026-03-06,2026-03-05,On Time
O0003422,Central Hub,9.16,2026-03-05,2026-03-05,On Time
O0003423,Central Hub,13.21,2026-03-06,2026-03-05,On Time
O0003424,East Hub,13.5,2026-03-05,2026-03-04,On Time
O0003425,East Hub,11.19,2026-03-06,2026-03-05,On Time
O0003426,West Hub,9.74,2026-03-04,2026-03-04,On Time
O0003427,East Hub,8.09,2026-03-06,2026-03-05,On Time
O0003428,Central Hub,15.07,2026-03-07,2026-03-06,On Time
O0003429,East Hub,10.94,2026-03-06,2026-03-05,On Time
O0003430,Central Hub,15.22,2026-03-04,2026-03-03,On Time
O0003431,West Hub,13.8,2026-03-06,2026-03-05,On Time
O0003432,West Hub,7.79,2026-03-07,2026-03-07,On Time
O0003433,West Hub,14.16,2026-03-06,2026-03-05,On Time
O0003434,East Hub,11.6,2026-03-04,2026-03-03,On Time
O0003435,Central Hub,6.94,2026-03-06,2026-03-06,On Time
O0003436,East Hub,6.85,2026-03-06,2026-03-08,Late
O0003437,Central Hub,8.95,2026-03-08,2026-03-07,On Time
O0003438,West Hub,11.49,2026-03-08,2026-03-08,On Time
O0003439,West Hub,15.15,2026-03-05,2026-03-05,On Time
O0003440,East Hub,6.34,2026-03-07,2026-03-06,On Time
O0003441,Central Hub,18.63,2026-03-08,2026-03-08,On Time
O0003442,West Hub,13.61,2026-03-08,2026-03-08,On Time
O0003443,Central Hub,7.68,2026-03-06,2026-03-05,On Time
O0003444,West Hub,13.69,2026-03-07,2026-03-07,On Time
O0003445,East Hub,13.6,2026-03-05,2026-03-05,On Time
O0003446,Central Hub,9.2,2026-03-05,2026-03-04,On Time
O0003447,Central Hub,6.92,2026-03-07,2026-03-07,On Time
O0003448,Central Hub,13.04,2026-03-05,2026-03-04,On Time
O0003449,West Hub,8.88,2026-03-07,2026-03-07,On Time
O0003450,West Hub,10.25,2026-03-07,2026-03-06,On Time
O0003451,Central Hub,5.79,2026-03-08,2026-03-09,Late
O0003452,East Hub,11.15,2026-03-08,2026-03-08,On Time
O0003453,East Hub,18.38,2026-03-06,2026-03-05,On Time
O0003454,Central Hub,18.7,2026-03-05,2026-03-04,On Time
O0003455,Central Hub,10.59,2026-03-08,2026-03-07,On Time
O0003456,Central Hub,8.46,2026-03-07,2026-03-07,On Time
O0003457,West Hub,8.62,2026-03-07,2026-03-07,On Time
O0003458,East Hub,11.93,2026-03-08,2026-03-08,On Time
O0003459,East Hub,8.62,2026-03-07,2026-03-06,On Time
O0003460,Central Hub,13.47,2026-03-08,2026-03-08,On Time
O0003461,Central Hub,12.52,2026-03-08,2026-03-08,On Time
O0003462,West Hub,25.05,2026-03-08,2026-03-08,On Time
O0003463,East Hub,6.83,2026-03-05,2026-03-04,On Time
O0003464,Central Hub,9.58,2026-03-05,2026-03-08,Late
O0003465,West Hub,9.76,2026-03-07,2026-03-06,On Time
O0003466,Central Hub,7.3,2026-03-06,2026-03-09,Late
O0003467,West Hub,8.32,2026-03-06,2026-03-05,On Time
O0003468,East Hub,9.12,2026-03-06,2026-03-05,On Time
O0003469,Central Hub,5.6,2026-03-06,2026-03-06,On Time
O0003470,Central Hub,6.18,2026-03-06,2026-03-06,On Time
O0003471,East Hub,9.32,2026-03-08,2026-03-08,On Time
O0003472,East Hub,7.95,2026-03-07,2026-03-07,On Time
O0003473,Central Hub,9.26,2026-03-05,2026-03-04,On Time
O0003474,East Hub,10.64,2026-03-07,2026-03-06,On Time
O0003475,East Hub,12.61,2026-03-08,2026-03-07,On Time
O0003476,East Hub,8.76,2026-03-06,2026-03-06,On Time
O0003477,West Hub,16.28,2026-03-08,2026-03-07,On Time
O0003478,West Hub,16.89,2026-03-06,2026-03-06,On Time
O0003479,Central Hub,13.05,2026-03-07,2026-03-06,On Time
O0003480,East Hub,8.71,2026-03-06,2026-03-05,On Time
O0003481,East Hub,11.2,2026-03-07,2026-03-06,On Time
O0003482,Central Hub,16.55,2026-03-08,2026-03-08,On Time
O0003483,East Hub,6.22,2026-03-05,2026-03-04,On Time
O0003484,Central Hub,7.37,2026-03-08,2026-03-07,On Time
O0003485,West Hub,9.84,2026-03-05,2026-03-04,On Time
O0003486,West Hub,13.82,2026-03-06,2026-03-05,On Time
O0003487,West Hub,17.87,2026-03-08,2026-03-07,On Time
O0003488,West Hub,10.29,2026-03-07,2026-03-06,On Time
O0003489,West Hub,10.71,2026-03-05,2026-03-05,On Time
O0003490,East Hub,8.14,2026-03-06,2026-03-06,On Time
O0003491,East Hub,10.0,2026-03-08,2026-03-07,On Time
O0003492,Central Hub,14.9,2026-03-05,2026-03-05,On Time
O0003493,Central Hub,9.47,2026-03-05,2026-03-04,On Time
O0003494,Central Hub,10.99,2026-03-06,2026-03-10,Late
O0003495,East Hub,10.22,2026-03-07,2026-03-06,On Time
O0003496,East Hub,8.18,2026-03-08,2026-03-07,On Time
O0003497,East Hub,6.65,2026-03-07,2026-03-06,On Time
O0003498,West Hub,8.53,2026-03-05,2026-03-04,On Time
O0003499,Central Hub,6.57,2026-03-08,2026-03-08,On Time
O0003500,East Hub,6.82,2026-03-07,2026-03-06,On Time
O0003501,East Hub,7.47,2026-03-07,2026-03-07,On Time
O0003502,East Hub,9.67,2026-03-08,2026-03-12,Late
O0003503,West Hub,9.68,2026-03-09,2026-03-09,On Time
O0003504,Central Hub,12.39,2026-03-09,2026-03-08,On Time
O0003505,Central Hub,9.0,2026-03-06,2026-03-06,On Time
O0003506,East Hub,11.38,2026-03-08,2026-03-08,On Time
O0003507,West Hub,26.68,2026-03-06,2026-03-05,On Time
O0003508,West Hub,12.65,2026-03-08,2026-03-08,On Time
O0003509,West Hub,9.48,2026-03-07,2026-03-06,On Time
O0003510,West Hub,11.3,2026-03-06,2026-03-06,On Time
O0003511,West Hub,8.19,2026-03-07,2026-03-07,On Time
O0003512,West Hub,15.05,2026-03-09,2026-03-08,On Time
O0003513,West Hub,20.19,2026-03-06,2026-03-09,Late
O0003514,East Hub,8.6,2026-03-09,2026-03-08,On Time
O0003515,East Hub,19.44,2026-03-07,2026-03-07,On Time
O0003516,Central Hub,9.39,2026-03-06,2026-03-06,On Time
O0003517,West Hub,9.99,2026-03-09,2026-03-08,On Time
O0003518,West Hub,12.37,2026-03-07,2026-03-12,Late
O0003519,Central Hub,9.87,2026-03-06,2026-03-05,On Time
O0003520,East Hub,8.49,2026-03-09,2026-03-09,On Time
O0003521,West Hub,10.26,2026-03-08,2026-03-08,On Time
O0003522,West Hub,15.78,2026-03-06,2026-03-05,On Time
O0003523,West Hub,8.6,2026-03-06,2026-03-06,On Time
O0003524,Central Hub,12.59,2026-03-09,2026-03-08,On Time
O0003525,West Hub,9.19,2026-03-08,2026-03-07,On Time
O0003526,Central Hub,12.66,2026-03-09,2026-03-08,On Time
O0003527,West Hub,10.9,2026-03-09,2026-03-08,On Time
O0003528,Central Hub,9.96,2026-03-09,2026-03-09,On Time
O0003529,East Hub,5.75,2026-03-06,2026-03-05,On Time
O0003530,Central Hub,6.44,2026-03-07,2026-03-06,On Time
O0003531,West Hub,9.72,2026-03-09,2026-03-09,On Time
O0003532,West Hub,7.71,2026-03-06,2026-03-06,On Time
O0003533,East Hub,5.1,2026-03-07,2026-03-07,On Time
O0003534,West Hub,7.42,2026-03-06,2026-03-06,On Time
O0003535,West Hub,11.45,2026-03-09,2026-03-08,On Time
O0003536,Central Hub,17.14,2026-03-08,2026-03-07,On Time
O0003537,West Hub,13.87,2026-03-06,2026-03-05,On Time
O0003538,Central Hub,13.34,2026-03-08,2026-03-08,On Time
O0003539,West Hub,11.9,2026-03-09,2026-03-13,Late
O0003540,West Hub,19.49,2026-03-07,2026-03-06,On Time
O0003541,West Hub,10.39,2026-03-07,2026-03-09,Late
O0003542,East Hub,12.69,2026-03-07,2026-03-06,On Time
O0003543,West Hub,10.64,2026-03-07,2026-03-06,On Time
O0003544,Central Hub,7.73,2026-03-08,2026-03-07,On Time
O0003545,Central Hub,8.98,2026-03-07,2026-03-08,Late
O0003546,Central Hub,19.86,2026-03-06,2026-03-05,On Time
O0003547,East Hub,13.4,2026-03-08,2026-03-08,On Time
O0003548,East Hub,11.74,2026-03-08,2026-03-07,On Time
O0003549,Central Hub,6.6,2026-03-09,2026-03-09,On Time
O0003550,East Hub,18.53,2026-03-08,2026-03-07,On Time
O0003551,Central Hub,10.11,2026-03-06,2026-03-05,On Time
O0003552,Central Hub,9.73,2026-03-06,2026-03-06,On Time
O0003553,East Hub,6.73,2026-03-06,2026-03-06,On Time
O0003554,Central Hub,6.29,2026-03-09,2026-03-09,On Time
O0003555,East Hub,8.35,2026-03-08,2026-03-08,On Time
O0003556,West Hub,9.51,2026-03-09,2026-03-11,Late
O0003557,Central Hub,11.22,2026-03-07,2026-03-07,On Time
O0003558,West Hub,8.27,2026-03-07,2026-03-07,On Time
O0003559,Central Hub,8.64,2026-03-07,2026-03-07,On Time
O0003560,Central Hub,8.61,2026-03-08,2026-03-07,On Time
O0003561,West Hub,14.22,2026-03-08,2026-03-07,On Time
O0003562,West Hub,14.19,2026-03-07,2026-03-06,On Time
O0003563,Central Hub,8.51,2026-03-07,2026-03-10,Late
O0003564,West Hub,9.4,2026-03-10,2026-03-09,On Time
O0003565,East Hub,7.3,2026-03-09,2026-03-09,On Time
O0003566,West Hub,7.74,2026-03-10,2026-03-09,On Time
O0003567,West Hub,12.96,2026-03-09,2026-03-08,On Time
O0003568,West Hub,10.12,2026-03-10,2026-03-10,On Time
O0003569,West Hub,18.09,2026-03-08,2026-03-08,On Time
O0003570,East Hub,9.63,2026-03-10,2026-03-10,On Time
O0003571,East Hub,10.93,2026-03-10,2026-03-09,On Time
O0003572,East Hub,11.55,2026-03-09,2026-03-08,On Time
O0003573,East Hub,9.77,2026-03-09,2026-03-08,On Time
O0003574,West Hub,16.37,2026-03-10,2026-03-10,On Time
O0003575,East Hub,7.46,2026-03-09,2026-03-08,On Time
O0003576,Central Hub,11.25,2026-03-07,2026-03-12,Late
O0003577,Central Hub,10.86,2026-03-09,2026-03-09,On Time
O0003578,West Hub,9.56,2026-03-09,2026-03-14,Late
O0003579,West Hub,11.1,2026-03-09,2026-03-09,On Time
O0003580,East Hub,8.66,2026-03-08,2026-03-07,On Time
O0003581,Central Hub,6.75,2026-03-08,2026-03-08,On Time
O0003582,West Hub,8.9,2026-03-09,2026-03-09,On Time
O0003583,Central Hub,13.41,2026-03-08,2026-03-07,On Time
O0003584,Central Hub,12.53,2026-03-07,2026-03-06,On Time
O0003585,East Hub,13.96,2026-03-09,2026-03-09,On Time
O0003586,Central Hub,8.23,2026-03-07,2026-03-06,On Time
O0003587,East Hub,7.02,2026-03-07,2026-03-06,On Time
O0003588,West Hub,10.07,2026-03-10,2026-03-15,Late
O0003589,East Hub,13.07,2026-03-07,2026-03-06,On Time
O0003590,Central Hub,8.55,2026-03-07,2026-03-07,On Time
O0003591,Central Hub,13.59,2026-03-07,2026-03-07,On Time
O0003592,Central Hub,9.32,2026-03-07,2026-03-07,On Time
O0003593,East Hub,6.18,2026-03-09,2026-03-09,On Time
O0003594,Central Hub,6.95,2026-03-07,2026-03-06,On Time
O0003595,West Hub,9.16,2026-03-09,2026-03-12,Late
O0003596,Central Hub,9.55,2026-03-09,2026-03-09,On Time
O0003597,Central Hub,17.82,2026-03-08,2026-03-08,On Time
O0003598,Central Hub,6.11,2026-03-10,2026-03-10,On Time
O0003599,Central Hub,8.44,2026-03-08,2026-03-07,On Time
O0003600,East Hub,7.1,2026-03-10,2026-03-09,On Time
O0003601,West Hub,12.26,2026-03-10,2026-03-10,On Time
O0003602,East Hub,11.8,2026-03-09,2026-03-08,On Time
O0003603,Central Hub,7.38,2026-03-08,2026-03-07,On Time
O0003604,West Hub,14.65,2026-03-10,2026-03-09,On Time
O0003605,West Hub,14.05,2026-03-07,2026-03-07,On Time
O0003606,Central Hub,9.07,2026-03-10,2026-03-09,On Time
O0003607,West Hub,14.08,2026-03-09,2026-03-09,On Time
O0003608,West Hub,9.5,2026-03-07,2026-03-06,On Time
O0003609,West Hub,7.21,2026-03-09,2026-03-11,Late
O0003610,West Hub,10.21,2026-03-08,2026-03-08,On Time
O0003611,Central Hub,10.06,2026-03-07,2026-03-06,On Time
O0003612,East Hub,11.15,2026-03-09,2026-03-08,On Time
O0003613,Central Hub,9.31,2026-03-08,2026-03-08,On Time
O0003614,Central Hub,6.09,2026-03-10,2026-03-09,On Time
O0003615,West Hub,11.1,2026-03-10,2026-03-09,On Time
O0003616,East Hub,10.75,2026-03-10,2026-03-10,On Time
O0003617,East Hub,6.28,2026-03-09,2026-03-09,On Time
O0003618,East Hub,8.02,2026-03-11,2026-03-15,Late
O0003619,East Hub,9.12,2026-03-11,2026-03-11,On Time
O0003620,West Hub,10.4,2026-03-10,2026-03-09,On Time
O0003621,West Hub,16.67,2026-03-08,2026-03-07,On Time
O0003622,Central Hub,10.09,2026-03-11,2026-03-10,On Time
O0003623,Central Hub,9.97,2026-03-10,2026-03-10,On Time
O0003624,West Hub,13.14,2026-03-11,2026-03-11,On Time
O0003625,East Hub,16.3,2026-03-11,2026-03-11,On Time
O0003626,West Hub,10.16,2026-03-08,2026-03-07,On Time
O0003627,East Hub,6.83,2026-03-11,2026-03-11,On Time
O0003628,West Hub,11.03,2026-03-10,2026-03-09,On Time
O0003629,Central Hub,18.28,2026-03-08,2026-03-07,On Time
O0003630,East Hub,7.39,2026-03-08,2026-03-08,On Time
O0003631,Central Hub,7.11,2026-03-09,2026-03-08,On Time
O0003632,West Hub,8.59,2026-03-10,2026-03-09,On Time
O0003633,East Hub,8.39,2026-03-09,2026-03-12,Late
O0003634,Central Hub,10.2,2026-03-08,2026-03-11,Late
O0003635,East Hub,8.68,2026-03-09,2026-03-08,On Time
O0003636,Central Hub,7.82,2026-03-08,2026-03-08,On Time
O0003637,East Hub,12.56,2026-03-10,2026-03-14,Late
O0003638,West Hub,8.3,2026-03-08,2026-03-08,On Time
O0003639,East Hub,14.28,2026-03-10,2026-03-09,On Time
O0003640,Central Hub,8.89,2026-03-08,2026-03-08,On Time
O0003641,East Hub,5.61,2026-03-11,2026-03-11,On Time
O0003642,West Hub,10.76,2026-03-08,2026-03-07,On Time
O0003643,West Hub,15.13,2026-03-08,2026-03-08,On Time
O0003644,West Hub,17.98,2026-03-08,2026-03-07,On Time
O0003645,West Hub,13.4,2026-03-08,2026-03-12,Late
O0003646,East Hub,9.38,2026-03-10,2026-03-10,On Time
O0003647,West Hub,22.01,2026-03-09,2026-03-09,On Time
O0003648,West Hub,12.76,2026-03-10,2026-03-09,On Time
O0003649,East Hub,7.92,2026-03-08,2026-03-08,On Time
O0003650,East Hub,8.44,2026-03-10,2026-03-09,On Time
O0003651,Central Hub,12.56,2026-03-10,2026-03-10,On Time
O0003652,Central Hub,7.09,2026-03-09,2026-03-09,On Time
O0003653,West Hub,9.09,2026-03-11,2026-03-10,On Time
O0003654,Central Hub,17.02,2026-03-08,2026-03-07,On Time
O0003655,West Hub,14.32,2026-03-11,2026-03-11,On Time
O0003656,West Hub,9.03,2026-03-11,2026-03-11,On Time
O0003657,East Hub,7.04,2026-03-08,2026-03-07,On Time
O0003658,Central Hub,12.56,2026-03-09,2026-03-08,On Time
O0003659,East Hub,7.6,2026-03-08,2026-03-08,On Time
O0003660,Central Hub,10.92,2026-03-08,2026-03-07,On Time
O0003661,East Hub,10.54,2026-03-08,2026-03-08,On Time
O0003662,East Hub,22.31,2026-03-11,2026-03-11,On Time
O0003663,West Hub,9.04,2026-03-11,2026-03-10,On Time
O0003664,East Hub,7.84,2026-03-11,2026-03-11,On Time
O0003665,West Hub,7.47,2026-03-11,2026-03-10,On Time
O0003666,East Hub,12.76,2026-03-11,2026-03-10,On Time
O0003667,East Hub,7.72,2026-03-09,2026-03-08,On Time
O0003668,Central Hub,15.84,2026-03-10,2026-03-10,On Time
O0003669,East Hub,10.07,2026-03-08,2026-03-08,On Time
O0003670,West Hub,10.43,2026-03-09,2026-03-09,On Time
O0003671,West Hub,12.47,2026-03-11,2026-03-10,On Time
O0003672,West Hub,12.55,2026-03-08,2026-03-08,On Time
O0003673,West Hub,11.76,2026-03-08,2026-03-08,On Time
O0003674,West Hub,9.51,2026-03-11,2026-03-10,On Time
O0003675,East Hub,8.91,2026-03-08,2026-03-07,On Time
O0003676,Central Hub,13.87,2026-03-11,2026-03-10,On Time
O0003677,Central Hub,11.76,2026-03-11,2026-03-11,On Time
O0003678,West Hub,6.66,2026-03-08,2026-03-07,On Time
O0003679,West Hub,9.71,2026-03-09,2026-03-08,On Time
O0003680,Central Hub,10.84,2026-03-11,2026-03-11,On Time
O0003681,Central Hub,9.71,2026-03-09,2026-03-09,On Time
O0003682,Central Hub,9.85,2026-03-10,2026-03-09,On Time
O0003683,East Hub,6.36,2026-03-11,2026-03-11,On Time
O0003684,Central Hub,8.78,2026-03-09,2026-03-08,On Time
O0003685,East Hub,9.72,2026-03-09,2026-03-08,On Time
O0003686,West Hub,9.18,2026-03-09,2026-03-08,On Time
O0003687,Central Hub,7.81,2026-03-11,2026-03-10,On Time
O0003688,East Hub,7.63,2026-03-12,2026-03-12,On Time
O0003689,East Hub,8.04,2026-03-12,2026-03-11,On Time
O0003690,East Hub,9.19,2026-03-11,2026-03-11,On Time
O0003691,East Hub,15.5,2026-03-11,2026-03-11,On Time
O0003692,West Hub,8.83,2026-03-09,2026-03-08,On Time
O0003693,East Hub,7.19,2026-03-12,2026-03-11,On Time
O0003694,Central Hub,10.92,2026-03-11,2026-03-10,On Time
O0003695,East Hub,7.48,2026-03-12,2026-03-12,On Time
O0003696,East Hub,11.17,2026-03-09,2026-03-09,On Time
O0003697,West Hub,8.99,2026-03-10,2026-03-10,On Time
O0003698,Central Hub,10.55,2026-03-09,2026-03-09,On Time
O0003699,West Hub,8.12,2026-03-11,2026-03-12,Late
O0003700,Central Hub,12.83,2026-03-10,2026-03-09,On Time
O0003701,East Hub,7.77,2026-03-12,2026-03-12,On Time
O0003702,West Hub,10.88,2026-03-10,2026-03-09,On Time
O0003703,East Hub,10.92,2026-03-12,2026-03-11,On Time
O0003704,Central Hub,12.49,2026-03-09,2026-03-08,On Time
O0003705,East Hub,6.83,2026-03-09,2026-03-09,On Time
O0003706,Central Hub,16.69,2026-03-09,2026-03-09,On Time
O0003707,East Hub,8.09,2026-03-11,2026-03-14,Late
O0003708,West Hub,12.99,2026-03-11,2026-03-12,Late
O0003709,West Hub,15.61,2026-03-12,2026-03-12,On Time
O0003710,West Hub,9.62,2026-03-09,2026-03-08,On Time
O0003711,Central Hub,10.4,2026-03-12,2026-03-11,On Time
O0003712,East Hub,21.08,2026-03-11,2026-03-10,On Time
O0003713,West Hub,14.03,2026-03-12,2026-03-17,Late
O0003714,West Hub,10.17,2026-03-11,2026-03-11,On Time
O0003715,Central Hub,14.57,2026-03-12,2026-03-11,On Time
O0003716,Central Hub,13.76,2026-03-10,2026-03-10,On Time
O0003717,West Hub,16.58,2026-03-10,2026-03-11,Late
O0003718,West Hub,8.33,2026-03-12,2026-03-14,Late
O0003719,East Hub,10.66,2026-03-10,2026-03-10,On Time
O0003720,West Hub,8.34,2026-03-10,2026-03-10,On Time
O0003721,Central Hub,14.08,2026-03-10,2026-03-09,On Time
O0003722,West Hub,9.87,2026-03-10,2026-03-09,On Time
O0003723,Central Hub,6.72,2026-03-12,2026-03-12,On Time
O0003724,West Hub,8.98,2026-03-09,2026-03-09,On Time
O0003725,East Hub,11.32,2026-03-10,2026-03-09,On Time
O0003726,Central Hub,9.17,2026-03-09,2026-03-08,On Time
O0003727,Central Hub,6.73,2026-03-12,2026-03-12,On Time
O0003728,East Hub,16.06,2026-03-11,2026-03-11,On Time
O0003729,Central Hub,8.25,2026-03-11,2026-03-11,On Time
O0003730,Central Hub,11.79,2026-03-10,2026-03-10,On Time
O0003731,West Hub,8.39,2026-03-11,2026-03-11,On Time
O0003732,East Hub,13.91,2026-03-12,2026-03-12,On Time
O0003733,East Hub,6.17,2026-03-10,2026-03-10,On Time
O0003734,Central Hub,9.7,2026-03-11,2026-03-11,On Time
O0003735,East Hub,8.37,2026-03-10,2026-03-09,On Time
O0003736,East Hub,12.23,2026-03-09,2026-03-09,On Time
O0003737,East Hub,8.34,2026-03-11,2026-03-11,On Time
O0003738,Central Hub,8.27,2026-03-09,2026-03-09,On Time
O0003739,East Hub,9.54,2026-03-12,2026-03-16,Late
O0003740,West Hub,20.37,2026-03-10,2026-03-09,On Time
O0003741,Central Hub,7.68,2026-03-10,2026-03-10,On Time
O0003742,West Hub,12.44,2026-03-11,2026-03-11,On Time
O0003743,West Hub,8.41,2026-03-09,2026-03-08,On Time
O0003744,West Hub,8.39,2026-03-12,2026-03-12,On Time
O0003745,West Hub,9.93,2026-03-10,2026-03-09,On Time
O0003746,Central Hub,6.51,2026-03-11,2026-03-12,Late
O0003747,West Hub,8.24,2026-03-11,2026-03-10,On Time
O0003748,Central Hub,7.96,2026-03-11,2026-03-10,On Time
O0003749,East Hub,7.44,2026-03-11,2026-03-11,On Time
O0003750,West Hub,19.06,2026-03-13,2026-03-12,On Time
O0003751,West Hub,8.98,2026-03-10,2026-03-09,On Time
O0003752,West Hub,7.03,2026-03-13,2026-03-13,On Time
O0003753,East Hub,14.51,2026-03-11,2026-03-11,On Time
O0003754,West Hub,7.1,2026-03-13,2026-03-16,Late
O0003755,West Hub,8.21,2026-03-10,2026-03-09,On Time
O0003756,West Hub,9.97,2026-03-12,2026-03-11,On Time
O0003757,Central Hub,9.98,2026-03-12,2026-03-11,On Time
O0003758,Central Hub,7.34,2026-03-10,2026-03-10,On Time
O0003759,West Hub,13.35,2026-03-13,2026-03-13,On Time
O0003760,West Hub,7.69,2026-03-13,2026-03-12,On Time
O0003761,East Hub,9.38,2026-03-13,2026-03-12,On Time
O0003762,West Hub,7.81,2026-03-13,2026-03-12,On Time
O0003763,West Hub,9.71,2026-03-10,2026-03-09,On Time
O0003764,Central Hub,7.16,2026-03-10,2026-03-10,On Time
O0003765,East Hub,8.37,2026-03-12,2026-03-17,Late
O0003766,West Hub,11.01,2026-03-13,2026-03-12,On Time
O0003767,East Hub,9.27,2026-03-12,2026-03-12,On Time
O0003768,Central Hub,7.09,2026-03-12,2026-03-11,On Time
O0003769,West Hub,12.51,2026-03-13,2026-03-12,On Time
O0003770,West Hub,10.47,2026-03-11,2026-03-11,On Time
O0003771,Central Hub,9.6,2026-03-12,2026-03-11,On Time
O0003772,East Hub,14.89,2026-03-11,2026-03-16,Late
O0003773,West Hub,8.35,2026-03-10,2026-03-10,On Time
O0003774,East Hub,12.9,2026-03-12,2026-03-12,On Time
O0003775,East Hub,17.42,2026-03-10,2026-03-09,On Time
O0003776,Central Hub,8.62,2026-03-13,2026-03-13,On Time
O0003777,East Hub,10.63,2026-03-11,2026-03-11,On Time
O0003778,West Hub,7.32,2026-03-10,2026-03-10,On Time
O0003779,East Hub,9.56,2026-03-12,2026-03-12,On Time
O0003780,Central Hub,11.97,2026-03-13,2026-03-13,On Time
O0003781,Central Hub,7.55,2026-03-10,2026-03-10,On Time
O0003782,West Hub,8.0,2026-03-10,2026-03-09,On Time
O0003783,Central Hub,16.78,2026-03-13,2026-03-13,On Time
O0003784,East Hub,12.26,2026-03-10,2026-03-09,On Time
O0003785,West Hub,6.65,2026-03-13,2026-03-12,On Time
O0003786,East Hub,8.99,2026-03-10,2026-03-10,On Time
O0003787,Central Hub,11.47,2026-03-12,2026-03-12,On Time
O0003788,West Hub,9.17,2026-03-11,2026-03-10,On Time
O0003789,West Hub,9.45,2026-03-12,2026-03-14,Late
O0003790,East Hub,13.72,2026-03-12,2026-03-11,On Time
O0003791,West Hub,13.23,2026-03-10,2026-03-09,On Time
O0003792,Central Hub,7.21,2026-03-12,2026-03-11,On Time
O0003793,Central Hub,6.8,2026-03-10,2026-03-10,On Time
O0003794,West Hub,20.08,2026-03-13,2026-03-13,On Time
O0003795,West Hub,8.27,2026-03-12,2026-03-11,On Time
O0003796,West Hub,7.49,2026-03-13,2026-03-12,On Time
O0003797,Central Hub,7.98,2026-03-10,2026-03-09,On Time
O0003798,West Hub,8.15,2026-03-11,2026-03-11,On Time
O0003799,West Hub,7.76,2026-03-10,2026-03-09,On Time
O0003800,Central Hub,7.9,2026-03-10,2026-03-10,On Time
O0003801,Central Hub,10.52,2026-03-13,2026-03-13,On Time
O0003802,Central Hub,16.11,2026-03-10,2026-03-09,On Time
O0003803,East Hub,5.93,2026-03-12,2026-03-12,On Time
O0003804,East Hub,11.09,2026-03-10,2026-03-09,On Time
O0003805,Central Hub,9.15,2026-03-10,2026-03-09,On Time
O0003806,West Hub,9.75,2026-03-12,2026-03-11,On Time
O0003807,Central Hub,16.16,2026-03-13,2026-03-12,On Time
O0003808,West Hub,7.08,2026-03-11,2026-03-10,On Time
O0003809,West Hub,11.8,2026-03-12,2026-03-12,On Time
O0003810,West Hub,11.97,2026-03-11,2026-03-10,On Time
O0003811,Central Hub,8.37,2026-03-12,2026-03-12,On Time
O0003812,East Hub,7.42,2026-03-10,2026-03-10,On Time
O0003813,Central Hub,8.77,2026-03-11,2026-03-10,On Time
O0003814,East Hub,17.16,2026-03-13,2026-03-13,On Time
O0003815,East Hub,8.27,2026-03-10,2026-03-09,On Time
O0003816,East Hub,9.25,2026-03-10,2026-03-09,On Time
O0003817,Central Hub,11.24,2026-03-12,2026-03-11,On Time
O0003818,Central Hub,4.96,2026-03-13,2026-03-13,On Time
O0003819,Central Hub,11.15,2026-03-12,2026-03-12,On Time
O0003820,East Hub,10.94,2026-03-12,2026-03-11,On Time
O0003821,West Hub,10.19,2026-03-11,2026-03-10,On Time
O0003822,East Hub,7.5,2026-03-12,2026-03-11,On Time
O0003823,Central Hub,22.12,2026-03-14,2026-03-14,On Time
O0003824,Central Hub,12.35,2026-03-12,2026-03-11,On Time
O0003825,Central Hub,9.25,2026-03-12,2026-03-12,On Time
O0003826,West Hub,10.47,2026-03-12,2026-03-12,On Time
O0003827,Central Hub,11.61,2026-03-11,2026-03-10,On Time
O0003828,West Hub,8.23,2026-03-11,2026-03-10,On Time
O0003829,West Hub,8.38,2026-03-13,2026-03-13,On Time
O0003830,Central Hub,10.2,2026-03-13,2026-03-13,On Time
O0003831,West Hub,7.51,2026-03-12,2026-03-11,On Time
O0003832,East Hub,7.22,2026-03-11,2026-03-11,On Time
O0003833,West Hub,13.72,2026-03-12,2026-03-12,On Time
O0003834,West Hub,9.94,2026-03-11,2026-03-11,On Time
O0003835,West Hub,20.38,2026-03-14,2026-03-15,Late
O0003836,East Hub,8.74,2026-03-11,2026-03-11,On Time
O0003837,West Hub,7.67,2026-03-13,2026-03-12,On Time
O0003838,Central Hub,8.02,2026-03-14,2026-03-13,On Time
O0003839,West Hub,12.4,2026-03-12,2026-03-14,Late
O0003840,East Hub,12.82,2026-03-14,2026-03-14,On Time
O0003841,East Hub,5.57,2026-03-12,2026-03-12,On Time
O0003842,West Hub,17.73,2026-03-11,2026-03-11,On Time
O0003843,West Hub,10.19,2026-03-13,2026-03-12,On Time
O0003844,West Hub,15.92,2026-03-11,2026-03-10,On Time
O0003845,West Hub,9.67,2026-03-11,2026-03-11,On Time
O0003846,Central Hub,12.31,2026-03-14,2026-03-14,On Time
O0003847,East Hub,7.07,2026-03-11,2026-03-11,On Time
O0003848,Central Hub,6.58,2026-03-12,2026-03-12,On Time
O0003849,East Hub,10.63,2026-03-14,2026-03-14,On Time
O0003850,Central Hub,12.34,2026-03-13,2026-03-13,On Time
O0003851,Central Hub,8.57,2026-03-13,2026-03-13,On Time
O0003852,Central Hub,11.28,2026-03-11,2026-03-10,On Time
O0003853,East Hub,15.2,2026-03-14,2026-03-14,On Time
O0003854,West Hub,20.92,2026-03-12,2026-03-12,On Time
O0003855,Central Hub,7.4,2026-03-12,2026-03-12,On Time
O0003856,Central Hub,9.64,2026-03-13,2026-03-15,Late
O0003857,Central Hub,9.49,2026-03-12,2026-03-12,On Time
O0003858,Central Hub,8.87,2026-03-14,2026-03-13,On Time
O0003859,Central Hub,6.63,2026-03-11,2026-03-10,On Time
O0003860,Central Hub,12.9,2026-03-12,2026-03-11,On Time
O0003861,East Hub,12.17,2026-03-13,2026-03-12,On Time
O0003862,West Hub,8.84,2026-03-14,2026-03-14,On Time
O0003863,East Hub,7.64,2026-03-13,2026-03-12,On Time
O0003864,East Hub,18.44,2026-03-14,2026-03-14,On Time
O0003865,Central Hub,7.95,2026-03-11,2026-03-11,On Time
O0003866,West Hub,20.14,2026-03-14,2026-03-14,On Time
O0003867,West Hub,8.25,2026-03-13,2026-03-12,On Time
O0003868,East Hub,12.79,2026-03-13,2026-03-13,On Time
O0003869,Central Hub,7.94,2026-03-12,2026-03-11,On Time
O0003870,West Hub,12.01,2026-03-13,2026-03-15,Late
O0003871,West Hub,8.47,2026-03-11,2026-03-10,On Time
O0003872,West Hub,11.33,2026-03-11,2026-03-10,On Time
O0003873,West Hub,6.11,2026-03-13,2026-03-12,On Time
O0003874,East Hub,12.96,2026-03-14,2026-03-13,On Time
O0003875,Central Hub,8.43,2026-03-11,2026-03-11,On Time
O0003876,Central Hub,8.18,2026-03-13,2026-03-13,On Time
O0003877,East Hub,8.38,2026-03-11,2026-03-10,On Time
O0003878,East Hub,8.1,2026-03-14,2026-03-14,On Time
O0003879,West Hub,15.81,2026-03-11,2026-03-10,On Time
O0003880,Central Hub,10.16,2026-03-14,2026-03-13,On Time
O0003881,Central Hub,11.83,2026-03-11,2026-03-11,On Time
O0003882,West Hub,10.58,2026-03-14,2026-03-13,On Time
O0003883,Central Hub,16.58,2026-03-12,2026-03-11,On Time
O0003884,West Hub,8.99,2026-03-11,2026-03-11,On Time
O0003885,Central Hub,9.58,2026-03-11,2026-03-11,On Time
O0003886,East Hub,9.64,2026-03-13,2026-03-15,Late
O0003887,West Hub,7.77,2026-03-12,2026-03-11,On Time
O0003888,West Hub,21.44,2026-03-12,2026-03-12,On Time
O0003889,East Hub,16.38,2026-03-14,2026-03-13,On Time
O0003890,Central Hub,9.88,2026-03-14,2026-03-14,On Time
O0003891,Central Hub,9.93,2026-03-14,2026-03-15,Late
O0003892,Central Hub,7.63,2026-03-14,2026-03-14,On Time
O0003893,West Hub,11.99,2026-03-15,2026-03-14,On Time
O0003894,Central Hub,5.92,2026-03-14,2026-03-16,Late
O0003895,Central Hub,9.63,2026-03-13,2026-03-13,On Time
O0003896,East Hub,6.87,2026-03-14,2026-03-13,On Time
O0003897,West Hub,22.6,2026-03-13,2026-03-13,On Time
O0003898,West Hub,15.53,2026-03-13,2026-03-12,On Time
O0003899,West Hub,9.71,2026-03-12,2026-03-12,On Time
O0003900,Central Hub,7.28,2026-03-14,2026-03-14,On Time
O0003901,East Hub,9.7,2026-03-15,2026-03-17,Late
O0003902,Central Hub,8.3,2026-03-13,2026-03-12,On Time
O0003903,West Hub,15.74,2026-03-15,2026-03-14,On Time
O0003904,East Hub,11.96,2026-03-14,2026-03-13,On Time
O0003905,Central Hub,9.35,2026-03-12,2026-03-11,On Time
O0003906,East Hub,13.36,2026-03-13,2026-03-13,On Time
O0003907,Central Hub,8.58,2026-03-13,2026-03-13,On Time
O0003908,Central Hub,9.33,2026-03-12,2026-03-12,On Time
O0003909,Central Hub,10.97,2026-03-15,2026-03-18,Late
O0003910,East Hub,14.11,2026-03-12,2026-03-12,On Time
O0003911,West Hub,15.22,2026-03-14,2026-03-14,On Time
O0003912,Central Hub,9.49,2026-03-12,2026-03-17,Late
O0003913,Central Hub,7.74,2026-03-12,2026-03-11,On Time
O0003914,Central Hub,6.31,2026-03-13,2026-03-13,On Time
O0003915,West Hub,8.54,2026-03-12,2026-03-11,On Time
O0003916,East Hub,7.61,2026-03-13,2026-03-13,On Time
O0003917,Central Hub,10.42,2026-03-14,2026-03-14,On Time
O0003918,East Hub,7.96,2026-03-15,2026-03-15,On Time
O0003919,Central Hub,8.57,2026-03-13,2026-03-13,On Time
O0003920,East Hub,11.15,2026-03-14,2026-03-14,On Time
O0003921,East Hub,5.99,2026-03-12,2026-03-11,On Time
O0003922,West Hub,13.14,2026-03-15,2026-03-14,On Time
O0003923,West Hub,15.29,2026-03-15,2026-03-14,On Time
O0003924,East Hub,8.99,2026-03-15,2026-03-15,On Time
O0003925,West Hub,13.2,2026-03-15,2026-03-15,On Time
O0003926,Central Hub,10.29,2026-03-13,2026-03-15,Late
O0003927,West Hub,8.6,2026-03-12,2026-03-11,On Time
O0003928,East Hub,7.34,2026-03-14,2026-03-13,On Time
O0003929,East Hub,5.67,2026-03-15,2026-03-14,On Time
O0003930,West Hub,7.67,2026-03-13,2026-03-13,On Time
O0003931,Central Hub,8.47,2026-03-14,2026-03-13,On Time
O0003932,Central Hub,8.77,2026-03-15,2026-03-15,On Time
O0003933,Central Hub,18.57,2026-03-14,2026-03-14,On Time
O0003934,West Hub,6.49,2026-03-15,2026-03-20,Late
O0003935,East Hub,6.69,2026-03-14,2026-03-13,On Time
O0003936,East Hub,7.29,2026-03-15,2026-03-15,On Time
O0003937,East Hub,8.96,2026-03-14,2026-03-14,On Time
O0003938,West Hub,13.64,2026-03-15,2026-03-14,On Time
O0003939,West Hub,10.39,2026-03-13,2026-03-12,On Time
O0003940,West Hub,8.29,2026-03-14,2026-03-13,On Time
O0003941,West Hub,15.58,2026-03-14,2026-03-13,On Time
O0003942,Central Hub,14.17,2026-03-12,2026-03-13,Late
O0003943,East Hub,9.2,2026-03-15,2026-03-14,On Time
O0003944,East Hub,7.41,2026-03-13,2026-03-13,On Time
O0003945,West Hub,11.22,2026-03-13,2026-03-13,On Time
O0003946,East Hub,7.88,2026-03-13,2026-03-12,On Time
O0003947,East Hub,8.19,2026-03-15,2026-03-19,Late
O0003948,Central Hub,20.78,2026-03-12,2026-03-12,On Time
O0003949,Central Hub,12.08,2026-03-12,2026-03-11,On Time
O0003950,West Hub,11.97,2026-03-13,2026-03-12,On Time
O0003951,East Hub,6.2,2026-03-14,2026-03-14,On Time
O0003952,Central Hub,9.96,2026-03-13,2026-03-12,On Time
O0003953,East Hub,9.78,2026-03-15,2026-03-15,On Time
O0003954,West Hub,16.09,2026-03-13,2026-03-13,On Time
O0003955,Central Hub,7.18,2026-03-13,2026-03-13,On Time
O0003956,West Hub,13.12,2026-03-13,2026-03-17,Late
O0003957,West Hub,8.68,2026-03-16,2026-03-16,On Time
O0003958,Central Hub,9.38,2026-03-16,2026-03-15,On Time
O0003959,Central Hub,6.63,2026-03-14,2026-03-14,On Time
O0003960,West Hub,13.0,2026-03-14,2026-03-14,On Time
O0003961,West Hub,10.59,2026-03-15,2026-03-20,Late
O0003962,West Hub,12.82,2026-03-16,2026-03-18,Late
O0003963,East Hub,6.78,2026-03-15,2026-03-20,Late
O0003964,West Hub,11.19,2026-03-16,2026-03-16,On Time
O0003965,East Hub,9.86,2026-03-15,2026-03-14,On Time
O0003966,Central Hub,9.72,2026-03-15,2026-03-14,On Time
O0003967,Central Hub,9.73,2026-03-15,2026-03-14,On Time
O0003968,West Hub,13.11,2026-03-13,2026-03-13,On Time
O0003969,Central Hub,11.05,2026-03-15,2026-03-15,On Time
O0003970,Central Hub,8.53,2026-03-13,2026-03-12,On Time
O0003971,Central Hub,8.51,2026-03-14,2026-03-14,On Time
O0003972,West Hub,10.25,2026-03-16,2026-03-18,Late
O0003973,Central Hub,8.41,2026-03-13,2026-03-12,On Time
O0003974,West Hub,9.58,2026-03-13,2026-03-13,On Time
O0003975,Central Hub,6.31,2026-03-14,2026-03-14,On Time
O0003976,West Hub,7.5,2026-03-13,2026-03-13,On Time
O0003977,West Hub,13.21,2026-03-16,2026-03-15,On Time
O0003978,Central Hub,11.72,2026-03-13,2026-03-13,On Time
O0003979,East Hub,14.84,2026-03-14,2026-03-18,Late
O0003980,West Hub,16.99,2026-03-15,2026-03-14,On Time
O0003981,West Hub,13.84,2026-03-16,2026-03-15,On Time
O0003982,West Hub,10.08,2026-03-13,2026-03-12,On Time
O0003983,West Hub,11.35,2026-03-16,2026-03-16,On Time
O0003984,East Hub,8.75,2026-03-16,2026-03-16,On Time
O0003985,Central Hub,15.45,2026-03-16,2026-03-16,On Time
O0003986,Central Hub,11.98,2026-03-13,2026-03-13,On Time
O0003987,West Hub,10.88,2026-03-14,2026-03-13,On Time
O0003988,Central Hub,8.9,2026-03-14,2026-03-13,On Time
O0003989,Central Hub,13.71,2026-03-16,2026-03-19,Late
O0003990,East Hub,10.37,2026-03-15,2026-03-15,On Time
O0003991,East Hub,10.36,2026-03-14,2026-03-14,On Time
O0003992,West Hub,17.91,2026-03-13,2026-03-12,On Time
O0003993,Central Hub,10.01,2026-03-14,2026-03-13,On Time
O0003994,East Hub,8.79,2026-03-13,2026-03-12,On Time
O0003995,Central Hub,10.79,2026-03-14,2026-03-14,On Time
O0003996,West Hub,9.89,2026-03-13,2026-03-12,On Time
O0003997,Central Hub,12.68,2026-03-15,2026-03-18,Late
O0003998,West Hub,14.29,2026-03-15,2026-03-14,On Time
O0003999,West Hub,11.63,2026-03-14,2026-03-14,On Time
O0004000,East Hub,5.9,2026-03-13,2026-03-13,On Time
O0004001,West Hub,9.53,2026-03-16,2026-03-17,Late
O0004002,West Hub,9.05,2026-03-15,2026-03-15,On Time
O0004003,West Hub,10.73,2026-03-13,2026-03-12,On Time
O0004004,West Hub,8.82,2026-03-16,2026-03-16,On Time
O0004005,Central Hub,6.78,2026-03-15,2026-03-14,On Time
O0004006,Central Hub,11.89,2026-03-14,2026-03-14,On Time
O0004007,West Hub,14.91,2026-03-15,2026-03-15,On Time
O0004008,West Hub,12.0,2026-03-16,2026-03-21,Late
O0004009,East Hub,18.02,2026-03-15,2026-03-15,On Time
O0004010,Central Hub,9.47,2026-03-15,2026-03-14,On Time
O0004011,Central Hub,12.36,2026-03-16,2026-03-17,Late
O0004012,West Hub,9.26,2026-03-13,2026-03-13,On Time
O0004013,West Hub,8.99,2026-03-14,2026-03-14,On Time
O0004014,East Hub,11.04,2026-03-16,2026-03-16,On Time
O0004015,East Hub,10.25,2026-03-15,2026-03-15,On Time
O0004016,West Hub,13.51,2026-03-16,2026-03-15,On Time
O0004017,West Hub,17.03,2026-03-13,2026-03-12,On Time
O0004018,Central Hub,8.88,2026-03-16,2026-03-16,On Time
O0004019,West Hub,16.05,2026-03-15,2026-03-18,Late
O0004020,West Hub,7.69,2026-03-15,2026-03-15,On Time
O0004021,West Hub,11.75,2026-03-16,2026-03-16,On Time
O0004022,East Hub,9.07,2026-03-14,2026-03-14,On Time
O0004023,Central Hub,8.82,2026-03-16,2026-03-16,On Time
O0004024,West Hub,11.13,2026-03-17,2026-03-17,On Time
O0004025,Central Hub,13.76,2026-03-16,2026-03-16,On Time
O0004026,West Hub,10.23,2026-03-16,2026-03-16,On Time
O0004027,Central Hub,11.73,2026-03-16,2026-03-15,On Time
O0004028,East Hub,6.71,2026-03-17,2026-03-19,Late
O0004029,East Hub,8.51,2026-03-16,2026-03-16,On Time
O0004030,East Hub,9.17,2026-03-16,2026-03-19,Late
O0004031,West Hub,14.47,2026-03-17,2026-03-19,Late
O0004032,West Hub,11.15,2026-03-14,2026-03-13,On Time
O0004033,West Hub,7.9,2026-03-17,2026-03-16,On Time
O0004034,West Hub,10.16,2026-03-16,2026-03-16,On Time
O0004035,West Hub,14.11,2026-03-14,2026-03-14,On Time
O0004036,Central Hub,14.74,2026-03-14,2026-03-13,On Time
O0004037,East Hub,9.56,2026-03-15,2026-03-14,On Time
O0004038,West Hub,14.1,2026-03-14,2026-03-14,On Time
O0004039,East Hub,8.04,2026-03-17,2026-03-16,On Time
O0004040,West Hub,18.72,2026-03-16,2026-03-15,On Time
O0004041,East Hub,13.49,2026-03-17,2026-03-17,On Time
O0004042,Central Hub,9.19,2026-03-17,2026-03-16,On Time
O0004043,West Hub,8.61,2026-03-16,2026-03-16,On Time
O0004044,West Hub,9.52,2026-03-14,2026-03-14,On Time
O0004045,West Hub,12.88,2026-03-15,2026-03-14,On Time
O0004046,Central Hub,9.66,2026-03-14,2026-03-14,On Time
O0004047,East Hub,7.38,2026-03-16,2026-03-15,On Time
O0004048,West Hub,22.25,2026-03-14,2026-03-13,On Time
O0004049,Central Hub,6.6,2026-03-14,2026-03-13,On Time
O0004050,Central Hub,11.38,2026-03-17,2026-03-17,On Time
O0004051,East Hub,9.78,2026-03-16,2026-03-16,On Time
O0004052,Central Hub,9.62,2026-03-15,2026-03-14,On Time
O0004053,Central Hub,10.47,2026-03-14,2026-03-17,Late
O0004054,East Hub,9.49,2026-03-16,2026-03-16,On Time
O0004055,Central Hub,11.01,2026-03-15,2026-03-15,On Time
O0004056,East Hub,9.86,2026-03-14,2026-03-13,On Time
O0004057,West Hub,15.73,2026-03-16,2026-03-16,On Time
O0004058,West Hub,7.71,2026-03-16,2026-03-16,On Time
O0004059,Central Hub,7.26,2026-03-14,2026-03-13,On Time
O0004060,Central Hub,6.14,2026-03-15,2026-03-15,On Time
O0004061,West Hub,23.02,2026-03-15,2026-03-14,On Time
O0004062,Central Hub,9.2,2026-03-14,2026-03-13,On Time
O0004063,West Hub,11.28,2026-03-15,2026-03-14,On Time
O0004064,Central Hub,8.92,2026-03-16,2026-03-15,On Time
O0004065,East Hub,9.23,2026-03-14,2026-03-13,On Time
O0004066,Central Hub,8.41,2026-03-15,2026-03-15,On Time
O0004067,Central Hub,8.43,2026-03-17,2026-03-18,Late
O0004068,East Hub,11.6,2026-03-17,2026-03-16,On Time
O0004069,Central Hub,8.2,2026-03-15,2026-03-15,On Time
O0004070,Central Hub,6.61,2026-03-14,2026-03-13,On Time
O0004071,West Hub,8.57,2026-03-14,2026-03-14,On Time
O0004072,West Hub,12.83,2026-03-16,2026-03-16,On Time
O0004073,West Hub,7.61,2026-03-17,2026-03-16,On Time
O0004074,East Hub,7.59,2026-03-14,2026-03-14,On Time
O0004075,East Hub,14.45,2026-03-14,2026-03-13,On Time
O0004076,Central Hub,10.63,2026-03-14,2026-03-13,On Time
O0004077,West Hub,7.04,2026-03-14,2026-03-13,On Time
O0004078,East Hub,8.83,2026-03-16,2026-03-16,On Time
O0004079,East Hub,11.1,2026-03-14,2026-03-14,On Time
O0004080,East Hub,13.27,2026-03-17,2026-03-16,On Time
O0004081,West Hub,11.77,2026-03-15,2026-03-15,On Time
O0004082,West Hub,10.57,2026-03-14,2026-03-13,On Time
O0004083,West Hub,9.23,2026-03-16,2026-03-21,Late
O0004084,Central Hub,13.32,2026-03-17,2026-03-17,On Time
O0004085,West Hub,10.17,2026-03-16,2026-03-15,On Time
O0004086,East Hub,10.82,2026-03-14,2026-03-13,On Time
O0004087,East Hub,7.34,2026-03-17,2026-03-17,On Time
O0004088,East Hub,7.99,2026-03-16,2026-03-15,On Time
O0004089,West Hub,8.0,2026-03-16,2026-03-16,On Time
O0004090,West Hub,20.33,2026-03-14,2026-03-13,On Time
O0004091,Central Hub,13.47,2026-03-17,2026-03-17,On Time
O0004092,Central Hub,17.09,2026-03-15,2026-03-14,On Time
O0004093,East Hub,27.41,2026-03-17,2026-03-17,On Time
O0004094,Central Hub,16.45,2026-03-15,2026-03-14,On Time
O0004095,East Hub,9.2,2026-03-16,2026-03-16,On Time
O0004096,East Hub,8.51,2026-03-15,2026-03-14,On Time
O0004097,West Hub,12.72,2026-03-18,2026-03-17,On Time
O0004098,Central Hub,8.63,2026-03-17,2026-03-16,On Time
O0004099,East Hub,9.69,2026-03-18,2026-03-18,On Time
O0004100,West Hub,11.91,2026-03-17,2026-03-17,On Time
O0004101,West Hub,11.29,2026-03-17,2026-03-17,On Time
O0004102,West Hub,8.77,2026-03-15,2026-03-15,On Time
O0004103,Central Hub,7.66,2026-03-18,2026-03-17,On Time
O0004104,West Hub,7.67,2026-03-15,2026-03-14,On Time
O0004105,East Hub,9.69,2026-03-18,2026-03-17,On Time
O0004106,West Hub,12.73,2026-03-17,2026-03-16,On Time
O0004107,West Hub,7.85,2026-03-18,2026-03-18,On Time
O0004108,Central Hub,10.27,2026-03-15,2026-03-15,On Time
O0004109,East Hub,12.11,2026-03-15,2026-03-15,On Time
O0004110,West Hub,8.64,2026-03-17,2026-03-17,On Time
O0004111,East Hub,7.68,2026-03-15,2026-03-14,On Time
O0004112,East Hub,7.56,2026-03-18,2026-03-17,On Time
O0004113,East Hub,9.39,2026-03-16,2026-03-15,On Time
O0004114,East Hub,11.52,2026-03-15,2026-03-15,On Time
O0004115,West Hub,9.43,2026-03-16,2026-03-15,On Time
O0004116,West Hub,9.43,2026-03-16,2026-03-16,On Time
O0004117,East Hub,10.09,2026-03-17,2026-03-16,On Time
O0004118,East Hub,8.1,2026-03-17,2026-03-17,On Time
O0004119,West Hub,17.89,2026-03-16,2026-03-15,On Time
O0004120,Central Hub,10.21,2026-03-18,2026-03-17,On Time
O0004121,West Hub,13.87,2026-03-15,2026-03-14,On Time
O0004122,West Hub,14.8,2026-03-18,2026-03-18,On Time
O0004123,West Hub,9.62,2026-03-16,2026-03-16,On Time
O0004124,West Hub,13.86,2026-03-16,2026-03-15,On Time
O0004125,Central Hub,6.98,2026-03-16,2026-03-16,On Time
O0004126,Central Hub,8.47,2026-03-16,2026-03-15,On Time
O0004127,West Hub,8.02,2026-03-15,2026-03-14,On Time
O0004128,Central Hub,6.79,2026-03-17,2026-03-16,On Time
O0004129,East Hub,11.81,2026-03-16,2026-03-16,On Time
O0004130,Central Hub,7.17,2026-03-17,2026-03-16,On Time
O0004131,West Hub,8.05,2026-03-15,2026-03-14,On Time
O0004132,Central Hub,7.2,2026-03-17,2026-03-17,On Time
O0004133,West Hub,10.55,2026-03-18,2026-03-17,On Time
O0004134,East Hub,6.46,2026-03-16,2026-03-16,On Time
O0004135,West Hub,11.84,2026-03-16,2026-03-21,Late
O0004136,East Hub,7.91,2026-03-18,2026-03-17,On Time
O0004137,Central Hub,12.48,2026-03-18,2026-03-17,On Time
O0004138,West Hub,13.91,2026-03-18,2026-03-17,On Time
O0004139,West Hub,16.09,2026-03-18,2026-03-22,Late
O0004140,East Hub,8.88,2026-03-17,2026-03-16,On Time
O0004141,East Hub,6.84,2026-03-15,2026-03-14,On Time
O0004142,West Hub,10.56,2026-03-18,2026-03-19,Late
O0004143,East Hub,10.97,2026-03-17,2026-03-17,On Time
O0004144,East Hub,6.03,2026-03-16,2026-03-15,On Time
O0004145,Central Hub,5.8,2026-03-17,2026-03-17,On Time
O0004146,East Hub,13.47,2026-03-18,2026-03-17,On Time
O0004147,West Hub,13.98,2026-03-16,2026-03-17,Late
O0004148,West Hub,9.95,2026-03-15,2026-03-14,On Time
O0004149,Central Hub,11.78,2026-03-18,2026-03-18,On Time
O0004150,Central Hub,10.14,2026-03-16,2026-03-16,On Time
O0004151,West Hub,7.87,2026-03-15,2026-03-17,Late
O0004152,West Hub,9.22,2026-03-15,2026-03-14,On Time
O0004153,Central Hub,7.95,2026-03-18,2026-03-17,On Time
O0004154,Central Hub,16.01,2026-03-15,2026-03-15,On Time
O0004155,Central Hub,8.23,2026-03-16,2026-03-15,On Time
O0004156,East Hub,8.99,2026-03-18,2026-03-18,On Time
O0004157,East Hub,10.23,2026-03-15,2026-03-15,On Time
O0004158,West Hub,16.25,2026-03-16,2026-03-15,On Time
O0004159,Central Hub,9.35,2026-03-18,2026-03-17,On Time
O0004160,Central Hub,7.82,2026-03-17,2026-03-16,On Time
O0004161,Central Hub,8.59,2026-03-18,2026-03-17,On Time
O0004162,Central Hub,13.51,2026-03-16,2026-03-21,Late
O0004163,Central Hub,6.46,2026-03-16,2026-03-15,On Time
O0004164,Central Hub,7.97,2026-03-17,2026-03-21,Late
O0004165,East Hub,10.79,2026-03-18,2026-03-17,On Time
O0004166,Central Hub,10.58,2026-03-16,2026-03-16,On Time
O0004167,West Hub,7.61,2026-03-18,2026-03-18,On Time
O0004168,Central Hub,11.93,2026-03-18,2026-03-18,On Time
O0004169,East Hub,7.27,2026-03-18,2026-03-17,On Time
O0004170,West Hub,13.55,2026-03-18,2026-03-17,On Time
O0004171,Central Hub,6.39,2026-03-16,2026-03-15,On Time
O0004172,West Hub,13.62,2026-03-17,2026-03-17,On Time
O0004173,East Hub,7.73,2026-03-19,2026-03-21,Late
O0004174,West Hub,13.15,2026-03-18,2026-03-18,On Time
O0004175,West Hub,13.91,2026-03-16,2026-03-16,On Time
O0004176,Central Hub,11.15,2026-03-16,2026-03-16,On Time
O0004177,East Hub,13.17,2026-03-17,2026-03-17,On Time
O0004178,West Hub,9.53,2026-03-19,2026-03-24,Late
O0004179,Central Hub,14.63,2026-03-19,2026-03-19,On Time
O0004180,East Hub,17.75,2026-03-17,2026-03-17,On Time
O0004181,Central Hub,7.06,2026-03-16,2026-03-16,On Time
O0004182,East Hub,7.17,2026-03-17,2026-03-16,On Time
O0004183,Central Hub,9.59,2026-03-18,2026-03-18,On Time
O0004184,Central Hub,6.45,2026-03-16,2026-03-16,On Time
O0004185,East Hub,8.74,2026-03-16,2026-03-16,On Time
O0004186,East Hub,12.76,2026-03-19,2026-03-18,On Time
O0004187,East Hub,10.55,2026-03-17,2026-03-16,On Time
O0004188,Central Hub,9.88,2026-03-18,2026-03-19,Late
O0004189,East Hub,10.73,2026-03-19,2026-03-19,On Time
O0004190,West Hub,8.52,2026-03-17,2026-03-16,On Time
O0004191,West Hub,8.72,2026-03-18,2026-03-18,On Time
O0004192,East Hub,15.42,2026-03-16,2026-03-18,Late
O0004193,West Hub,7.67,2026-03-16,2026-03-15,On Time
O0004194,West Hub,10.54,2026-03-19,2026-03-19,On Time
O0004195,East Hub,7.56,2026-03-18,2026-03-18,On Time
O0004196,West Hub,13.53,2026-03-17,2026-03-16,On Time
O0004197,Central Hub,11.76,2026-03-16,2026-03-18,Late
O0004198,Central Hub,10.96,2026-03-17,2026-03-17,On Time
O0004199,East Hub,10.8,2026-03-17,2026-03-16,On Time
O0004200,Central Hub,15.31,2026-03-17,2026-03-17,On Time
O0004201,Central Hub,12.91,2026-03-19,2026-03-18,On Time
O0004202,Central Hub,9.32,2026-03-16,2026-03-16,On Time
O0004203,Central Hub,11.16,2026-03-16,2026-03-15,On Time
O0004204,West Hub,21.51,2026-03-19,2026-03-19,On Time
O0004205,West Hub,12.81,2026-03-19,2026-03-19,On Time
O0004206,Central Hub,11.41,2026-03-17,2026-03-16,On Time
O0004207,West Hub,10.86,2026-03-19,2026-03-18,On Time
O0004208,Central Hub,9.71,2026-03-16,2026-03-15,On Time
O0004209,West Hub,8.74,2026-03-19,2026-03-19,On Time
O0004210,East Hub,6.83,2026-03-18,2026-03-17,On Time
O0004211,Central Hub,15.86,2026-03-18,2026-03-17,On Time
O0004212,West Hub,13.79,2026-03-17,2026-03-17,On Time
O0004213,Central Hub,17.61,2026-03-16,2026-03-15,On Time
O0004214,East Hub,12.33,2026-03-17,2026-03-17,On Time
O0004215,East Hub,7.49,2026-03-17,2026-03-17,On Time
O0004216,East Hub,9.78,2026-03-17,2026-03-17,On Time
O0004217,West Hub,10.65,2026-03-19,2026-03-18,On Time
O0004218,West Hub,9.98,2026-03-16,2026-03-15,On Time
O0004219,East Hub,9.77,2026-03-19,2026-03-19,On Time
O0004220,East Hub,10.98,2026-03-19,2026-03-18,On Time
O0004221,Central Hub,11.64,2026-03-19,2026-03-19,On Time
O0004222,East Hub,6.92,2026-03-17,2026-03-16,On Time
O0004223,East Hub,8.11,2026-03-16,2026-03-16,On Time
O0004224,West Hub,10.1,2026-03-18,2026-03-18,On Time
O0004225,West Hub,7.95,2026-03-17,2026-03-17,On Time
O0004226,Central Hub,9.1,2026-03-16,2026-03-16,On Time
O0004227,West Hub,15.89,2026-03-19,2026-03-18,On Time
O0004228,East Hub,8.34,2026-03-20,2026-03-20,On Time
O0004229,West Hub,12.64,2026-03-20,2026-03-19,On Time
O0004230,East Hub,11.46,2026-03-19,2026-03-20,Late
O0004231,Central Hub,7.7,2026-03-19,2026-03-18,On Time
O0004232,East Hub,8.32,2026-03-20,2026-03-24,Late
O0004233,East Hub,6.43,2026-03-17,2026-03-17,On Time
O0004234,Central Hub,7.46,2026-03-18,2026-03-17,On Time
O0004235,East Hub,9.07,2026-03-17,2026-03-17,On Time
O0004236,East Hub,11.67,2026-03-19,2026-03-18,On Time
O0004237,Central Hub,6.47,2026-03-17,2026-03-21,Late
O0004238,West Hub,8.28,2026-03-17,2026-03-17,On Time
O0004239,West Hub,17.59,2026-03-19,2026-03-19,On Time
O0004240,West Hub,9.82,2026-03-17,2026-03-17,On Time
O0004241,West Hub,9.23,2026-03-19,2026-03-19,On Time
O0004242,West Hub,9.57,2026-03-18,2026-03-17,On Time
O0004243,East Hub,8.84,2026-03-20,2026-03-19,On Time
O0004244,East Hub,6.69,2026-03-20,2026-03-19,On Time
O0004245,Central Hub,12.68,2026-03-18,2026-03-17,On Time
O0004246,West Hub,12.5,2026-03-18,2026-03-18,On Time
O0004247,Central Hub,6.97,2026-03-20,2026-03-20,On Time
O0004248,West Hub,12.93,2026-03-18,2026-03-17,On Time
O0004249,East Hub,14.77,2026-03-19,2026-03-19,On Time
O0004250,Central Hub,9.95,2026-03-19,2026-03-18,On Time
O0004251,East Hub,13.67,2026-03-19,2026-03-23,Late
O0004252,Central Hub,10.3,2026-03-17,2026-03-22,Late
O0004253,West Hub,15.85,2026-03-18,2026-03-17,On Time
O0004254,East Hub,8.92,2026-03-17,2026-03-22,Late
O0004255,West Hub,8.35,2026-03-17,2026-03-16,On Time
O0004256,East Hub,10.06,2026-03-17,2026-03-16,On Time
O0004257,East Hub,10.36,2026-03-17,2026-03-16,On Time
O0004258,West Hub,10.14,2026-03-18,2026-03-18,On Time
O0004259,Central Hub,7.44,2026-03-19,2026-03-19,On Time
O0004260,Central Hub,15.94,2026-03-17,2026-03-17,On Time
O0004261,West Hub,11.55,2026-03-17,2026-03-16,On Time
O0004262,East Hub,13.88,2026-03-19,2026-03-19,On Time
O0004263,East Hub,7.57,2026-03-17,2026-03-17,On Time
O0004264,West Hub,10.22,2026-03-18,2026-03-18,On Time
O0004265,East Hub,13.58,2026-03-18,2026-03-17,On Time
O0004266,Central Hub,8.66,2026-03-18,2026-03-18,On Time
O0004267,Central Hub,6.38,2026-03-20,2026-03-25,Late
O0004268,West Hub,13.25,2026-03-18,2026-03-17,On Time
O0004269,West Hub,12.7,2026-03-18,2026-03-18,On Time
O0004270,West Hub,10.37,2026-03-18,2026-03-18,On Time
O0004271,East Hub,11.06,2026-03-18,2026-03-18,On Time
O0004272,East Hub,13.65,2026-03-18,2026-03-18,On Time
O0004273,East Hub,6.26,2026-03-20,2026-03-20,On Time
O0004274,West Hub,12.3,2026-03-18,2026-03-17,On Time
O0004275,West Hub,17.69,2026-03-20,2026-03-20,On Time
O0004276,East Hub,7.18,2026-03-19,2026-03-19,On Time
O0004277,Central Hub,8.64,2026-03-17,2026-03-16,On Time
O0004278,Central Hub,11.01,2026-03-19,2026-03-19,On Time
O0004279,East Hub,8.21,2026-03-19,2026-03-24,Late
O0004280,Central Hub,8.33,2026-03-19,2026-03-19,On Time
O0004281,West Hub,9.02,2026-03-20,2026-03-20,On Time
O0004282,Central Hub,5.42,2026-03-20,2026-03-20,On Time
O0004283,Central Hub,8.07,2026-03-20,2026-03-20,On Time
O0004284,Central Hub,10.05,2026-03-17,2026-03-21,Late
O0004285,West Hub,9.98,2026-03-20,2026-03-19,On Time
O0004286,Central Hub,5.96,2026-03-18,2026-03-17,On Time
O0004287,West Hub,12.69,2026-03-17,2026-03-17,On Time
O0004288,East Hub,12.89,2026-03-20,2026-03-20,On Time
O0004289,West Hub,8.6,2026-03-20,2026-03-24,Late
O0004290,Central Hub,7.2,2026-03-19,2026-03-19,On Time
O0004291,East Hub,12.58,2026-03-18,2026-03-20,Late
O0004292,West Hub,16.73,2026-03-18,2026-03-23,Late
O0004293,West Hub,7.94,2026-03-20,2026-03-19,On Time
O0004294,Central Hub,9.82,2026-03-18,2026-03-18,On Time
O0004295,West Hub,8.63,2026-03-21,2026-03-21,On Time
O0004296,East Hub,9.61,2026-03-20,2026-03-20,On Time
O0004297,West Hub,10.05,2026-03-21,2026-03-20,On Time
O0004298,Central Hub,8.15,2026-03-19,2026-03-18,On Time
O0004299,West Hub,9.04,2026-03-19,2026-03-19,On Time
O0004300,East Hub,11.95,2026-03-20,2026-03-20,On Time
O0004301,East Hub,10.44,2026-03-18,2026-03-18,On Time
O0004302,West Hub,14.79,2026-03-20,2026-03-19,On Time
O0004303,West Hub,9.08,2026-03-19,2026-03-19,On Time
O0004304,Central Hub,7.6,2026-03-20,2026-03-19,On Time
O0004305,Central Hub,10.09,2026-03-19,2026-03-18,On Time
O0004306,Central Hub,7.75,2026-03-19,2026-03-18,On Time
O0004307,East Hub,13.52,2026-03-20,2026-03-19,On Time
O0004308,East Hub,12.65,2026-03-20,2026-03-19,On Time
O0004309,Central Hub,6.34,2026-03-20,2026-03-19,On Time
O0004310,West Hub,10.29,2026-03-18,2026-03-18,On Time
O0004311,Central Hub,13.87,2026-03-21,2026-03-21,On Time
O0004312,West Hub,15.61,2026-03-18,2026-03-18,On Time
O0004313,Central Hub,7.75,2026-03-18,2026-03-17,On Time
O0004314,East Hub,11.26,2026-03-19,2026-03-19,On Time
O0004315,Central Hub,7.95,2026-03-21,2026-03-20,On Time
O0004316,Central Hub,6.11,2026-03-18,2026-03-18,On Time
O0004317,Central Hub,8.86,2026-03-21,2026-03-20,On Time
O0004318,Central Hub,18.21,2026-03-20,2026-03-19,On Time
O0004319,West Hub,10.76,2026-03-20,2026-03-19,On Time
O0004320,Central Hub,10.96,2026-03-20,2026-03-20,On Time
O0004321,East Hub,7.62,2026-03-21,2026-03-21,On Time
O0004322,West Hub,11.69,2026-03-18,2026-03-17,On Time
O0004323,West Hub,15.14,2026-03-21,2026-03-21,On Time
O0004324,West Hub,14.5,2026-03-18,2026-03-17,On Time
O0004325,West Hub,8.4,2026-03-21,2026-03-20,On Time
O0004326,Central Hub,10.69,2026-03-21,2026-03-21,On Time
O0004327,Central Hub,8.94,2026-03-20,2026-03-20,On Time
O0004328,Central Hub,6.93,2026-03-20,2026-03-20,On Time
O0004329,West Hub,12.26,2026-03-21,2026-03-20,On Time
O0004330,West Hub,16.06,2026-03-18,2026-03-18,On Time
O0004331,East Hub,6.88,2026-03-19,2026-03-18,On Time
O0004332,West Hub,6.88,2026-03-20,2026-03-20,On Time
O0004333,Central Hub,8.02,2026-03-21,2026-03-20,On Time
O0004334,East Hub,10.25,2026-03-18,2026-03-18,On Time
O0004335,West Hub,9.96,2026-03-20,2026-03-19,On Time
O0004336,West Hub,12.98,2026-03-18,2026-03-17,On Time
O0004337,East Hub,10.44,2026-03-19,2026-03-18,On Time
O0004338,West Hub,13.4,2026-03-19,2026-03-18,On Time
O0004339,West Hub,9.6,2026-03-20,2026-03-20,On Time
O0004340,West Hub,9.22,2026-03-21,2026-03-20,On Time
O0004341,Central Hub,20.58,2026-03-21,2026-03-21,On Time
O0004342,East Hub,11.5,2026-03-21,2026-03-21,On Time
O0004343,East Hub,9.17,2026-03-19,2026-03-18,On Time
O0004344,West Hub,10.81,2026-03-21,2026-03-20,On Time
O0004345,West Hub,9.39,2026-03-19,2026-03-18,On Time
O0004346,East Hub,12.04,2026-03-21,2026-03-20,On Time
O0004347,West Hub,6.55,2026-03-21,2026-03-20,On Time
O0004348,Central Hub,12.99,2026-03-19,2026-03-19,On Time
O0004349,Central Hub,9.77,2026-03-19,2026-03-19,On Time
O0004350,West Hub,11.06,2026-03-20,2026-03-20,On Time
O0004351,East Hub,10.51,2026-03-21,2026-03-20,On Time
O0004352,Central Hub,5.91,2026-03-21,2026-03-20,On Time
O0004353,Central Hub,11.94,2026-03-21,2026-03-21,On Time
O0004354,Central Hub,7.49,2026-03-18,2026-03-17,On Time
O0004355,West Hub,7.43,2026-03-19,2026-03-18,On Time
O0004356,West Hub,14.75,2026-03-21,2026-03-21,On Time
O0004357,East Hub,14.41,2026-03-19,2026-03-18,On Time
O0004358,East Hub,8.36,2026-03-21,2026-03-21,On Time
O0004359,West Hub,11.79,2026-03-22,2026-03-22,On Time
O0004360,West Hub,8.91,2026-03-22,2026-03-21,On Time
O0004361,West Hub,9.32,2026-03-21,2026-03-20,On Time
O0004362,Central Hub,10.4,2026-03-22,2026-03-24,Late
O0004363,West Hub,10.33,2026-03-20,2026-03-19,On Time
O0004364,West Hub,14.81,2026-03-21,2026-03-20,On Time
O0004365,West Hub,11.74,2026-03-20,2026-03-20,On Time
O0004366,West Hub,12.89,2026-03-21,2026-03-20,On Time
O0004367,Central Hub,11.2,2026-03-19,2026-03-24,Late
O0004368,Central Hub,8.1,2026-03-21,2026-03-20,On Time
O0004369,West Hub,18.73,2026-03-22,2026-03-21,On Time
O0004370,West Hub,10.52,2026-03-21,2026-03-20,On Time
O0004371,Central Hub,9.35,2026-03-20,2026-03-19,On Time
O0004372,Central Hub,7.31,2026-03-20,2026-03-20,On Time
O0004373,West Hub,8.61,2026-03-20,2026-03-19,On Time
O0004374,Central Hub,9.34,2026-03-19,2026-03-19,On Time
O0004375,West Hub,11.85,2026-03-20,2026-03-20,On Time
O0004376,East Hub,9.72,2026-03-20,2026-03-20,On Time
O0004377,East Hub,10.21,2026-03-22,2026-03-21,On Time
O0004378,West Hub,10.29,2026-03-22,2026-03-25,Late
O0004379,East Hub,10.39,2026-03-22,2026-03-21,On Time
O0004380,Central Hub,7.15,2026-03-19,2026-03-22,Late
O0004381,West Hub,14.14,2026-03-19,2026-03-18,On Time
O0004382,West Hub,9.78,2026-03-22,2026-03-27,Late
O0004383,West Hub,8.42,2026-03-20,2026-03-24,Late
O0004384,West Hub,19.24,2026-03-22,2026-03-21,On Time
O0004385,East Hub,6.79,2026-03-21,2026-03-20,On Time
O0004386,Central Hub,8.79,2026-03-22,2026-03-21,On Time
O0004387,West Hub,8.97,2026-03-21,2026-03-21,On Time
O0004388,West Hub,8.86,2026-03-20,2026-03-19,On Time
O0004389,West Hub,10.74,2026-03-20,2026-03-19,On Time
O0004390,East Hub,8.47,2026-03-22,2026-03-21,On Time
O0004391,Central Hub,9.85,2026-03-20,2026-03-20,On Time
O0004392,East Hub,9.77,2026-03-20,2026-03-22,Late
O0004393,East Hub,6.32,2026-03-19,2026-03-18,On Time
O0004394,West Hub,17.58,2026-03-20,2026-03-20,On Time
O0004395,Central Hub,7.16,2026-03-22,2026-03-21,On Time
O0004396,East Hub,6.7,2026-03-20,2026-03-20,On Time
O0004397,Central Hub,9.2,2026-03-20,2026-03-20,On Time
O0004398,West Hub,7.6,2026-03-22,2026-03-22,On Time
O0004399,Central Hub,9.81,2026-03-21,2026-03-21,On Time
O0004400,West Hub,16.16,2026-03-22,2026-03-22,On Time
O0004401,Central Hub,10.76,2026-03-21,2026-03-20,On Time
O0004402,East Hub,12.4,2026-03-19,2026-03-18,On Time
O0004403,East Hub,12.67,2026-03-22,2026-03-22,On Time
O0004404,West Hub,11.41,2026-03-22,2026-03-22,On Time
O0004405,East Hub,7.12,2026-03-19,2026-03-18,On Time
O0004406,East Hub,8.58,2026-03-21,2026-03-20,On Time
O0004407,East Hub,6.69,2026-03-22,2026-03-21,On Time
O0004408,West Hub,10.28,2026-03-21,2026-03-25,Late
O0004409,West Hub,9.87,2026-03-19,2026-03-18,On Time
O0004410,Central Hub,13.5,2026-03-22,2026-03-21,On Time
O0004411,East Hub,8.15,2026-03-21,2026-03-21,On Time
O0004412,East Hub,13.07,2026-03-21,2026-03-21,On Time
O0004413,Central Hub,16.18,2026-03-21,2026-03-20,On Time
O0004414,East Hub,8.62,2026-03-21,2026-03-20,On Time
O0004415,Central Hub,14.32,2026-03-20,2026-03-19,On Time
O0004416,Central Hub,13.6,2026-03-20,2026-03-20,On Time
O0004417,West Hub,21.16,2026-03-22,2026-03-21,On Time
O0004418,West Hub,11.43,2026-03-20,2026-03-20,On Time
O0004419,Central Hub,8.3,2026-03-21,2026-03-20,On Time
O0004420,Central Hub,9.45,2026-03-22,2026-03-21,On Time
O0004421,Central Hub,13.08,2026-03-23,2026-03-22,On Time
O0004422,West Hub,18.14,2026-03-21,2026-03-20,On Time
O0004423,East Hub,11.48,2026-03-20,2026-03-20,On Time
O0004424,East Hub,6.2,2026-03-22,2026-03-21,On Time
O0004425,West Hub,9.35,2026-03-21,2026-03-21,On Time
O0004426,East Hub,10.04,2026-03-23,2026-03-23,On Time
O0004427,Central Hub,10.67,2026-03-22,2026-03-22,On Time
O0004428,East Hub,7.17,2026-03-23,2026-03-23,On Time
O0004429,Central Hub,17.36,2026-03-20,2026-03-20,On Time
O0004430,West Hub,12.29,2026-03-22,2026-03-22,On Time
O0004431,West Hub,8.96,2026-03-20,2026-03-20,On Time
O0004432,West Hub,20.27,2026-03-20,2026-03-20,On Time
O0004433,West Hub,12.27,2026-03-22,2026-03-22,On Time
O0004434,West Hub,22.7,2026-03-21,2026-03-22,Late
O0004435,Central Hub,10.95,2026-03-23,2026-03-22,On Time
O0004436,West Hub,9.62,2026-03-23,2026-03-23,On Time
O0004437,East Hub,9.12,2026-03-22,2026-03-21,On Time
O0004438,East Hub,13.4,2026-03-20,2026-03-19,On Time
O0004439,West Hub,10.92,2026-03-21,2026-03-21,On Time
O0004440,East Hub,13.79,2026-03-21,2026-03-20,On Time
O0004441,East Hub,9.02,2026-03-22,2026-03-21,On Time
O0004442,Central Hub,8.17,2026-03-20,2026-03-20,On Time
O0004443,West Hub,9.64,2026-03-21,2026-03-21,On Time
O0004444,West Hub,9.83,2026-03-20,2026-03-20,On Time
O0004445,Central Hub,8.77,2026-03-20,2026-03-20,On Time
O0004446,East Hub,6.81,2026-03-20,2026-03-19,On Time
O0004447,West Hub,9.74,2026-03-22,2026-03-22,On Time
O0004448,East Hub,7.56,2026-03-20,2026-03-20,On Time
O0004449,Central Hub,9.87,2026-03-21,2026-03-20,On Time
O0004450,East Hub,9.33,2026-03-20,2026-03-20,On Time
O0004451,East Hub,12.4,2026-03-23,2026-03-22,On Time
O0004452,East Hub,10.68,2026-03-21,2026-03-20,On Time
O0004453,West Hub,14.02,2026-03-23,2026-03-28,Late
O0004454,Central Hub,9.23,2026-03-20,2026-03-20,On Time
O0004455,West Hub,7.57,2026-03-23,2026-03-22,On Time
O0004456,East Hub,6.32,2026-03-23,2026-03-23,On Time
O0004457,Central Hub,9.71,2026-03-21,2026-03-20,On Time
O0004458,West Hub,13.96,2026-03-22,2026-03-22,On Time
O0004459,East Hub,8.2,2026-03-20,2026-03-23,Late
O0004460,East Hub,7.7,2026-03-21,2026-03-21,On Time
O0004461,East Hub,7.08,2026-03-23,2026-03-23,On Time
O0004462,West Hub,10.23,2026-03-22,2026-03-21,On Time
O0004463,Central Hub,10.37,2026-03-20,2026-03-22,Late
O0004464,East Hub,16.21,2026-03-22,2026-03-21,On Time
O0004465,West Hub,7.56,2026-03-20,2026-03-19,On Time
O0004466,Central Hub,11.54,2026-03-22,2026-03-22,On Time
O0004467,East Hub,12.77,2026-03-20,2026-03-22,Late
O0004468,East Hub,8.83,2026-03-21,2026-03-21,On Time
O0004469,Central Hub,9.3,2026-03-23,2026-03-22,On Time
O0004470,East Hub,8.35,2026-03-23,2026-03-23,On Time
O0004471,Central Hub,11.95,2026-03-21,2026-03-21,On Time
O0004472,East Hub,7.57,2026-03-20,2026-03-20,On Time
O0004473,Central Hub,15.88,2026-03-20,2026-03-20,On Time
O0004474,Central Hub,10.2,2026-03-21,2026-03-20,On Time
O0004475,Central Hub,14.1,2026-03-23,2026-03-22,On Time
O0004476,East Hub,7.07,2026-03-22,2026-03-21,On Time
O0004477,East Hub,8.44,2026-03-23,2026-03-22,On Time
O0004478,East Hub,8.08,2026-03-23,2026-03-22,On Time
O0004479,Central Hub,7.94,2026-03-23,2026-03-22,On Time
O0004480,West Hub,7.9,2026-03-23,2026-03-23,On Time
O0004481,West Hub,18.91,2026-03-21,2026-03-20,On Time
O0004482,Central Hub,8.48,2026-03-23,2026-03-23,On Time
O0004483,East Hub,10.72,2026-03-24,2026-03-24,On Time
O0004484,Central Hub,8.79,2026-03-22,2026-03-22,On Time
O0004485,East Hub,9.47,2026-03-22,2026-03-21,On Time
O0004486,East Hub,9.2,2026-03-22,2026-03-21,On Time
O0004487,Central Hub,12.22,2026-03-24,2026-03-24,On Time
O0004488,West Hub,10.39,2026-03-21,2026-03-20,On Time
O0004489,East Hub,7.42,2026-03-23,2026-03-22,On Time
O0004490,East Hub,7.29,2026-03-24,2026-03-24,On Time
O0004491,Central Hub,10.59,2026-03-24,2026-03-23,On Time
O0004492,East Hub,7.14,2026-03-21,2026-03-26,Late
O0004493,Central Hub,7.07,2026-03-21,2026-03-20,On Time
O0004494,West Hub,11.27,2026-03-22,2026-03-22,On Time
O0004495,Central Hub,8.47,2026-03-23,2026-03-22,On Time
O0004496,West Hub,10.44,2026-03-23,2026-03-22,On Time
O0004497,West Hub,11.41,2026-03-23,2026-03-23,On Time
O0004498,Central Hub,12.19,2026-03-21,2026-03-20,On Time
O0004499,Central Hub,6.95,2026-03-23,2026-03-23,On Time
O0004500,Central Hub,8.85,2026-03-21,2026-03-21,On Time
O0004501,Central Hub,7.62,2026-03-24,2026-03-23,On Time
O0004502,West Hub,13.06,2026-03-24,2026-03-23,On Time
O0004503,East Hub,11.5,2026-03-23,2026-03-22,On Time
O0004504,West Hub,8.01,2026-03-24,2026-03-23,On Time
O0004505,East Hub,9.1,2026-03-22,2026-03-27,Late
O0004506,West Hub,7.38,2026-03-22,2026-03-21,On Time
O0004507,East Hub,11.59,2026-03-21,2026-03-20,On Time
O0004508,East Hub,11.2,2026-03-23,2026-03-22,On Time
O0004509,Central Hub,14.03,2026-03-21,2026-03-20,On Time
O0004510,West Hub,8.52,2026-03-22,2026-03-22,On Time
O0004511,East Hub,8.92,2026-03-23,2026-03-22,On Time
O0004512,West Hub,10.51,2026-03-23,2026-03-23,On Time
O0004513,West Hub,11.04,2026-03-24,2026-03-29,Late
O0004514,East Hub,8.49,2026-03-21,2026-03-20,On Time
O0004515,East Hub,6.41,2026-03-21,2026-03-20,On Time
O0004516,West Hub,7.06,2026-03-24,2026-03-23,On Time
O0004517,West Hub,9.04,2026-03-24,2026-03-23,On Time
O0004518,West Hub,15.91,2026-03-23,2026-03-22,On Time
O0004519,West Hub,12.35,2026-03-21,2026-03-20,On Time
O0004520,West Hub,13.29,2026-03-22,2026-03-22,On Time
O0004521,East Hub,12.12,2026-03-22,2026-03-21,On Time
O0004522,East Hub,9.8,2026-03-24,2026-03-24,On Time
O0004523,Central Hub,9.74,2026-03-24,2026-03-23,On Time
O0004524,Central Hub,7.56,2026-03-24,2026-03-23,On Time
O0004525,West Hub,12.5,2026-03-21,2026-03-21,On Time
O0004526,West Hub,7.79,2026-03-22,2026-03-21,On Time
O0004527,East Hub,5.67,2026-03-24,2026-03-23,On Time
O0004528,Central Hub,12.63,2026-03-23,2026-03-22,On Time
O0004529,West Hub,9.09,2026-03-21,2026-03-21,On Time
O0004530,East Hub,11.72,2026-03-24,2026-03-23,On Time
O0004531,West Hub,7.23,2026-03-21,2026-03-21,On Time
O0004532,Central Hub,8.52,2026-03-21,2026-03-20,On Time
O0004533,East Hub,7.87,2026-03-22,2026-03-27,Late
O0004534,Central Hub,12.48,2026-03-24,2026-03-24,On Time
O0004535,East Hub,6.55,2026-03-21,2026-03-20,On Time
O0004536,Central Hub,6.03,2026-03-21,2026-03-20,On Time
O0004537,West Hub,11.06,2026-03-23,2026-03-22,On Time
O0004538,East Hub,17.31,2026-03-23,2026-03-23,On Time
O0004539,East Hub,8.77,2026-03-23,2026-03-22,On Time
O0004540,Central Hub,6.92,2026-03-23,2026-03-26,Late
O0004541,West Hub,10.89,2026-03-23,2026-03-22,On Time
O0004542,Central Hub,6.88,2026-03-21,2026-03-20,On Time
O0004543,East Hub,7.07,2026-03-23,2026-03-22,On Time
O0004544,Central Hub,14.27,2026-03-21,2026-03-20,On Time
O0004545,Central Hub,5.97,2026-03-22,2026-03-22,On Time
O0004546,East Hub,12.91,2026-03-23,2026-03-23,On Time
O0004547,Central Hub,8.45,2026-03-24,2026-03-23,On Time
O0004548,West Hub,10.57,2026-03-24,2026-03-23,On Time
O0004549,East Hub,8.07,2026-03-23,2026-03-23,On Time
O0004550,West Hub,8.71,2026-03-23,2026-03-23,On Time
O0004551,Central Hub,8.52,2026-03-24,2026-03-23,On Time
O0004552,West Hub,11.37,2026-03-24,2026-03-23,On Time
O0004553,West Hub,13.54,2026-03-21,2026-03-20,On Time
O0004554,East Hub,17.74,2026-03-23,2026-03-23,On Time
O0004555,Central Hub,14.29,2026-03-21,2026-03-20,On Time
O0004556,East Hub,12.18,2026-03-24,2026-03-24,On Time
O0004557,East Hub,10.6,2026-03-24,2026-03-23,On Time
O0004558,Central Hub,6.62,2026-03-24,2026-03-23,On Time
O0004559,Central Hub,9.01,2026-03-25,2026-03-25,On Time
O0004560,East Hub,7.54,2026-03-24,2026-03-24,On Time
O0004561,West Hub,12.2,2026-03-23,2026-03-22,On Time
O0004562,Central Hub,9.92,2026-03-25,2026-03-24,On Time
O0004563,East Hub,13.19,2026-03-25,2026-03-25,On Time
O0004564,East Hub,8.16,2026-03-25,2026-03-24,On Time
O0004565,Central Hub,9.65,2026-03-22,2026-03-21,On Time
O0004566,Central Hub,7.81,2026-03-24,2026-03-24,On Time
O0004567,East Hub,11.78,2026-03-23,2026-03-23,On Time
O0004568,West Hub,16.99,2026-03-25,2026-03-25,On Time
O0004569,Central Hub,11.81,2026-03-25,2026-03-25,On Time
O0004570,Central Hub,9.02,2026-03-23,2026-03-22,On Time
O0004571,Central Hub,10.86,2026-03-25,2026-03-30,Late
O0004572,Central Hub,8.94,2026-03-25,2026-03-25,On Time
O0004573,West Hub,11.94,2026-03-22,2026-03-21,On Time
O0004574,Central Hub,9.42,2026-03-24,2026-03-23,On Time
O0004575,East Hub,6.15,2026-03-24,2026-03-24,On Time
O0004576,East Hub,8.52,2026-03-25,2026-03-25,On Time
O0004577,East Hub,8.66,2026-03-25,2026-03-24,On Time
O0004578,East Hub,20.92,2026-03-25,2026-03-24,On Time
O0004579,East Hub,11.15,2026-03-23,2026-03-22,On Time
O0004580,Central Hub,8.28,2026-03-23,2026-03-22,On Time
O0004581,East Hub,8.6,2026-03-23,2026-03-22,On Time
O0004582,West Hub,16.57,2026-03-22,2026-03-22,On Time
O0004583,Central Hub,7.35,2026-03-23,2026-03-23,On Time
O0004584,East Hub,15.84,2026-03-23,2026-03-22,On Time
O0004585,West Hub,16.92,2026-03-25,2026-03-24,On Time
O0004586,East Hub,13.42,2026-03-22,2026-03-21,On Time
O0004587,West Hub,8.97,2026-03-22,2026-03-22,On Time
O0004588,East Hub,6.11,2026-03-23,2026-03-22,On Time
O0004589,Central Hub,6.81,2026-03-24,2026-03-24,On Time
O0004590,East Hub,14.22,2026-03-23,2026-03-22,On Time
O0004591,West Hub,9.74,2026-03-22,2026-03-21,On Time
O0004592,West Hub,17.39,2026-03-25,2026-03-25,On Time
O0004593,West Hub,15.77,2026-03-24,2026-03-23,On Time
O0004594,Central Hub,8.6,2026-03-24,2026-03-23,On Time
O0004595,East Hub,11.55,2026-03-24,2026-03-24,On Time
O0004596,Central Hub,7.06,2026-03-23,2026-03-23,On Time
O0004597,Central Hub,6.67,2026-03-25,2026-03-24,On Time
O0004598,West Hub,13.33,2026-03-24,2026-03-23,On Time
O0004599,Central Hub,7.0,2026-03-25,2026-03-24,On Time
O0004600,East Hub,11.21,2026-03-25,2026-03-29,Late
O0004601,East Hub,10.61,2026-03-23,2026-03-23,On Time
O0004602,Central Hub,8.33,2026-03-26,2026-03-26,On Time
O0004603,West Hub,10.9,2026-03-26,2026-03-25,On Time
O0004604,Central Hub,7.96,2026-03-25,2026-03-24,On Time
O0004605,West Hub,8.73,2026-03-23,2026-03-22,On Time
O0004606,Central Hub,11.56,2026-03-23,2026-03-22,On Time
O0004607,West Hub,11.63,2026-03-24,2026-03-23,On Time
O0004608,West Hub,8.74,2026-03-25,2026-03-25,On Time
O0004609,East Hub,10.8,2026-03-23,2026-03-23,On Time
O0004610,West Hub,9.84,2026-03-23,2026-03-22,On Time
O0004611,East Hub,6.6,2026-03-23,2026-03-28,Late
O0004612,West Hub,12.69,2026-03-23,2026-03-22,On Time
O0004613,East Hub,8.98,2026-03-24,2026-03-23,On Time
O0004614,West Hub,9.35,2026-03-26,2026-03-25,On Time
O0004615,East Hub,7.29,2026-03-23,2026-03-23,On Time
O0004616,Central Hub,7.6,2026-03-26,2026-03-25,On Time
O0004617,West Hub,15.4,2026-03-24,2026-03-24,On Time
O0004618,West Hub,7.85,2026-03-26,2026-03-25,On Time
O0004619,East Hub,10.75,2026-03-26,2026-03-25,On Time
O0004620,East Hub,11.36,2026-03-24,2026-03-24,On Time
O0004621,East Hub,8.98,2026-03-26,2026-03-25,On Time
O0004622,West Hub,18.51,2026-03-24,2026-03-24,On Time
O0004623,West Hub,9.09,2026-03-23,2026-03-24,Late
O0004624,East Hub,10.33,2026-03-24,2026-03-24,On Time
O0004625,Central Hub,6.95,2026-03-24,2026-03-28,Late
O0004626,East Hub,13.53,2026-03-23,2026-03-22,On Time
O0004627,West Hub,18.12,2026-03-26,2026-03-26,On Time
O0004628,West Hub,8.24,2026-03-26,2026-03-31,Late
O0004629,East Hub,11.14,2026-03-26,2026-03-25,On Time
O0004630,West Hub,8.37,2026-03-23,2026-03-27,Late
O0004631,Central Hub,17.05,2026-03-25,2026-03-24,On Time
O0004632,East Hub,9.2,2026-03-23,2026-03-22,On Time
O0004633,West Hub,15.28,2026-03-24,2026-03-23,On Time
O0004634,West Hub,7.75,2026-03-23,2026-03-22,On Time
O0004635,Central Hub,12.42,2026-03-25,2026-03-24,On Time
O0004636,West Hub,8.66,2026-03-23,2026-03-23,On Time
O0004637,West Hub,10.89,2026-03-23,2026-03-22,On Time
O0004638,West Hub,14.73,2026-03-24,2026-03-23,On Time
O0004639,West Hub,12.74,2026-03-23,2026-03-22,On Time
O0004640,Central Hub,15.73,2026-03-24,2026-03-24,On Time
O0004641,Central Hub,9.13,2026-03-24,2026-03-28,Late
O0004642,East Hub,6.92,2026-03-23,2026-03-22,On Time
O0004643,East Hub,7.77,2026-03-27,2026-03-27,On Time
O0004644,West Hub,11.47,2026-03-24,2026-03-23,On Time
O0004645,East Hub,11.57,2026-03-25,2026-03-25,On Time
O0004646,West Hub,6.67,2026-03-26,2026-03-26,On Time
O0004647,Central Hub,12.54,2026-03-26,2026-03-25,On Time
O0004648,Central Hub,7.19,2026-03-26,2026-03-26,On Time
O0004649,East Hub,6.91,2026-03-27,2026-03-26,On Time
O0004650,Central Hub,11.58,2026-03-26,2026-03-25,On Time
O0004651,East Hub,10.37,2026-03-27,2026-03-26,On Time
O0004652,Central Hub,7.09,2026-03-26,2026-03-25,On Time
O0004653,Central Hub,10.56,2026-03-24,2026-03-24,On Time
O0004654,East Hub,5.82,2026-03-27,2026-03-27,On Time
O0004655,West Hub,13.13,2026-03-27,2026-03-26,On Time
O0004656,West Hub,9.38,2026-03-27,2026-03-26,On Time
O0004657,East Hub,6.33,2026-03-26,2026-03-26,On Time
O0004658,East Hub,8.1,2026-03-26,2026-03-26,On Time
O0004659,Central Hub,7.73,2026-03-25,2026-03-24,On Time
O0004660,West Hub,9.09,2026-03-25,2026-03-24,On Time
O0004661,West Hub,6.08,2026-03-26,2026-03-26,On Time
O0004662,West Hub,8.62,2026-03-27,2026-03-27,On Time
O0004663,East Hub,11.03,2026-03-27,2026-03-27,On Time
O0004664,West Hub,10.03,2026-03-27,2026-03-26,On Time
O0004665,East Hub,6.0,2026-03-27,2026-03-26,On Time
O0004666,West Hub,11.17,2026-03-25,2026-03-25,On Time
O0004667,West Hub,14.26,2026-03-24,2026-03-24,On Time
O0004668,Central Hub,7.75,2026-03-26,2026-03-26,On Time
O0004669,East Hub,9.2,2026-03-27,2026-03-26,On Time
O0004670,East Hub,9.56,2026-03-25,2026-03-25,On Time
O0004671,East Hub,8.27,2026-03-26,2026-03-26,On Time
O0004672,Central Hub,5.41,2026-03-26,2026-03-25,On Time
O0004673,Central Hub,7.18,2026-03-27,2026-03-27,On Time
O0004674,West Hub,13.57,2026-03-25,2026-03-25,On Time
O0004675,East Hub,10.09,2026-03-26,2026-03-25,On Time
O0004676,West Hub,8.97,2026-03-27,2026-03-27,On Time
O0004677,West Hub,7.29,2026-03-26,2026-03-26,On Time
O0004678,East Hub,6.84,2026-03-24,2026-03-24,On Time
O0004679,East Hub,20.86,2026-03-27,2026-03-31,Late
O0004680,East Hub,10.85,2026-03-27,2026-03-27,On Time
O0004681,West Hub,9.14,2026-03-24,2026-03-24,On Time
O0004682,East Hub,11.76,2026-03-27,2026-03-27,On Time
O0004683,East Hub,6.94,2026-03-27,2026-03-26,On Time
O0004684,Central Hub,8.32,2026-03-24,2026-03-24,On Time
O0004685,East Hub,12.73,2026-03-26,2026-03-26,On Time
O0004686,West Hub,21.24,2026-03-24,2026-03-24,On Time
O0004687,East Hub,12.39,2026-03-26,2026-03-26,On Time
O0004688,West Hub,7.86,2026-03-26,2026-03-25,On Time
O0004689,East Hub,10.9,2026-03-26,2026-03-26,On Time
O0004690,West Hub,18.44,2026-03-24,2026-03-25,Late
O0004691,Central Hub,11.63,2026-03-26,2026-03-26,On Time
O0004692,East Hub,9.3,2026-03-24,2026-03-23,On Time
O0004693,Central Hub,9.06,2026-03-25,2026-03-24,On Time
O0004694,West Hub,9.79,2026-03-26,2026-03-26,On Time
O0004695,East Hub,13.5,2026-03-26,2026-03-25,On Time
O0004696,East Hub,8.76,2026-03-25,2026-03-25,On Time
O0004697,Central Hub,7.07,2026-03-25,2026-03-25,On Time
O0004698,West Hub,14.64,2026-03-26,2026-03-26,On Time
O0004699,East Hub,14.46,2026-03-24,2026-03-27,Late
O0004700,Central Hub,20.38,2026-03-25,2026-03-24,On Time
O0004701,East Hub,6.66,2026-03-24,2026-03-23,On Time
O0004702,Central Hub,7.47,2026-03-25,2026-03-25,On Time
O0004703,East Hub,16.13,2026-03-24,2026-03-24,On Time
O0004704,East Hub,10.76,2026-03-26,2026-03-25,On Time
O0004705,West Hub,8.54,2026-03-27,2026-03-27,On Time
O0004706,Central Hub,7.72,2026-03-25,2026-03-24,On Time
O0004707,East Hub,10.34,2026-03-26,2026-03-30,Late
O0004708,West Hub,14.04,2026-03-26,2026-03-26,On Time
O0004709,West Hub,14.93,2026-03-24,2026-03-23,On Time
O0004710,West Hub,12.23,2026-03-27,2026-03-27,On Time
O0004711,West Hub,10.2,2026-03-25,2026-03-29,Late
O0004712,West Hub,14.01,2026-03-24,2026-03-24,On Time
O0004713,West Hub,12.54,2026-03-27,2026-03-27,On Time
O0004714,West Hub,8.19,2026-03-25,2026-03-24,On Time
O0004715,West Hub,14.54,2026-03-24,2026-03-24,On Time
O0004716,East Hub,11.35,2026-03-25,2026-03-25,On Time
O0004717,East Hub,5.97,2026-03-25,2026-03-25,On Time
O0004718,West Hub,14.08,2026-03-25,2026-03-24,On Time
O0004719,East Hub,7.66,2026-03-26,2026-03-25,On Time
O0004720,Central Hub,11.73,2026-03-28,2026-03-27,On Time
O0004721,East Hub,8.91,2026-03-26,2026-03-25,On Time
O0004722,Central Hub,10.02,2026-03-28,2026-03-28,On Time
O0004723,Central Hub,10.1,2026-03-28,2026-03-27,On Time
O0004724,Central Hub,8.15,2026-03-27,2026-03-27,On Time
O0004725,West Hub,9.59,2026-03-28,2026-03-27,On Time
O0004726,West Hub,8.23,2026-03-28,2026-03-28,On Time
O0004727,East Hub,16.18,2026-03-26,2026-03-25,On Time
O0004728,East Hub,7.07,2026-03-28,2026-03-27,On Time
O0004729,East Hub,7.2,2026-03-26,2026-03-25,On Time
O0004730,West Hub,10.26,2026-03-25,2026-03-24,On Time
O0004731,Central Hub,9.1,2026-03-26,2026-03-26,On Time
O0004732,Central Hub,8.37,2026-03-25,2026-03-25,On Time
O0004733,East Hub,7.21,2026-03-28,2026-03-28,On Time
O0004734,Central Hub,9.64,2026-03-25,2026-03-25,On Time
O0004735,East Hub,9.5,2026-03-26,2026-03-25,On Time
O0004736,West Hub,10.67,2026-03-28,2026-03-27,On Time
O0004737,East Hub,18.88,2026-03-27,2026-03-26,On Time
O0004738,East Hub,7.59,2026-03-28,2026-03-27,On Time
O0004739,West Hub,9.32,2026-03-28,2026-03-27,On Time
O0004740,East Hub,11.72,2026-03-26,2026-03-26,On Time
O0004741,Central Hub,7.11,2026-03-28,2026-03-27,On Time
O0004742,West Hub,10.47,2026-03-28,2026-03-27,On Time
O0004743,West Hub,17.9,2026-03-26,2026-03-25,On Time
O0004744,West Hub,10.61,2026-03-27,2026-03-27,On Time
O0004745,West Hub,6.53,2026-03-26,2026-03-26,On Time
O0004746,West Hub,8.16,2026-03-26,2026-03-25,On Time
O0004747,West Hub,6.99,2026-03-25,2026-03-25,On Time
O0004748,Central Hub,9.4,2026-03-28,2026-03-27,On Time
O0004749,East Hub,10.71,2026-03-26,2026-03-25,On Time
O0004750,West Hub,9.88,2026-03-27,2026-03-27,On Time
O0004751,Central Hub,9.08,2026-03-25,2026-03-25,On Time
O0004752,Central Hub,12.46,2026-03-25,2026-03-25,On Time
O0004753,Central Hub,11.65,2026-03-27,2026-03-27,On Time
O0004754,West Hub,10.14,2026-03-27,2026-03-27,On Time
O0004755,Central Hub,15.3,2026-03-26,2026-03-26,On Time
O0004756,East Hub,15.76,2026-03-28,2026-03-28,On Time
O0004757,West Hub,8.97,2026-03-25,2026-03-25,On Time
O0004758,East Hub,10.99,2026-03-26,2026-03-26,On Time
O0004759,East Hub,7.21,2026-03-27,2026-03-26,On Time
O0004760,Central Hub,9.09,2026-03-27,2026-03-26,On Time
O0004761,Central Hub,10.97,2026-03-28,2026-03-27,On Time
O0004762,West Hub,12.72,2026-03-25,2026-03-25,On Time
O0004763,West Hub,8.93,2026-03-26,2026-03-25,On Time
O0004764,West Hub,7.63,2026-03-26,2026-03-25,On Time
O0004765,Central Hub,6.33,2026-03-28,2026-03-27,On Time
O0004766,Central Hub,15.08,2026-03-25,2026-03-25,On Time
O0004767,Central Hub,14.61,2026-03-25,2026-03-25,On Time
O0004768,Central Hub,10.88,2026-03-28,2026-04-02,Late
O0004769,West Hub,9.89,2026-03-25,2026-03-24,On Time
O0004770,Central Hub,10.73,2026-03-26,2026-03-31,Late
O0004771,East Hub,11.16,2026-03-25,2026-03-25,On Time
O0004772,Central Hub,12.77,2026-03-28,2026-04-02,Late
O0004773,Central Hub,8.8,2026-03-27,2026-03-26,On Time
O0004774,West Hub,11.56,2026-03-27,2026-03-26,On Time
O0004775,Central Hub,9.69,2026-03-26,2026-03-26,On Time
O0004776,Central Hub,9.64,2026-03-26,2026-03-25,On Time
O0004777,West Hub,11.61,2026-03-28,2026-03-28,On Time
O0004778,East Hub,10.56,2026-03-29,2026-03-28,On Time
O0004779,East Hub,8.54,2026-03-28,2026-03-28,On Time
O0004780,West Hub,16.74,2026-03-29,2026-03-29,On Time
O0004781,Central Hub,9.89,2026-03-28,2026-03-28,On Time
O0004782,East Hub,12.82,2026-03-26,2026-03-25,On Time
O0004783,West Hub,12.03,2026-03-29,2026-03-28,On Time
O0004784,East Hub,7.33,2026-03-26,2026-03-26,On Time
O0004785,East Hub,10.46,2026-03-28,2026-03-27,On Time
O0004786,West Hub,11.53,2026-03-28,2026-03-29,Late
O0004787,Central Hub,7.07,2026-03-26,2026-03-25,On Time
O0004788,West Hub,15.26,2026-03-27,2026-03-26,On Time
O0004789,West Hub,16.06,2026-03-26,2026-03-25,On Time
O0004790,West Hub,7.33,2026-03-27,2026-03-26,On Time
O0004791,East Hub,7.6,2026-03-26,2026-03-25,On Time
O0004792,West Hub,19.27,2026-03-28,2026-03-28,On Time
O0004793,East Hub,12.71,2026-03-26,2026-03-26,On Time
O0004794,East Hub,8.4,2026-03-26,2026-03-25,On Time
O0004795,West Hub,12.93,2026-03-28,2026-03-28,On Time
O0004796,Central Hub,7.38,2026-03-26,2026-03-26,On Time
O0004797,Central Hub,13.07,2026-03-28,2026-03-30,Late
O0004798,East Hub,7.67,2026-03-28,2026-03-27,On Time
O0004799,East Hub,8.16,2026-03-26,2026-03-26,On Time
O0004800,Central Hub,9.28,2026-03-27,2026-03-27,On Time
O0004801,West Hub,5.92,2026-03-28,2026-03-28,On Time
O0004802,West Hub,9.45,2026-03-28,2026-03-28,On Time
O0004803,Central Hub,8.45,2026-03-26,2026-03-26,On Time
O0004804,East Hub,6.63,2026-03-28,2026-03-28,On Time
O0004805,West Hub,9.21,2026-03-29,2026-03-28,On Time
O0004806,East Hub,7.61,2026-03-27,2026-03-27,On Time
O0004807,West Hub,11.37,2026-03-28,2026-03-27,On Time
O0004808,East Hub,7.22,2026-03-26,2026-03-25,On Time
O0004809,East Hub,11.61,2026-03-28,2026-03-27,On Time
O0004810,West Hub,8.92,2026-03-28,2026-03-27,On Time
O0004811,Central Hub,9.02,2026-03-27,2026-03-26,On Time
O0004812,West Hub,11.91,2026-03-28,2026-03-27,On Time
O0004813,Central Hub,11.88,2026-03-27,2026-03-27,On Time
O0004814,East Hub,6.04,2026-03-26,2026-03-26,On Time
O0004815,West Hub,14.53,2026-03-26,2026-03-26,On Time
O0004816,West Hub,16.96,2026-03-27,2026-03-27,On Time
O0004817,Central Hub,8.5,2026-03-30,2026-03-29,On Time
O0004818,East Hub,15.26,2026-03-28,2026-03-27,On Time
O0004819,West Hub,10.18,2026-03-28,2026-03-27,On Time
O0004820,West Hub,11.11,2026-03-30,2026-03-29,On Time
O0004821,Central Hub,7.7,2026-03-29,2026-03-29,On Time
O0004822,East Hub,11.51,2026-03-28,2026-03-27,On Time
O0004823,West Hub,10.66,2026-03-30,2026-03-30,On Time
O0004824,Central Hub,7.28,2026-03-28,2026-03-27,On Time
O0004825,East Hub,7.93,2026-03-29,2026-03-28,On Time
O0004826,West Hub,9.04,2026-03-29,2026-03-29,On Time
O0004827,Central Hub,8.59,2026-03-28,2026-03-27,On Time
O0004828,East Hub,10.92,2026-03-29,2026-03-28,On Time
O0004829,Central Hub,9.09,2026-03-29,2026-03-29,On Time
O0004830,East Hub,9.04,2026-03-30,2026-03-30,On Time
O0004831,Central Hub,11.47,2026-03-28,2026-03-28,On Time
O0004832,West Hub,9.81,2026-03-28,2026-03-27,On Time
O0004833,Central Hub,12.86,2026-03-28,2026-03-27,On Time
O0004834,Central Hub,19.18,2026-03-29,2026-03-28,On Time
O0004835,Central Hub,9.71,2026-03-30,2026-03-29,On Time
O0004836,West Hub,10.64,2026-03-28,2026-03-28,On Time
O0004837,West Hub,11.61,2026-03-27,2026-03-26,On Time
O0004838,West Hub,11.85,2026-03-27,2026-03-27,On Time
O0004839,West Hub,11.84,2026-03-29,2026-03-28,On Time
O0004840,West Hub,15.99,2026-03-30,2026-03-30,On Time
O0004841,Central Hub,16.46,2026-03-28,2026-03-27,On Time
O0004842,East Hub,12.16,2026-03-28,2026-03-28,On Time
O0004843,East Hub,10.48,2026-03-30,2026-04-01,Late
O0004844,East Hub,11.17,2026-03-29,2026-03-28,On Time
O0004845,Central Hub,6.22,2026-03-30,2026-03-30,On Time
O0004846,East Hub,8.79,2026-03-30,2026-03-30,On Time
O0004847,West Hub,16.24,2026-03-29,2026-03-29,On Time
O0004848,West Hub,11.58,2026-03-29,2026-03-29,On Time
O0004849,Central Hub,9.22,2026-03-28,2026-03-27,On Time
O0004850,Central Hub,11.62,2026-03-28,2026-03-28,On Time
O0004851,Central Hub,10.06,2026-03-27,2026-03-26,On Time
O0004852,Central Hub,8.01,2026-03-29,2026-03-29,On Time
O0004853,West Hub,11.7,2026-03-27,2026-03-26,On Time
O0004854,Central Hub,16.04,2026-03-27,2026-03-26,On Time
O0004855,West Hub,16.17,2026-03-28,2026-03-28,On Time
O0004856,West Hub,15.73,2026-03-27,2026-03-26,On Time
O0004857,Central Hub,15.17,2026-03-29,2026-03-28,On Time
O0004858,West Hub,10.57,2026-03-30,2026-03-29,On Time
O0004859,West Hub,11.86,2026-03-28,2026-03-27,On Time
O0004860,West Hub,11.58,2026-03-28,2026-03-28,On Time
O0004861,Central Hub,7.8,2026-03-27,2026-03-26,On Time
O0004862,East Hub,8.49,2026-03-28,2026-03-27,On Time
O0004863,East Hub,6.26,2026-03-29,2026-03-29,On Time
O0004864,West Hub,11.07,2026-03-30,2026-03-30,On Time
O0004865,West Hub,11.29,2026-03-27,2026-03-26,On Time
O0004866,East Hub,10.7,2026-03-28,2026-03-28,On Time
O0004867,Central Hub,10.11,2026-03-27,2026-03-26,On Time
O0004868,Central Hub,15.74,2026-03-28,2026-03-28,On Time
O0004869,Central Hub,5.97,2026-03-28,2026-03-28,On Time
O0004870,East Hub,10.13,2026-03-27,2026-03-26,On Time
O0004871,West Hub,14.61,2026-03-28,2026-03-27,On Time
O0004872,Central Hub,12.41,2026-03-30,2026-03-30,On Time
O0004873,East Hub,7.07,2026-03-30,2026-03-30,On Time
O0004874,Central Hub,14.42,2026-03-30,2026-03-29,On Time
O0004875,West Hub,8.84,2026-03-29,2026-03-30,Late
O0004876,East Hub,9.48,2026-03-29,2026-03-28,On Time
O0004877,West Hub,21.45,2026-03-30,2026-03-29,On Time
O0004878,Central Hub,10.27,2026-03-30,2026-03-29,On Time
O0004879,West Hub,7.05,2026-03-30,2026-03-29,On Time
O0004880,West Hub,12.86,2026-03-29,2026-03-29,On Time
O0004881,West Hub,10.48,2026-03-28,2026-03-27,On Time
O0004882,East Hub,9.35,2026-03-31,2026-04-05,Late
O0004883,West Hub,10.93,2026-03-28,2026-03-28,On Time
O0004884,East Hub,8.81,2026-03-30,2026-03-29,On Time
O0004885,West Hub,8.61,2026-03-28,2026-03-28,On Time
O0004886,West Hub,6.37,2026-03-31,2026-03-31,On Time
O0004887,Central Hub,14.72,2026-03-29,2026-03-28,On Time
O0004888,East Hub,15.94,2026-03-30,2026-03-30,On Time
O0004889,East Hub,10.07,2026-03-31,2026-03-31,On Time
O0004890,East Hub,14.09,2026-03-29,2026-03-31,Late
O0004891,West Hub,7.62,2026-03-31,2026-03-31,On Time
O0004892,West Hub,11.46,2026-03-29,2026-03-29,On Time
O0004893,Central Hub,12.18,2026-03-30,2026-03-29,On Time
O0004894,Central Hub,9.51,2026-03-28,2026-03-28,On Time
O0004895,West Hub,7.34,2026-03-30,2026-03-29,On Time
O0004896,Central Hub,12.92,2026-03-29,2026-03-28,On Time
O0004897,West Hub,7.36,2026-03-28,2026-03-29,Late
O0004898,West Hub,8.59,2026-03-28,2026-03-27,On Time
O0004899,Central Hub,9.5,2026-03-31,2026-04-04,Late
O0004900,Central Hub,8.11,2026-03-31,2026-03-30,On Time
O0004901,West Hub,10.51,2026-03-31,2026-03-31,On Time
O0004902,Central Hub,11.91,2026-03-30,2026-03-29,On Time
O0004903,West Hub,12.05,2026-03-28,2026-03-27,On Time
O0004904,East Hub,9.83,2026-03-31,2026-03-30,On Time
O0004905,West Hub,9.66,2026-03-28,2026-03-27,On Time
O0004906,West Hub,10.07,2026-03-28,2026-03-27,On Time
O0004907,East Hub,7.72,2026-03-31,2026-03-30,On Time
O0004908,Central Hub,7.48,2026-03-30,2026-03-29,On Time
O0004909,West Hub,12.6,2026-03-28,2026-04-02,Late
O0004910,West Hub,13.04,2026-03-30,2026-03-30,On Time
O0004911,West Hub,8.1,2026-03-28,2026-03-27,On Time
O0004912,West Hub,9.64,2026-03-28,2026-03-27,On Time
O0004913,East Hub,7.3,2026-03-31,2026-03-30,On Time
O0004914,East Hub,8.2,2026-03-31,2026-03-30,On Time
O0004915,East Hub,5.28,2026-03-29,2026-04-03,Late
O0004916,East Hub,12.34,2026-03-31,2026-03-30,On Time
O0004917,West Hub,10.31,2026-03-28,2026-03-27,On Time
O0004918,East Hub,7.3,2026-03-30,2026-03-29,On Time
O0004919,West Hub,8.78,2026-03-28,2026-03-27,On Time
O0004920,East Hub,6.89,2026-03-31,2026-03-30,On Time
O0004921,West Hub,6.26,2026-03-31,2026-03-31,On Time
O0004922,Central Hub,13.19,2026-03-30,2026-03-29,On Time
O0004923,Central Hub,11.22,2026-03-30,2026-03-29,On Time
O0004924,West Hub,9.43,2026-03-31,2026-03-30,On Time
O0004925,West Hub,10.31,2026-03-31,2026-03-31,On Time
O0004926,West Hub,10.05,2026-03-29,2026-03-29,On Time
O0004927,East Hub,12.1,2026-03-31,2026-03-30,On Time
O0004928,Central Hub,8.1,2026-03-28,2026-03-27,On Time
O0004929,West Hub,8.07,2026-03-28,2026-03-28,On Time
O0004930,West Hub,9.56,2026-03-30,2026-03-29,On Time
O0004931,East Hub,6.88,2026-03-30,2026-03-29,On Time
O0004932,Central Hub,12.98,2026-03-29,2026-03-28,On Time
O0004933,West Hub,9.99,2026-03-28,2026-03-27,On Time
O0004934,West Hub,11.43,2026-03-28,2026-03-28,On Time
O0004935,East Hub,7.55,2026-03-29,2026-03-28,On Time
O0004936,West Hub,12.99,2026-03-28,2026-03-27,On Time
O0004937,West Hub,10.87,2026-03-28,2026-03-28,On Time
O0004938,West Hub,19.7,2026-03-29,2026-03-29,On Time
O0004939,West Hub,11.41,2026-03-31,2026-03-31,On Time
O0004940,East Hub,18.23,2026-03-31,2026-03-31,On Time
O0004941,West Hub,7.45,2026-03-30,2026-03-29,On Time
O0004942,West Hub,18.29,2026-04-01,2026-04-01,On Time
O0004943,East Hub,9.68,2026-03-29,2026-03-29,On Time
O0004944,East Hub,10.06,2026-03-30,2026-03-30,On Time
O0004945,West Hub,7.71,2026-04-01,2026-03-31,On Time
O0004946,East Hub,6.96,2026-03-30,2026-03-29,On Time
O0004947,West Hub,19.61,2026-03-31,2026-03-30,On Time
O0004948,Central Hub,14.75,2026-03-29,2026-03-28,On Time
O0004949,Central Hub,8.9,2026-04-01,2026-04-01,On Time
O0004950,Central Hub,7.32,2026-03-30,2026-03-29,On Time
O0004951,West Hub,7.35,2026-04-01,2026-04-01,On Time
O0004952,West Hub,6.75,2026-03-29,2026-03-28,On Time
O0004953,Central Hub,10.56,2026-03-30,2026-03-30,On Time
O0004954,West Hub,23.98,2026-03-29,2026-03-28,On Time
O0004955,West Hub,9.75,2026-03-29,2026-03-29,On Time
O0004956,East Hub,8.33,2026-03-29,2026-03-29,On Time
O0004957,East Hub,12.43,2026-03-31,2026-04-03,Late
O0004958,Central Hub,7.63,2026-03-29,2026-03-28,On Time
O0004959,West Hub,12.58,2026-03-31,2026-03-31,On Time
O0004960,West Hub,6.49,2026-03-30,2026-03-29,On Time
O0004961,West Hub,12.89,2026-03-30,2026-03-29,On Time
O0004962,West Hub,10.7,2026-03-31,2026-03-30,On Time
O0004963,Central Hub,18.13,2026-03-30,2026-03-30,On Time
O0004964,East Hub,10.31,2026-04-01,2026-04-01,On Time
O0004965,East Hub,14.46,2026-04-01,2026-04-01,On Time
O0004966,Central Hub,8.58,2026-03-29,2026-03-29,On Time
O0004967,Central Hub,7.67,2026-04-01,2026-03-31,On Time
O0004968,West Hub,14.93,2026-03-31,2026-03-31,On Time
O0004969,East Hub,10.58,2026-04-01,2026-04-01,On Time
O0004970,Central Hub,7.52,2026-04-01,2026-04-06,Late
O0004971,West Hub,15.75,2026-03-29,2026-03-29,On Time
O0004972,Central Hub,6.53,2026-04-01,2026-04-05,Late
O0004973,Central Hub,7.64,2026-03-31,2026-03-30,On Time
O0004974,West Hub,7.85,2026-03-30,2026-03-30,On Time
O0004975,East Hub,6.53,2026-03-29,2026-03-28,On Time
O0004976,East Hub,6.85,2026-03-31,2026-03-31,On Time
O0004977,Central Hub,7.53,2026-03-31,2026-03-30,On Time
O0004978,West Hub,9.87,2026-03-29,2026-03-29,On Time
O0004979,East Hub,8.3,2026-03-30,2026-04-04,Late
O0004980,West Hub,9.51,2026-03-31,2026-03-30,On Time
O0004981,Central Hub,10.65,2026-03-30,2026-03-29,On Time
O0004982,East Hub,5.72,2026-04-01,2026-03-31,On Time
O0004983,East Hub,15.82,2026-03-31,2026-03-31,On Time
O0004984,Central Hub,8.26,2026-03-30,2026-03-29,On Time
O0004985,East Hub,13.27,2026-03-29,2026-04-03,Late
O0004986,East Hub,9.74,2026-03-30,2026-03-30,On Time
O0004987,Central Hub,8.36,2026-04-01,2026-03-31,On Time
O0004988,East Hub,13.01,2026-03-30,2026-03-30,On Time
O0004989,East Hub,11.02,2026-03-29,2026-03-30,Late
O0004990,Central Hub,20.68,2026-04-01,2026-04-01,On Time
O0004991,West Hub,11.88,2026-03-30,2026-03-30,On Time
O0004992,East Hub,7.69,2026-03-31,2026-03-30,On Time
O0004993,East Hub,6.49,2026-03-29,2026-03-29,On Time
O0004994,Central Hub,10.19,2026-03-31,2026-03-31,On Time
O0004995,Central Hub,11.29,2026-04-01,2026-04-01,On Time
O0004996,West Hub,12.13,2026-03-29,2026-03-28,On Time
O0004997,Central Hub,11.22,2026-03-30,2026-03-30,On Time
O0004998,East Hub,12.17,2026-03-30,2026-03-30,On Time
O0004999,West Hub,11.08,2026-03-30,2026-03-30,On Time
O0005000,East Hub,8.13,2026-03-31,2026-03-30,On Time
O0005001,Central Hub,22.87,2026-03-30,2026-03-29,On Time
O0005002,West Hub,8.57,2026-04-01,2026-03-31,On Time
O0005003,East Hub,9.04,2026-04-01,2026-03-31,On Time
O0005004,Central Hub,10.1,2026-03-31,2026-03-30,On Time
O0005005,West Hub,16.29,2026-04-01,2026-04-01,On Time
O0005006,West Hub,12.13,2026-03-29,2026-03-28,On Time
O0005007,East Hub,5.77,2026-03-30,2026-03-30,On Time
O0005008,Central Hub,12.96,2026-03-30,2026-03-29,On Time
O0005009,Central Hub,9.01,2026-03-29,2026-03-29,On Time
O0005010,East Hub,7.38,2026-03-30,2026-04-04,Late
O0005011,West Hub,19.59,2026-04-02,2026-04-01,On Time
O0005012,West Hub,8.75,2026-04-01,2026-03-31,On Time
O0005013,East Hub,20.17,2026-03-30,2026-03-29,On Time
O0005014,East Hub,10.42,2026-03-30,2026-03-30,On Time
O0005015,West Hub,16.51,2026-03-31,2026-03-30,On Time
O0005016,East Hub,12.37,2026-03-31,2026-03-30,On Time
O0005017,East Hub,10.59,2026-04-02,2026-04-01,On Time
O0005018,Central Hub,6.23,2026-03-31,2026-04-02,Late
O0005019,West Hub,11.34,2026-04-01,2026-04-01,On Time
O0005020,East Hub,7.72,2026-03-31,2026-03-31,On Time
O0005021,Central Hub,8.58,2026-04-01,2026-03-31,On Time
O0005022,Central Hub,6.64,2026-03-31,2026-04-01,Late
O0005023,Central Hub,9.17,2026-03-31,2026-03-31,On Time
O0005024,Central Hub,11.25,2026-04-01,2026-03-31,On Time
O0005025,Central Hub,6.91,2026-04-01,2026-04-01,On Time
O0005026,Central Hub,18.4,2026-04-01,2026-04-01,On Time
O0005027,Central Hub,10.46,2026-04-01,2026-03-31,On Time
O0005028,West Hub,10.45,2026-03-31,2026-03-30,On Time
O0005029,Central Hub,12.52,2026-03-31,2026-03-31,On Time
O0005030,West Hub,8.17,2026-04-02,2026-04-01,On Time
O0005031,East Hub,8.71,2026-03-31,2026-03-30,On Time
O0005032,Central Hub,10.95,2026-04-01,2026-04-05,Late
O0005033,East Hub,7.28,2026-04-01,2026-04-01,On Time
O0005034,East Hub,7.08,2026-03-31,2026-03-31,On Time
O0005035,Central Hub,16.52,2026-04-01,2026-04-01,On Time
O0005036,East Hub,16.72,2026-03-30,2026-04-04,Late
O0005037,West Hub,11.06,2026-04-01,2026-04-01,On Time
O0005038,East Hub,9.27,2026-03-30,2026-03-29,On Time
O0005039,West Hub,8.91,2026-03-31,2026-03-31,On Time
O0005040,East Hub,8.91,2026-03-30,2026-03-30,On Time
O0005041,West Hub,9.22,2026-03-31,2026-03-30,On Time
O0005042,Central Hub,17.58,2026-04-01,2026-04-01,On Time
O0005043,East Hub,11.28,2026-03-31,2026-04-04,Late
O0005044,Central Hub,12.71,2026-03-31,2026-03-31,On Time
O0005045,Central Hub,13.68,2026-04-02,2026-04-01,On Time
O0005046,West Hub,8.53,2026-04-02,2026-04-02,On Time
O0005047,West Hub,13.63,2026-04-02,2026-04-02,On Time
O0005048,East Hub,10.53,2026-04-01,2026-04-01,On Time
O0005049,Central Hub,9.73,2026-04-01,2026-03-31,On Time
O0005050,Central Hub,14.88,2026-04-02,2026-04-02,On Time
O0005051,Central Hub,9.94,2026-03-30,2026-03-29,On Time
O0005052,West Hub,25.56,2026-03-31,2026-03-30,On Time
O0005053,Central Hub,10.13,2026-04-02,2026-04-01,On Time
O0005054,East Hub,17.32,2026-04-02,2026-04-02,On Time
O0005055,Central Hub,8.94,2026-03-31,2026-03-31,On Time
O0005056,East Hub,6.28,2026-03-31,2026-03-31,On Time
O0005057,Central Hub,13.61,2026-04-03,2026-04-02,On Time
O0005058,East Hub,11.96,2026-03-31,2026-03-31,On Time
O0005059,East Hub,8.3,2026-04-03,2026-04-02,On Time
O0005060,West Hub,8.96,2026-04-03,2026-04-02,On Time
O0005061,East Hub,6.51,2026-04-01,2026-04-01,On Time
O0005062,West Hub,11.4,2026-04-01,2026-04-01,On Time
O0005063,West Hub,8.4,2026-04-01,2026-04-03,Late
O0005064,Central Hub,9.58,2026-04-02,2026-04-03,Late
O0005065,Central Hub,8.59,2026-04-03,2026-04-02,On Time
O0005066,Central Hub,9.64,2026-04-03,2026-04-03,On Time
O0005067,West Hub,8.99,2026-04-03,2026-04-03,On Time
O0005068,Central Hub,10.22,2026-03-31,2026-03-31,On Time
O0005069,West Hub,9.04,2026-04-02,2026-04-02,On Time
O0005070,East Hub,8.44,2026-04-02,2026-04-02,On Time
O0005071,West Hub,11.0,2026-03-31,2026-04-03,Late
O0005072,Central Hub,8.17,2026-04-02,2026-04-02,On Time
O0005073,East Hub,8.88,2026-04-02,2026-04-02,On Time
O0005074,East Hub,10.97,2026-04-01,2026-03-31,On Time
O0005075,East Hub,8.0,2026-04-01,2026-03-31,On Time
O0005076,West Hub,9.51,2026-04-03,2026-04-02,On Time
O0005077,Central Hub,10.38,2026-04-02,2026-04-02,On Time
O0005078,Central Hub,7.74,2026-03-31,2026-04-03,Late
O0005079,West Hub,19.97,2026-04-03,2026-04-03,On Time
O0005080,West Hub,8.96,2026-03-31,2026-04-03,Late
O0005081,West Hub,10.66,2026-04-01,2026-03-31,On Time
O0005082,East Hub,8.01,2026-04-03,2026-04-03,On Time
O0005083,East Hub,8.94,2026-03-31,2026-03-30,On Time
O0005084,West Hub,13.13,2026-04-01,2026-04-01,On Time
O0005085,East Hub,15.09,2026-04-03,2026-04-02,On Time
O0005086,West Hub,7.17,2026-03-31,2026-03-30,On Time
O0005087,West Hub,10.75,2026-04-02,2026-04-02,On Time
O0005088,East Hub,6.53,2026-04-01,2026-03-31,On Time
O0005089,Central Hub,16.04,2026-04-01,2026-04-01,On Time
O0005090,East Hub,10.31,2026-04-02,2026-04-02,On Time
O0005091,Central Hub,8.63,2026-03-31,2026-03-30,On Time
O0005092,East Hub,11.34,2026-04-01,2026-04-01,On Time
O0005093,Central Hub,8.62,2026-04-01,2026-04-01,On Time
O0005094,Central Hub,12.2,2026-04-01,2026-03-31,On Time
O0005095,East Hub,7.03,2026-04-03,2026-04-03,On Time
O0005096,Central Hub,6.95,2026-04-03,2026-04-03,On Time
O0005097,East Hub,10.66,2026-04-02,2026-04-01,On Time
O0005098,East Hub,7.21,2026-04-02,2026-04-02,On Time
O0005099,Central Hub,11.66,2026-04-02,2026-04-01,On Time
O0005100,East Hub,12.45,2026-04-01,2026-03-31,On Time
O0005101,East Hub,13.6,2026-04-02,2026-04-01,On Time
O0005102,East Hub,22.87,2026-04-01,2026-04-01,On Time
O0005103,West Hub,7.45,2026-04-03,2026-04-02,On Time
O0005104,West Hub,12.33,2026-03-31,2026-03-30,On Time
O0005105,West Hub,8.56,2026-04-02,2026-04-02,On Time
O0005106,West Hub,13.17,2026-04-01,2026-03-31,On Time
O0005107,Central Hub,11.66,2026-03-31,2026-03-31,On Time
O0005108,West Hub,7.9,2026-04-02,2026-04-01,On Time
O0005109,East Hub,10.37,2026-04-02,2026-04-02,On Time
O0005110,East Hub,8.83,2026-04-02,2026-04-01,On Time
O0005111,East Hub,10.69,2026-04-03,2026-04-03,On Time
O0005112,Central Hub,7.04,2026-04-03,2026-04-02,On Time
O0005113,West Hub,13.13,2026-04-01,2026-04-01,On Time
O0005114,East Hub,8.52,2026-04-01,2026-04-01,On Time
O0005115,Central Hub,7.09,2026-04-01,2026-03-31,On Time
O0005116,Central Hub,10.22,2026-04-01,2026-03-31,On Time
O0005117,East Hub,11.38,2026-04-02,2026-04-01,On Time
O0005118,Central Hub,13.4,2026-04-04,2026-04-03,On Time
O0005119,West Hub,7.6,2026-04-02,2026-04-02,On Time
O0005120,Central Hub,8.65,2026-04-04,2026-04-03,On Time
O0005121,Central Hub,8.77,2026-04-03,2026-04-02,On Time
O0005122,East Hub,7.28,2026-04-02,2026-04-02,On Time
O0005123,Central Hub,11.74,2026-04-01,2026-04-01,On Time
O0005124,Central Hub,11.09,2026-04-01,2026-03-31,On Time
O0005125,West Hub,20.26,2026-04-04,2026-04-05,Late
O0005126,West Hub,8.67,2026-04-02,2026-04-02,On Time
O0005127,East Hub,8.97,2026-04-01,2026-04-01,On Time
O0005128,East Hub,8.9,2026-04-03,2026-04-03,On Time
O0005129,Central Hub,10.27,2026-04-04,2026-04-03,On Time
O0005130,Central Hub,11.46,2026-04-04,2026-04-04,On Time
O0005131,Central Hub,9.88,2026-04-01,2026-03-31,On Time
O0005132,Central Hub,7.51,2026-04-04,2026-04-03,On Time
O0005133,Central Hub,16.73,2026-04-04,2026-04-06,Late
O0005134,Central Hub,8.27,2026-04-02,2026-04-02,On Time
O0005135,East Hub,8.08,2026-04-01,2026-04-01,On Time
O0005136,East Hub,10.44,2026-04-04,2026-04-03,On Time
O0005137,East Hub,11.36,2026-04-02,2026-04-01,On Time
O0005138,West Hub,18.37,2026-04-04,2026-04-04,On Time
O0005139,West Hub,19.13,2026-04-02,2026-04-04,Late
O0005140,West Hub,9.0,2026-04-01,2026-04-01,On Time
O0005141,West Hub,13.01,2026-04-04,2026-04-03,On Time
O0005142,Central Hub,15.17,2026-04-03,2026-04-02,On Time
O0005143,East Hub,7.07,2026-04-01,2026-03-31,On Time
O0005144,West Hub,8.74,2026-04-02,2026-04-02,On Time
O0005145,Central Hub,7.32,2026-04-02,2026-04-01,On Time
O0005146,Central Hub,7.09,2026-04-03,2026-04-02,On Time
O0005147,East Hub,13.22,2026-04-04,2026-04-03,On Time
O0005148,West Hub,7.71,2026-04-01,2026-03-31,On Time
O0005149,Central Hub,8.58,2026-04-04,2026-04-04,On Time
O0005150,Central Hub,15.24,2026-04-02,2026-04-01,On Time
O0005151,Central Hub,9.58,2026-04-03,2026-04-02,On Time
O0005152,Central Hub,10.08,2026-04-02,2026-04-01,On Time
O0005153,West Hub,19.48,2026-04-04,2026-04-03,On Time
O0005154,Central Hub,11.32,2026-04-02,2026-04-01,On Time
O0005155,Central Hub,9.1,2026-04-02,2026-04-01,On Time
O0005156,Central Hub,11.72,2026-04-01,2026-03-31,On Time
O0005157,West Hub,13.63,2026-04-03,2026-04-02,On Time
O0005158,West Hub,11.27,2026-04-01,2026-03-31,On Time
O0005159,East Hub,14.32,2026-04-01,2026-04-01,On Time
O0005160,West Hub,9.68,2026-04-03,2026-04-03,On Time
O0005161,Central Hub,11.71,2026-04-03,2026-04-02,On Time
O0005162,East Hub,11.35,2026-04-02,2026-04-01,On Time
O0005163,Central Hub,11.22,2026-04-02,2026-04-07,Late
O0005164,Central Hub,7.36,2026-04-04,2026-04-04,On Time
O0005165,East Hub,9.29,2026-04-02,2026-04-04,Late
O0005166,East Hub,8.59,2026-04-04,2026-04-04,On Time
O0005167,West Hub,11.28,2026-04-05,2026-04-05,On Time
O0005168,West Hub,12.65,2026-04-02,2026-04-01,On Time
O0005169,East Hub,8.43,2026-04-05,2026-04-04,On Time
O0005170,West Hub,9.87,2026-04-04,2026-04-03,On Time
O0005171,East Hub,7.48,2026-04-02,2026-04-01,On Time
O0005172,West Hub,9.7,2026-04-04,2026-04-08,Late
O0005173,East Hub,7.01,2026-04-05,2026-04-04,On Time
O0005174,Central Hub,8.2,2026-04-03,2026-04-03,On Time
O0005175,Central Hub,5.74,2026-04-05,2026-04-04,On Time
O0005176,East Hub,6.63,2026-04-02,2026-04-01,On Time
O0005177,East Hub,8.03,2026-04-05,2026-04-04,On Time
O0005178,West Hub,9.28,2026-04-03,2026-04-04,Late
O0005179,East Hub,7.42,2026-04-02,2026-04-02,On Time
O0005180,East Hub,7.08,2026-04-05,2026-04-04,On Time
O0005181,East Hub,8.66,2026-04-02,2026-04-01,On Time
O0005182,East Hub,14.51,2026-04-04,2026-04-04,On Time
O0005183,West Hub,10.36,2026-04-04,2026-04-03,On Time
O0005184,West Hub,11.5,2026-04-04,2026-04-03,On Time
O0005185,East Hub,9.29,2026-04-05,2026-04-05,On Time
O0005186,Central Hub,10.7,2026-04-05,2026-04-04,On Time
O0005187,West Hub,8.2,2026-04-03,2026-04-07,Late
O0005188,East Hub,17.66,2026-04-02,2026-04-01,On Time
O0005189,West Hub,12.56,2026-04-03,2026-04-02,On Time
O0005190,West Hub,14.63,2026-04-05,2026-04-05,On Time
O0005191,West Hub,11.82,2026-04-04,2026-04-03,On Time
O0005192,Central Hub,10.88,2026-04-05,2026-04-04,On Time
O0005193,West Hub,9.46,2026-04-04,2026-04-03,On Time
O0005194,Central Hub,12.82,2026-04-03,2026-04-02,On Time
O0005195,West Hub,13.2,2026-04-03,2026-04-02,On Time
O0005196,East Hub,11.05,2026-04-05,2026-04-05,On Time
O0005197,East Hub,8.95,2026-04-03,2026-04-02,On Time
O0005198,West Hub,6.21,2026-04-03,2026-04-02,On Time
O0005199,East Hub,11.55,2026-04-02,2026-04-02,On Time
O0005200,West Hub,13.3,2026-04-05,2026-04-04,On Time
O0005201,West Hub,9.79,2026-04-03,2026-04-02,On Time
O0005202,Central Hub,9.16,2026-04-05,2026-04-04,On Time
O0005203,West Hub,12.92,2026-04-05,2026-04-04,On Time
O0005204,East Hub,11.17,2026-04-02,2026-04-02,On Time
O0005205,East Hub,8.53,2026-04-02,2026-04-01,On Time
O0005206,West Hub,15.98,2026-04-02,2026-04-05,Late
O0005207,East Hub,8.54,2026-04-04,2026-04-04,On Time
O0005208,West Hub,19.85,2026-04-04,2026-04-04,On Time
O0005209,West Hub,16.52,2026-04-05,2026-04-04,On Time
O0005210,East Hub,9.1,2026-04-05,2026-04-04,On Time
O0005211,East Hub,7.61,2026-04-03,2026-04-03,On Time
O0005212,East Hub,6.63,2026-04-05,2026-04-05,On Time
O0005213,Central Hub,14.21,2026-04-02,2026-04-01,On Time
O0005214,Central Hub,7.46,2026-04-05,2026-04-04,On Time
O0005215,East Hub,7.49,2026-04-03,2026-04-03,On Time
O0005216,West Hub,7.43,2026-04-03,2026-04-02,On Time
O0005217,West Hub,8.75,2026-04-04,2026-04-08,Late
O0005218,West Hub,14.88,2026-04-03,2026-04-03,On Time
O0005219,West Hub,13.99,2026-04-02,2026-04-01,On Time
O0005220,West Hub,11.77,2026-04-03,2026-04-02,On Time
O0005221,Central Hub,11.9,2026-04-05,2026-04-04,On Time
O0005222,West Hub,12.58,2026-04-05,2026-04-04,On Time
O0005223,East Hub,15.0,2026-04-05,2026-04-05,On Time
O0005224,East Hub,12.11,2026-04-05,2026-04-04,On Time
O0005225,West Hub,11.99,2026-04-03,2026-04-02,On Time
O0005226,West Hub,7.47,2026-04-02,2026-04-01,On Time
O0005227,East Hub,9.33,2026-04-04,2026-04-04,On Time
O0005228,West Hub,8.88,2026-04-02,2026-04-02,On Time
O0005229,West Hub,11.29,2026-04-02,2026-04-01,On Time
O0005230,East Hub,11.55,2026-04-02,2026-04-02,On Time
O0005231,Central Hub,5.77,2026-04-03,2026-04-08,Late
O0005232,West Hub,9.22,2026-04-03,2026-04-02,On Time
O0005233,East Hub,9.7,2026-04-03,2026-04-02,On Time
O0005234,East Hub,11.25,2026-04-06,2026-04-05,On Time
O0005235,West Hub,12.07,2026-04-04,2026-04-03,On Time
O0005236,East Hub,9.08,2026-04-05,2026-04-04,On Time
O0005237,Central Hub,6.81,2026-04-06,2026-04-08,Late
O0005238,East Hub,9.19,2026-04-04,2026-04-03,On Time
O0005239,West Hub,10.49,2026-04-03,2026-04-03,On Time
O0005240,West Hub,9.56,2026-04-04,2026-04-04,On Time
O0005241,Central Hub,15.9,2026-04-03,2026-04-03,On Time
O0005242,East Hub,11.7,2026-04-03,2026-04-03,On Time
O0005243,West Hub,12.63,2026-04-04,2026-04-04,On Time
O0005244,Central Hub,8.26,2026-04-04,2026-04-03,On Time
O0005245,East Hub,7.16,2026-04-03,2026-04-02,On Time
O0005246,East Hub,9.7,2026-04-03,2026-04-02,On Time
O0005247,East Hub,7.75,2026-04-04,2026-04-03,On Time
O0005248,West Hub,14.41,2026-04-05,2026-04-05,On Time
O0005249,East Hub,14.45,2026-04-03,2026-04-03,On Time
O0005250,East Hub,9.43,2026-04-05,2026-04-04,On Time
O0005251,West Hub,14.38,2026-04-03,2026-04-03,On Time
O0005252,West Hub,11.54,2026-04-05,2026-04-04,On Time
O0005253,Central Hub,7.29,2026-04-04,2026-04-03,On Time
O0005254,West Hub,13.75,2026-04-03,2026-04-02,On Time
O0005255,East Hub,10.03,2026-04-06,2026-04-06,On Time
O0005256,West Hub,6.78,2026-04-05,2026-04-05,On Time
O0005257,West Hub,11.21,2026-04-04,2026-04-06,Late
O0005258,West Hub,18.35,2026-04-03,2026-04-05,Late
O0005259,East Hub,18.09,2026-04-06,2026-04-05,On Time
O0005260,West Hub,9.07,2026-04-04,2026-04-03,On Time
O0005261,West Hub,7.87,2026-04-06,2026-04-05,On Time
O0005262,West Hub,7.81,2026-04-03,2026-04-03,On Time
O0005263,West Hub,12.19,2026-04-06,2026-04-06,On Time
O0005264,West Hub,13.82,2026-04-04,2026-04-03,On Time
O0005265,East Hub,10.16,2026-04-06,2026-04-06,On Time
O0005266,Central Hub,10.85,2026-04-05,2026-04-05,On Time
O0005267,Central Hub,12.1,2026-04-03,2026-04-03,On Time
O0005268,Central Hub,8.0,2026-04-03,2026-04-02,On Time
O0005269,Central Hub,7.21,2026-04-06,2026-04-06,On Time
O0005270,Central Hub,10.62,2026-04-03,2026-04-03,On Time
O0005271,West Hub,22.17,2026-04-05,2026-04-04,On Time
O0005272,West Hub,9.69,2026-04-04,2026-04-03,On Time
O0005273,West Hub,8.13,2026-04-04,2026-04-03,On Time
O0005274,West Hub,7.37,2026-04-05,2026-04-04,On Time
O0005275,West Hub,9.48,2026-04-05,2026-04-10,Late
O0005276,East Hub,11.57,2026-04-03,2026-04-04,Late
O0005277,Central Hub,9.0,2026-04-04,2026-04-04,On Time
O0005278,East Hub,11.69,2026-04-06,2026-04-05,On Time
O0005279,West Hub,8.65,2026-04-04,2026-04-04,On Time
O0005280,West Hub,7.11,2026-04-05,2026-04-05,On Time
O0005281,West Hub,14.45,2026-04-04,2026-04-04,On Time
O0005282,East Hub,7.87,2026-04-03,2026-04-02,On Time
O0005283,East Hub,9.14,2026-04-06,2026-04-06,On Time
O0005284,West Hub,9.29,2026-04-04,2026-04-04,On Time
O0005285,West Hub,14.26,2026-04-05,2026-04-05,On Time
O0005286,East Hub,8.23,2026-04-06,2026-04-06,On Time
O0005287,Central Hub,10.05,2026-04-03,2026-04-03,On Time
O0005288,Central Hub,11.33,2026-04-05,2026-04-04,On Time
O0005289,West Hub,16.52,2026-04-06,2026-04-06,On Time
O0005290,West Hub,9.62,2026-04-06,2026-04-05,On Time
O0005291,Central Hub,10.33,2026-04-04,2026-04-04,On Time
O0005292,West Hub,13.97,2026-04-05,2026-04-05,On Time
O0005293,Central Hub,8.58,2026-04-07,2026-04-06,On Time
O0005294,East Hub,9.35,2026-04-07,2026-04-07,On Time
O0005295,Central Hub,9.49,2026-04-06,2026-04-10,Late
O0005296,West Hub,11.41,2026-04-04,2026-04-04,On Time
O0005297,East Hub,16.39,2026-04-04,2026-04-03,On Time
O0005298,East Hub,8.91,2026-04-06,2026-04-05,On Time
O0005299,Central Hub,8.5,2026-04-06,2026-04-05,On Time
O0005300,Central Hub,9.67,2026-04-05,2026-04-04,On Time
O0005301,West Hub,15.1,2026-04-07,2026-04-06,On Time
O0005302,West Hub,8.58,2026-04-04,2026-04-05,Late
O0005303,Central Hub,6.47,2026-04-04,2026-04-06,Late
O0005304,Central Hub,14.72,2026-04-06,2026-04-06,On Time
O0005305,Central Hub,10.68,2026-04-05,2026-04-04,On Time
O0005306,East Hub,9.82,2026-04-04,2026-04-03,On Time
O0005307,West Hub,15.11,2026-04-04,2026-04-04,On Time
O0005308,Central Hub,7.85,2026-04-04,2026-04-03,On Time
O0005309,Central Hub,7.28,2026-04-06,2026-04-05,On Time
O0005310,Central Hub,16.37,2026-04-04,2026-04-04,On Time
O0005311,Central Hub,22.57,2026-04-06,2026-04-05,On Time
O0005312,West Hub,17.13,2026-04-07,2026-04-06,On Time
O0005313,East Hub,10.06,2026-04-07,2026-04-06,On Time
O0005314,Central Hub,8.58,2026-04-05,2026-04-04,On Time
O0005315,West Hub,21.71,2026-04-07,2026-04-06,On Time
O0005316,East Hub,10.85,2026-04-04,2026-04-09,Late
O0005317,Central Hub,12.85,2026-04-07,2026-04-06,On Time
O0005318,West Hub,10.76,2026-04-05,2026-04-05,On Time
O0005319,West Hub,8.99,2026-04-05,2026-04-05,On Time
O0005320,Central Hub,17.35,2026-04-04,2026-04-04,On Time
O0005321,West Hub,14.73,2026-04-06,2026-04-05,On Time
O0005322,Central Hub,7.48,2026-04-06,2026-04-05,On Time
O0005323,West Hub,12.47,2026-04-07,2026-04-07,On Time
O0005324,West Hub,9.76,2026-04-05,2026-04-05,On Time
O0005325,West Hub,12.62,2026-04-04,2026-04-04,On Time
O0005326,Central Hub,8.55,2026-04-07,2026-04-07,On Time
O0005327,East Hub,15.91,2026-04-05,2026-04-05,On Time
O0005328,East Hub,10.23,2026-04-05,2026-04-04,On Time
O0005329,West Hub,8.34,2026-04-05,2026-04-04,On Time
O0005330,East Hub,19.89,2026-04-06,2026-04-06,On Time
O0005331,Central Hub,6.37,2026-04-06,2026-04-06,On Time
O0005332,East Hub,9.97,2026-04-06,2026-04-06,On Time
O0005333,West Hub,15.44,2026-04-07,2026-04-07,On Time
O0005334,Central Hub,6.98,2026-04-07,2026-04-07,On Time
O0005335,West Hub,16.22,2026-04-06,2026-04-05,On Time
O0005336,Central Hub,10.08,2026-04-07,2026-04-06,On Time
O0005337,East Hub,10.03,2026-04-05,2026-04-04,On Time
O0005338,West Hub,15.85,2026-04-05,2026-04-04,On Time
O0005339,East Hub,7.92,2026-04-07,2026-04-07,On Time
O0005340,Central Hub,17.88,2026-04-04,2026-04-05,Late
O0005341,Central Hub,7.75,2026-04-07,2026-04-06,On Time
O0005342,East Hub,6.99,2026-04-07,2026-04-06,On Time
O0005343,East Hub,17.2,2026-04-06,2026-04-05,On Time
O0005344,Central Hub,15.07,2026-04-07,2026-04-06,On Time
O0005345,Central Hub,8.78,2026-04-05,2026-04-04,On Time
O0005346,West Hub,12.46,2026-04-07,2026-04-07,On Time
O0005347,West Hub,10.52,2026-04-07,2026-04-08,Late
O0005348,Central Hub,8.91,2026-04-05,2026-04-09,Late
O0005349,Central Hub,13.63,2026-04-07,2026-04-07,On Time
O0005350,West Hub,12.09,2026-04-05,2026-04-05,On Time
O0005351,West Hub,7.32,2026-04-05,2026-04-04,On Time
O0005352,West Hub,17.39,2026-04-07,2026-04-06,On Time
O0005353,East Hub,9.55,2026-04-05,2026-04-04,On Time
O0005354,West Hub,15.65,2026-04-05,2026-04-08,Late
O0005355,West Hub,14.18,2026-04-04,2026-04-04,On Time
O0005356,West Hub,16.95,2026-04-07,2026-04-07,On Time
O0005357,West Hub,17.35,2026-04-07,2026-04-07,On Time
O0005358,West Hub,27.69,2026-04-06,2026-04-05,On Time
O0005359,West Hub,9.86,2026-04-06,2026-04-10,Late
O0005360,West Hub,9.17,2026-04-06,2026-04-05,On Time
O0005361,West Hub,14.52,2026-04-06,2026-04-05,On Time
O0005362,Central Hub,12.93,2026-04-06,2026-04-05,On Time
O0005363,West Hub,13.09,2026-04-06,2026-04-06,On Time
O0005364,East Hub,11.03,2026-04-06,2026-04-06,On Time
O0005365,West Hub,8.79,2026-04-04,2026-04-03,On Time
O0005366,East Hub,7.58,2026-04-06,2026-04-05,On Time
O0005367,Central Hub,7.95,2026-04-06,2026-04-06,On Time
O0005368,West Hub,10.86,2026-04-07,2026-04-07,On Time
O0005369,East Hub,7.61,2026-04-06,2026-04-05,On Time
O0005370,Central Hub,8.38,2026-04-05,2026-04-04,On Time
O0005371,East Hub,14.21,2026-04-08,2026-04-08,On Time
O0005372,East Hub,14.63,2026-04-06,2026-04-05,On Time
O0005373,West Hub,14.55,2026-04-06,2026-04-06,On Time
O0005374,West Hub,9.51,2026-04-06,2026-04-06,On Time
O0005375,Central Hub,10.76,2026-04-05,2026-04-04,On Time
O0005376,East Hub,8.01,2026-04-08,2026-04-07,On Time
O0005377,East Hub,9.76,2026-04-05,2026-04-05,On Time
O0005378,East Hub,11.6,2026-04-08,2026-04-07,On Time
O0005379,East Hub,11.87,2026-04-08,2026-04-07,On Time
O0005380,West Hub,16.65,2026-04-05,2026-04-04,On Time
O0005381,Central Hub,10.34,2026-04-06,2026-04-06,On Time
O0005382,East Hub,6.54,2026-04-05,2026-04-04,On Time
O0005383,East Hub,8.84,2026-04-07,2026-04-07,On Time
O0005384,West Hub,14.48,2026-04-07,2026-04-08,Late
O0005385,Central Hub,11.02,2026-04-06,2026-04-05,On Time
O0005386,West Hub,13.44,2026-04-07,2026-04-06,On Time
O0005387,Central Hub,10.66,2026-04-05,2026-04-10,Late
O0005388,East Hub,22.17,2026-04-05,2026-04-05,On Time
O0005389,East Hub,12.93,2026-04-05,2026-04-04,On Time
O0005390,East Hub,7.33,2026-04-05,2026-04-05,On Time
O0005391,East Hub,9.38,2026-04-06,2026-04-06,On Time
O0005392,East Hub,12.86,2026-04-08,2026-04-08,On Time
O0005393,West Hub,15.0,2026-04-08,2026-04-08,On Time
O0005394,West Hub,9.13,2026-04-08,2026-04-07,On Time
O0005395,Central Hub,7.64,2026-04-05,2026-04-04,On Time
O0005396,West Hub,10.61,2026-04-06,2026-04-06,On Time
O0005397,Central Hub,5.86,2026-04-08,2026-04-07,On Time
O0005398,East Hub,7.97,2026-04-06,2026-04-06,On Time
O0005399,West Hub,11.76,2026-04-06,2026-04-05,On Time
O0005400,East Hub,7.96,2026-04-08,2026-04-08,On Time
O0005401,West Hub,15.43,2026-04-05,2026-04-07,Late
O0005402,Central Hub,22.16,2026-04-06,2026-04-05,On Time
O0005403,Central Hub,9.08,2026-04-07,2026-04-06,On Time
O0005404,West Hub,18.51,2026-04-07,2026-04-07,On Time
O0005405,Central Hub,6.49,2026-04-07,2026-04-06,On Time
O0005406,East Hub,7.1,2026-04-06,2026-04-05,On Time
O0005407,West Hub,11.49,2026-04-08,2026-04-08,On Time
O0005408,West Hub,15.92,2026-04-05,2026-04-05,On Time
O0005409,Central Hub,15.53,2026-04-05,2026-04-04,On Time
O0005410,East Hub,14.37,2026-04-06,2026-04-06,On Time
O0005411,East Hub,9.11,2026-04-07,2026-04-07,On Time
O0005412,Central Hub,6.78,2026-04-06,2026-04-05,On Time
O0005413,Central Hub,6.76,2026-04-07,2026-04-07,On Time
O0005414,Central Hub,9.39,2026-04-05,2026-04-04,On Time
O0005415,Central Hub,13.26,2026-04-05,2026-04-04,On Time
O0005416,West Hub,10.17,2026-04-08,2026-04-07,On Time
O0005417,West Hub,11.79,2026-04-06,2026-04-06,On Time
O0005418,East Hub,8.08,2026-04-06,2026-04-05,On Time
O0005419,Central Hub,9.85,2026-04-07,2026-04-07,On Time
O0005420,West Hub,11.54,2026-04-05,2026-04-04,On Time
O0005421,East Hub,13.47,2026-04-05,2026-04-05,On Time
O0005422,Central Hub,8.37,2026-04-06,2026-04-06,On Time
O0005423,West Hub,14.92,2026-04-06,2026-04-05,On Time
O0005424,East Hub,19.53,2026-04-08,2026-04-08,On Time
O0005425,Central Hub,6.95,2026-04-07,2026-04-07,On Time
O0005426,West Hub,13.39,2026-04-08,2026-04-08,On Time
O0005427,West Hub,9.32,2026-04-05,2026-04-04,On Time
O0005428,West Hub,8.09,2026-04-08,2026-04-08,On Time
O0005429,Central Hub,10.07,2026-04-06,2026-04-06,On Time
O0005430,Central Hub,11.18,2026-04-08,2026-04-08,On Time
O0005431,East Hub,10.88,2026-04-07,2026-04-08,Late
O0005432,Central Hub,8.13,2026-04-05,2026-04-05,On Time
O0005433,West Hub,12.18,2026-04-07,2026-04-07,On Time
O0005434,West Hub,14.1,2026-04-06,2026-04-05,On Time
O0005435,West Hub,14.25,2026-04-08,2026-04-07,On Time
O0005436,East Hub,12.14,2026-04-05,2026-04-04,On Time
O0005437,West Hub,9.85,2026-04-08,2026-04-08,On Time
O0005438,West Hub,8.59,2026-04-07,2026-04-10,Late
O0005439,West Hub,13.86,2026-04-05,2026-04-05,On Time
O0005440,Central Hub,9.22,2026-04-07,2026-04-06,On Time
O0005441,West Hub,7.24,2026-04-06,2026-04-06,On Time
O0005442,Central Hub,8.91,2026-04-05,2026-04-04,On Time
O0005443,Central Hub,11.69,2026-04-07,2026-04-08,Late
O0005444,East Hub,16.69,2026-04-05,2026-04-05,On Time
O0005445,West Hub,9.27,2026-04-07,2026-04-07,On Time
O0005446,Central Hub,13.64,2026-04-07,2026-04-06,On Time
O0005447,Central Hub,12.12,2026-04-08,2026-04-07,On Time
O0005448,West Hub,11.39,2026-04-07,2026-04-06,On Time
O0005449,West Hub,13.83,2026-04-08,2026-04-07,On Time
O0005450,Central Hub,11.19,2026-04-08,2026-04-08,On Time
O0005451,West Hub,10.35,2026-04-06,2026-04-05,On Time
O0005452,West Hub,10.84,2026-04-08,2026-04-08,On Time
O0005453,Central Hub,8.84,2026-04-06,2026-04-06,On Time
O0005454,East Hub,8.32,2026-04-08,2026-04-08,On Time
O0005455,Central Hub,11.75,2026-04-06,2026-04-05,On Time
O0005456,East Hub,13.23,2026-04-07,2026-04-06,On Time
O0005457,West Hub,12.4,2026-04-09,2026-04-09,On Time
O0005458,West Hub,7.5,2026-04-08,2026-04-08,On Time
O0005459,West Hub,7.45,2026-04-06,2026-04-06,On Time
O0005460,Central Hub,10.59,2026-04-08,2026-04-07,On Time
O0005461,West Hub,16.19,2026-04-08,2026-04-08,On Time
O0005462,Central Hub,11.09,2026-04-06,2026-04-06,On Time
O0005463,West Hub,11.12,2026-04-09,2026-04-09,On Time
O0005464,Central Hub,13.12,2026-04-09,2026-04-09,On Time
O0005465,Central Hub,8.51,2026-04-06,2026-04-05,On Time
O0005466,Central Hub,15.08,2026-04-09,2026-04-09,On Time
O0005467,East Hub,7.65,2026-04-07,2026-04-08,Late
O0005468,East Hub,13.15,2026-04-09,2026-04-08,On Time
O0005469,Central Hub,7.82,2026-04-06,2026-04-10,Late
O0005470,Central Hub,14.91,2026-04-07,2026-04-06,On Time
O0005471,Central Hub,15.25,2026-04-08,2026-04-07,On Time
O0005472,West Hub,11.72,2026-04-06,2026-04-06,On Time
O0005473,Central Hub,6.02,2026-04-07,2026-04-07,On Time
O0005474,West Hub,7.92,2026-04-06,2026-04-05,On Time
O0005475,West Hub,15.25,2026-04-09,2026-04-08,On Time
O0005476,East Hub,12.65,2026-04-09,2026-04-09,On Time
O0005477,Central Hub,10.46,2026-04-09,2026-04-08,On Time
O0005478,East Hub,9.38,2026-04-09,2026-04-09,On Time
O0005479,Central Hub,10.02,2026-04-06,2026-04-05,On Time
O0005480,Central Hub,12.45,2026-04-09,2026-04-09,On Time
O0005481,West Hub,9.66,2026-04-08,2026-04-07,On Time
O0005482,Central Hub,11.09,2026-04-08,2026-04-08,On Time
O0005483,West Hub,12.24,2026-04-08,2026-04-08,On Time
O0005484,East Hub,8.9,2026-04-07,2026-04-06,On Time
O0005485,Central Hub,7.77,2026-04-06,2026-04-05,On Time
O0005486,East Hub,7.52,2026-04-07,2026-04-07,On Time
O0005487,West Hub,16.56,2026-04-09,2026-04-12,Late
O0005488,West Hub,5.87,2026-04-09,2026-04-08,On Time
O0005489,West Hub,7.71,2026-04-08,2026-04-07,On Time
O0005490,East Hub,6.1,2026-04-09,2026-04-09,On Time
O0005491,West Hub,15.53,2026-04-06,2026-04-07,Late
O0005492,West Hub,14.13,2026-04-09,2026-04-09,On Time
O0005493,West Hub,13.72,2026-04-09,2026-04-09,On Time
O0005494,East Hub,10.26,2026-04-06,2026-04-06,On Time
O0005495,Central Hub,10.71,2026-04-09,2026-04-08,On Time
O0005496,Central Hub,14.97,2026-04-06,2026-04-06,On Time
O0005497,Central Hub,7.36,2026-04-06,2026-04-05,On Time
O0005498,West Hub,13.8,2026-04-07,2026-04-07,On Time
O0005499,Central Hub,8.11,2026-04-08,2026-04-07,On Time
O0005500,East Hub,7.83,2026-04-07,2026-04-06,On Time
O0005501,Central Hub,9.69,2026-04-06,2026-04-06,On Time
O0005502,Central Hub,7.41,2026-04-08,2026-04-07,On Time
O0005503,West Hub,14.36,2026-04-09,2026-04-08,On Time
O0005504,West Hub,15.87,2026-04-09,2026-04-08,On Time
O0005505,East Hub,15.11,2026-04-06,2026-04-05,On Time
O0005506,East Hub,11.31,2026-04-07,2026-04-07,On Time
O0005507,West Hub,11.02,2026-04-08,2026-04-07,On Time
O0005508,West Hub,6.68,2026-04-08,2026-04-07,On Time
O0005509,West Hub,12.34,2026-04-08,2026-04-08,On Time
O0005510,West Hub,8.53,2026-04-08,2026-04-10,Late
O0005511,Central Hub,6.14,2026-04-09,2026-04-09,On Time
O0005512,Central Hub,13.07,2026-04-08,2026-04-08,On Time
O0005513,East Hub,8.49,2026-04-07,2026-04-07,On Time
O0005514,East Hub,8.68,2026-04-07,2026-04-06,On Time
O0005515,Central Hub,7.83,2026-04-07,2026-04-07,On Time
O0005516,Central Hub,11.49,2026-04-09,2026-04-08,On Time
O0005517,Central Hub,8.71,2026-04-08,2026-04-07,On Time
O0005518,East Hub,10.57,2026-04-09,2026-04-09,On Time
O0005519,Central Hub,28.66,2026-04-09,2026-04-11,Late
O0005520,East Hub,13.9,2026-04-09,2026-04-08,On Time
O0005521,East Hub,16.34,2026-04-08,2026-04-10,Late
O0005522,Central Hub,17.75,2026-04-07,2026-04-07,On Time
O0005523,Central Hub,9.9,2026-04-06,2026-04-06,On Time
O0005524,West Hub,12.23,2026-04-08,2026-04-07,On Time
O0005525,West Hub,9.88,2026-04-09,2026-04-09,On Time
O0005526,East Hub,9.1,2026-04-06,2026-04-05,On Time
O0005527,East Hub,11.82,2026-04-09,2026-04-09,On Time
O0005528,Central Hub,10.03,2026-04-07,2026-04-07,On Time
O0005529,East Hub,7.88,2026-04-09,2026-04-08,On Time
O0005530,Central Hub,9.2,2026-04-09,2026-04-09,On Time
O0005531,West Hub,15.81,2026-04-09,2026-04-09,On Time
O0005532,Central Hub,9.27,2026-04-09,2026-04-08,On Time
O0005533,East Hub,14.56,2026-04-06,2026-04-06,On Time
O0005534,East Hub,8.98,2026-04-09,2026-04-09,On Time
O0005535,Central Hub,11.25,2026-04-07,2026-04-06,On Time
O0005536,East Hub,13.1,2026-04-07,2026-04-07,On Time
O0005537,East Hub,6.58,2026-04-08,2026-04-08,On Time
O0005538,East Hub,16.93,2026-04-09,2026-04-09,On Time
O0005539,Central Hub,9.38,2026-04-08,2026-04-07,On Time
O0005540,East Hub,8.34,2026-04-10,2026-04-10,On Time
O0005541,West Hub,11.79,2026-04-10,2026-04-09,On Time
O0005542,Central Hub,15.28,2026-04-07,2026-04-07,On Time
O0005543,East Hub,10.96,2026-04-07,2026-04-06,On Time
O0005544,Central Hub,13.76,2026-04-07,2026-04-07,On Time
O0005545,Central Hub,8.0,2026-04-08,2026-04-07,On Time
O0005546,West Hub,9.75,2026-04-08,2026-04-08,On Time
O0005547,West Hub,10.92,2026-04-09,2026-04-09,On Time
O0005548,Central Hub,14.32,2026-04-10,2026-04-10,On Time
O0005549,Central Hub,10.74,2026-04-08,2026-04-07,On Time
O0005550,West Hub,18.22,2026-04-08,2026-04-08,On Time
O0005551,West Hub,13.83,2026-04-08,2026-04-07,On Time
O0005552,West Hub,15.51,2026-04-10,2026-04-09,On Time
O0005553,West Hub,14.08,2026-04-09,2026-04-08,On Time
O0005554,West Hub,11.79,2026-04-09,2026-04-09,On Time
O0005555,West Hub,9.09,2026-04-09,2026-04-09,On Time
O0005556,West Hub,8.75,2026-04-09,2026-04-11,Late
O0005557,Central Hub,18.09,2026-04-07,2026-04-07,On Time
O0005558,East Hub,7.8,2026-04-10,2026-04-13,Late
O0005559,East Hub,15.15,2026-04-07,2026-04-07,On Time
O0005560,West Hub,21.25,2026-04-07,2026-04-09,Late
O0005561,Central Hub,11.26,2026-04-08,2026-04-08,On Time
O0005562,Central Hub,7.15,2026-04-09,2026-04-09,On Time
O0005563,Central Hub,7.33,2026-04-07,2026-04-07,On Time
O0005564,East Hub,12.62,2026-04-10,2026-04-10,On Time
O0005565,West Hub,9.94,2026-04-08,2026-04-07,On Time
O0005566,West Hub,33.88,2026-04-07,2026-04-07,On Time
O0005567,East Hub,6.42,2026-04-10,2026-04-10,On Time
O0005568,Central Hub,11.64,2026-04-08,2026-04-08,On Time
O0005569,West Hub,12.4,2026-04-10,2026-04-09,On Time
O0005570,Central Hub,17.24,2026-04-09,2026-04-08,On Time
O0005571,East Hub,14.24,2026-04-08,2026-04-08,On Time
O0005572,West Hub,7.78,2026-04-10,2026-04-09,On Time
O0005573,Central Hub,7.22,2026-04-10,2026-04-10,On Time
O0005574,Central Hub,12.22,2026-04-10,2026-04-09,On Time
O0005575,Central Hub,9.49,2026-04-07,2026-04-06,On Time
O0005576,Central Hub,8.72,2026-04-07,2026-04-06,On Time
O0005577,Central Hub,6.25,2026-04-09,2026-04-08,On Time
O0005578,Central Hub,11.78,2026-04-07,2026-04-07,On Time
O0005579,Central Hub,8.29,2026-04-08,2026-04-08,On Time
O0005580,Central Hub,8.92,2026-04-07,2026-04-06,On Time
O0005581,Central Hub,13.79,2026-04-08,2026-04-07,On Time
O0005582,East Hub,15.55,2026-04-10,2026-04-12,Late
O0005583,Central Hub,11.84,2026-04-07,2026-04-07,On Time
O0005584,Central Hub,15.65,2026-04-07,2026-04-07,On Time
O0005585,East Hub,8.53,2026-04-10,2026-04-10,On Time
O0005586,Central Hub,8.07,2026-04-07,2026-04-06,On Time
O0005587,Central Hub,17.14,2026-04-08,2026-04-07,On Time
O0005588,East Hub,9.61,2026-04-07,2026-04-12,Late
O0005589,Central Hub,14.02,2026-04-08,2026-04-07,On Time
O0005590,West Hub,10.93,2026-04-08,2026-04-10,Late
O0005591,East Hub,11.64,2026-04-10,2026-04-10,On Time
O0005592,East Hub,8.04,2026-04-08,2026-04-08,On Time
O0005593,East Hub,17.08,2026-04-09,2026-04-13,Late
O0005594,East Hub,7.91,2026-04-09,2026-04-09,On Time
O0005595,East Hub,21.02,2026-04-07,2026-04-07,On Time
O0005596,Central Hub,13.9,2026-04-08,2026-04-08,On Time
O0005597,West Hub,12.83,2026-04-08,2026-04-07,On Time
O0005598,West Hub,9.95,2026-04-09,2026-04-08,On Time
O0005599,Central Hub,7.2,2026-04-09,2026-04-09,On Time
O0005600,Central Hub,7.48,2026-04-08,2026-04-07,On Time
O0005601,West Hub,11.19,2026-04-10,2026-04-09,On Time
O0005602,East Hub,10.5,2026-04-07,2026-04-07,On Time
O0005603,East Hub,18.03,2026-04-09,2026-04-14,Late
O0005604,West Hub,10.57,2026-04-07,2026-04-09,Late
O0005605,West Hub,10.04,2026-04-08,2026-04-08,On Time
O0005606,East Hub,8.92,2026-04-10,2026-04-15,Late
O0005607,Central Hub,10.49,2026-04-09,2026-04-09,On Time
O0005608,West Hub,9.92,2026-04-09,2026-04-08,On Time
O0005609,East Hub,9.06,2026-04-08,2026-04-07,On Time
O0005610,West Hub,13.06,2026-04-07,2026-04-06,On Time
O0005611,East Hub,8.45,2026-04-07,2026-04-06,On Time
O0005612,West Hub,11.59,2026-04-10,2026-04-15,Late
O0005613,West Hub,17.19,2026-04-10,2026-04-09,On Time
O0005614,West Hub,9.46,2026-04-09,2026-04-09,On Time
O0005615,Central Hub,9.7,2026-04-10,2026-04-10,On Time
O0005616,Central Hub,7.78,2026-04-09,2026-04-08,On Time
O0005617,East Hub,10.73,2026-04-07,2026-04-06,On Time
O0005618,East Hub,8.23,2026-04-09,2026-04-08,On Time
O0005619,Central Hub,9.75,2026-04-08,2026-04-08,On Time
O0005620,Central Hub,7.31,2026-04-11,2026-04-13,Late
O0005621,East Hub,11.28,2026-04-08,2026-04-08,On Time
O0005622,West Hub,15.9,2026-04-11,2026-04-14,Late
O0005623,Central Hub,8.94,2026-04-11,2026-04-10,On Time
O0005624,Central Hub,6.41,2026-04-11,2026-04-11,On Time
O0005625,East Hub,13.77,2026-04-11,2026-04-11,On Time
O0005626,West Hub,8.54,2026-04-10,2026-04-10,On Time
O0005627,East Hub,18.23,2026-04-09,2026-04-08,On Time
O0005628,West Hub,12.1,2026-04-10,2026-04-09,On Time
O0005629,Central Hub,7.96,2026-04-11,2026-04-11,On Time
O0005630,Central Hub,10.22,2026-04-11,2026-04-11,On Time
O0005631,East Hub,7.84,2026-04-11,2026-04-10,On Time
O0005632,West Hub,10.7,2026-04-11,2026-04-10,On Time
O0005633,East Hub,7.62,2026-04-10,2026-04-10,On Time
O0005634,West Hub,10.58,2026-04-09,2026-04-10,Late
O0005635,Central Hub,7.54,2026-04-10,2026-04-10,On Time
O0005636,West Hub,11.14,2026-04-08,2026-04-07,On Time
O0005637,West Hub,19.61,2026-04-10,2026-04-10,On Time
O0005638,Central Hub,7.36,2026-04-10,2026-04-13,Late
O0005639,East Hub,9.69,2026-04-10,2026-04-09,On Time
O0005640,West Hub,21.09,2026-04-10,2026-04-10,On Time
O0005641,East Hub,14.09,2026-04-11,2026-04-11,On Time
O0005642,East Hub,6.48,2026-04-09,2026-04-08,On Time
O0005643,West Hub,13.73,2026-04-11,2026-04-11,On Time
O0005644,Central Hub,20.22,2026-04-10,2026-04-10,On Time
O0005645,East Hub,10.12,2026-04-09,2026-04-09,On Time
O0005646,Central Hub,8.9,2026-04-08,2026-04-07,On Time
O0005647,East Hub,7.96,2026-04-10,2026-04-10,On Time
O0005648,West Hub,9.64,2026-04-09,2026-04-08,On Time
O0005649,West Hub,13.94,2026-04-11,2026-04-11,On Time
O0005650,West Hub,11.5,2026-04-11,2026-04-11,On Time
O0005651,Central Hub,8.62,2026-04-08,2026-04-07,On Time
O0005652,East Hub,10.36,2026-04-11,2026-04-10,On Time
O0005653,East Hub,17.29,2026-04-08,2026-04-07,On Time
O0005654,East Hub,12.07,2026-04-11,2026-04-10,On Time
O0005655,East Hub,12.67,2026-04-09,2026-04-09,On Time
O0005656,West Hub,8.93,2026-04-10,2026-04-09,On Time
O0005657,East Hub,16.52,2026-04-09,2026-04-09,On Time
O0005658,Central Hub,9.69,2026-04-10,2026-04-09,On Time
O0005659,West Hub,18.88,2026-04-11,2026-04-10,On Time
O0005660,Central Hub,9.41,2026-04-08,2026-04-08,On Time
O0005661,West Hub,11.85,2026-04-08,2026-04-09,Late
O0005662,West Hub,12.21,2026-04-11,2026-04-10,On Time
O0005663,West Hub,8.38,2026-04-08,2026-04-07,On Time
O0005664,East Hub,14.59,2026-04-10,2026-04-10,On Time
O0005665,East Hub,14.17,2026-04-11,2026-04-10,On Time
O0005666,East Hub,10.64,2026-04-10,2026-04-10,On Time
O0005667,West Hub,11.95,2026-04-10,2026-04-10,On Time
O0005668,Central Hub,14.85,2026-04-08,2026-04-07,On Time
O0005669,Central Hub,10.82,2026-04-08,2026-04-07,On Time
O0005670,East Hub,8.28,2026-04-09,2026-04-09,On Time
O0005671,West Hub,9.19,2026-04-09,2026-04-09,On Time
O0005672,East Hub,7.64,2026-04-11,2026-04-11,On Time
O0005673,East Hub,8.57,2026-04-10,2026-04-10,On Time
O0005674,West Hub,8.58,2026-04-10,2026-04-09,On Time
O0005675,Central Hub,12.26,2026-04-11,2026-04-11,On Time
O0005676,Central Hub,8.71,2026-04-09,2026-04-11,Late
O0005677,East Hub,8.99,2026-04-10,2026-04-10,On Time
O0005678,East Hub,13.93,2026-04-08,2026-04-08,On Time
O0005679,West Hub,24.09,2026-04-09,2026-04-08,On Time
O0005680,West Hub,9.06,2026-04-11,2026-04-10,On Time
O0005681,Central Hub,17.29,2026-04-10,2026-04-15,Late
O0005682,Central Hub,11.93,2026-04-09,2026-04-08,On Time
O0005683,Central Hub,16.86,2026-04-09,2026-04-09,On Time
O0005684,West Hub,12.37,2026-04-09,2026-04-08,On Time
O0005685,Central Hub,10.22,2026-04-09,2026-04-08,On Time
O0005686,West Hub,7.41,2026-04-09,2026-04-09,On Time
O0005687,West Hub,8.12,2026-04-11,2026-04-10,On Time
O0005688,West Hub,10.7,2026-04-11,2026-04-10,On Time
O0005689,Central Hub,5.99,2026-04-08,2026-04-08,On Time
O0005690,West Hub,17.8,2026-04-08,2026-04-07,On Time
O0005691,West Hub,12.81,2026-04-09,2026-04-08,On Time
O0005692,Central Hub,9.9,2026-04-10,2026-04-10,On Time
O0005693,East Hub,9.37,2026-04-09,2026-04-09,On Time
O0005694,East Hub,9.08,2026-04-10,2026-04-10,On Time
O0005695,West Hub,20.23,2026-04-10,2026-04-09,On Time
O0005696,West Hub,8.43,2026-04-10,2026-04-12,Late
O0005697,Central Hub,7.55,2026-04-08,2026-04-08,On Time
O0005698,East Hub,15.9,2026-04-11,2026-04-11,On Time
O0005699,Central Hub,10.5,2026-04-08,2026-04-10,Late
O0005700,West Hub,14.63,2026-04-08,2026-04-08,On Time
O0005701,East Hub,8.7,2026-04-08,2026-04-07,On Time
O0005702,Central Hub,6.61,2026-04-09,2026-04-13,Late
O0005703,East Hub,10.31,2026-04-11,2026-04-11,On Time
O0005704,East Hub,11.41,2026-04-08,2026-04-07,On Time
O0005705,Central Hub,11.6,2026-04-10,2026-04-10,On Time
O0005706,East Hub,6.08,2026-04-09,2026-04-11,Late
O0005707,East Hub,11.92,2026-04-10,2026-04-11,Late
O0005708,West Hub,12.49,2026-04-12,2026-04-17,Late
O0005709,East Hub,19.56,2026-04-10,2026-04-10,On Time
O0005710,Central Hub,11.68,2026-04-11,2026-04-10,On Time
O0005711,Central Hub,6.28,2026-04-12,2026-04-11,On Time
O0005712,West Hub,8.59,2026-04-11,2026-04-13,Late
O0005713,Central Hub,13.06,2026-04-10,2026-04-14,Late
O0005714,West Hub,11.46,2026-04-11,2026-04-10,On Time
O0005715,Central Hub,9.93,2026-04-10,2026-04-10,On Time
O0005716,Central Hub,12.95,2026-04-10,2026-04-10,On Time
O0005717,East Hub,7.4,2026-04-10,2026-04-09,On Time
O0005718,East Hub,12.44,2026-04-11,2026-04-12,Late
O0005719,West Hub,20.18,2026-04-09,2026-04-09,On Time
O0005720,East Hub,17.55,2026-04-11,2026-04-11,On Time
O0005721,East Hub,7.69,2026-04-11,2026-04-11,On Time
O0005722,West Hub,10.48,2026-04-12,2026-04-12,On Time
O0005723,East Hub,8.61,2026-04-12,2026-04-12,On Time
O0005724,Central Hub,7.8,2026-04-11,2026-04-11,On Time
O0005725,West Hub,17.63,2026-04-12,2026-04-13,Late
O0005726,Central Hub,8.43,2026-04-09,2026-04-09,On Time
O0005727,West Hub,10.62,2026-04-11,2026-04-11,On Time
O0005728,West Hub,7.21,2026-04-10,2026-04-09,On Time
O0005729,East Hub,7.54,2026-04-09,2026-04-08,On Time
O0005730,Central Hub,12.99,2026-04-09,2026-04-08,On Time
O0005731,Central Hub,23.12,2026-04-12,2026-04-12,On Time
O0005732,East Hub,8.58,2026-04-12,2026-04-12,On Time
O0005733,Central Hub,12.18,2026-04-10,2026-04-10,On Time
O0005734,West Hub,15.48,2026-04-09,2026-04-08,On Time
O0005735,West Hub,8.95,2026-04-10,2026-04-09,On Time
O0005736,West Hub,11.28,2026-04-09,2026-04-08,On Time
O0005737,Central Hub,13.18,2026-04-12,2026-04-12,On Time
O0005738,West Hub,10.59,2026-04-11,2026-04-11,On Time
O0005739,West Hub,13.68,2026-04-12,2026-04-11,On Time
O0005740,West Hub,13.39,2026-04-10,2026-04-09,On Time
O0005741,Central Hub,8.47,2026-04-09,2026-04-10,Late
O0005742,West Hub,13.66,2026-04-12,2026-04-12,On Time
O0005743,West Hub,8.48,2026-04-11,2026-04-11,On Time
O0005744,Central Hub,13.82,2026-04-09,2026-04-08,On Time
O0005745,Central Hub,10.14,2026-04-12,2026-04-12,On Time
O0005746,Central Hub,9.21,2026-04-10,2026-04-10,On Time
O0005747,West Hub,12.85,2026-04-11,2026-04-10,On Time
O0005748,East Hub,8.29,2026-04-12,2026-04-11,On Time
O0005749,Central Hub,22.03,2026-04-10,2026-04-09,On Time
O0005750,Central Hub,10.89,2026-04-12,2026-04-12,On Time
O0005751,West Hub,10.36,2026-04-10,2026-04-09,On Time
O0005752,West Hub,14.61,2026-04-09,2026-04-08,On Time
O0005753,Central Hub,10.1,2026-04-12,2026-04-12,On Time
O0005754,East Hub,11.53,2026-04-09,2026-04-09,On Time
O0005755,Central Hub,11.6,2026-04-12,2026-04-11,On Time
O0005756,Central Hub,9.37,2026-04-10,2026-04-09,On Time
O0005757,East Hub,13.89,2026-04-12,2026-04-11,On Time
O0005758,West Hub,14.94,2026-04-09,2026-04-09,On Time
O0005759,West Hub,9.23,2026-04-09,2026-04-08,On Time
O0005760,West Hub,9.51,2026-04-10,2026-04-09,On Time
O0005761,East Hub,7.1,2026-04-10,2026-04-10,On Time
O0005762,East Hub,9.75,2026-04-12,2026-04-12,On Time
O0005763,Central Hub,9.54,2026-04-11,2026-04-11,On Time
O0005764,Central Hub,11.58,2026-04-12,2026-04-12,On Time
O0005765,East Hub,9.28,2026-04-10,2026-04-09,On Time
O0005766,West Hub,13.02,2026-04-09,2026-04-08,On Time
O0005767,West Hub,8.08,2026-04-10,2026-04-10,On Time
O0005768,East Hub,9.65,2026-04-10,2026-04-10,On Time
O0005769,West Hub,13.88,2026-04-12,2026-04-11,On Time
O0005770,East Hub,15.15,2026-04-09,2026-04-09,On Time
O0005771,East Hub,16.1,2026-04-11,2026-04-10,On Time
O0005772,West Hub,15.75,2026-04-11,2026-04-10,On Time
O0005773,East Hub,6.87,2026-04-10,2026-04-09,On Time
O0005774,West Hub,11.01,2026-04-11,2026-04-10,On Time
O0005775,West Hub,11.96,2026-04-10,2026-04-09,On Time
O0005776,Central Hub,10.82,2026-04-09,2026-04-08,On Time
O0005777,Central Hub,11.62,2026-04-10,2026-04-10,On Time
O0005778,West Hub,12.46,2026-04-09,2026-04-13,Late
O0005779,Central Hub,11.46,2026-04-13,2026-04-13,On Time
O0005780,East Hub,18.01,2026-04-13,2026-04-13,On Time
O0005781,East Hub,12.63,2026-04-10,2026-04-10,On Time
O0005782,Central Hub,13.25,2026-04-12,2026-04-11,On Time
O0005783,East Hub,9.23,2026-04-12,2026-04-11,On Time
O0005784,West Hub,9.33,2026-04-13,2026-04-13,On Time
O0005785,East Hub,16.79,2026-04-10,2026-04-10,On Time
O0005786,West Hub,12.21,2026-04-12,2026-04-12,On Time
O0005787,West Hub,10.07,2026-04-10,2026-04-09,On Time
O0005788,Central Hub,13.07,2026-04-10,2026-04-10,On Time
O0005789,East Hub,8.56,2026-04-10,2026-04-09,On Time
O0005790,Central Hub,9.29,2026-04-11,2026-04-10,On Time
O0005791,Central Hub,21.36,2026-04-11,2026-04-11,On Time
O0005792,East Hub,12.09,2026-04-10,2026-04-10,On Time
O0005793,Central Hub,7.66,2026-04-13,2026-04-13,On Time
O0005794,Central Hub,12.93,2026-04-10,2026-04-09,On Time
O0005795,West Hub,9.1,2026-04-12,2026-04-11,On Time
O0005796,East Hub,12.11,2026-04-12,2026-04-12,On Time
O0005797,East Hub,12.17,2026-04-11,2026-04-10,On Time
O0005798,West Hub,10.16,2026-04-12,2026-04-12,On Time
O0005799,East Hub,17.27,2026-04-10,2026-04-10,On Time
O0005800,East Hub,6.8,2026-04-10,2026-04-11,Late
O0005801,Central Hub,10.02,2026-04-11,2026-04-11,On Time
O0005802,Central Hub,12.2,2026-04-13,2026-04-13,On Time
O0005803,Central Hub,9.66,2026-04-11,2026-04-10,On Time
O0005804,East Hub,12.76,2026-04-12,2026-04-13,Late
O0005805,West Hub,9.63,2026-04-12,2026-04-16,Late
O0005806,West Hub,11.29,2026-04-11,2026-04-11,On Time
O0005807,West Hub,8.97,2026-04-12,2026-04-11,On Time
O0005808,Central Hub,15.04,2026-04-13,2026-04-13,On Time
O0005809,East Hub,7.21,2026-04-11,2026-04-11,On Time
O0005810,West Hub,12.23,2026-04-11,2026-04-10,On Time
O0005811,East Hub,9.11,2026-04-13,2026-04-13,On Time
O0005812,East Hub,22.08,2026-04-11,2026-04-11,On Time
O0005813,East Hub,9.8,2026-04-13,2026-04-13,On Time
O0005814,East Hub,10.43,2026-04-11,2026-04-10,On Time
O0005815,West Hub,9.71,2026-04-10,2026-04-09,On Time
O0005816,East Hub,8.69,2026-04-10,2026-04-09,On Time
O0005817,East Hub,15.49,2026-04-13,2026-04-13,On Time
O0005818,West Hub,24.52,2026-04-10,2026-04-10,On Time
O0005819,East Hub,7.51,2026-04-13,2026-04-12,On Time
O0005820,Central Hub,11.28,2026-04-11,2026-04-10,On Time
O0005821,West Hub,10.96,2026-04-11,2026-04-10,On Time
O0005822,Central Hub,13.32,2026-04-12,2026-04-13,Late
O0005823,West Hub,10.0,2026-04-11,2026-04-11,On Time
O0005824,West Hub,9.58,2026-04-12,2026-04-12,On Time
O0005825,West Hub,11.15,2026-04-12,2026-04-12,On Time
O0005826,West Hub,9.31,2026-04-13,2026-04-12,On Time
O0005827,West Hub,24.86,2026-04-10,2026-04-09,On Time
O0005828,West Hub,9.8,2026-04-12,2026-04-11,On Time
O0005829,West Hub,13.91,2026-04-13,2026-04-16,Late
O0005830,West Hub,12.83,2026-04-12,2026-04-11,On Time
O0005831,West Hub,13.47,2026-04-12,2026-04-11,On Time
O0005832,East Hub,11.26,2026-04-13,2026-04-13,On Time
O0005833,West Hub,10.6,2026-04-10,2026-04-10,On Time
O0005834,West Hub,10.39,2026-04-11,2026-04-11,On Time
O0005835,West Hub,18.05,2026-04-12,2026-04-11,On Time
O0005836,East Hub,18.26,2026-04-12,2026-04-11,On Time
O0005837,East Hub,14.19,2026-04-12,2026-04-11,On Time
O0005838,Central Hub,12.38,2026-04-11,2026-04-11,On Time
O0005839,West Hub,10.2,2026-04-12,2026-04-12,On Time
O0005840,West Hub,9.07,2026-04-10,2026-04-10,On Time
O0005841,West Hub,12.11,2026-04-12,2026-04-12,On Time
O0005842,Central Hub,10.52,2026-04-12,2026-04-12,On Time
O0005843,East Hub,8.79,2026-04-10,2026-04-10,On Time
O0005844,East Hub,12.52,2026-04-11,2026-04-11,On Time
O0005845,East Hub,9.69,2026-04-12,2026-04-12,On Time
O0005846,Central Hub,8.96,2026-04-14,2026-04-13,On Time
O0005847,West Hub,9.41,2026-04-12,2026-04-13,Late
O0005848,West Hub,15.71,2026-04-14,2026-04-14,On Time
O0005849,Central Hub,15.91,2026-04-14,2026-04-16,Late
O0005850,West Hub,8.31,2026-04-13,2026-04-13,On Time
O0005851,East Hub,7.36,2026-04-11,2026-04-11,On Time
O0005852,East Hub,6.54,2026-04-12,2026-04-11,On Time
O0005853,East Hub,16.61,2026-04-13,2026-04-12,On Time
O0005854,East Hub,8.83,2026-04-12,2026-04-12,On Time
O0005855,Central Hub,6.33,2026-04-14,2026-04-14,On Time
O0005856,West Hub,8.13,2026-04-12,2026-04-11,On Time
O0005857,East Hub,18.5,2026-04-12,2026-04-11,On Time
O0005858,West Hub,9.89,2026-04-12,2026-04-12,On Time
O0005859,Central Hub,13.6,2026-04-13,2026-04-12,On Time
O0005860,West Hub,10.03,2026-04-14,2026-04-13,On Time
O0005861,Central Hub,10.3,2026-04-12,2026-04-11,On Time
O0005862,Central Hub,6.35,2026-04-11,2026-04-11,On Time
O0005863,East Hub,20.32,2026-04-11,2026-04-10,On Time
O0005864,East Hub,7.91,2026-04-14,2026-04-13,On Time
O0005865,West Hub,10.61,2026-04-14,2026-04-13,On Time
O0005866,East Hub,8.04,2026-04-12,2026-04-17,Late
O0005867,West Hub,8.01,2026-04-14,2026-04-14,On Time
O0005868,Central Hub,20.76,2026-04-12,2026-04-11,On Time
O0005869,West Hub,11.78,2026-04-12,2026-04-11,On Time
O0005870,Central Hub,17.67,2026-04-13,2026-04-12,On Time
O0005871,Central Hub,9.11,2026-04-13,2026-04-12,On Time
O0005872,Central Hub,11.34,2026-04-13,2026-04-13,On Time
O0005873,East Hub,11.62,2026-04-12,2026-04-17,Late
O0005874,East Hub,14.13,2026-04-13,2026-04-12,On Time
O0005875,Central Hub,12.49,2026-04-14,2026-04-14,On Time
O0005876,Central Hub,8.94,2026-04-12,2026-04-15,Late
O0005877,Central Hub,8.95,2026-04-13,2026-04-13,On Time
O0005878,West Hub,12.96,2026-04-11,2026-04-11,On Time
O0005879,Central Hub,8.86,2026-04-14,2026-04-13,On Time
O0005880,West Hub,12.83,2026-04-14,2026-04-13,On Time
O0005881,West Hub,9.53,2026-04-12,2026-04-11,On Time
O0005882,Central Hub,11.28,2026-04-11,2026-04-10,On Time
O0005883,East Hub,10.19,2026-04-14,2026-04-13,On Time
O0005884,West Hub,11.49,2026-04-14,2026-04-15,Late
O0005885,West Hub,12.63,2026-04-14,2026-04-13,On Time
O0005886,Central Hub,6.53,2026-04-14,2026-04-13,On Time
O0005887,West Hub,9.43,2026-04-14,2026-04-13,On Time
O0005888,West Hub,8.25,2026-04-13,2026-04-15,Late
O0005889,East Hub,13.02,2026-04-12,2026-04-11,On Time
O0005890,West Hub,7.85,2026-04-11,2026-04-10,On Time
O0005891,West Hub,9.61,2026-04-13,2026-04-13,On Time
O0005892,East Hub,13.73,2026-04-11,2026-04-10,On Time
O0005893,West Hub,9.95,2026-04-13,2026-04-12,On Time
O0005894,Central Hub,13.72,2026-04-13,2026-04-12,On Time
O0005895,West Hub,11.36,2026-04-14,2026-04-13,On Time
O0005896,West Hub,8.86,2026-04-11,2026-04-15,Late
O0005897,West Hub,8.15,2026-04-14,2026-04-13,On Time
O0005898,West Hub,11.37,2026-04-13,2026-04-13,On Time
O0005899,West Hub,10.07,2026-04-11,2026-04-10,On Time
O0005900,West Hub,10.81,2026-04-11,2026-04-10,On Time
O0005901,East Hub,12.99,2026-04-11,2026-04-11,On Time
O0005902,Central Hub,8.39,2026-04-11,2026-04-10,On Time
O0005903,East Hub,15.76,2026-04-11,2026-04-10,On Time
O0005904,East Hub,10.88,2026-04-11,2026-04-16,Late
O0005905,East Hub,7.84,2026-04-12,2026-04-12,On Time
O0005906,West Hub,16.85,2026-04-13,2026-04-13,On Time
O0005907,West Hub,13.55,2026-04-13,2026-04-12,On Time
O0005908,Central Hub,6.06,2026-04-13,2026-04-12,On Time
O0005909,Central Hub,10.51,2026-04-11,2026-04-10,On Time
O0005910,East Hub,12.14,2026-04-13,2026-04-12,On Time
O0005911,East Hub,9.34,2026-04-13,2026-04-13,On Time
O0005912,East Hub,8.23,2026-04-13,2026-04-17,Late
O0005913,Central Hub,9.42,2026-04-13,2026-04-12,On Time
O0005914,West Hub,13.66,2026-04-14,2026-04-14,On Time
O0005915,East Hub,9.97,2026-04-13,2026-04-13,On Time
O0005916,West Hub,18.92,2026-04-12,2026-04-11,On Time
O0005917,West Hub,9.52,2026-04-12,2026-04-11,On Time
O0005918,West Hub,8.0,2026-04-12,2026-04-12,On Time
O0005919,Central Hub,12.34,2026-04-12,2026-04-11,On Time
O0005920,West Hub,14.66,2026-04-12,2026-04-12,On Time
O0005921,West Hub,13.07,2026-04-14,2026-04-14,On Time
O0005922,Central Hub,9.07,2026-04-15,2026-04-14,On Time
O0005923,East Hub,7.42,2026-04-13,2026-04-13,On Time
O0005924,Central Hub,5.32,2026-04-15,2026-04-14,On Time
O0005925,West Hub,11.25,2026-04-14,2026-04-16,Late
O0005926,Central Hub,10.77,2026-04-14,2026-04-14,On Time
O0005927,Central Hub,7.28,2026-04-15,2026-04-15,On Time
O0005928,West Hub,17.25,2026-04-14,2026-04-14,On Time
O0005929,Central Hub,7.67,2026-04-14,2026-04-14,On Time
O0005930,West Hub,8.99,2026-04-13,2026-04-12,On Time
O0005931,Central Hub,11.99,2026-04-12,2026-04-12,On Time
O0005932,Central Hub,22.14,2026-04-15,2026-04-17,Late
O0005933,Central Hub,10.1,2026-04-14,2026-04-14,On Time
O0005934,Central Hub,7.21,2026-04-14,2026-04-14,On Time
O0005935,East Hub,7.64,2026-04-14,2026-04-13,On Time
O0005936,West Hub,16.45,2026-04-13,2026-04-13,On Time
O0005937,West Hub,19.55,2026-04-12,2026-04-11,On Time
O0005938,East Hub,10.21,2026-04-14,2026-04-13,On Time
O0005939,East Hub,20.29,2026-04-12,2026-04-12,On Time
O0005940,West Hub,6.94,2026-04-12,2026-04-11,On Time
O0005941,Central Hub,9.61,2026-04-14,2026-04-14,On Time
O0005942,West Hub,7.23,2026-04-13,2026-04-12,On Time
O0005943,Central Hub,13.58,2026-04-15,2026-04-14,On Time
O0005944,Central Hub,9.44,2026-04-15,2026-04-15,On Time
O0005945,East Hub,12.59,2026-04-14,2026-04-14,On Time
O0005946,West Hub,11.88,2026-04-12,2026-04-11,On Time
O0005947,Central Hub,13.97,2026-04-15,2026-04-14,On Time
O0005948,East Hub,12.56,2026-04-13,2026-04-13,On Time
O0005949,East Hub,28.47,2026-04-14,2026-04-17,Late
O0005950,Central Hub,16.65,2026-04-14,2026-04-14,On Time
O0005951,Central Hub,24.75,2026-04-15,2026-04-14,On Time
O0005952,Central Hub,9.19,2026-04-14,2026-04-13,On Time
O0005953,Central Hub,7.04,2026-04-12,2026-04-11,On Time
O0005954,East Hub,8.53,2026-04-13,2026-04-14,Late
O0005955,East Hub,10.01,2026-04-14,2026-04-14,On Time
O0005956,East Hub,12.79,2026-04-14,2026-04-14,On Time
O0005957,West Hub,12.83,2026-04-12,2026-04-12,On Time
O0005958,East Hub,15.82,2026-04-12,2026-04-11,On Time
O0005959,East Hub,7.84,2026-04-13,2026-04-13,On Time
O0005960,East Hub,7.55,2026-04-15,2026-04-14,On Time
O0005961,Central Hub,8.06,2026-04-14,2026-04-13,On Time
O0005962,West Hub,10.75,2026-04-14,2026-04-14,On Time
O0005963,Central Hub,9.15,2026-04-13,2026-04-12,On Time
O0005964,West Hub,17.32,2026-04-13,2026-04-13,On Time
O0005965,West Hub,14.45,2026-04-15,2026-04-14,On Time
O0005966,West Hub,11.8,2026-04-12,2026-04-11,On Time
O0005967,West Hub,8.19,2026-04-13,2026-04-13,On Time
O0005968,East Hub,8.29,2026-04-13,2026-04-12,On Time
O0005969,Central Hub,12.55,2026-04-14,2026-04-14,On Time
O0005970,West Hub,7.91,2026-04-15,2026-04-15,On Time
O0005971,West Hub,13.0,2026-04-14,2026-04-16,Late
O0005972,Central Hub,15.68,2026-04-15,2026-04-20,Late
O0005973,East Hub,13.08,2026-04-12,2026-04-11,On Time
O0005974,West Hub,15.24,2026-04-13,2026-04-13,On Time
O0005975,West Hub,20.39,2026-04-14,2026-04-13,On Time
O0005976,West Hub,8.09,2026-04-15,2026-04-15,On Time
O0005977,Central Hub,9.48,2026-04-15,2026-04-14,On Time
O0005978,East Hub,12.45,2026-04-14,2026-04-13,On Time
O0005979,Central Hub,17.17,2026-04-15,2026-04-14,On Time
O0005980,Central Hub,15.83,2026-04-15,2026-04-14,On Time
O0005981,West Hub,12.36,2026-04-12,2026-04-16,Late
O0005982,Central Hub,7.53,2026-04-15,2026-04-14,On Time
O0005983,East Hub,11.24,2026-04-13,2026-04-12,On Time
O0005984,Central Hub,21.06,2026-04-12,2026-04-11,On Time
O0005985,East Hub,11.55,2026-04-15,2026-04-14,On Time
O0005986,West Hub,11.85,2026-04-13,2026-04-13,On Time
O0005987,West Hub,9.66,2026-04-13,2026-04-12,On Time
O0005988,East Hub,12.33,2026-04-15,2026-04-14,On Time
O0005989,West Hub,16.88,2026-04-14,2026-04-14,On Time
O0005990,West Hub,8.29,2026-04-13,2026-04-12,On Time
O0005991,East Hub,19.75,2026-04-15,2026-04-14,On Time
O0005992,Central Hub,23.6,2026-04-14,2026-04-13,On Time
O0005993,West Hub,10.87,2026-04-16,2026-04-16,On Time
O0005994,West Hub,10.65,2026-04-16,2026-04-16,On Time
O0005995,West Hub,19.56,2026-04-13,2026-04-12,On Time
O0005996,West Hub,12.06,2026-04-14,2026-04-13,On Time
O0005997,Central Hub,12.32,2026-04-16,2026-04-16,On Time
O0005998,East Hub,10.41,2026-04-13,2026-04-14,Late
O0005999,Central Hub,8.8,2026-04-16,2026-04-19,Late
O0006000,East Hub,7.86,2026-04-13,2026-04-13,On Time
O0006001,West Hub,10.15,2026-04-15,2026-04-14,On Time
O0006002,East Hub,16.1,2026-04-14,2026-04-14,On Time
O0006003,East Hub,10.99,2026-04-16,2026-04-16,On Time
O0006004,West Hub,8.9,2026-04-15,2026-04-15,On Time
O0006005,Central Hub,9.7,2026-04-13,2026-04-12,On Time
O0006006,Central Hub,7.57,2026-04-16,2026-04-15,On Time
O0006007,West Hub,19.82,2026-04-15,2026-04-14,On Time
O0006008,West Hub,9.91,2026-04-13,2026-04-12,On Time
O0006009,East Hub,11.14,2026-04-16,2026-04-16,On Time
O0006010,Central Hub,12.61,2026-04-14,2026-04-14,On Time
O0006011,Central Hub,17.41,2026-04-16,2026-04-16,On Time
O0006012,East Hub,11.57,2026-04-14,2026-04-14,On Time
O0006013,Central Hub,9.24,2026-04-13,2026-04-13,On Time
O0006014,East Hub,7.02,2026-04-13,2026-04-12,On Time
O0006015,Central Hub,10.19,2026-04-15,2026-04-14,On Time
O0006016,Central Hub,10.06,2026-04-14,2026-04-14,On Time
O0006017,East Hub,14.67,2026-04-15,2026-04-14,On Time
O0006018,Central Hub,20.11,2026-04-13,2026-04-13,On Time
O0006019,Central Hub,13.65,2026-04-15,2026-04-15,On Time
O0006020,West Hub,10.75,2026-04-14,2026-04-14,On Time
O0006021,East Hub,7.15,2026-04-15,2026-04-15,On Time
O0006022,West Hub,18.53,2026-04-16,2026-04-15,On Time
O0006023,East Hub,7.84,2026-04-16,2026-04-15,On Time
O0006024,East Hub,12.22,2026-04-15,2026-04-15,On Time
O0006025,Central Hub,8.58,2026-04-13,2026-04-13,On Time
O0006026,Central Hub,8.46,2026-04-16,2026-04-16,On Time
O0006027,Central Hub,8.99,2026-04-13,2026-04-13,On Time
O0006028,Central Hub,6.72,2026-04-13,2026-04-12,On Time
O0006029,Central Hub,11.43,2026-04-16,2026-04-15,On Time
O0006030,Central Hub,10.3,2026-04-14,2026-04-13,On Time
O0006031,East Hub,9.63,2026-04-15,2026-04-14,On Time
O0006032,West Hub,14.7,2026-04-15,2026-04-14,On Time
O0006033,Central Hub,18.07,2026-04-15,2026-04-15,On Time
O0006034,Central Hub,16.37,2026-04-13,2026-04-12,On Time
O0006035,Central Hub,7.93,2026-04-16,2026-04-16,On Time
O0006036,West Hub,15.83,2026-04-14,2026-04-13,On Time
O0006037,Central Hub,9.43,2026-04-14,2026-04-13,On Time
O0006038,Central Hub,6.33,2026-04-15,2026-04-15,On Time
O0006039,Central Hub,10.81,2026-04-15,2026-04-17,Late
O0006040,West Hub,13.26,2026-04-13,2026-04-17,Late
O0006041,West Hub,9.5,2026-04-13,2026-04-13,On Time
O0006042,Central Hub,9.64,2026-04-14,2026-04-13,On Time
O0006043,West Hub,11.15,2026-04-16,2026-04-16,On Time
O0006044,West Hub,17.82,2026-04-14,2026-04-14,On Time
O0006045,Central Hub,8.89,2026-04-16,2026-04-15,On Time
O0006046,Central Hub,10.25,2026-04-13,2026-04-13,On Time
O0006047,Central Hub,10.86,2026-04-15,2026-04-15,On Time
O0006048,East Hub,11.18,2026-04-13,2026-04-13,On Time
O0006049,East Hub,15.67,2026-04-13,2026-04-13,On Time
O0006050,Central Hub,9.2,2026-04-16,2026-04-16,On Time
O0006051,West Hub,11.1,2026-04-13,2026-04-13,On Time
O0006052,West Hub,8.52,2026-04-14,2026-04-14,On Time
O0006053,West Hub,7.4,2026-04-16,2026-04-15,On Time
O0006054,Central Hub,7.95,2026-04-15,2026-04-20,Late
O0006055,Central Hub,9.06,2026-04-16,2026-04-16,On Time
O0006056,East Hub,11.05,2026-04-15,2026-04-14,On Time
O0006057,East Hub,9.63,2026-04-13,2026-04-12,On Time
O0006058,Central Hub,6.16,2026-04-13,2026-04-13,On Time
O0006059,West Hub,21.6,2026-04-15,2026-04-18,Late
O0006060,Central Hub,8.63,2026-04-14,2026-04-13,On Time
O0006061,West Hub,10.22,2026-04-15,2026-04-14,On Time
O0006062,West Hub,8.69,2026-04-15,2026-04-14,On Time
O0006063,Central Hub,15.13,2026-04-13,2026-04-13,On Time
O0006064,West Hub,12.63,2026-04-15,2026-04-15,On Time
O0006065,Central Hub,9.95,2026-04-16,2026-04-16,On Time
O0006066,Central Hub,15.9,2026-04-16,2026-04-16,On Time
O0006067,Central Hub,11.12,2026-04-15,2026-04-15,On Time
O0006068,East Hub,8.2,2026-04-14,2026-04-13,On Time
O0006069,Central Hub,14.39,2026-04-16,2026-04-16,On Time
O0006070,West Hub,18.7,2026-04-16,2026-04-15,On Time
O0006071,East Hub,8.05,2026-04-13,2026-04-12,On Time
O0006072,Central Hub,8.61,2026-04-16,2026-04-16,On Time
O0006073,West Hub,11.41,2026-04-16,2026-04-16,On Time
O0006074,East Hub,15.42,2026-04-14,2026-04-13,On Time
O0006075,East Hub,7.23,2026-04-15,2026-04-14,On Time
O0006076,West Hub,12.02,2026-04-13,2026-04-13,On Time
O0006077,West Hub,9.54,2026-04-15,2026-04-15,On Time
O0006078,West Hub,9.36,2026-04-15,2026-04-15,On Time
O0006079,West Hub,12.21,2026-04-15,2026-04-14,On Time
O0006080,West Hub,8.74,2026-04-16,2026-04-15,On Time
O0006081,West Hub,20.97,2026-04-13,2026-04-13,On Time
O0006082,East Hub,21.7,2026-04-14,2026-04-13,On Time
O0006083,East Hub,16.37,2026-04-14,2026-04-13,On Time
O0006084,West Hub,9.72,2026-04-15,2026-04-14,On Time
O0006085,East Hub,6.53,2026-04-16,2026-04-16,On Time
O0006086,East Hub,14.63,2026-04-16,2026-04-16,On Time
O0006087,Central Hub,15.05,2026-04-16,2026-04-15,On Time
O0006088,Central Hub,9.55,2026-04-14,2026-04-14,On Time
O0006089,East Hub,8.7,2026-04-17,2026-04-17,On Time
O0006090,West Hub,10.39,2026-04-17,2026-04-17,On Time
O0006091,West Hub,10.93,2026-04-14,2026-04-14,On Time
O0006092,Central Hub,6.97,2026-04-16,2026-04-15,On Time
O0006093,West Hub,9.15,2026-04-17,2026-04-17,On Time
O0006094,West Hub,6.81,2026-04-17,2026-04-16,On Time
O0006095,East Hub,14.64,2026-04-17,2026-04-17,On Time
O0006096,West Hub,10.73,2026-04-17,2026-04-17,On Time
O0006097,East Hub,9.45,2026-04-16,2026-04-16,On Time
O0006098,East Hub,10.69,2026-04-17,2026-04-16,On Time
O0006099,East Hub,9.24,2026-04-14,2026-04-14,On Time
O0006100,West Hub,13.45,2026-04-14,2026-04-14,On Time
O0006101,Central Hub,12.5,2026-04-15,2026-04-15,On Time
O0006102,West Hub,11.41,2026-04-15,2026-04-14,On Time
O0006103,East Hub,11.96,2026-04-17,2026-04-17,On Time
O0006104,West Hub,8.91,2026-04-15,2026-04-14,On Time
O0006105,West Hub,20.94,2026-04-17,2026-04-17,On Time
O0006106,West Hub,20.68,2026-04-15,2026-04-14,On Time
O0006107,Central Hub,12.49,2026-04-14,2026-04-14,On Time
O0006108,Central Hub,12.41,2026-04-15,2026-04-16,Late
O0006109,Central Hub,9.86,2026-04-14,2026-04-14,On Time
O0006110,Central Hub,10.06,2026-04-14,2026-04-13,On Time
O0006111,Central Hub,14.01,2026-04-17,2026-04-16,On Time
O0006112,West Hub,6.66,2026-04-14,2026-04-16,Late
O0006113,West Hub,22.92,2026-04-15,2026-04-17,Late
O0006114,West Hub,15.72,2026-04-17,2026-04-17,On Time
O0006115,Central Hub,10.92,2026-04-17,2026-04-16,On Time
O0006116,West Hub,9.46,2026-04-16,2026-04-15,On Time
O0006117,East Hub,15.23,2026-04-16,2026-04-15,On Time
O0006118,East Hub,7.13,2026-04-14,2026-04-13,On Time
O0006119,East Hub,12.78,2026-04-15,2026-04-15,On Time
O0006120,East Hub,7.97,2026-04-17,2026-04-16,On Time
O0006121,West Hub,7.73,2026-04-16,2026-04-16,On Time
O0006122,West Hub,16.94,2026-04-16,2026-04-19,Late
O0006123,West Hub,15.7,2026-04-16,2026-04-16,On Time
O0006124,East Hub,12.1,2026-04-17,2026-04-16,On Time
O0006125,West Hub,11.73,2026-04-14,2026-04-13,On Time
O0006126,West Hub,10.34,2026-04-14,2026-04-17,Late
O0006127,West Hub,10.94,2026-04-17,2026-04-17,On Time
O0006128,West Hub,18.64,2026-04-15,2026-04-15,On Time
O0006129,Central Hub,8.25,2026-04-17,2026-04-16,On Time
O0006130,West Hub,10.8,2026-04-17,2026-04-17,On Time
O0006131,West Hub,8.42,2026-04-15,2026-04-15,On Time
O0006132,East Hub,9.42,2026-04-17,2026-04-17,On Time
O0006133,Central Hub,10.52,2026-04-14,2026-04-13,On Time
O0006134,West Hub,8.51,2026-04-14,2026-04-14,On Time
O0006135,Central Hub,10.74,2026-04-15,2026-04-15,On Time
O0006136,West Hub,13.05,2026-04-14,2026-04-18,Late
O0006137,East Hub,10.17,2026-04-15,2026-04-14,On Time
O0006138,Central Hub,6.6,2026-04-15,2026-04-16,Late
O0006139,West Hub,10.8,2026-04-17,2026-04-17,On Time
O0006140,West Hub,21.49,2026-04-17,2026-04-17,On Time
O0006141,West Hub,10.35,2026-04-17,2026-04-17,On Time
O0006142,West Hub,18.32,2026-04-17,2026-04-16,On Time
O0006143,Central Hub,8.02,2026-04-17,2026-04-16,On Time
O0006144,East Hub,16.48,2026-04-16,2026-04-15,On Time
O0006145,West Hub,11.64,2026-04-15,2026-04-15,On Time
O0006146,Central Hub,10.81,2026-04-16,2026-04-16,On Time
O0006147,West Hub,14.12,2026-04-15,2026-04-15,On Time
O0006148,East Hub,15.72,2026-04-14,2026-04-13,On Time
O0006149,West Hub,20.28,2026-04-17,2026-04-17,On Time
O0006150,Central Hub,9.97,2026-04-17,2026-04-16,On Time
O0006151,East Hub,10.47,2026-04-16,2026-04-16,On Time
O0006152,East Hub,10.76,2026-04-16,2026-04-16,On Time
O0006153,Central Hub,17.21,2026-04-14,2026-04-14,On Time
O0006154,East Hub,10.25,2026-04-15,2026-04-15,On Time
O0006155,East Hub,10.63,2026-04-17,2026-04-17,On Time
O0006156,East Hub,11.5,2026-04-15,2026-04-14,On Time
O0006157,Central Hub,7.25,2026-04-17,2026-04-21,Late
O0006158,West Hub,8.21,2026-04-17,2026-04-17,On Time
O0006159,Central Hub,7.78,2026-04-14,2026-04-14,On Time
O0006160,Central Hub,10.87,2026-04-14,2026-04-13,On Time
O0006161,Central Hub,11.62,2026-04-14,2026-04-19,Late
O0006162,Central Hub,8.78,2026-04-17,2026-04-17,On Time
O0006163,Central Hub,15.86,2026-04-16,2026-04-21,Late
O0006164,West Hub,18.33,2026-04-14,2026-04-14,On Time
O0006165,West Hub,8.6,2026-04-17,2026-04-17,On Time
O0006166,East Hub,7.86,2026-04-15,2026-04-14,On Time
O0006167,East Hub,11.52,2026-04-14,2026-04-13,On Time
O0006168,West Hub,11.74,2026-04-14,2026-04-13,On Time
O0006169,Central Hub,10.13,2026-04-16,2026-04-16,On Time
O0006170,Central Hub,11.78,2026-04-14,2026-04-13,On Time
O0006171,Central Hub,13.78,2026-04-15,2026-04-15,On Time
O0006172,Central Hub,16.1,2026-04-16,2026-04-15,On Time
O0006173,Central Hub,7.62,2026-04-18,2026-04-17,On Time
O0006174,Central Hub,11.34,2026-04-16,2026-04-16,On Time
O0006175,West Hub,18.18,2026-04-17,2026-04-16,On Time
O0006176,East Hub,10.34,2026-04-17,2026-04-16,On Time
O0006177,East Hub,13.28,2026-04-18,2026-04-17,On Time
O0006178,West Hub,7.91,2026-04-18,2026-04-18,On Time
O0006179,West Hub,12.78,2026-04-15,2026-04-15,On Time
O0006180,West Hub,8.93,2026-04-16,2026-04-16,On Time
O0006181,West Hub,7.87,2026-04-16,2026-04-15,On Time
O0006182,East Hub,9.37,2026-04-18,2026-04-18,On Time
O0006183,Central Hub,11.99,2026-04-17,2026-04-17,On Time
O0006184,West Hub,16.22,2026-04-17,2026-04-17,On Time
O0006185,West Hub,13.22,2026-04-15,2026-04-14,On Time
O0006186,West Hub,16.53,2026-04-16,2026-04-15,On Time
O0006187,Central Hub,7.15,2026-04-15,2026-04-14,On Time
O0006188,West Hub,8.34,2026-04-15,2026-04-14,On Time
O0006189,West Hub,15.16,2026-04-17,2026-04-17,On Time
O0006190,West Hub,9.67,2026-04-17,2026-04-17,On Time
O0006191,Central Hub,20.0,2026-04-15,2026-04-14,On Time
O0006192,East Hub,8.89,2026-04-16,2026-04-15,On Time
O0006193,West Hub,18.88,2026-04-15,2026-04-14,On Time
O0006194,East Hub,6.86,2026-04-15,2026-04-14,On Time
O0006195,Central Hub,8.58,2026-04-17,2026-04-17,On Time
O0006196,Central Hub,13.74,2026-04-17,2026-04-16,On Time
O0006197,West Hub,10.85,2026-04-18,2026-04-18,On Time
O0006198,Central Hub,13.34,2026-04-15,2026-04-15,On Time
O0006199,East Hub,11.78,2026-04-16,2026-04-15,On Time
O0006200,Central Hub,11.98,2026-04-18,2026-04-18,On Time
O0006201,West Hub,20.99,2026-04-17,2026-04-16,On Time
O0006202,East Hub,11.7,2026-04-15,2026-04-14,On Time
O0006203,West Hub,18.93,2026-04-16,2026-04-15,On Time
O0006204,East Hub,18.01,2026-04-16,2026-04-19,Late
O0006205,East Hub,11.89,2026-04-17,2026-04-16,On Time
O0006206,West Hub,11.82,2026-04-16,2026-04-15,On Time
O0006207,Central Hub,13.9,2026-04-15,2026-04-14,On Time
O0006208,West Hub,8.36,2026-04-16,2026-04-16,On Time
O0006209,East Hub,10.0,2026-04-17,2026-04-16,On Time
O0006210,Central Hub,8.56,2026-04-17,2026-04-17,On Time
O0006211,Central Hub,7.83,2026-04-15,2026-04-15,On Time
O0006212,West Hub,13.59,2026-04-15,2026-04-14,On Time
O0006213,East Hub,13.74,2026-04-18,2026-04-18,On Time
O0006214,West Hub,11.3,2026-04-15,2026-04-14,On Time
O0006215,East Hub,7.69,2026-04-16,2026-04-15,On Time
O0006216,Central Hub,8.49,2026-04-18,2026-04-18,On Time
O0006217,Central Hub,11.94,2026-04-15,2026-04-14,On Time
O0006218,Central Hub,14.51,2026-04-17,2026-04-16,On Time
O0006219,West Hub,13.33,2026-04-16,2026-04-18,Late
O0006220,West Hub,16.9,2026-04-17,2026-04-17,On Time
O0006221,Central Hub,10.44,2026-04-15,2026-04-15,On Time
O0006222,Central Hub,8.21,2026-04-15,2026-04-17,Late
O0006223,East Hub,8.56,2026-04-18,2026-04-17,On Time
O0006224,West Hub,9.9,2026-04-16,2026-04-15,On Time
O0006225,East Hub,15.02,2026-04-15,2026-04-14,On Time
O0006226,Central Hub,12.1,2026-04-15,2026-04-15,On Time
O0006227,Central Hub,7.68,2026-04-18,2026-04-22,Late
O0006228,West Hub,18.49,2026-04-17,2026-04-17,On Time
O0006229,West Hub,8.89,2026-04-17,2026-04-17,On Time
O0006230,Central Hub,14.54,2026-04-17,2026-04-17,On Time
O0006231,East Hub,11.13,2026-04-15,2026-04-14,On Time
O0006232,East Hub,11.84,2026-04-18,2026-04-17,On Time
O0006233,West Hub,24.19,2026-04-17,2026-04-16,On Time
O0006234,West Hub,15.53,2026-04-18,2026-04-18,On Time
O0006235,East Hub,7.55,2026-04-15,2026-04-15,On Time
O0006236,Central Hub,9.93,2026-04-18,2026-04-17,On Time
O0006237,West Hub,12.38,2026-04-15,2026-04-15,On Time
O0006238,East Hub,6.16,2026-04-17,2026-04-17,On Time
O0006239,Central Hub,7.58,2026-04-15,2026-04-14,On Time
O0006240,Central Hub,11.28,2026-04-16,2026-04-16,On Time
O0006241,West Hub,9.59,2026-04-16,2026-04-16,On Time
O0006242,East Hub,11.33,2026-04-18,2026-04-18,On Time
O0006243,Central Hub,13.55,2026-04-15,2026-04-14,On Time
O0006244,Central Hub,7.47,2026-04-15,2026-04-14,On Time
O0006245,West Hub,10.67,2026-04-15,2026-04-15,On Time
O0006246,West Hub,10.05,2026-04-17,2026-04-17,On Time
O0006247,West Hub,7.7,2026-04-18,2026-04-20,Late
O0006248,Central Hub,10.61,2026-04-17,2026-04-16,On Time
O0006249,Central Hub,11.77,2026-04-18,2026-04-17,On Time
O0006250,West Hub,15.8,2026-04-19,2026-04-19,On Time
O0006251,Central Hub,21.69,2026-04-19,2026-04-19,On Time
O0006252,West Hub,11.86,2026-04-16,2026-04-15,On Time
O0006253,East Hub,11.12,2026-04-18,2026-04-18,On Time
O0006254,East Hub,9.09,2026-04-17,2026-04-16,On Time
O0006255,West Hub,8.3,2026-04-18,2026-04-18,On Time
O0006256,West Hub,9.65,2026-04-17,2026-04-16,On Time
O0006257,West Hub,13.47,2026-04-18,2026-04-18,On Time
O0006258,East Hub,7.88,2026-04-19,2026-04-18,On Time
O0006259,West Hub,11.22,2026-04-16,2026-04-15,On Time
O0006260,East Hub,12.64,2026-04-17,2026-04-16,On Time
O0006261,West Hub,8.09,2026-04-16,2026-04-16,On Time
O0006262,East Hub,11.95,2026-04-18,2026-04-17,On Time
O0006263,East Hub,6.16,2026-04-17,2026-04-17,On Time
O0006264,West Hub,18.33,2026-04-18,2026-04-18,On Time
O0006265,Central Hub,8.42,2026-04-19,2026-04-18,On Time
O0006266,East Hub,7.05,2026-04-19,2026-04-19,On Time
O0006267,East Hub,17.34,2026-04-19,2026-04-18,On Time
O0006268,Central Hub,9.51,2026-04-19,2026-04-21,Late
O0006269,Central Hub,8.6,2026-04-19,2026-04-19,On Time
O0006270,East Hub,7.66,2026-04-16,2026-04-15,On Time
O0006271,Central Hub,8.31,2026-04-17,2026-04-17,On Time
O0006272,West Hub,14.11,2026-04-18,2026-04-17,On Time
O0006273,Central Hub,5.73,2026-04-16,2026-04-16,On Time
O0006274,Central Hub,10.47,2026-04-18,2026-04-18,On Time
O0006275,East Hub,13.92,2026-04-19,2026-04-18,On Time
O0006276,Central Hub,9.31,2026-04-18,2026-04-18,On Time
O0006277,West Hub,9.66,2026-04-19,2026-04-19,On Time
O0006278,East Hub,10.39,2026-04-17,2026-04-17,On Time
O0006279,Central Hub,13.38,2026-04-18,2026-04-18,On Time
O0006280,Central Hub,13.18,2026-04-18,2026-04-22,Late
O0006281,West Hub,14.91,2026-04-17,2026-04-16,On Time
O0006282,West Hub,11.73,2026-04-18,2026-04-18,On Time
O0006283,East Hub,19.29,2026-04-16,2026-04-15,On Time
O0006284,Central Hub,13.74,2026-04-17,2026-04-17,On Time
O0006285,West Hub,12.82,2026-04-16,2026-04-15,On Time
O0006286,East Hub,8.35,2026-04-16,2026-04-16,On Time
O0006287,Central Hub,8.45,2026-04-17,2026-04-17,On Time
O0006288,East Hub,8.89,2026-04-17,2026-04-16,On Time
O0006289,Central Hub,15.52,2026-04-18,2026-04-18,On Time
O0006290,West Hub,14.19,2026-04-17,2026-04-21,Late
O0006291,West Hub,10.23,2026-04-19,2026-04-18,On Time
O0006292,East Hub,11.91,2026-04-17,2026-04-17,On Time
O0006293,Central Hub,10.64,2026-04-19,2026-04-18,On Time
O0006294,East Hub,15.23,2026-04-16,2026-04-18,Late
O0006295,West Hub,7.62,2026-04-18,2026-04-18,On Time
O0006296,East Hub,12.84,2026-04-19,2026-04-19,On Time
O0006297,West Hub,19.9,2026-04-17,2026-04-17,On Time
O0006298,Central Hub,10.83,2026-04-19,2026-04-18,On Time
O0006299,West Hub,12.76,2026-04-18,2026-04-23,Late
O0006300,West Hub,11.87,2026-04-16,2026-04-15,On Time
O0006301,West Hub,7.84,2026-04-19,2026-04-18,On Time
O0006302,Central Hub,9.89,2026-04-18,2026-04-17,On Time
O0006303,East Hub,12.93,2026-04-18,2026-04-18,On Time
O0006304,West Hub,10.79,2026-04-19,2026-04-18,On Time
O0006305,East Hub,7.3,2026-04-17,2026-04-17,On Time
O0006306,West Hub,13.32,2026-04-16,2026-04-19,Late
O0006307,East Hub,14.66,2026-04-16,2026-04-15,On Time
O0006308,East Hub,21.58,2026-04-17,2026-04-17,On Time
O0006309,East Hub,7.32,2026-04-19,2026-04-19,On Time
O0006310,West Hub,11.1,2026-04-19,2026-04-18,On Time
O0006311,East Hub,28.05,2026-04-19,2026-04-18,On Time
O0006312,West Hub,8.63,2026-04-17,2026-04-17,On Time
O0006313,East Hub,8.06,2026-04-18,2026-04-18,On Time
O0006314,Central Hub,8.01,2026-04-17,2026-04-16,On Time
O0006315,Central Hub,10.55,2026-04-19,2026-04-19,On Time
O0006316,Central Hub,13.61,2026-04-18,2026-04-17,On Time
O0006317,East Hub,9.36,2026-04-18,2026-04-17,On Time
O0006318,Central Hub,10.73,2026-04-17,2026-04-16,On Time
O0006319,East Hub,7.96,2026-04-17,2026-04-19,Late
O0006320,West Hub,11.36,2026-04-16,2026-04-15,On Time
O0006321,East Hub,10.69,2026-04-18,2026-04-17,On Time
O0006322,Central Hub,7.93,2026-04-18,2026-04-17,On Time
O0006323,Central Hub,8.86,2026-04-17,2026-04-22,Late
O0006324,East Hub,6.66,2026-04-19,2026-04-19,On Time
O0006325,Central Hub,12.5,2026-04-17,2026-04-17,On Time
O0006326,Central Hub,13.68,2026-04-18,2026-04-18,On Time
O0006327,West Hub,14.68,2026-04-19,2026-04-19,On Time
O0006328,Central Hub,9.81,2026-04-18,2026-04-17,On Time
O0006329,East Hub,12.85,2026-04-19,2026-04-19,On Time
O0006330,West Hub,25.97,2026-04-19,2026-04-19,On Time
O0006331,West Hub,18.5,2026-04-17,2026-04-17,On Time
O0006332,West Hub,9.03,2026-04-20,2026-04-20,On Time
O0006333,West Hub,12.6,2026-04-18,2026-04-18,On Time
O0006334,Central Hub,12.4,2026-04-20,2026-04-19,On Time
O0006335,Central Hub,6.54,2026-04-20,2026-04-19,On Time
O0006336,West Hub,19.74,2026-04-20,2026-04-20,On Time
O0006337,Central Hub,16.56,2026-04-19,2026-04-19,On Time
O0006338,East Hub,8.88,2026-04-20,2026-04-20,On Time
O0006339,East Hub,7.63,2026-04-18,2026-04-23,Late
O0006340,West Hub,18.05,2026-04-20,2026-04-20,On Time
O0006341,East Hub,8.29,2026-04-20,2026-04-19,On Time
O0006342,West Hub,9.64,2026-04-19,2026-04-19,On Time
O0006343,Central Hub,10.94,2026-04-17,2026-04-18,Late
O0006344,Central Hub,12.49,2026-04-18,2026-04-18,On Time
O0006345,Central Hub,13.08,2026-04-19,2026-04-19,On Time
O0006346,Central Hub,9.24,2026-04-19,2026-04-19,On Time
O0006347,West Hub,14.43,2026-04-19,2026-04-23,Late
O0006348,West Hub,18.23,2026-04-17,2026-04-16,On Time
O0006349,West Hub,14.27,2026-04-18,2026-04-18,On Time
O0006350,East Hub,15.22,2026-04-18,2026-04-18,On Time
O0006351,Central Hub,9.95,2026-04-17,2026-04-16,On Time
O0006352,West Hub,8.34,2026-04-19,2026-04-19,On Time
O0006353,West Hub,12.37,2026-04-19,2026-04-19,On Time
O0006354,West Hub,13.4,2026-04-20,2026-04-20,On Time
O0006355,West Hub,24.59,2026-04-17,2026-04-16,On Time
O0006356,Central Hub,10.8,2026-04-17,2026-04-16,On Time
O0006357,Central Hub,9.77,2026-04-19,2026-04-18,On Time
O0006358,Central Hub,11.98,2026-04-19,2026-04-20,Late
O0006359,East Hub,8.64,2026-04-18,2026-04-18,On Time
O0006360,East Hub,8.94,2026-04-17,2026-04-16,On Time
O0006361,East Hub,11.11,2026-04-20,2026-04-20,On Time
O0006362,West Hub,9.37,2026-04-17,2026-04-19,Late
O0006363,Central Hub,7.63,2026-04-19,2026-04-18,On Time
O0006364,Central Hub,13.03,2026-04-19,2026-04-18,On Time
O0006365,Central Hub,13.28,2026-04-19,2026-04-19,On Time
O0006366,West Hub,19.26,2026-04-19,2026-04-19,On Time
O0006367,Central Hub,15.33,2026-04-18,2026-04-20,Late
O0006368,Central Hub,8.29,2026-04-17,2026-04-17,On Time
O0006369,West Hub,15.15,2026-04-19,2026-04-19,On Time
O0006370,Central Hub,7.2,2026-04-19,2026-04-18,On Time
O0006371,East Hub,7.95,2026-04-17,2026-04-16,On Time
O0006372,West Hub,21.3,2026-04-20,2026-04-20,On Time
O0006373,Central Hub,11.33,2026-04-17,2026-04-17,On Time
O0006374,East Hub,17.47,2026-04-17,2026-04-17,On Time
O0006375,Central Hub,8.52,2026-04-20,2026-04-19,On Time
O0006376,East Hub,10.68,2026-04-20,2026-04-19,On Time
O0006377,East Hub,11.01,2026-04-18,2026-04-18,On Time
O0006378,Central Hub,11.08,2026-04-17,2026-04-17,On Time
O0006379,Central Hub,27.71,2026-04-19,2026-04-18,On Time
O0006380,East Hub,15.06,2026-04-17,2026-04-16,On Time
O0006381,Central Hub,13.52,2026-04-19,2026-04-20,Late
O0006382,Central Hub,8.66,2026-04-19,2026-04-18,On Time
O0006383,West Hub,7.99,2026-04-19,2026-04-19,On Time
O0006384,Central Hub,11.61,2026-04-17,2026-04-16,On Time
O0006385,East Hub,11.18,2026-04-18,2026-04-18,On Time
O0006386,West Hub,11.33,2026-04-18,2026-04-18,On Time
O0006387,Central Hub,10.14,2026-04-17,2026-04-17,On Time
O0006388,East Hub,13.84,2026-04-17,2026-04-17,On Time
O0006389,East Hub,10.12,2026-04-19,2026-04-19,On Time
O0006390,Central Hub,14.61,2026-04-17,2026-04-16,On Time
O0006391,West Hub,9.44,2026-04-18,2026-04-18,On Time
O0006392,Central Hub,13.27,2026-04-19,2026-04-18,On Time
O0006393,Central Hub,8.35,2026-04-18,2026-04-23,Late
O0006394,East Hub,6.82,2026-04-17,2026-04-16,On Time
O0006395,Central Hub,11.84,2026-04-17,2026-04-16,On Time
O0006396,Central Hub,10.36,2026-04-18,2026-04-18,On Time
O0006397,West Hub,16.36,2026-04-17,2026-04-16,On Time
O0006398,West Hub,18.78,2026-04-17,2026-04-17,On Time
O0006399,West Hub,8.28,2026-04-19,2026-04-18,On Time
O0006400,East Hub,12.43,2026-04-20,2026-04-19,On Time
O0006401,West Hub,17.05,2026-04-20,2026-04-20,On Time
O0006402,East Hub,7.41,2026-04-19,2026-04-19,On Time
O0006403,East Hub,9.41,2026-04-18,2026-04-17,On Time
O0006404,Central Hub,11.16,2026-04-19,2026-04-19,On Time
O0006405,West Hub,13.12,2026-04-21,2026-04-21,On Time
O0006406,Central Hub,11.0,2026-04-20,2026-04-19,On Time
O0006407,West Hub,16.77,2026-04-20,2026-04-19,On Time
O0006408,West Hub,15.47,2026-04-18,2026-04-17,On Time
O0006409,East Hub,11.56,2026-04-21,2026-04-21,On Time
O0006410,East Hub,6.43,2026-04-18,2026-04-17,On Time
O0006411,West Hub,9.36,2026-04-21,2026-04-20,On Time
O0006412,East Hub,13.91,2026-04-18,2026-04-18,On Time
O0006413,Central Hub,11.11,2026-04-21,2026-04-21,On Time
O0006414,Central Hub,13.02,2026-04-18,2026-04-18,On Time
O0006415,East Hub,10.92,2026-04-20,2026-04-19,On Time
O0006416,West Hub,13.31,2026-04-21,2026-04-21,On Time
O0006417,East Hub,6.44,2026-04-19,2026-04-19,On Time
O0006418,West Hub,20.74,2026-04-19,2026-04-18,On Time
O0006419,East Hub,7.5,2026-04-19,2026-04-18,On Time
O0006420,East Hub,17.75,2026-04-18,2026-04-17,On Time
O0006421,East Hub,8.52,2026-04-21,2026-04-21,On Time
O0006422,East Hub,9.9,2026-04-21,2026-04-21,On Time
O0006423,East Hub,11.69,2026-04-20,2026-04-19,On Time
O0006424,Central Hub,12.83,2026-04-18,2026-04-17,On Time
O0006425,West Hub,14.86,2026-04-21,2026-04-20,On Time
O0006426,West Hub,18.18,2026-04-18,2026-04-17,On Time
O0006427,East Hub,7.74,2026-04-19,2026-04-18,On Time
O0006428,West Hub,11.94,2026-04-21,2026-04-21,On Time
O0006429,West Hub,8.92,2026-04-18,2026-04-17,On Time
O0006430,Central Hub,14.87,2026-04-19,2026-04-19,On Time
O0006431,Central Hub,15.53,2026-04-21,2026-04-21,On Time
O0006432,East Hub,10.75,2026-04-21,2026-04-21,On Time
O0006433,West Hub,8.96,2026-04-20,2026-04-19,On Time
O0006434,West Hub,21.79,2026-04-19,2026-04-18,On Time
O0006435,West Hub,11.95,2026-04-20,2026-04-20,On Time
O0006436,West Hub,20.26,2026-04-19,2026-04-19,On Time
O0006437,West Hub,14.82,2026-04-18,2026-04-17,On Time
O0006438,West Hub,12.98,2026-04-19,2026-04-19,On Time
O0006439,East Hub,8.74,2026-04-18,2026-04-17,On Time
O0006440,West Hub,8.88,2026-04-20,2026-04-25,Late
O0006441,West Hub,9.43,2026-04-20,2026-04-19,On Time
O0006442,Central Hub,11.42,2026-04-18,2026-04-17,On Time
O0006443,East Hub,15.04,2026-04-21,2026-04-21,On Time
O0006444,East Hub,21.06,2026-04-21,2026-04-20,On Time
O0006445,West Hub,14.61,2026-04-21,2026-04-20,On Time
O0006446,West Hub,14.61,2026-04-19,2026-04-19,On Time
O0006447,East Hub,9.56,2026-04-21,2026-04-21,On Time
O0006448,East Hub,6.94,2026-04-21,2026-04-20,On Time
O0006449,West Hub,9.82,2026-04-21,2026-04-20,On Time
O0006450,East Hub,15.67,2026-04-19,2026-04-18,On Time
O0006451,West Hub,7.99,2026-04-18,2026-04-17,On Time
O0006452,West Hub,9.66,2026-04-18,2026-04-19,Late
O0006453,West Hub,14.58,2026-04-21,2026-04-21,On Time
O0006454,West Hub,19.37,2026-04-18,2026-04-17,On Time
O0006455,Central Hub,8.94,2026-04-19,2026-04-19,On Time
O0006456,East Hub,9.48,2026-04-18,2026-04-18,On Time
O0006457,West Hub,16.77,2026-04-18,2026-04-18,On Time
O0006458,East Hub,6.45,2026-04-20,2026-04-19,On Time
O0006459,West Hub,8.63,2026-04-21,2026-04-21,On Time
O0006460,West Hub,10.09,2026-04-21,2026-04-20,On Time
O0006461,West Hub,11.38,2026-04-21,2026-04-21,On Time
O0006462,West Hub,11.9,2026-04-20,2026-04-20,On Time
O0006463,East Hub,9.7,2026-04-20,2026-04-19,On Time
O0006464,Central Hub,8.63,2026-04-19,2026-04-19,On Time
O0006465,East Hub,8.94,2026-04-21,2026-04-21,On Time
O0006466,East Hub,7.64,2026-04-21,2026-04-21,On Time
O0006467,West Hub,11.49,2026-04-21,2026-04-20,On Time
O0006468,West Hub,22.19,2026-04-21,2026-04-20,On Time
O0006469,Central Hub,9.92,2026-04-19,2026-04-21,Late
O0006470,West Hub,21.37,2026-04-21,2026-04-21,On Time
O0006471,East Hub,7.22,2026-04-21,2026-04-21,On Time
O0006472,Central Hub,15.36,2026-04-20,2026-04-19,On Time
O0006473,West Hub,8.14,2026-04-21,2026-04-21,On Time
O0006474,East Hub,11.61,2026-04-18,2026-04-18,On Time
O0006475,Central Hub,12.81,2026-04-20,2026-04-20,On Time
O0006476,West Hub,23.44,2026-04-19,2026-04-18,On Time
O0006477,West Hub,15.49,2026-04-20,2026-04-19,On Time
O0006478,Central Hub,10.38,2026-04-20,2026-04-19,On Time
O0006479,Central Hub,8.96,2026-04-20,2026-04-19,On Time
O0006480,Central Hub,8.34,2026-04-20,2026-04-19,On Time
O0006481,East Hub,10.58,2026-04-18,2026-04-21,Late
O0006482,East Hub,11.07,2026-04-19,2026-04-18,On Time
O0006483,East Hub,10.01,2026-04-20,2026-04-20,On Time
O0006484,West Hub,10.89,2026-04-21,2026-04-20,On Time
O0006485,Central Hub,10.09,2026-04-19,2026-04-19,On Time
O0006486,East Hub,8.03,2026-04-21,2026-04-25,Late
O0006487,East Hub,7.64,2026-04-20,2026-04-20,On Time
O0006488,Central Hub,6.2,2026-04-19,2026-04-19,On Time
O0006489,West Hub,17.46,2026-04-20,2026-04-19,On Time
O0006490,East Hub,11.76,2026-04-19,2026-04-18,On Time
O0006491,Central Hub,8.43,2026-04-19,2026-04-19,On Time
O0006492,East Hub,7.54,2026-04-22,2026-04-22,On Time
O0006493,Central Hub,12.12,2026-04-19,2026-04-18,On Time
O0006494,West Hub,7.42,2026-04-19,2026-04-19,On Time
O0006495,East Hub,13.56,2026-04-21,2026-04-23,Late
O0006496,East Hub,13.95,2026-04-21,2026-04-20,On Time
O0006497,West Hub,13.31,2026-04-22,2026-04-22,On Time
O0006498,East Hub,15.23,2026-04-20,2026-04-23,Late
O0006499,West Hub,18.38,2026-04-21,2026-04-20,On Time
O0006500,West Hub,19.88,2026-04-19,2026-04-21,Late
O0006501,East Hub,9.63,2026-04-21,2026-04-20,On Time
O0006502,East Hub,12.32,2026-04-22,2026-04-22,On Time
O0006503,East Hub,11.06,2026-04-21,2026-04-21,On Time
O0006504,West Hub,8.95,2026-04-22,2026-04-26,Late
O0006505,West Hub,10.16,2026-04-20,2026-04-20,On Time
O0006506,Central Hub,9.12,2026-04-21,2026-04-20,On Time
O0006507,East Hub,14.06,2026-04-22,2026-04-21,On Time
O0006508,West Hub,10.51,2026-04-21,2026-04-20,On Time
O0006509,West Hub,15.6,2026-04-21,2026-04-21,On Time
O0006510,East Hub,8.04,2026-04-20,2026-04-21,Late
O0006511,Central Hub,9.44,2026-04-21,2026-04-24,Late
O0006512,Central Hub,15.06,2026-04-20,2026-04-20,On Time
O0006513,West Hub,7.47,2026-04-22,2026-04-22,On Time
O0006514,West Hub,9.5,2026-04-19,2026-04-19,On Time
O0006515,West Hub,21.23,2026-04-19,2026-04-22,Late
O0006516,West Hub,7.35,2026-04-20,2026-04-19,On Time
O0006517,Central Hub,13.86,2026-04-20,2026-04-19,On Time
O0006518,Central Hub,8.62,2026-04-22,2026-04-21,On Time
O0006519,East Hub,11.56,2026-04-21,2026-04-20,On Time
O0006520,West Hub,11.28,2026-04-19,2026-04-19,On Time
O0006521,East Hub,8.32,2026-04-22,2026-04-22,On Time
O0006522,East Hub,9.77,2026-04-21,2026-04-20,On Time
O0006523,West Hub,11.67,2026-04-21,2026-04-21,On Time
O0006524,East Hub,6.32,2026-04-21,2026-04-20,On Time
O0006525,East Hub,11.6,2026-04-19,2026-04-18,On Time
O0006526,East Hub,12.09,2026-04-21,2026-04-20,On Time
O0006527,Central Hub,9.55,2026-04-20,2026-04-20,On Time
O0006528,Central Hub,16.97,2026-04-20,2026-04-19,On Time
O0006529,West Hub,9.1,2026-04-21,2026-04-21,On Time
O0006530,Central Hub,8.88,2026-04-20,2026-04-19,On Time
O0006531,East Hub,20.66,2026-04-22,2026-04-21,On Time
O0006532,East Hub,10.52,2026-04-21,2026-04-20,On Time
O0006533,Central Hub,8.95,2026-04-22,2026-04-22,On Time
O0006534,East Hub,8.1,2026-04-22,2026-04-27,Late
O0006535,East Hub,11.13,2026-04-21,2026-04-20,On Time
O0006536,East Hub,18.77,2026-04-21,2026-04-21,On Time
O0006537,East Hub,8.27,2026-04-22,2026-04-21,On Time
O0006538,Central Hub,16.9,2026-04-20,2026-04-20,On Time
O0006539,Central Hub,8.88,2026-04-21,2026-04-21,On Time
O0006540,Central Hub,7.66,2026-04-22,2026-04-22,On Time
O0006541,Central Hub,9.69,2026-04-20,2026-04-21,Late
O0006542,East Hub,12.35,2026-04-22,2026-04-21,On Time
O0006543,West Hub,11.22,2026-04-19,2026-04-18,On Time
O0006544,West Hub,9.89,2026-04-22,2026-04-21,On Time
O0006545,East Hub,8.23,2026-04-19,2026-04-21,Late
O0006546,East Hub,14.14,2026-04-22,2026-04-21,On Time
O0006547,West Hub,8.56,2026-04-22,2026-04-21,On Time
O0006548,East Hub,12.85,2026-04-21,2026-04-21,On Time
O0006549,West Hub,17.3,2026-04-20,2026-04-20,On Time
O0006550,West Hub,11.52,2026-04-19,2026-04-19,On Time
O0006551,East Hub,11.59,2026-04-21,2026-04-20,On Time
O0006552,East Hub,8.81,2026-04-22,2026-04-25,Late
O0006553,East Hub,13.87,2026-04-22,2026-04-21,On Time
O0006554,West Hub,9.27,2026-04-20,2026-04-20,On Time
O0006555,West Hub,12.86,2026-04-22,2026-04-22,On Time
O0006556,Central Hub,14.16,2026-04-22,2026-04-21,On Time
O0006557,West Hub,12.17,2026-04-20,2026-04-19,On Time
O0006558,West Hub,16.66,2026-04-20,2026-04-23,Late
O0006559,West Hub,18.91,2026-04-22,2026-04-21,On Time
O0006560,Central Hub,17.74,2026-04-22,2026-04-25,Late
O0006561,West Hub,10.5,2026-04-20,2026-04-19,On Time
O0006562,West Hub,10.71,2026-04-20,2026-04-19,On Time
O0006563,Central Hub,6.73,2026-04-20,2026-04-20,On Time
O0006564,East Hub,9.89,2026-04-21,2026-04-20,On Time
O0006565,East Hub,7.38,2026-04-19,2026-04-19,On Time
O0006566,Central Hub,12.53,2026-04-20,2026-04-20,On Time
O0006567,Central Hub,25.41,2026-04-22,2026-04-21,On Time
O0006568,East Hub,7.29,2026-04-22,2026-04-21,On Time
O0006569,Central Hub,10.77,2026-04-21,2026-04-20,On Time
O0006570,Central Hub,8.33,2026-04-20,2026-04-24,Late
O0006571,West Hub,9.78,2026-04-20,2026-04-20,On Time
O0006572,Central Hub,10.86,2026-04-20,2026-04-20,On Time
O0006573,West Hub,11.29,2026-04-22,2026-04-21,On Time
O0006574,West Hub,25.14,2026-04-23,2026-04-23,On Time
O0006575,East Hub,10.77,2026-04-22,2026-04-22,On Time
O0006576,East Hub,9.44,2026-04-21,2026-04-21,On Time
O0006577,West Hub,12.65,2026-04-21,2026-04-21,On Time
O0006578,East Hub,17.04,2026-04-22,2026-04-22,On Time
O0006579,East Hub,16.35,2026-04-21,2026-04-20,On Time
O0006580,West Hub,11.9,2026-04-23,2026-04-23,On Time
O0006581,East Hub,14.57,2026-04-21,2026-04-20,On Time
O0006582,East Hub,9.33,2026-04-20,2026-04-19,On Time
O0006583,West Hub,8.18,2026-04-22,2026-04-21,On Time
O0006584,West Hub,15.33,2026-04-22,2026-04-22,On Time
O0006585,West Hub,8.72,2026-04-22,2026-04-21,On Time
O0006586,Central Hub,16.13,2026-04-23,2026-04-22,On Time
O0006587,Central Hub,10.97,2026-04-23,2026-04-22,On Time
O0006588,Central Hub,10.85,2026-04-22,2026-04-22,On Time
O0006589,Central Hub,6.64,2026-04-22,2026-04-22,On Time
O0006590,West Hub,10.9,2026-04-21,2026-04-21,On Time
O0006591,East Hub,7.31,2026-04-20,2026-04-19,On Time
O0006592,West Hub,17.74,2026-04-23,2026-04-23,On Time
O0006593,West Hub,9.74,2026-04-20,2026-04-24,Late
O0006594,East Hub,12.93,2026-04-23,2026-04-22,On Time
O0006595,West Hub,8.17,2026-04-20,2026-04-19,On Time
O0006596,East Hub,13.21,2026-04-21,2026-04-20,On Time
O0006597,Central Hub,17.6,2026-04-20,2026-04-19,On Time
O0006598,East Hub,12.04,2026-04-21,2026-04-20,On Time
O0006599,West Hub,7.11,2026-04-21,2026-04-20,On Time
O0006600,West Hub,11.08,2026-04-22,2026-04-22,On Time
O0006601,West Hub,7.59,2026-04-20,2026-04-19,On Time
O0006602,Central Hub,12.91,2026-04-23,2026-04-23,On Time
O0006603,East Hub,11.14,2026-04-21,2026-04-21,On Time
O0006604,Central Hub,18.76,2026-04-21,2026-04-21,On Time
O0006605,East Hub,17.07,2026-04-23,2026-04-22,On Time
O0006606,East Hub,17.41,2026-04-23,2026-04-23,On Time
O0006607,Central Hub,11.54,2026-04-23,2026-04-23,On Time
O0006608,Central Hub,13.88,2026-04-22,2026-04-21,On Time
O0006609,East Hub,19.49,2026-04-23,2026-04-23,On Time
O0006610,Central Hub,9.08,2026-04-21,2026-04-21,On Time
O0006611,West Hub,9.48,2026-04-21,2026-04-21,On Time
O0006612,West Hub,10.47,2026-04-22,2026-04-22,On Time
O0006613,West Hub,16.55,2026-04-23,2026-04-26,Late
O0006614,Central Hub,7.75,2026-04-23,2026-04-22,On Time
O0006615,Central Hub,9.11,2026-04-22,2026-04-22,On Time
O0006616,Central Hub,12.37,2026-04-22,2026-04-22,On Time
O0006617,Central Hub,11.94,2026-04-23,2026-04-22,On Time
O0006618,Central Hub,15.98,2026-04-21,2026-04-21,On Time
O0006619,East Hub,13.01,2026-04-23,2026-04-22,On Time
O0006620,Central Hub,10.4,2026-04-21,2026-04-20,On Time
O0006621,East Hub,19.21,2026-04-23,2026-04-27,Late
O0006622,Central Hub,14.46,2026-04-23,2026-04-23,On Time
O0006623,West Hub,8.82,2026-04-20,2026-04-20,On Time
O0006624,East Hub,13.75,2026-04-20,2026-04-19,On Time
O0006625,East Hub,10.11,2026-04-20,2026-04-19,On Time
O0006626,East Hub,15.63,2026-04-20,2026-04-20,On Time
O0006627,West Hub,11.95,2026-04-20,2026-04-19,On Time
O0006628,Central Hub,12.03,2026-04-23,2026-04-23,On Time
O0006629,East Hub,10.79,2026-04-21,2026-04-21,On Time
O0006630,East Hub,10.95,2026-04-22,2026-04-21,On Time
O0006631,Central Hub,6.48,2026-04-22,2026-04-21,On Time
O0006632,Central Hub,9.97,2026-04-20,2026-04-19,On Time
O0006633,East Hub,8.71,2026-04-23,2026-04-23,On Time
O0006634,West Hub,14.82,2026-04-21,2026-04-20,On Time
O0006635,West Hub,16.45,2026-04-20,2026-04-20,On Time
O0006636,West Hub,12.99,2026-04-20,2026-04-23,Late
O0006637,East Hub,10.07,2026-04-23,2026-04-23,On Time
O0006638,Central Hub,7.18,2026-04-23,2026-04-23,On Time
O0006639,East Hub,17.7,2026-04-22,2026-04-22,On Time
O0006640,Central Hub,15.13,2026-04-21,2026-04-20,On Time
O0006641,East Hub,7.94,2026-04-23,2026-04-22,On Time
O0006642,West Hub,9.58,2026-04-21,2026-04-21,On Time
O0006643,West Hub,8.87,2026-04-21,2026-04-21,On Time
O0006644,Central Hub,12.69,2026-04-22,2026-04-21,On Time
O0006645,East Hub,9.78,2026-04-22,2026-04-21,On Time
O0006646,Central Hub,7.08,2026-04-24,2026-04-24,On Time
O0006647,Central Hub,8.37,2026-04-22,2026-04-22,On Time
O0006648,West Hub,12.08,2026-04-21,2026-04-20,On Time
O0006649,West Hub,9.55,2026-04-23,2026-04-23,On Time
O0006650,Central Hub,10.19,2026-04-23,2026-04-23,On Time
O0006651,East Hub,7.81,2026-04-22,2026-04-21,On Time
O0006652,West Hub,15.2,2026-04-21,2026-04-21,On Time
O0006653,West Hub,11.92,2026-04-21,2026-04-21,On Time
O0006654,Central Hub,17.93,2026-04-22,2026-04-21,On Time
O0006655,East Hub,14.14,2026-04-24,2026-04-23,On Time
O0006656,East Hub,15.0,2026-04-21,2026-04-21,On Time
O0006657,West Hub,9.84,2026-04-24,2026-04-23,On Time
O0006658,West Hub,8.28,2026-04-22,2026-04-22,On Time
O0006659,West Hub,8.82,2026-04-23,2026-04-23,On Time
O0006660,Central Hub,9.4,2026-04-21,2026-04-20,On Time
O0006661,Central Hub,6.43,2026-04-23,2026-04-23,On Time
O0006662,West Hub,16.24,2026-04-24,2026-04-24,On Time
O0006663,West Hub,9.4,2026-04-22,2026-04-22,On Time
O0006664,West Hub,21.62,2026-04-22,2026-04-22,On Time
O0006665,Central Hub,6.99,2026-04-21,2026-04-20,On Time
O0006666,East Hub,8.9,2026-04-23,2026-04-22,On Time
O0006667,West Hub,11.3,2026-04-22,2026-04-22,On Time
O0006668,Central Hub,7.13,2026-04-23,2026-04-23,On Time
O0006669,East Hub,18.49,2026-04-22,2026-04-22,On Time
O0006670,East Hub,10.1,2026-04-24,2026-04-27,Late
O0006671,West Hub,12.55,2026-04-21,2026-04-20,On Time
O0006672,Central Hub,9.19,2026-04-22,2026-04-26,Late
O0006673,West Hub,14.46,2026-04-23,2026-04-23,On Time
O0006674,East Hub,8.68,2026-04-23,2026-04-22,On Time
O0006675,East Hub,8.61,2026-04-21,2026-04-20,On Time
O0006676,West Hub,8.03,2026-04-23,2026-04-22,On Time
O0006677,West Hub,11.29,2026-04-23,2026-04-27,Late
O0006678,West Hub,8.02,2026-04-22,2026-04-22,On Time
O0006679,West Hub,13.36,2026-04-23,2026-04-27,Late
O0006680,West Hub,20.06,2026-04-23,2026-04-23,On Time
O0006681,West Hub,14.5,2026-04-24,2026-04-27,Late
O0006682,West Hub,14.66,2026-04-24,2026-04-24,On Time
O0006683,East Hub,20.71,2026-04-22,2026-04-25,Late
O0006684,West Hub,10.94,2026-04-24,2026-04-24,On Time
O0006685,West Hub,18.7,2026-04-22,2026-04-22,On Time
O0006686,East Hub,17.1,2026-04-22,2026-04-22,On Time
O0006687,West Hub,8.59,2026-04-21,2026-04-20,On Time
O0006688,Central Hub,10.07,2026-04-21,2026-04-21,On Time
O0006689,West Hub,15.29,2026-04-23,2026-04-22,On Time
O0006690,Central Hub,7.23,2026-04-22,2026-04-22,On Time
O0006691,East Hub,6.15,2026-04-21,2026-04-21,On Time
O0006692,East Hub,15.3,2026-04-23,2026-04-23,On Time
O0006693,West Hub,9.01,2026-04-22,2026-04-22,On Time
O0006694,West Hub,10.35,2026-04-22,2026-04-22,On Time
O0006695,West Hub,7.06,2026-04-24,2026-04-28,Late
O0006696,West Hub,12.09,2026-04-24,2026-04-23,On Time
O0006697,East Hub,11.76,2026-04-21,2026-04-20,On Time
O0006698,Central Hub,7.36,2026-04-21,2026-04-21,On Time
O0006699,Central Hub,10.85,2026-04-22,2026-04-22,On Time
O0006700,West Hub,14.2,2026-04-21,2026-04-21,On Time
O0006701,Central Hub,9.42,2026-04-22,2026-04-22,On Time
O0006702,West Hub,12.5,2026-04-22,2026-04-22,On Time
O0006703,West Hub,16.65,2026-04-23,2026-04-23,On Time
O0006704,East Hub,16.96,2026-04-22,2026-04-22,On Time
O0006705,Central Hub,12.13,2026-04-23,2026-04-26,Late
O0006706,East Hub,8.05,2026-04-21,2026-04-20,On Time
O0006707,West Hub,11.79,2026-04-21,2026-04-20,On Time
O0006708,East Hub,11.06,2026-04-22,2026-04-21,On Time
O0006709,East Hub,15.84,2026-04-22,2026-04-22,On Time
O0006710,East Hub,9.57,2026-04-22,2026-04-21,On Time
O0006711,West Hub,10.69,2026-04-23,2026-04-22,On Time
O0006712,Central Hub,6.95,2026-04-24,2026-04-24,On Time
O0006713,West Hub,11.06,2026-04-21,2026-04-21,On Time
O0006714,West Hub,9.08,2026-04-23,2026-04-23,On Time
O0006715,West Hub,11.82,2026-04-23,2026-04-23,On Time
O0006716,East Hub,7.79,2026-04-22,2026-04-21,On Time
O0006717,Central Hub,18.18,2026-04-23,2026-04-23,On Time
O0006718,East Hub,10.39,2026-04-23,2026-04-22,On Time
O0006719,Central Hub,11.85,2026-04-22,2026-04-22,On Time
O0006720,Central Hub,7.17,2026-04-22,2026-04-21,On Time
O0006721,Central Hub,7.1,2026-04-23,2026-04-23,On Time
O0006722,East Hub,7.21,2026-04-22,2026-04-23,Late
O0006723,West Hub,8.84,2026-04-23,2026-04-22,On Time
O0006724,Central Hub,6.73,2026-04-23,2026-04-28,Late
O0006725,East Hub,12.15,2026-04-25,2026-04-25,On Time
O0006726,Central Hub,7.35,2026-04-24,2026-04-24,On Time
O0006727,West Hub,16.52,2026-04-25,2026-04-24,On Time
O0006728,West Hub,13.16,2026-04-24,2026-04-24,On Time
O0006729,Central Hub,23.24,2026-04-24,2026-04-24,On Time
O0006730,East Hub,9.75,2026-04-23,2026-04-25,Late
O0006731,East Hub,20.51,2026-04-24,2026-04-23,On Time
O0006732,Central Hub,9.47,2026-04-25,2026-04-25,On Time
O0006733,East Hub,16.71,2026-04-25,2026-04-25,On Time
O0006734,Central Hub,13.44,2026-04-23,2026-04-23,On Time
O0006735,Central Hub,11.57,2026-04-23,2026-04-22,On Time
O0006736,Central Hub,8.57,2026-04-22,2026-04-21,On Time
O0006737,West Hub,16.43,2026-04-23,2026-04-23,On Time
O0006738,West Hub,16.57,2026-04-25,2026-04-24,On Time
O0006739,Central Hub,6.87,2026-04-25,2026-04-24,On Time
O0006740,East Hub,12.13,2026-04-22,2026-04-22,On Time
O0006741,Central Hub,9.02,2026-04-23,2026-04-23,On Time
O0006742,West Hub,22.19,2026-04-22,2026-04-22,On Time
O0006743,Central Hub,11.27,2026-04-25,2026-04-24,On Time
O0006744,Central Hub,6.03,2026-04-22,2026-04-21,On Time
O0006745,Central Hub,12.81,2026-04-22,2026-04-22,On Time
O0006746,Central Hub,11.37,2026-04-24,2026-04-23,On Time
O0006747,Central Hub,11.04,2026-04-24,2026-04-23,On Time
O0006748,West Hub,15.6,2026-04-24,2026-04-23,On Time
O0006749,East Hub,14.37,2026-04-25,2026-04-25,On Time
O0006750,West Hub,7.84,2026-04-25,2026-04-25,On Time
O0006751,West Hub,12.22,2026-04-24,2026-04-23,On Time
O0006752,Central Hub,9.29,2026-04-22,2026-04-22,On Time
O0006753,West Hub,12.95,2026-04-23,2026-04-22,On Time
O0006754,West Hub,9.12,2026-04-23,2026-04-27,Late
O0006755,Central Hub,10.4,2026-04-24,2026-04-23,On Time
O0006756,West Hub,15.78,2026-04-23,2026-04-23,On Time
O0006757,Central Hub,8.51,2026-04-24,2026-04-23,On Time
O0006758,West Hub,8.76,2026-04-23,2026-04-26,Late
O0006759,Central Hub,10.56,2026-04-22,2026-04-22,On Time
O0006760,Central Hub,9.23,2026-04-23,2026-04-22,On Time
O0006761,East Hub,8.93,2026-04-22,2026-04-21,On Time
O0006762,Central Hub,8.53,2026-04-23,2026-04-22,On Time
O0006763,East Hub,14.01,2026-04-22,2026-04-21,On Time
O0006764,East Hub,10.36,2026-04-25,2026-04-25,On Time
O0006765,West Hub,17.4,2026-04-25,2026-04-24,On Time
O0006766,Central Hub,20.46,2026-04-23,2026-04-25,Late
O0006767,East Hub,13.41,2026-04-24,2026-04-23,On Time
O0006768,West Hub,10.01,2026-04-23,2026-04-22,On Time
O0006769,West Hub,11.54,2026-04-24,2026-04-24,On Time
O0006770,Central Hub,10.31,2026-04-25,2026-04-25,On Time
O0006771,Central Hub,11.89,2026-04-24,2026-04-23,On Time
O0006772,Central Hub,11.51,2026-04-25,2026-04-25,On Time
O0006773,West Hub,13.03,2026-04-25,2026-04-26,Late
O0006774,West Hub,9.91,2026-04-23,2026-04-23,On Time
O0006775,East Hub,7.81,2026-04-25,2026-04-24,On Time
O0006776,East Hub,8.26,2026-04-22,2026-04-21,On Time
O0006777,Central Hub,11.53,2026-04-25,2026-04-25,On Time
O0006778,Central Hub,7.77,2026-04-24,2026-04-24,On Time
O0006779,East Hub,12.04,2026-04-24,2026-04-23,On Time
O0006780,West Hub,17.45,2026-04-25,2026-04-25,On Time
O0006781,Central Hub,11.63,2026-04-23,2026-04-22,On Time
O0006782,West Hub,10.34,2026-04-23,2026-04-23,On Time
O0006783,Central Hub,8.87,2026-04-22,2026-04-22,On Time
O0006784,West Hub,9.53,2026-04-25,2026-04-24,On Time
O0006785,East Hub,22.01,2026-04-26,2026-04-26,On Time
O0006786,West Hub,8.53,2026-04-23,2026-04-23,On Time
O0006787,Central Hub,18.04,2026-04-24,2026-04-24,On Time
O0006788,Central Hub,12.25,2026-04-26,2026-04-27,Late
O0006789,East Hub,13.73,2026-04-26,2026-04-26,On Time
O0006790,West Hub,11.12,2026-04-25,2026-04-25,On Time
O0006791,West Hub,16.0,2026-04-25,2026-04-24,On Time
O0006792,Central Hub,11.82,2026-04-23,2026-04-23,On Time
O0006793,Central Hub,8.13,2026-04-24,2026-04-23,On Time
O0006794,Central Hub,5.94,2026-04-25,2026-04-24,On Time
O0006795,West Hub,11.59,2026-04-24,2026-04-23,On Time
O0006796,West Hub,12.96,2026-04-24,2026-04-23,On Time
O0006797,East Hub,12.76,2026-04-26,2026-05-01,Late
O0006798,Central Hub,11.45,2026-04-24,2026-04-23,On Time
O0006799,East Hub,6.51,2026-04-24,2026-04-23,On Time
O0006800,East Hub,6.99,2026-04-25,2026-04-25,On Time
O0006801,East Hub,16.79,2026-04-23,2026-04-23,On Time
O0006802,Central Hub,13.88,2026-04-24,2026-04-24,On Time
O0006803,East Hub,7.25,2026-04-26,2026-04-26,On Time
O0006804,West Hub,12.26,2026-04-26,2026-04-26,On Time
O0006805,West Hub,16.84,2026-04-25,2026-04-24,On Time
O0006806,Central Hub,7.28,2026-04-24,2026-04-29,Late
O0006807,Central Hub,9.57,2026-04-25,2026-04-24,On Time
O0006808,West Hub,9.55,2026-04-26,2026-04-26,On Time
O0006809,West Hub,9.33,2026-04-24,2026-04-23,On Time
O0006810,West Hub,6.27,2026-04-23,2026-04-22,On Time
O0006811,West Hub,15.99,2026-04-24,2026-04-24,On Time
O0006812,Central Hub,16.69,2026-04-24,2026-04-23,On Time
O0006813,West Hub,7.48,2026-04-23,2026-04-23,On Time
O0006814,East Hub,10.7,2026-04-25,2026-04-24,On Time
O0006815,Central Hub,8.58,2026-04-24,2026-04-23,On Time
O0006816,Central Hub,10.06,2026-04-26,2026-04-30,Late
O0006817,East Hub,12.27,2026-04-24,2026-04-24,On Time
O0006818,Central Hub,11.92,2026-04-24,2026-04-23,On Time
O0006819,Central Hub,11.37,2026-04-25,2026-04-24,On Time
O0006820,Central Hub,19.97,2026-04-26,2026-04-26,On Time
O0006821,West Hub,10.09,2026-04-25,2026-04-25,On Time
O0006822,Central Hub,9.53,2026-04-23,2026-04-27,Late
O0006823,West Hub,10.37,2026-04-25,2026-04-29,Late
O0006824,Central Hub,12.67,2026-04-24,2026-04-23,On Time
O0006825,Central Hub,8.82,2026-04-23,2026-04-23,On Time
O0006826,Central Hub,26.33,2026-04-25,2026-04-24,On Time
O0006827,West Hub,10.45,2026-04-24,2026-04-24,On Time
O0006828,Central Hub,17.01,2026-04-26,2026-04-26,On Time
O0006829,Central Hub,9.46,2026-04-25,2026-04-25,On Time
O0006830,West Hub,15.6,2026-04-26,2026-04-25,On Time
O0006831,Central Hub,15.62,2026-04-26,2026-04-25,On Time
O0006832,Central Hub,7.63,2026-04-26,2026-04-25,On Time
O0006833,Central Hub,7.7,2026-04-26,2026-04-26,On Time
O0006834,West Hub,9.34,2026-04-25,2026-04-25,On Time
O0006835,Central Hub,6.92,2026-04-25,2026-04-24,On Time
O0006836,Central Hub,7.55,2026-04-23,2026-04-23,On Time
O0006837,West Hub,15.02,2026-04-26,2026-04-25,On Time
O0006838,East Hub,15.3,2026-04-24,2026-04-24,On Time
O0006839,Central Hub,14.26,2026-04-26,2026-04-30,Late
O0006840,Central Hub,8.33,2026-04-26,2026-04-25,On Time
O0006841,Central Hub,11.24,2026-04-23,2026-04-22,On Time
O0006842,Central Hub,6.92,2026-04-25,2026-04-24,On Time
O0006843,East Hub,15.83,2026-04-25,2026-04-24,On Time
O0006844,West Hub,11.53,2026-04-23,2026-04-22,On Time
O0006845,West Hub,11.53,2026-04-23,2026-04-22,On Time
O0006846,West Hub,16.2,2026-04-25,2026-04-24,On Time
O0006847,Central Hub,6.89,2026-04-26,2026-04-25,On Time
O0006848,Central Hub,13.16,2026-04-26,2026-04-25,On Time
O0006849,West Hub,21.05,2026-04-25,2026-04-29,Late
O0006850,West Hub,13.24,2026-04-24,2026-04-23,On Time
O0006851,Central Hub,7.58,2026-04-25,2026-04-24,On Time
O0006852,East Hub,10.79,2026-04-25,2026-04-24,On Time
O0006853,Central Hub,15.98,2026-04-24,2026-04-24,On Time
O0006854,West Hub,9.28,2026-04-26,2026-04-28,Late
O0006855,Central Hub,7.16,2026-04-23,2026-04-23,On Time
O0006856,Central Hub,12.5,2026-04-23,2026-04-23,On Time
O0006857,East Hub,13.35,2026-04-24,2026-04-23,On Time
O0006858,Central Hub,15.23,2026-04-25,2026-04-30,Late
O0006859,West Hub,11.83,2026-04-25,2026-04-25,On Time
O0006860,West Hub,8.49,2026-04-24,2026-04-24,On Time
O0006861,East Hub,19.24,2026-04-25,2026-04-25,On Time
O0006862,East Hub,11.21,2026-04-23,2026-04-22,On Time
O0006863,West Hub,8.87,2026-04-26,2026-04-26,On Time
O0006864,East Hub,19.68,2026-04-24,2026-04-24,On Time
O0006865,West Hub,9.99,2026-04-24,2026-04-28,Late
O0006866,Central Hub,9.08,2026-04-27,2026-04-27,On Time
O0006867,East Hub,11.86,2026-04-26,2026-04-25,On Time
O0006868,Central Hub,7.87,2026-04-26,2026-04-26,On Time
O0006869,East Hub,13.87,2026-04-27,2026-04-27,On Time
O0006870,West Hub,16.18,2026-04-25,2026-04-25,On Time
O0006871,West Hub,12.6,2026-04-25,2026-04-24,On Time
O0006872,Central Hub,11.04,2026-04-24,2026-04-23,On Time
O0006873,West Hub,13.79,2026-04-25,2026-04-28,Late
O0006874,West Hub,10.26,2026-04-26,2026-04-26,On Time
O0006875,West Hub,10.94,2026-04-25,2026-04-24,On Time
O0006876,East Hub,9.77,2026-04-26,2026-04-26,On Time
O0006877,Central Hub,6.33,2026-04-25,2026-04-25,On Time
O0006878,East Hub,10.38,2026-04-25,2026-04-25,On Time
O0006879,West Hub,13.92,2026-04-24,2026-04-24,On Time
O0006880,East Hub,9.25,2026-04-24,2026-04-23,On Time
O0006881,Central Hub,14.85,2026-04-26,2026-04-25,On Time
O0006882,Central Hub,11.8,2026-04-26,2026-04-25,On Time
O0006883,Central Hub,11.92,2026-04-27,2026-04-27,On Time
O0006884,Central Hub,7.95,2026-04-27,2026-04-26,On Time
O0006885,West Hub,13.28,2026-04-25,2026-04-25,On Time
O0006886,East Hub,8.98,2026-04-27,2026-04-27,On Time
O0006887,Central Hub,7.39,2026-04-25,2026-04-25,On Time
O0006888,West Hub,14.7,2026-04-27,2026-04-26,On Time
O0006889,East Hub,9.99,2026-04-26,2026-04-25,On Time
O0006890,Central Hub,13.03,2026-04-27,2026-04-26,On Time
O0006891,West Hub,10.78,2026-04-25,2026-04-25,On Time
O0006892,East Hub,11.41,2026-04-27,2026-04-27,On Time
O0006893,West Hub,10.23,2026-04-26,2026-04-25,On Time
O0006894,West Hub,14.85,2026-04-26,2026-04-25,On Time
O0006895,Central Hub,10.33,2026-04-27,2026-04-27,On Time
O0006896,Central Hub,20.12,2026-04-27,2026-04-27,On Time
O0006897,Central Hub,7.72,2026-04-24,2026-04-23,On Time
O0006898,West Hub,22.33,2026-04-25,2026-04-25,On Time
O0006899,East Hub,13.13,2026-04-27,2026-04-27,On Time
O0006900,Central Hub,10.48,2026-04-27,2026-04-26,On Time
O0006901,West Hub,10.83,2026-04-25,2026-04-24,On Time
O0006902,West Hub,9.06,2026-04-25,2026-04-24,On Time
O0006903,West Hub,12.47,2026-04-26,2026-04-25,On Time
O0006904,East Hub,9.18,2026-04-24,2026-04-24,On Time
O0006905,Central Hub,8.29,2026-04-25,2026-04-25,On Time
O0006906,West Hub,15.11,2026-04-25,2026-04-24,On Time
O0006907,East Hub,16.79,2026-04-24,2026-04-23,On Time
O0006908,East Hub,8.16,2026-04-27,2026-04-26,On Time
O0006909,West Hub,14.66,2026-04-26,2026-04-29,Late
O0006910,West Hub,17.1,2026-04-25,2026-04-24,On Time
O0006911,West Hub,10.08,2026-04-27,2026-04-26,On Time
O0006912,Central Hub,6.81,2026-04-27,2026-04-26,On Time
O0006913,Central Hub,10.34,2026-04-25,2026-04-29,Late
O0006914,East Hub,7.56,2026-04-27,2026-04-26,On Time
O0006915,Central Hub,8.38,2026-04-24,2026-04-23,On Time
O0006916,Central Hub,13.26,2026-04-25,2026-04-25,On Time
O0006917,East Hub,7.03,2026-04-27,2026-04-27,On Time
O0006918,West Hub,11.35,2026-04-26,2026-04-25,On Time
O0006919,Central Hub,11.54,2026-04-26,2026-04-26,On Time
O0006920,Central Hub,10.32,2026-04-27,2026-04-27,On Time
O0006921,West Hub,8.75,2026-04-25,2026-04-24,On Time
O0006922,West Hub,9.36,2026-04-25,2026-04-24,On Time
O0006923,East Hub,12.15,2026-04-27,2026-04-27,On Time
O0006924,West Hub,9.36,2026-04-25,2026-04-25,On Time
O0006925,Central Hub,12.66,2026-04-24,2026-04-23,On Time
O0006926,Central Hub,8.23,2026-04-25,2026-04-24,On Time
O0006927,Central Hub,9.34,2026-04-24,2026-04-23,On Time
O0006928,Central Hub,6.77,2026-04-26,2026-04-25,On Time
O0006929,East Hub,13.63,2026-04-27,2026-04-27,On Time
O0006930,East Hub,13.9,2026-04-26,2026-04-25,On Time
O0006931,Central Hub,9.08,2026-04-25,2026-04-25,On Time
O0006932,East Hub,9.93,2026-04-27,2026-04-26,On Time
O0006933,Central Hub,13.63,2026-04-25,2026-04-24,On Time
O0006934,East Hub,7.79,2026-04-28,2026-04-29,Late
O0006935,West Hub,14.47,2026-04-28,2026-04-28,On Time
O0006936,West Hub,10.92,2026-04-26,2026-04-25,On Time
O0006937,East Hub,11.62,2026-04-27,2026-04-26,On Time
O0006938,Central Hub,8.91,2026-04-26,2026-04-25,On Time
O0006939,Central Hub,9.84,2026-04-28,2026-04-27,On Time
O0006940,Central Hub,14.6,2026-04-26,2026-04-26,On Time
O0006941,West Hub,9.24,2026-04-26,2026-04-26,On Time
O0006942,East Hub,12.31,2026-04-27,2026-04-26,On Time
O0006943,West Hub,14.71,2026-04-27,2026-04-27,On Time
O0006944,East Hub,10.17,2026-04-25,2026-04-25,On Time
O0006945,West Hub,20.55,2026-04-26,2026-04-25,On Time
O0006946,East Hub,7.67,2026-04-26,2026-04-26,On Time
O0006947,East Hub,14.93,2026-04-27,2026-04-27,On Time
O0006948,West Hub,10.54,2026-04-28,2026-05-02,Late
O0006949,West Hub,16.27,2026-04-25,2026-04-25,On Time
O0006950,Central Hub,8.42,2026-04-26,2026-04-26,On Time
O0006951,Central Hub,17.75,2026-04-27,2026-04-27,On Time
O0006952,East Hub,9.83,2026-04-25,2026-04-25,On Time
O0006953,West Hub,13.06,2026-04-27,2026-04-26,On Time
O0006954,West Hub,11.44,2026-04-26,2026-04-26,On Time
O0006955,Central Hub,8.29,2026-04-27,2026-04-26,On Time
O0006956,West Hub,11.4,2026-04-26,2026-04-26,On Time
O0006957,West Hub,12.37,2026-04-27,2026-04-27,On Time
O0006958,East Hub,15.18,2026-04-25,2026-04-24,On Time
O0006959,Central Hub,15.31,2026-04-28,2026-04-27,On Time
O0006960,West Hub,19.44,2026-04-27,2026-04-27,On Time
O0006961,West Hub,11.79,2026-04-27,2026-04-27,On Time
O0006962,West Hub,9.5,2026-04-27,2026-04-27,On Time
O0006963,East Hub,8.86,2026-04-26,2026-04-26,On Time
O0006964,West Hub,9.48,2026-04-28,2026-04-27,On Time
O0006965,West Hub,11.4,2026-04-25,2026-04-25,On Time
O0006966,East Hub,12.18,2026-04-27,2026-04-28,Late
O0006967,West Hub,12.1,2026-04-28,2026-04-27,On Time
O0006968,Central Hub,12.75,2026-04-28,2026-04-28,On Time
O0006969,Central Hub,12.37,2026-04-26,2026-04-26,On Time
O0006970,West Hub,16.91,2026-04-25,2026-04-25,On Time
O0006971,East Hub,12.23,2026-04-26,2026-04-25,On Time
O0006972,East Hub,15.81,2026-04-26,2026-04-26,On Time
O0006973,East Hub,12.26,2026-04-28,2026-04-29,Late
O0006974,Central Hub,7.87,2026-04-25,2026-04-24,On Time
O0006975,East Hub,14.86,2026-04-27,2026-04-27,On Time
O0006976,Central Hub,12.13,2026-04-28,2026-04-29,Late
O0006977,East Hub,16.0,2026-04-27,2026-04-26,On Time
O0006978,Central Hub,11.33,2026-04-28,2026-04-27,On Time
O0006979,East Hub,11.7,2026-04-28,2026-04-28,On Time
O0006980,West Hub,11.93,2026-04-27,2026-04-26,On Time
O0006981,West Hub,9.14,2026-04-25,2026-04-24,On Time
O0006982,West Hub,16.53,2026-04-26,2026-04-25,On Time
O0006983,East Hub,11.41,2026-04-25,2026-04-24,On Time
O0006984,East Hub,8.06,2026-04-27,2026-04-26,On Time
O0006985,West Hub,8.87,2026-04-27,2026-04-26,On Time
O0006986,Central Hub,10.89,2026-04-28,2026-04-28,On Time
O0006987,West Hub,17.16,2026-04-25,2026-04-24,On Time
O0006988,East Hub,10.58,2026-04-26,2026-04-25,On Time
O0006989,East Hub,6.59,2026-04-26,2026-04-26,On Time
O0006990,East Hub,13.37,2026-04-28,2026-04-28,On Time
O0006991,East Hub,18.28,2026-04-28,2026-04-27,On Time
O0006992,Central Hub,13.19,2026-04-28,2026-04-27,On Time
O0006993,Central Hub,8.92,2026-04-25,2026-04-26,Late
O0006994,Central Hub,9.33,2026-04-26,2026-04-26,On Time
O0006995,West Hub,9.31,2026-04-27,2026-04-30,Late
O0006996,Central Hub,14.88,2026-04-26,2026-04-25,On Time
O0006997,West Hub,8.75,2026-04-26,2026-04-29,Late
O0006998,Central Hub,10.67,2026-04-28,2026-04-27,On Time
O0006999,Central Hub,7.84,2026-04-28,2026-05-01,Late
O0007000,East Hub,8.98,2026-04-27,2026-04-27,On Time
O0007001,Central Hub,20.02,2026-04-26,2026-04-25,On Time
O0007002,West Hub,14.66,2026-04-27,2026-04-27,On Time
O0007003,Central Hub,21.73,2026-04-28,2026-04-27,On Time
O0007004,Central Hub,12.53,2026-04-29,2026-04-28,On Time
O0007005,Central Hub,16.85,2026-04-27,2026-04-26,On Time
O0007006,Central Hub,11.89,2026-04-26,2026-04-26,On Time
O0007007,East Hub,12.23,2026-04-28,2026-04-28,On Time
O0007008,West Hub,9.77,2026-04-28,2026-04-27,On Time
O0007009,East Hub,21.26,2026-04-27,2026-04-26,On Time
O0007010,East Hub,6.04,2026-04-28,2026-04-28,On Time
O0007011,West Hub,11.23,2026-04-28,2026-04-28,On Time
O0007012,West Hub,7.84,2026-04-28,2026-05-01,Late
O0007013,West Hub,8.72,2026-04-28,2026-04-27,On Time
O0007014,East Hub,12.35,2026-04-26,2026-04-25,On Time
O0007015,Central Hub,11.89,2026-04-29,2026-04-28,On Time
O0007016,Central Hub,9.44,2026-04-28,2026-04-28,On Time
O0007017,Central Hub,8.3,2026-04-27,2026-04-27,On Time
O0007018,Central Hub,13.22,2026-04-26,2026-04-26,On Time
O0007019,West Hub,13.85,2026-04-29,2026-04-30,Late
O0007020,Central Hub,9.24,2026-04-27,2026-04-26,On Time
O0007021,West Hub,10.36,2026-04-28,2026-04-28,On Time
O0007022,Central Hub,10.56,2026-04-27,2026-04-27,On Time
O0007023,West Hub,15.74,2026-04-28,2026-04-28,On Time
O0007024,West Hub,9.56,2026-04-29,2026-04-29,On Time
O0007025,West Hub,17.21,2026-04-26,2026-04-25,On Time
O0007026,Central Hub,10.48,2026-04-27,2026-04-27,On Time
O0007027,Central Hub,9.06,2026-04-26,2026-04-25,On Time
O0007028,West Hub,8.69,2026-04-27,2026-04-27,On Time
O0007029,East Hub,17.5,2026-04-28,2026-05-01,Late
O0007030,Central Hub,16.38,2026-04-29,2026-04-28,On Time
O0007031,Central Hub,14.9,2026-04-28,2026-04-28,On Time
O0007032,Central Hub,6.5,2026-04-29,2026-04-28,On Time
O0007033,Central Hub,7.86,2026-04-27,2026-04-27,On Time
O0007034,West Hub,14.25,2026-04-26,2026-04-25,On Time
O0007035,Central Hub,15.52,2026-04-26,2026-04-29,Late
O0007036,West Hub,10.18,2026-04-27,2026-04-26,On Time
O0007037,Central Hub,10.4,2026-04-27,2026-04-29,Late
O0007038,Central Hub,12.54,2026-04-29,2026-04-28,On Time
O0007039,West Hub,11.74,2026-04-27,2026-04-27,On Time
O0007040,East Hub,17.83,2026-04-26,2026-04-25,On Time
O0007041,Central Hub,10.34,2026-04-27,2026-04-26,On Time
O0007042,Central Hub,8.27,2026-04-29,2026-05-04,Late
O0007043,East Hub,10.04,2026-04-29,2026-04-29,On Time
O0007044,East Hub,6.91,2026-04-28,2026-04-30,Late
O0007045,Central Hub,11.98,2026-04-26,2026-04-25,On Time
O0007046,Central Hub,9.5,2026-04-29,2026-04-29,On Time
O0007047,Central Hub,8.17,2026-04-27,2026-04-26,On Time
O0007048,Central Hub,18.36,2026-04-27,2026-04-26,On Time
O0007049,Central Hub,7.65,2026-04-27,2026-04-26,On Time
O0007050,West Hub,12.95,2026-04-26,2026-04-27,Late
O0007051,East Hub,8.99,2026-04-26,2026-04-27,Late
O0007052,West Hub,16.1,2026-04-28,2026-04-28,On Time
O0007053,West Hub,15.96,2026-04-27,2026-04-26,On Time
O0007054,West Hub,11.69,2026-04-28,2026-04-28,On Time
O0007055,East Hub,12.4,2026-04-29,2026-04-29,On Time
O0007056,Central Hub,19.03,2026-04-27,2026-04-27,On Time
O0007057,Central Hub,14.49,2026-04-27,2026-04-26,On Time
O0007058,Central Hub,15.07,2026-04-27,2026-04-26,On Time
O0007059,East Hub,10.91,2026-04-28,2026-04-30,Late
O0007060,Central Hub,9.0,2026-04-26,2026-04-26,On Time
O0007061,East Hub,11.62,2026-04-26,2026-04-27,Late
O0007062,Central Hub,10.1,2026-04-29,2026-04-28,On Time
O0007063,West Hub,13.43,2026-04-28,2026-04-28,On Time
O0007064,Central Hub,8.94,2026-04-29,2026-04-29,On Time
O0007065,East Hub,19.08,2026-04-26,2026-04-26,On Time
O0007066,East Hub,7.88,2026-04-27,2026-04-26,On Time
O0007067,East Hub,13.35,2026-04-27,2026-04-27,On Time
O0007068,Central Hub,9.91,2026-04-28,2026-05-03,Late
O0007069,Central Hub,7.03,2026-04-27,2026-04-30,Late
O0007070,East Hub,9.29,2026-04-28,2026-04-28,On Time
O0007071,East Hub,8.7,2026-04-26,2026-04-26,On Time
O0007072,Central Hub,10.99,2026-04-30,2026-04-30,On Time
O0007073,East Hub,8.82,2026-04-27,2026-04-26,On Time
O0007074,Central Hub,14.92,2026-04-27,2026-04-26,On Time
O0007075,East Hub,8.43,2026-04-27,2026-04-27,On Time
O0007076,Central Hub,7.9,2026-04-30,2026-04-30,On Time
O0007077,East Hub,10.25,2026-04-27,2026-04-26,On Time
O0007078,West Hub,10.24,2026-04-27,2026-04-26,On Time
O0007079,Central Hub,15.14,2026-04-28,2026-04-28,On Time
O0007080,Central Hub,15.31,2026-04-29,2026-04-29,On Time
O0007081,East Hub,8.99,2026-04-30,2026-04-30,On Time
O0007082,West Hub,9.07,2026-04-27,2026-04-26,On Time
O0007083,East Hub,7.61,2026-04-28,2026-04-28,On Time
O0007084,Central Hub,8.5,2026-04-29,2026-04-29,On Time
O0007085,Central Hub,7.5,2026-04-30,2026-05-01,Late
O0007086,West Hub,13.98,2026-04-27,2026-04-26,On Time
O0007087,West Hub,8.54,2026-04-29,2026-04-28,On Time
O0007088,West Hub,15.11,2026-04-29,2026-05-02,Late
O0007089,Central Hub,8.22,2026-04-29,2026-04-28,On Time
O0007090,West Hub,13.85,2026-04-28,2026-04-27,On Time
O0007091,West Hub,9.77,2026-04-29,2026-04-28,On Time
O0007092,West Hub,23.32,2026-04-28,2026-04-27,On Time
O0007093,West Hub,11.46,2026-04-29,2026-04-29,On Time
O0007094,Central Hub,9.1,2026-04-28,2026-04-27,On Time
O0007095,West Hub,12.67,2026-04-30,2026-04-30,On Time
O0007096,East Hub,15.46,2026-04-28,2026-04-27,On Time
O0007097,East Hub,14.06,2026-04-27,2026-04-27,On Time
O0007098,Central Hub,14.18,2026-04-30,2026-05-03,Late
O0007099,West Hub,10.11,2026-04-29,2026-04-28,On Time
O0007100,East Hub,11.1,2026-04-29,2026-04-28,On Time
O0007101,Central Hub,11.69,2026-04-30,2026-04-29,On Time
O0007102,West Hub,20.49,2026-04-28,2026-04-27,On Time
O0007103,East Hub,10.48,2026-04-27,2026-04-27,On Time
O0007104,Central Hub,12.69,2026-04-27,2026-04-27,On Time
O0007105,West Hub,8.71,2026-04-28,2026-04-27,On Time
O0007106,Central Hub,16.44,2026-04-30,2026-04-29,On Time
O0007107,East Hub,10.15,2026-04-29,2026-04-28,On Time
O0007108,West Hub,7.5,2026-04-29,2026-04-28,On Time
O0007109,Central Hub,13.64,2026-04-30,2026-04-30,On Time
O0007110,East Hub,10.43,2026-04-28,2026-04-28,On Time
O0007111,East Hub,13.18,2026-04-28,2026-04-27,On Time
O0007112,East Hub,18.5,2026-04-27,2026-04-27,On Time
O0007113,West Hub,15.7,2026-04-27,2026-04-26,On Time
O0007114,East Hub,7.48,2026-04-27,2026-04-26,On Time
O0007115,Central Hub,8.52,2026-04-27,2026-04-27,On Time
O0007116,East Hub,9.58,2026-04-27,2026-04-27,On Time
O0007117,Central Hub,15.83,2026-04-27,2026-04-26,On Time
O0007118,West Hub,10.73,2026-04-27,2026-04-27,On Time
O0007119,Central Hub,8.09,2026-04-30,2026-05-02,Late
O0007120,West Hub,13.14,2026-04-29,2026-04-28,On Time
O0007121,East Hub,17.53,2026-04-27,2026-04-27,On Time
O0007122,Central Hub,13.55,2026-04-30,2026-04-29,On Time
O0007123,East Hub,10.39,2026-05-01,2026-05-01,On Time
O0007124,Central Hub,12.67,2026-04-28,2026-04-28,On Time
O0007125,Central Hub,7.6,2026-04-28,2026-04-27,On Time
O0007126,East Hub,10.79,2026-04-28,2026-04-28,On Time
O0007127,Central Hub,8.54,2026-04-30,2026-04-29,On Time
O0007128,West Hub,14.35,2026-04-28,2026-04-28,On Time
O0007129,East Hub,9.9,2026-04-28,2026-04-28,On Time
O0007130,West Hub,12.69,2026-04-29,2026-04-29,On Time
O0007131,West Hub,9.78,2026-04-28,2026-04-30,Late
O0007132,East Hub,6.83,2026-04-28,2026-04-27,On Time
O0007133,West Hub,14.52,2026-04-28,2026-04-28,On Time
O0007134,West Hub,8.51,2026-04-30,2026-04-30,On Time
O0007135,East Hub,8.03,2026-04-29,2026-04-29,On Time
O0007136,Central Hub,13.14,2026-04-29,2026-04-28,On Time
O0007137,West Hub,7.72,2026-05-01,2026-05-05,Late
O0007138,Central Hub,11.24,2026-04-28,2026-04-28,On Time
O0007139,East Hub,14.44,2026-05-01,2026-05-01,On Time
O0007140,West Hub,12.87,2026-04-30,2026-04-29,On Time
O0007141,West Hub,11.28,2026-04-28,2026-04-28,On Time
O0007142,West Hub,13.24,2026-04-30,2026-04-29,On Time
O0007143,Central Hub,9.06,2026-04-28,2026-04-27,On Time
O0007144,East Hub,7.93,2026-04-28,2026-04-28,On Time
O0007145,West Hub,17.14,2026-04-28,2026-04-28,On Time
O0007146,West Hub,10.32,2026-04-29,2026-04-29,On Time
O0007147,West Hub,9.55,2026-05-01,2026-05-02,Late
O0007148,Central Hub,10.65,2026-04-30,2026-04-30,On Time
O0007149,Central Hub,11.36,2026-04-28,2026-04-27,On Time
O0007150,East Hub,7.83,2026-04-30,2026-04-30,On Time
O0007151,West Hub,10.09,2026-04-29,2026-04-28,On Time
O0007152,East Hub,15.91,2026-04-29,2026-04-29,On Time
O0007153,Central Hub,16.4,2026-04-28,2026-04-30,Late
O0007154,West Hub,16.58,2026-04-30,2026-04-30,On Time
O0007155,West Hub,10.51,2026-05-01,2026-05-01,On Time
O0007156,East Hub,13.17,2026-04-30,2026-04-30,On Time
O0007157,Central Hub,6.95,2026-04-30,2026-04-29,On Time
O0007158,East Hub,13.77,2026-04-28,2026-04-27,On Time
O0007159,East Hub,8.35,2026-04-30,2026-04-29,On Time
O0007160,Central Hub,6.68,2026-04-28,2026-04-28,On Time
O0007161,Central Hub,8.91,2026-04-29,2026-04-28,On Time
O0007162,West Hub,9.96,2026-05-01,2026-04-30,On Time
O0007163,Central Hub,8.61,2026-04-30,2026-04-29,On Time
O0007164,East Hub,8.72,2026-04-30,2026-05-04,Late
O0007165,East Hub,9.41,2026-04-28,2026-04-27,On Time
O0007166,West Hub,9.78,2026-04-29,2026-04-28,On Time
O0007167,West Hub,13.34,2026-04-29,2026-04-29,On Time
O0007168,East Hub,12.04,2026-04-29,2026-04-28,On Time
O0007169,West Hub,8.83,2026-04-30,2026-04-30,On Time
O0007170,West Hub,7.03,2026-04-30,2026-05-01,Late
O0007171,West Hub,10.59,2026-04-28,2026-05-03,Late
O0007172,East Hub,15.97,2026-04-28,2026-04-28,On Time
O0007173,East Hub,9.26,2026-05-01,2026-04-30,On Time
O0007174,Central Hub,10.54,2026-04-29,2026-05-03,Late
O0007175,East Hub,10.47,2026-04-28,2026-04-28,On Time
O0007176,East Hub,10.95,2026-04-28,2026-04-27,On Time
O0007177,Central Hub,7.88,2026-04-29,2026-04-28,On Time
O0007178,East Hub,11.98,2026-04-28,2026-04-27,On Time
O0007179,Central Hub,12.61,2026-04-30,2026-04-30,On Time
O0007180,East Hub,18.25,2026-05-01,2026-04-30,On Time
O0007181,East Hub,10.3,2026-04-29,2026-05-02,Late
O0007182,East Hub,34.01,2026-04-30,2026-04-29,On Time
O0007183,East Hub,10.84,2026-04-30,2026-04-30,On Time
O0007184,West Hub,11.9,2026-04-28,2026-04-28,On Time
O0007185,West Hub,11.38,2026-04-28,2026-04-28,On Time
O0007186,West Hub,11.41,2026-05-01,2026-04-30,On Time
O0007187,West Hub,9.03,2026-04-29,2026-04-29,On Time
O0007188,Central Hub,11.11,2026-04-29,2026-04-29,On Time
O0007189,West Hub,13.07,2026-04-30,2026-04-30,On Time
O0007190,West Hub,11.7,2026-04-29,2026-04-29,On Time
O0007191,East Hub,11.92,2026-04-30,2026-04-30,On Time
O0007192,West Hub,12.36,2026-04-30,2026-04-30,On Time
O0007193,Central Hub,6.58,2026-04-29,2026-04-28,On Time
O0007194,East Hub,10.15,2026-04-29,2026-04-28,On Time
O0007195,West Hub,10.22,2026-04-29,2026-04-29,On Time
O0007196,West Hub,14.49,2026-04-29,2026-04-29,On Time
O0007197,West Hub,8.79,2026-04-29,2026-04-29,On Time
O0007198,Central Hub,12.65,2026-04-29,2026-04-28,On Time
O0007199,West Hub,15.49,2026-04-30,2026-04-30,On Time
O0007200,West Hub,7.15,2026-04-29,2026-04-29,On Time
O0007201,West Hub,13.01,2026-04-29,2026-04-29,On Time
O0007202,East Hub,8.32,2026-05-01,2026-05-01,On Time
O0007203,West Hub,17.56,2026-05-01,2026-05-01,On Time
O0007204,West Hub,10.73,2026-05-01,2026-05-06,Late
O0007205,West Hub,10.57,2026-04-30,2026-04-30,On Time
O0007206,East Hub,13.49,2026-04-30,2026-04-30,On Time
O0007207,Central Hub,11.66,2026-04-29,2026-04-29,On Time
O0007208,West Hub,9.39,2026-04-30,2026-04-29,On Time
O0007209,East Hub,14.81,2026-04-29,2026-04-28,On Time
O0007210,East Hub,18.2,2026-05-01,2026-05-01,On Time
O0007211,East Hub,6.94,2026-05-01,2026-04-30,On Time
O0007212,Central Hub,9.06,2026-04-29,2026-04-29,On Time
O0007213,East Hub,9.04,2026-05-02,2026-05-01,On Time
O0007214,Central Hub,9.4,2026-04-30,2026-04-30,On Time
O0007215,Central Hub,8.45,2026-05-01,2026-04-30,On Time
O0007216,West Hub,15.44,2026-04-29,2026-04-29,On Time
O0007217,Central Hub,8.0,2026-05-02,2026-05-02,On Time
O0007218,Central Hub,7.62,2026-05-02,2026-05-01,On Time
O0007219,West Hub,14.9,2026-04-30,2026-04-30,On Time
O0007220,East Hub,8.79,2026-05-02,2026-05-01,On Time
O0007221,East Hub,18.45,2026-04-30,2026-04-30,On Time
O0007222,Central Hub,7.9,2026-04-29,2026-04-29,On Time
O0007223,Central Hub,8.62,2026-04-30,2026-04-29,On Time
O0007224,Central Hub,12.13,2026-05-01,2026-05-01,On Time
O0007225,Central Hub,20.32,2026-05-01,2026-04-30,On Time
O0007226,West Hub,11.03,2026-05-02,2026-05-01,On Time
O0007227,Central Hub,10.45,2026-05-01,2026-04-30,On Time
O0007228,Central Hub,13.39,2026-04-30,2026-04-29,On Time
O0007229,Central Hub,12.87,2026-04-29,2026-04-29,On Time
O0007230,Central Hub,10.23,2026-05-01,2026-04-30,On Time
O0007231,East Hub,11.11,2026-04-29,2026-04-29,On Time
O0007232,East Hub,9.09,2026-05-01,2026-05-01,On Time
O0007233,West Hub,7.63,2026-05-02,2026-05-01,On Time
O0007234,East Hub,9.11,2026-04-29,2026-04-28,On Time
O0007235,West Hub,13.25,2026-04-30,2026-04-30,On Time
O0007236,West Hub,10.58,2026-04-29,2026-04-28,On Time
O0007237,West Hub,18.23,2026-05-01,2026-05-01,On Time
O0007238,West Hub,16.57,2026-05-01,2026-04-30,On Time
O0007239,East Hub,11.51,2026-04-29,2026-05-01,Late
O0007240,West Hub,13.49,2026-04-30,2026-04-29,On Time
O0007241,West Hub,11.67,2026-04-29,2026-04-29,On Time
O0007242,East Hub,17.24,2026-05-02,2026-05-02,On Time
O0007243,West Hub,9.29,2026-04-30,2026-04-29,On Time
O0007244,Central Hub,8.02,2026-05-02,2026-05-01,On Time
O0007245,Central Hub,12.35,2026-05-01,2026-04-30,On Time
O0007246,East Hub,10.81,2026-05-02,2026-05-02,On Time
O0007247,West Hub,9.72,2026-04-29,2026-04-28,On Time
O0007248,East Hub,12.52,2026-04-30,2026-04-30,On Time
O0007249,West Hub,11.88,2026-05-02,2026-05-02,On Time
O0007250,East Hub,12.16,2026-04-30,2026-04-29,On Time
O0007251,East Hub,9.15,2026-05-01,2026-04-30,On Time
O0007252,West Hub,14.1,2026-05-02,2026-05-01,On Time
O0007253,West Hub,10.19,2026-04-30,2026-04-29,On Time
O0007254,East Hub,15.22,2026-05-02,2026-05-01,On Time
O0007255,East Hub,15.15,2026-05-01,2026-05-01,On Time
O0007256,Central Hub,9.28,2026-05-02,2026-05-01,On Time
O0007257,Central Hub,11.0,2026-05-01,2026-05-01,On Time
O0007258,East Hub,11.53,2026-05-03,2026-05-03,On Time
O0007259,West Hub,9.7,2026-04-30,2026-04-29,On Time
O0007260,Central Hub,10.51,2026-05-01,2026-05-01,On Time
O0007261,West Hub,12.44,2026-05-02,2026-05-01,On Time
O0007262,Central Hub,11.32,2026-05-01,2026-05-01,On Time
O0007263,West Hub,10.45,2026-05-02,2026-05-01,On Time
O0007264,West Hub,20.29,2026-05-01,2026-05-01,On Time
O0007265,West Hub,14.71,2026-05-01,2026-04-30,On Time
O0007266,Central Hub,7.51,2026-05-03,2026-05-02,On Time
O0007267,East Hub,7.2,2026-05-03,2026-05-03,On Time
O0007268,East Hub,6.8,2026-05-01,2026-05-03,Late
O0007269,West Hub,10.38,2026-05-03,2026-05-03,On Time
O0007270,West Hub,17.13,2026-04-30,2026-04-29,On Time
O0007271,Central Hub,8.59,2026-05-02,2026-05-01,On Time
O0007272,West Hub,15.6,2026-05-01,2026-05-02,Late
O0007273,East Hub,11.3,2026-04-30,2026-05-04,Late
O0007274,West Hub,17.37,2026-05-02,2026-05-02,On Time
O0007275,East Hub,13.47,2026-05-01,2026-04-30,On Time
O0007276,Central Hub,10.13,2026-04-30,2026-04-29,On Time
O0007277,East Hub,7.39,2026-05-02,2026-05-01,On Time
O0007278,East Hub,8.26,2026-05-02,2026-05-02,On Time
O0007279,West Hub,12.83,2026-05-02,2026-05-01,On Time
O0007280,East Hub,10.12,2026-04-30,2026-04-29,On Time
O0007281,West Hub,18.33,2026-05-03,2026-05-03,On Time
O0007282,West Hub,14.2,2026-05-02,2026-05-01,On Time
O0007283,West Hub,17.1,2026-05-02,2026-05-01,On Time
O0007284,West Hub,20.13,2026-05-02,2026-05-02,On Time
O0007285,East Hub,8.95,2026-05-01,2026-05-01,On Time
O0007286,West Hub,9.54,2026-05-01,2026-05-01,On Time
O0007287,East Hub,9.82,2026-04-30,2026-04-30,On Time
O0007288,West Hub,13.24,2026-05-02,2026-05-02,On Time
O0007289,West Hub,8.9,2026-05-02,2026-05-02,On Time
O0007290,East Hub,9.22,2026-05-02,2026-05-02,On Time
O0007291,West Hub,8.65,2026-05-01,2026-04-30,On Time
O0007292,Central Hub,8.88,2026-05-03,2026-05-03,On Time
O0007293,Central Hub,10.84,2026-05-02,2026-05-01,On Time
O0007294,East Hub,14.17,2026-05-02,2026-05-01,On Time
O0007295,East Hub,12.67,2026-05-02,2026-05-02,On Time
O0007296,Central Hub,7.42,2026-05-01,2026-05-01,On Time
O0007297,Central Hub,11.35,2026-05-03,2026-05-03,On Time
O0007298,Central Hub,6.42,2026-04-30,2026-04-29,On Time
O0007299,West Hub,14.68,2026-05-01,2026-04-30,On Time
O0007300,West Hub,16.64,2026-04-30,2026-05-02,Late
O0007301,West Hub,7.53,2026-05-03,2026-05-03,On Time
O0007302,Central Hub,7.75,2026-04-30,2026-04-29,On Time
O0007303,West Hub,15.52,2026-05-01,2026-05-01,On Time
O0007304,Central Hub,9.12,2026-05-02,2026-05-02,On Time
O0007305,West Hub,17.13,2026-04-30,2026-04-30,On Time
O0007306,West Hub,12.37,2026-05-03,2026-05-03,On Time
O0007307,West Hub,15.85,2026-05-01,2026-05-01,On Time
O0007308,West Hub,12.71,2026-04-30,2026-04-29,On Time
O0007309,East Hub,10.68,2026-05-01,2026-04-30,On Time
O0007310,Central Hub,8.14,2026-05-01,2026-04-30,On Time
O0007311,West Hub,12.09,2026-05-01,2026-05-05,Late
O0007312,West Hub,17.58,2026-05-03,2026-05-03,On Time
O0007313,East Hub,7.86,2026-04-30,2026-04-30,On Time
O0007314,East Hub,13.03,2026-04-30,2026-05-04,Late
O0007315,West Hub,7.39,2026-04-30,2026-04-29,On Time
O0007316,Central Hub,10.83,2026-05-03,2026-05-02,On Time
O0007317,West Hub,11.87,2026-05-03,2026-05-02,On Time
O0007318,Central Hub,8.66,2026-05-03,2026-05-04,Late
O0007319,East Hub,11.19,2026-05-03,2026-05-07,Late
O0007320,East Hub,11.36,2026-05-01,2026-04-30,On Time
O0007321,West Hub,14.96,2026-05-02,2026-05-01,On Time
O0007322,Central Hub,7.92,2026-04-30,2026-04-30,On Time
O0007323,West Hub,10.78,2026-05-01,2026-04-30,On Time
O0007324,East Hub,12.31,2026-05-02,2026-05-01,On Time
O0007325,West Hub,15.39,2026-05-03,2026-05-05,Late
O0007326,West Hub,10.13,2026-04-30,2026-05-04,Late
O0007327,West Hub,13.97,2026-05-02,2026-05-02,On Time
O0007328,West Hub,12.02,2026-05-01,2026-05-01,On Time
O0007329,West Hub,18.49,2026-05-04,2026-05-04,On Time
O0007330,East Hub,27.07,2026-05-02,2026-05-01,On Time
O0007331,East Hub,15.4,2026-05-03,2026-05-03,On Time
O0007332,Central Hub,11.41,2026-05-02,2026-05-02,On Time
O0007333,West Hub,9.63,2026-05-04,2026-05-03,On Time
O0007334,Central Hub,13.61,2026-05-03,2026-05-02,On Time
O0007335,East Hub,13.37,2026-05-03,2026-05-03,On Time
O0007336,East Hub,11.03,2026-05-03,2026-05-03,On Time
O0007337,West Hub,9.62,2026-05-04,2026-05-04,On Time
O0007338,West Hub,14.46,2026-05-04,2026-05-03,On Time
O0007339,Central Hub,13.27,2026-05-01,2026-05-03,Late
O0007340,Central Hub,8.25,2026-05-02,2026-05-01,On Time
O0007341,East Hub,9.5,2026-05-01,2026-04-30,On Time
O0007342,West Hub,9.0,2026-05-01,2026-05-01,On Time
O0007343,West Hub,9.97,2026-05-04,2026-05-09,Late
O0007344,West Hub,12.55,2026-05-04,2026-05-03,On Time
O0007345,East Hub,9.16,2026-05-03,2026-05-08,Late
O0007346,East Hub,9.81,2026-05-02,2026-05-01,On Time
O0007347,Central Hub,11.48,2026-05-02,2026-05-01,On Time
O0007348,Central Hub,14.63,2026-05-03,2026-05-02,On Time
O0007349,East Hub,9.43,2026-05-03,2026-05-03,On Time
O0007350,Central Hub,10.47,2026-05-01,2026-04-30,On Time
O0007351,East Hub,11.05,2026-05-02,2026-05-02,On Time
O0007352,West Hub,17.78,2026-05-02,2026-05-02,On Time
O0007353,Central Hub,8.8,2026-05-02,2026-05-02,On Time
O0007354,West Hub,11.29,2026-05-03,2026-05-03,On Time
O0007355,East Hub,6.69,2026-05-04,2026-05-04,On Time
O0007356,West Hub,14.13,2026-05-02,2026-05-01,On Time
O0007357,West Hub,13.41,2026-05-04,2026-05-04,On Time
O0007358,Central Hub,10.6,2026-05-03,2026-05-03,On Time
O0007359,West Hub,13.99,2026-05-01,2026-04-30,On Time
O0007360,Central Hub,11.21,2026-05-04,2026-05-04,On Time
O0007361,Central Hub,12.18,2026-05-04,2026-05-03,On Time
O0007362,East Hub,10.31,2026-05-03,2026-05-03,On Time
O0007363,East Hub,14.87,2026-05-04,2026-05-04,On Time
O0007364,Central Hub,8.65,2026-05-01,2026-04-30,On Time
O0007365,West Hub,8.93,2026-05-03,2026-05-03,On Time
O0007366,East Hub,8.61,2026-05-03,2026-05-03,On Time
O0007367,East Hub,14.27,2026-05-01,2026-05-01,On Time
O0007368,Central Hub,12.85,2026-05-02,2026-05-01,On Time
O0007369,Central Hub,12.79,2026-05-01,2026-04-30,On Time
O0007370,East Hub,14.95,2026-05-03,2026-05-03,On Time
O0007371,West Hub,14.62,2026-05-04,2026-05-03,On Time
O0007372,East Hub,8.98,2026-05-01,2026-04-30,On Time
O0007373,West Hub,11.49,2026-05-04,2026-05-03,On Time
O0007374,West Hub,11.06,2026-05-04,2026-05-03,On Time
O0007375,West Hub,17.93,2026-05-04,2026-05-03,On Time
O0007376,East Hub,15.15,2026-05-04,2026-05-04,On Time
O0007377,Central Hub,7.53,2026-05-03,2026-05-02,On Time
O0007378,Central Hub,9.54,2026-05-02,2026-05-01,On Time
O0007379,West Hub,14.98,2026-05-03,2026-05-02,On Time
O0007380,West Hub,8.45,2026-05-04,2026-05-03,On Time
O0007381,West Hub,16.46,2026-05-01,2026-04-30,On Time
O0007382,West Hub,11.25,2026-05-04,2026-05-04,On Time
O0007383,East Hub,7.47,2026-05-02,2026-05-02,On Time
O0007384,Central Hub,9.19,2026-05-01,2026-05-01,On Time
O0007385,West Hub,11.08,2026-05-03,2026-05-03,On Time
O0007386,Central Hub,14.41,2026-05-03,2026-05-02,On Time
O0007387,West Hub,13.35,2026-05-03,2026-05-03,On Time
O0007388,West Hub,10.76,2026-05-02,2026-05-01,On Time
O0007389,Central Hub,8.77,2026-05-01,2026-04-30,On Time
O0007390,West Hub,8.82,2026-05-03,2026-05-07,Late
O0007391,Central Hub,11.75,2026-05-01,2026-05-01,On Time
O0007392,West Hub,18.03,2026-05-01,2026-05-01,On Time
O0007393,Central Hub,12.23,2026-05-03,2026-05-07,Late
O0007394,Central Hub,7.21,2026-05-01,2026-04-30,On Time
O0007395,West Hub,12.82,2026-05-01,2026-04-30,On Time
O0007396,East Hub,12.43,2026-05-04,2026-05-03,On Time
O0007397,East Hub,12.23,2026-05-02,2026-05-01,On Time
O0007398,West Hub,12.96,2026-05-02,2026-05-02,On Time
O0007399,East Hub,7.71,2026-05-02,2026-05-02,On Time
O0007400,West Hub,11.22,2026-05-01,2026-04-30,On Time
O0007401,Central Hub,7.62,2026-05-02,2026-05-01,On Time
O0007402,East Hub,7.22,2026-05-03,2026-05-02,On Time
O0007403,Central Hub,23.44,2026-05-03,2026-05-02,On Time
O0007404,East Hub,21.12,2026-05-02,2026-05-02,On Time
O0007405,Central Hub,11.03,2026-05-02,2026-05-01,On Time
O0007406,East Hub,13.33,2026-05-03,2026-05-02,On Time
O0007407,West Hub,10.09,2026-05-03,2026-05-02,On Time
O0007408,West Hub,10.21,2026-05-02,2026-05-02,On Time
O0007409,Central Hub,10.21,2026-05-04,2026-05-03,On Time
O0007410,East Hub,9.53,2026-05-05,2026-05-05,On Time
O0007411,Central Hub,10.01,2026-05-04,2026-05-06,Late
O0007412,West Hub,9.26,2026-05-05,2026-05-04,On Time
O0007413,West Hub,16.83,2026-05-05,2026-05-05,On Time
O0007414,Central Hub,15.18,2026-05-02,2026-05-02,On Time
O0007415,Central Hub,13.1,2026-05-03,2026-05-02,On Time
O0007416,East Hub,8.55,2026-05-03,2026-05-08,Late
O0007417,East Hub,11.59,2026-05-02,2026-05-02,On Time
O0007418,West Hub,15.94,2026-05-04,2026-05-04,On Time
O0007419,East Hub,7.03,2026-05-05,2026-05-05,On Time
O0007420,East Hub,10.51,2026-05-03,2026-05-02,On Time
O0007421,Central Hub,7.37,2026-05-04,2026-05-03,On Time
O0007422,West Hub,11.96,2026-05-04,2026-05-03,On Time
O0007423,West Hub,16.0,2026-05-02,2026-05-01,On Time
O0007424,East Hub,6.53,2026-05-04,2026-05-04,On Time
O0007425,East Hub,7.46,2026-05-05,2026-05-04,On Time
O0007426,East Hub,7.6,2026-05-02,2026-05-01,On Time
O0007427,East Hub,12.76,2026-05-02,2026-05-01,On Time
O0007428,West Hub,9.76,2026-05-02,2026-05-01,On Time
O0007429,East Hub,10.35,2026-05-05,2026-05-04,On Time
O0007430,Central Hub,10.19,2026-05-02,2026-05-01,On Time
O0007431,Central Hub,12.06,2026-05-05,2026-05-05,On Time
O0007432,East Hub,15.57,2026-05-05,2026-05-04,On Time
O0007433,West Hub,12.86,2026-05-03,2026-05-02,On Time
O0007434,East Hub,10.1,2026-05-02,2026-05-02,On Time
O0007435,West Hub,19.04,2026-05-02,2026-05-01,On Time
O0007436,West Hub,14.76,2026-05-03,2026-05-02,On Time
O0007437,Central Hub,9.63,2026-05-04,2026-05-03,On Time
O0007438,Central Hub,16.49,2026-05-04,2026-05-04,On Time
O0007439,West Hub,11.05,2026-05-02,2026-05-01,On Time
O0007440,East Hub,7.99,2026-05-05,2026-05-04,On Time
O0007441,Central Hub,7.94,2026-05-02,2026-05-02,On Time
O0007442,East Hub,8.74,2026-05-02,2026-05-01,On Time
O0007443,Central Hub,6.91,2026-05-02,2026-05-02,On Time
O0007444,West Hub,17.55,2026-05-04,2026-05-07,Late
O0007445,East Hub,10.04,2026-05-05,2026-05-05,On Time
O0007446,West Hub,7.29,2026-05-02,2026-05-01,On Time
O0007447,Central Hub,11.38,2026-05-04,2026-05-03,On Time
O0007448,West Hub,12.63,2026-05-02,2026-05-03,Late
O0007449,West Hub,10.7,2026-05-02,2026-05-02,On Time
O0007450,Central Hub,6.67,2026-05-02,2026-05-01,On Time
O0007451,West Hub,9.25,2026-05-02,2026-05-02,On Time
O0007452,West Hub,14.56,2026-05-05,2026-05-04,On Time
O0007453,Central Hub,9.98,2026-05-03,2026-05-06,Late
O0007454,Central Hub,8.56,2026-05-03,2026-05-02,On Time
O0007455,Central Hub,10.86,2026-05-05,2026-05-04,On Time
O0007456,East Hub,12.5,2026-05-04,2026-05-03,On Time
O0007457,Central Hub,10.17,2026-05-04,2026-05-03,On Time
O0007458,East Hub,8.2,2026-05-03,2026-05-02,On Time
O0007459,Central Hub,10.78,2026-05-04,2026-05-03,On Time
O0007460,Central Hub,7.51,2026-05-02,2026-05-02,On Time
O0007461,West Hub,9.52,2026-05-02,2026-05-01,On Time
O0007462,East Hub,13.09,2026-05-05,2026-05-04,On Time
O0007463,West Hub,8.41,2026-05-04,2026-05-03,On Time
O0007464,East Hub,6.4,2026-05-02,2026-05-01,On Time
O0007465,West Hub,12.84,2026-05-03,2026-05-02,On Time
O0007466,Central Hub,11.93,2026-05-02,2026-05-02,On Time
O0007467,West Hub,13.33,2026-05-05,2026-05-04,On Time
O0007468,West Hub,8.96,2026-05-05,2026-05-04,On Time
O0007469,East Hub,9.56,2026-05-05,2026-05-04,On Time
O0007470,Central Hub,7.54,2026-05-05,2026-05-05,On Time
O0007471,East Hub,13.95,2026-05-04,2026-05-04,On Time
O0007472,West Hub,18.31,2026-05-04,2026-05-03,On Time
O0007473,Central Hub,7.91,2026-05-05,2026-05-05,On Time
O0007474,East Hub,8.02,2026-05-04,2026-05-07,Late
O0007475,Central Hub,7.51,2026-05-06,2026-05-06,On Time
O0007476,East Hub,7.09,2026-05-03,2026-05-03,On Time
O0007477,West Hub,12.37,2026-05-03,2026-05-02,On Time
O0007478,East Hub,10.08,2026-05-05,2026-05-04,On Time
O0007479,West Hub,11.75,2026-05-04,2026-05-04,On Time
O0007480,East Hub,10.02,2026-05-03,2026-05-03,On Time
O0007481,East Hub,12.85,2026-05-03,2026-05-03,On Time
O0007482,West Hub,7.95,2026-05-04,2026-05-03,On Time
O0007483,Central Hub,11.3,2026-05-05,2026-05-05,On Time
O0007484,West Hub,8.27,2026-05-03,2026-05-02,On Time
O0007485,West Hub,8.87,2026-05-05,2026-05-05,On Time
O0007486,East Hub,10.94,2026-05-05,2026-05-04,On Time
O0007487,East Hub,15.4,2026-05-06,2026-05-05,On Time
O0007488,Central Hub,13.61,2026-05-04,2026-05-03,On Time
O0007489,Central Hub,7.33,2026-05-04,2026-05-03,On Time
O0007490,Central Hub,11.88,2026-05-05,2026-05-05,On Time
O0007491,Central Hub,11.49,2026-05-06,2026-05-06,On Time
O0007492,Central Hub,8.47,2026-05-04,2026-05-04,On Time
O0007493,East Hub,9.81,2026-05-04,2026-05-04,On Time
O0007494,East Hub,9.56,2026-05-03,2026-05-02,On Time
O0007495,West Hub,9.94,2026-05-04,2026-05-03,On Time
O0007496,Central Hub,9.95,2026-05-04,2026-05-06,Late
O0007497,East Hub,7.56,2026-05-03,2026-05-03,On Time
O0007498,Central Hub,15.41,2026-05-06,2026-05-06,On Time
O0007499,East Hub,8.61,2026-05-03,2026-05-03,On Time
O0007500,East Hub,12.15,2026-05-04,2026-05-04,On Time
O0007501,West Hub,11.33,2026-05-05,2026-05-05,On Time
O0007502,West Hub,17.51,2026-05-06,2026-05-05,On Time
O0007503,East Hub,9.39,2026-05-06,2026-05-06,On Time
O0007504,East Hub,12.31,2026-05-04,2026-05-03,On Time
O0007505,Central Hub,10.99,2026-05-05,2026-05-05,On Time
O0007506,East Hub,12.42,2026-05-06,2026-05-05,On Time
O0007507,Central Hub,7.99,2026-05-03,2026-05-02,On Time
O0007508,East Hub,8.12,2026-05-04,2026-05-03,On Time
O0007509,Central Hub,8.81,2026-05-03,2026-05-03,On Time
O0007510,East Hub,5.64,2026-05-03,2026-05-03,On Time
O0007511,Central Hub,15.2,2026-05-06,2026-05-05,On Time
O0007512,Central Hub,8.84,2026-05-04,2026-05-04,On Time
O0007513,West Hub,8.94,2026-05-06,2026-05-05,On Time
O0007514,Central Hub,12.34,2026-05-06,2026-05-05,On Time
O0007515,East Hub,8.57,2026-05-05,2026-05-05,On Time
O0007516,West Hub,9.01,2026-05-06,2026-05-05,On Time
O0007517,Central Hub,11.47,2026-05-04,2026-05-03,On Time
O0007518,West Hub,10.94,2026-05-04,2026-05-04,On Time
O0007519,West Hub,8.24,2026-05-04,2026-05-04,On Time
O0007520,West Hub,12.82,2026-05-03,2026-05-02,On Time
O0007521,West Hub,9.82,2026-05-03,2026-05-02,On Time
O0007522,East Hub,9.17,2026-05-03,2026-05-03,On Time
O0007523,West Hub,10.78,2026-05-03,2026-05-02,On Time
O0007524,Central Hub,16.56,2026-05-03,2026-05-03,On Time
O0007525,West Hub,18.01,2026-05-05,2026-05-04,On Time
O0007526,Central Hub,14.41,2026-05-06,2026-05-05,On Time
O0007527,East Hub,11.89,2026-05-04,2026-05-03,On Time
O0007528,Central Hub,7.5,2026-05-03,2026-05-03,On Time
O0007529,Central Hub,9.73,2026-05-04,2026-05-04,On Time
O0007530,East Hub,13.57,2026-05-03,2026-05-03,On Time
O0007531,West Hub,11.77,2026-05-04,2026-05-03,On Time
O0007532,East Hub,7.4,2026-05-03,2026-05-02,On Time
O0007533,West Hub,19.73,2026-05-03,2026-05-03,On Time
O0007534,East Hub,14.37,2026-05-03,2026-05-02,On Time
O0007535,Central Hub,15.1,2026-05-06,2026-05-05,On Time
O0007536,West Hub,8.62,2026-05-04,2026-05-04,On Time
O0007537,Central Hub,14.69,2026-05-06,2026-05-06,On Time
O0007538,Central Hub,9.82,2026-05-04,2026-05-03,On Time
O0007539,Central Hub,13.13,2026-05-07,2026-05-07,On Time
O0007540,East Hub,11.63,2026-05-07,2026-05-07,On Time
O0007541,East Hub,6.83,2026-05-07,2026-05-06,On Time
O0007542,East Hub,12.28,2026-05-07,2026-05-07,On Time
O0007543,West Hub,13.26,2026-05-05,2026-05-04,On Time
O0007544,West Hub,13.35,2026-05-06,2026-05-06,On Time
O0007545,East Hub,10.25,2026-05-07,2026-05-06,On Time
O0007546,West Hub,12.24,2026-05-04,2026-05-04,On Time
O0007547,West Hub,16.34,2026-05-05,2026-05-04,On Time
O0007548,West Hub,7.26,2026-05-04,2026-05-03,On Time
O0007549,Central Hub,10.7,2026-05-05,2026-05-04,On Time
O0007550,Central Hub,7.27,2026-05-04,2026-05-03,On Time
O0007551,West Hub,9.63,2026-05-07,2026-05-07,On Time
O0007552,East Hub,14.02,2026-05-04,2026-05-04,On Time
O0007553,West Hub,19.83,2026-05-06,2026-05-06,On Time
O0007554,East Hub,9.91,2026-05-05,2026-05-05,On Time
O0007555,East Hub,10.14,2026-05-05,2026-05-04,On Time
O0007556,Central Hub,12.38,2026-05-07,2026-05-06,On Time
O0007557,West Hub,8.91,2026-05-04,2026-05-05,Late
O0007558,East Hub,12.26,2026-05-07,2026-05-07,On Time
O0007559,Central Hub,9.45,2026-05-04,2026-05-03,On Time
O0007560,East Hub,8.35,2026-05-05,2026-05-04,On Time
O0007561,West Hub,11.1,2026-05-06,2026-05-05,On Time
O0007562,East Hub,14.78,2026-05-07,2026-05-07,On Time
O0007563,West Hub,10.25,2026-05-05,2026-05-05,On Time
O0007564,Central Hub,7.36,2026-05-06,2026-05-05,On Time
O0007565,East Hub,7.93,2026-05-06,2026-05-06,On Time
O0007566,West Hub,11.93,2026-05-04,2026-05-03,On Time
O0007567,East Hub,13.14,2026-05-07,2026-05-12,Late
O0007568,Central Hub,11.16,2026-05-05,2026-05-05,On Time
O0007569,West Hub,17.14,2026-05-06,2026-05-06,On Time
O0007570,West Hub,15.31,2026-05-05,2026-05-05,On Time
O0007571,Central Hub,9.96,2026-05-06,2026-05-05,On Time
O0007572,East Hub,10.97,2026-05-04,2026-05-03,On Time
O0007573,Central Hub,12.44,2026-05-07,2026-05-06,On Time
O0007574,West Hub,13.61,2026-05-05,2026-05-05,On Time
O0007575,East Hub,9.7,2026-05-04,2026-05-03,On Time
O0007576,Central Hub,9.68,2026-05-06,2026-05-05,On Time
O0007577,East Hub,6.88,2026-05-06,2026-05-06,On Time
O0007578,East Hub,12.95,2026-05-06,2026-05-05,On Time
O0007579,West Hub,9.62,2026-05-07,2026-05-06,On Time
O0007580,West Hub,13.15,2026-05-05,2026-05-05,On Time
O0007581,Central Hub,19.4,2026-05-06,2026-05-05,On Time
O0007582,Central Hub,13.52,2026-05-05,2026-05-05,On Time
O0007583,West Hub,11.6,2026-05-06,2026-05-05,On Time
O0007584,West Hub,9.34,2026-05-07,2026-05-11,Late
O0007585,Central Hub,9.18,2026-05-07,2026-05-07,On Time
O0007586,West Hub,12.16,2026-05-05,2026-05-04,On Time
O0007587,Central Hub,7.05,2026-05-05,2026-05-05,On Time
O0007588,Central Hub,15.29,2026-05-05,2026-05-05,On Time
O0007589,Central Hub,8.85,2026-05-04,2026-05-04,On Time
O0007590,Central Hub,17.07,2026-05-06,2026-05-06,On Time
O0007591,West Hub,9.79,2026-05-04,2026-05-03,On Time
O0007592,West Hub,9.23,2026-05-06,2026-05-06,On Time
O0007593,East Hub,6.98,2026-05-05,2026-05-04,On Time
O0007594,East Hub,11.66,2026-05-07,2026-05-06,On Time
O0007595,East Hub,10.64,2026-05-04,2026-05-04,On Time
O0007596,East Hub,15.0,2026-05-06,2026-05-05,On Time
O0007597,West Hub,11.81,2026-05-07,2026-05-06,On Time
O0007598,West Hub,14.53,2026-05-06,2026-05-05,On Time
O0007599,West Hub,23.14,2026-05-07,2026-05-07,On Time
O0007600,West Hub,10.78,2026-05-06,2026-05-06,On Time
O0007601,East Hub,8.48,2026-05-05,2026-05-04,On Time
O0007602,East Hub,11.37,2026-05-04,2026-05-04,On Time
O0007603,West Hub,15.15,2026-05-05,2026-05-04,On Time
O0007604,Central Hub,9.14,2026-05-04,2026-05-04,On Time
O0007605,East Hub,6.91,2026-05-04,2026-05-04,On Time
O0007606,East Hub,8.2,2026-05-07,2026-05-07,On Time
O0007607,East Hub,12.34,2026-05-05,2026-05-05,On Time
O0007608,East Hub,8.98,2026-05-04,2026-05-04,On Time
O0007609,East Hub,8.52,2026-05-05,2026-05-07,Late
O0007610,West Hub,12.51,2026-05-07,2026-05-07,On Time
O0007611,West Hub,9.49,2026-05-06,2026-05-05,On Time
O0007612,Central Hub,7.35,2026-05-05,2026-05-04,On Time
O0007613,East Hub,5.49,2026-05-07,2026-05-07,On Time
O0007614,Central Hub,10.56,2026-05-05,2026-05-04,On Time
O0007615,West Hub,12.2,2026-05-07,2026-05-08,Late
O0007616,Central Hub,7.6,2026-05-05,2026-05-05,On Time
O0007617,West Hub,13.81,2026-05-08,2026-05-08,On Time
O0007618,West Hub,12.73,2026-05-05,2026-05-05,On Time
O0007619,East Hub,12.43,2026-05-07,2026-05-06,On Time
O0007620,West Hub,9.72,2026-05-05,2026-05-04,On Time
O0007621,West Hub,8.74,2026-05-07,2026-05-06,On Time
O0007622,West Hub,8.62,2026-05-08,2026-05-08,On Time
O0007623,West Hub,10.64,2026-05-06,2026-05-09,Late
O0007624,West Hub,10.77,2026-05-07,2026-05-09,Late
O0007625,West Hub,7.76,2026-05-08,2026-05-08,On Time
O0007626,Central Hub,10.3,2026-05-05,2026-05-05,On Time
O0007627,West Hub,8.74,2026-05-05,2026-05-04,On Time
O0007628,East Hub,12.89,2026-05-08,2026-05-07,On Time
O0007629,East Hub,8.84,2026-05-08,2026-05-07,On Time
O0007630,Central Hub,10.27,2026-05-06,2026-05-06,On Time
O0007631,Central Hub,7.87,2026-05-06,2026-05-06,On Time
O0007632,East Hub,10.84,2026-05-07,2026-05-07,On Time
O0007633,Central Hub,7.7,2026-05-05,2026-05-05,On Time
O0007634,West Hub,15.16,2026-05-07,2026-05-12,Late
O0007635,East Hub,11.17,2026-05-05,2026-05-05,On Time
O0007636,East Hub,13.13,2026-05-06,2026-05-05,On Time
O0007637,West Hub,11.0,2026-05-07,2026-05-07,On Time
O0007638,West Hub,12.4,2026-05-05,2026-05-05,On Time
O0007639,East Hub,15.05,2026-05-05,2026-05-05,On Time
O0007640,West Hub,8.44,2026-05-06,2026-05-06,On Time
O0007641,West Hub,13.54,2026-05-07,2026-05-06,On Time
O0007642,East Hub,12.85,2026-05-05,2026-05-04,On Time
O0007643,West Hub,9.16,2026-05-08,2026-05-08,On Time
O0007644,Central Hub,7.99,2026-05-05,2026-05-10,Late
O0007645,West Hub,12.0,2026-05-08,2026-05-08,On Time
O0007646,Central Hub,11.09,2026-05-06,2026-05-05,On Time
O0007647,Central Hub,11.79,2026-05-06,2026-05-05,On Time
O0007648,West Hub,11.09,2026-05-05,2026-05-05,On Time
O0007649,West Hub,10.66,2026-05-08,2026-05-08,On Time
O0007650,West Hub,14.07,2026-05-07,2026-05-06,On Time
O0007651,West Hub,7.0,2026-05-07,2026-05-07,On Time
O0007652,Central Hub,9.1,2026-05-05,2026-05-04,On Time
O0007653,West Hub,8.29,2026-05-08,2026-05-08,On Time
O0007654,East Hub,8.98,2026-05-05,2026-05-05,On Time
O0007655,Central Hub,10.81,2026-05-05,2026-05-04,On Time
O0007656,Central Hub,10.88,2026-05-06,2026-05-05,On Time
O0007657,West Hub,10.75,2026-05-06,2026-05-05,On Time
O0007658,West Hub,10.69,2026-05-08,2026-05-08,On Time
O0007659,Central Hub,7.06,2026-05-07,2026-05-07,On Time
O0007660,Central Hub,7.79,2026-05-05,2026-05-05,On Time
O0007661,East Hub,8.02,2026-05-05,2026-05-04,On Time
O0007662,East Hub,7.54,2026-05-06,2026-05-08,Late
O0007663,Central Hub,10.45,2026-05-08,2026-05-08,On Time
O0007664,East Hub,7.61,2026-05-05,2026-05-04,On Time
O0007665,Central Hub,10.08,2026-05-06,2026-05-05,On Time
O0007666,Central Hub,9.64,2026-05-07,2026-05-07,On Time
O0007667,West Hub,13.06,2026-05-07,2026-05-09,Late
O0007668,East Hub,7.46,2026-05-06,2026-05-05,On Time
O0007669,Central Hub,7.3,2026-05-06,2026-05-06,On Time
O0007670,Central Hub,11.87,2026-05-08,2026-05-08,On Time
O0007671,West Hub,15.54,2026-05-05,2026-05-08,Late
O0007672,West Hub,9.54,2026-05-05,2026-05-05,On Time
O0007673,Central Hub,8.35,2026-05-05,2026-05-08,Late
O0007674,West Hub,16.85,2026-05-06,2026-05-06,On Time
O0007675,Central Hub,20.06,2026-05-07,2026-05-07,On Time
O0007676,West Hub,22.17,2026-05-05,2026-05-05,On Time
O0007677,West Hub,10.87,2026-05-07,2026-05-11,Late
O0007678,West Hub,14.32,2026-05-07,2026-05-06,On Time
O0007679,West Hub,9.11,2026-05-07,2026-05-06,On Time
O0007680,West Hub,12.74,2026-05-07,2026-05-06,On Time
O0007681,West Hub,9.16,2026-05-07,2026-05-07,On Time
O0007682,West Hub,11.83,2026-05-06,2026-05-05,On Time
O0007683,West Hub,11.16,2026-05-08,2026-05-08,On Time
O0007684,East Hub,12.33,2026-05-08,2026-05-07,On Time
O0007685,West Hub,13.12,2026-05-06,2026-05-06,On Time
O0007686,West Hub,6.84,2026-05-09,2026-05-10,Late
O0007687,Central Hub,9.34,2026-05-07,2026-05-06,On Time
O0007688,Central Hub,9.68,2026-05-09,2026-05-14,Late
O0007689,West Hub,10.25,2026-05-09,2026-05-09,On Time
O0007690,West Hub,12.27,2026-05-07,2026-05-07,On Time
O0007691,Central Hub,9.65,2026-05-08,2026-05-08,On Time
O0007692,Central Hub,12.34,2026-05-07,2026-05-06,On Time
O0007693,West Hub,7.95,2026-05-06,2026-05-06,On Time
O0007694,West Hub,17.51,2026-05-08,2026-05-08,On Time
O0007695,Central Hub,8.59,2026-05-08,2026-05-08,On Time
O0007696,Central Hub,13.81,2026-05-09,2026-05-09,On Time
O0007697,West Hub,14.99,2026-05-06,2026-05-06,On Time
O0007698,East Hub,10.77,2026-05-09,2026-05-08,On Time
O0007699,West Hub,10.71,2026-05-08,2026-05-07,On Time
O0007700,East Hub,11.87,2026-05-06,2026-05-05,On Time
O0007701,Central Hub,7.96,2026-05-09,2026-05-08,On Time
O0007702,West Hub,20.53,2026-05-07,2026-05-07,On Time
O0007703,Central Hub,8.54,2026-05-09,2026-05-08,On Time
O0007704,Central Hub,17.83,2026-05-09,2026-05-09,On Time
O0007705,Central Hub,12.77,2026-05-09,2026-05-09,On Time
O0007706,East Hub,10.89,2026-05-09,2026-05-08,On Time
O0007707,East Hub,18.65,2026-05-08,2026-05-08,On Time
O0007708,West Hub,10.78,2026-05-07,2026-05-07,On Time
O0007709,West Hub,17.04,2026-05-06,2026-05-05,On Time
O0007710,East Hub,9.08,2026-05-07,2026-05-07,On Time
O0007711,Central Hub,12.93,2026-05-06,2026-05-06,On Time
O0007712,West Hub,10.83,2026-05-07,2026-05-06,On Time
O0007713,East Hub,8.12,2026-05-06,2026-05-05,On Time
O0007714,Central Hub,8.28,2026-05-06,2026-05-05,On Time
O0007715,Central Hub,9.09,2026-05-06,2026-05-05,On Time
O0007716,East Hub,7.57,2026-05-08,2026-05-07,On Time
O0007717,Central Hub,8.28,2026-05-08,2026-05-08,On Time
O0007718,Central Hub,10.04,2026-05-07,2026-05-07,On Time
O0007719,East Hub,8.9,2026-05-07,2026-05-06,On Time
O0007720,East Hub,16.29,2026-05-07,2026-05-07,On Time
O0007721,West Hub,11.15,2026-05-06,2026-05-05,On Time
O0007722,Central Hub,11.49,2026-05-08,2026-05-08,On Time
O0007723,East Hub,13.41,2026-05-09,2026-05-09,On Time
O0007724,East Hub,9.77,2026-05-08,2026-05-08,On Time
O0007725,West Hub,7.92,2026-05-06,2026-05-09,Late
O0007726,Central Hub,8.18,2026-05-07,2026-05-06,On Time
O0007727,East Hub,11.64,2026-05-07,2026-05-07,On Time
O0007728,East Hub,25.7,2026-05-07,2026-05-06,On Time
O0007729,East Hub,8.58,2026-05-07,2026-05-06,On Time
O0007730,Central Hub,10.13,2026-05-09,2026-05-09,On Time
O0007731,East Hub,12.32,2026-05-06,2026-05-06,On Time
O0007732,Central Hub,8.68,2026-05-06,2026-05-06,On Time
O0007733,East Hub,8.33,2026-05-06,2026-05-06,On Time
O0007734,East Hub,8.54,2026-05-06,2026-05-05,On Time
O0007735,West Hub,15.79,2026-05-08,2026-05-07,On Time
O0007736,East Hub,10.7,2026-05-07,2026-05-06,On Time
O0007737,West Hub,12.66,2026-05-06,2026-05-05,On Time
O0007738,West Hub,9.8,2026-05-07,2026-05-06,On Time
O0007739,Central Hub,6.99,2026-05-07,2026-05-11,Late
O0007740,East Hub,14.13,2026-05-06,2026-05-08,Late
O0007741,West Hub,13.15,2026-05-07,2026-05-06,On Time
O0007742,East Hub,11.98,2026-05-07,2026-05-07,On Time
O0007743,West Hub,14.79,2026-05-06,2026-05-11,Late
O0007744,West Hub,12.77,2026-05-09,2026-05-09,On Time
O0007745,East Hub,7.04,2026-05-07,2026-05-06,On Time
O0007746,East Hub,11.21,2026-05-09,2026-05-09,On Time
O0007747,Central Hub,7.1,2026-05-07,2026-05-07,On Time
O0007748,Central Hub,9.13,2026-05-06,2026-05-06,On Time
O0007749,Central Hub,15.42,2026-05-07,2026-05-06,On Time
O0007750,West Hub,10.14,2026-05-06,2026-05-06,On Time
O0007751,West Hub,11.46,2026-05-07,2026-05-06,On Time
O0007752,East Hub,7.84,2026-05-07,2026-05-06,On Time
O0007753,Central Hub,7.37,2026-05-08,2026-05-07,On Time
O0007754,Central Hub,11.82,2026-05-06,2026-05-06,On Time
O0007755,East Hub,13.19,2026-05-08,2026-05-07,On Time
O0007756,West Hub,24.37,2026-05-06,2026-05-06,On Time
O0007757,Central Hub,6.89,2026-05-06,2026-05-05,On Time
O0007758,East Hub,15.27,2026-05-09,2026-05-08,On Time
O0007759,Central Hub,9.6,2026-05-08,2026-05-07,On Time
O0007760,Central Hub,8.5,2026-05-09,2026-05-09,On Time
O0007761,West Hub,9.7,2026-05-07,2026-05-06,On Time
O0007762,East Hub,9.92,2026-05-07,2026-05-07,On Time
O0007763,East Hub,14.77,2026-05-10,2026-05-10,On Time
O0007764,West Hub,14.81,2026-05-08,2026-05-08,On Time
O0007765,West Hub,11.22,2026-05-10,2026-05-10,On Time
O0007766,Central Hub,8.84,2026-05-10,2026-05-10,On Time
O0007767,West Hub,12.88,2026-05-09,2026-05-08,On Time
O0007768,East Hub,6.13,2026-05-07,2026-05-06,On Time
O0007769,West Hub,14.85,2026-05-09,2026-05-09,On Time
O0007770,West Hub,7.13,2026-05-08,2026-05-07,On Time
O0007771,East Hub,8.2,2026-05-09,2026-05-08,On Time
O0007772,Central Hub,12.39,2026-05-08,2026-05-08,On Time
O0007773,Central Hub,9.89,2026-05-07,2026-05-07,On Time
O0007774,Central Hub,11.5,2026-05-09,2026-05-09,On Time
O0007775,West Hub,14.72,2026-05-08,2026-05-07,On Time
O0007776,East Hub,13.04,2026-05-10,2026-05-13,Late
O0007777,East Hub,12.33,2026-05-10,2026-05-09,On Time
O0007778,East Hub,11.32,2026-05-08,2026-05-08,On Time
O0007779,East Hub,6.64,2026-05-10,2026-05-10,On Time
O0007780,Central Hub,11.16,2026-05-09,2026-05-08,On Time
O0007781,Central Hub,10.56,2026-05-10,2026-05-09,On Time
O0007782,West Hub,12.51,2026-05-08,2026-05-08,On Time
O0007783,West Hub,9.66,2026-05-10,2026-05-10,On Time
O0007784,East Hub,7.76,2026-05-08,2026-05-08,On Time
O0007785,Central Hub,6.91,2026-05-09,2026-05-08,On Time
O0007786,East Hub,12.42,2026-05-07,2026-05-07,On Time
O0007787,East Hub,7.79,2026-05-10,2026-05-10,On Time
O0007788,West Hub,15.96,2026-05-08,2026-05-07,On Time
O0007789,West Hub,11.75,2026-05-07,2026-05-07,On Time
O0007790,West Hub,7.22,2026-05-09,2026-05-09,On Time
O0007791,West Hub,8.42,2026-05-09,2026-05-08,On Time
O0007792,Central Hub,8.9,2026-05-09,2026-05-09,On Time
O0007793,East Hub,14.95,2026-05-07,2026-05-07,On Time
O0007794,West Hub,9.59,2026-05-07,2026-05-06,On Time
O0007795,Central Hub,10.38,2026-05-08,2026-05-08,On Time
O0007796,West Hub,13.99,2026-05-07,2026-05-07,On Time
O0007797,West Hub,10.07,2026-05-10,2026-05-10,On Time
O0007798,West Hub,13.97,2026-05-10,2026-05-09,On Time
O0007799,West Hub,11.59,2026-05-08,2026-05-08,On Time
O0007800,Central Hub,11.6,2026-05-09,2026-05-08,On Time
O0007801,West Hub,10.31,2026-05-09,2026-05-13,Late
O0007802,East Hub,12.25,2026-05-10,2026-05-10,On Time
O0007803,Central Hub,10.51,2026-05-09,2026-05-08,On Time
O0007804,East Hub,6.72,2026-05-08,2026-05-08,On Time
O0007805,West Hub,10.02,2026-05-07,2026-05-06,On Time
O0007806,Central Hub,12.22,2026-05-07,2026-05-06,On Time
O0007807,East Hub,15.39,2026-05-08,2026-05-07,On Time
O0007808,East Hub,13.77,2026-05-09,2026-05-09,On Time
O0007809,East Hub,9.46,2026-05-08,2026-05-08,On Time
O0007810,West Hub,11.84,2026-05-10,2026-05-09,On Time
O0007811,East Hub,12.99,2026-05-09,2026-05-08,On Time
O0007812,East Hub,8.07,2026-05-09,2026-05-08,On Time
O0007813,East Hub,10.0,2026-05-09,2026-05-08,On Time
O0007814,Central Hub,8.36,2026-05-10,2026-05-09,On Time
O0007815,Central Hub,7.7,2026-05-10,2026-05-10,On Time
O0007816,West Hub,14.34,2026-05-08,2026-05-08,On Time
O0007817,Central Hub,9.78,2026-05-08,2026-05-07,On Time
O0007818,East Hub,9.19,2026-05-10,2026-05-10,On Time
O0007819,Central Hub,7.31,2026-05-09,2026-05-08,On Time
O0007820,Central Hub,17.9,2026-05-07,2026-05-07,On Time
O0007821,Central Hub,8.68,2026-05-08,2026-05-07,On Time
O0007822,East Hub,10.59,2026-05-10,2026-05-10,On Time
O0007823,West Hub,9.31,2026-05-07,2026-05-07,On Time
O0007824,West Hub,15.23,2026-05-10,2026-05-10,On Time
O0007825,Central Hub,14.96,2026-05-10,2026-05-09,On Time
O0007826,Central Hub,9.03,2026-05-08,2026-05-07,On Time
O0007827,East Hub,11.02,2026-05-09,2026-05-08,On Time
O0007828,Central Hub,7.7,2026-05-07,2026-05-06,On Time
O0007829,West Hub,8.07,2026-05-07,2026-05-06,On Time
O0007830,Central Hub,14.64,2026-05-10,2026-05-09,On Time
O0007831,West Hub,12.56,2026-05-08,2026-05-07,On Time
O0007832,Central Hub,9.64,2026-05-09,2026-05-10,Late
O0007833,East Hub,10.99,2026-05-07,2026-05-06,On Time
O0007834,West Hub,12.94,2026-05-08,2026-05-08,On Time
O0007835,West Hub,13.37,2026-05-07,2026-05-07,On Time
O0007836,West Hub,6.12,2026-05-10,2026-05-14,Late
O0007837,West Hub,12.8,2026-05-08,2026-05-07,On Time
O0007838,East Hub,8.44,2026-05-08,2026-05-08,On Time
O0007839,East Hub,10.02,2026-05-09,2026-05-08,On Time
O0007840,East Hub,19.68,2026-05-07,2026-05-06,On Time
O0007841,West Hub,9.07,2026-05-09,2026-05-08,On Time
O0007842,East Hub,11.11,2026-05-09,2026-05-09,On Time
O0007843,East Hub,8.19,2026-05-09,2026-05-09,On Time
O0007844,East Hub,12.63,2026-05-10,2026-05-10,On Time
O0007845,West Hub,10.2,2026-05-10,2026-05-09,On Time
O0007846,East Hub,6.27,2026-05-09,2026-05-08,On Time
O0007847,East Hub,15.85,2026-05-08,2026-05-07,On Time
O0007848,East Hub,10.26,2026-05-11,2026-05-11,On Time
O0007849,East Hub,10.76,2026-05-10,2026-05-09,On Time
O0007850,East Hub,18.4,2026-05-10,2026-05-10,On Time
O0007851,East Hub,8.68,2026-05-10,2026-05-09,On Time
O0007852,East Hub,15.34,2026-05-11,2026-05-10,On Time
O0007853,East Hub,16.62,2026-05-08,2026-05-07,On Time
O0007854,East Hub,20.89,2026-05-08,2026-05-08,On Time
O0007855,Central Hub,8.31,2026-05-09,2026-05-08,On Time
O0007856,Central Hub,6.73,2026-05-10,2026-05-09,On Time
O0007857,East Hub,15.5,2026-05-09,2026-05-08,On Time
O0007858,West Hub,14.59,2026-05-11,2026-05-11,On Time
O0007859,West Hub,12.43,2026-05-08,2026-05-07,On Time
O0007860,West Hub,8.63,2026-05-10,2026-05-10,On Time
O0007861,East Hub,10.54,2026-05-10,2026-05-09,On Time
O0007862,East Hub,9.34,2026-05-11,2026-05-10,On Time
O0007863,East Hub,12.28,2026-05-08,2026-05-07,On Time
O0007864,Central Hub,8.16,2026-05-10,2026-05-10,On Time
O0007865,East Hub,7.33,2026-05-08,2026-05-07,On Time
O0007866,East Hub,9.47,2026-05-09,2026-05-09,On Time
O0007867,West Hub,10.39,2026-05-10,2026-05-09,On Time
O0007868,West Hub,16.05,2026-05-09,2026-05-08,On Time
O0007869,East Hub,8.06,2026-05-08,2026-05-08,On Time
O0007870,West Hub,17.79,2026-05-10,2026-05-10,On Time
O0007871,East Hub,9.03,2026-05-11,2026-05-11,On Time
O0007872,Central Hub,9.89,2026-05-08,2026-05-07,On Time
O0007873,East Hub,19.85,2026-05-10,2026-05-11,Late
O0007874,East Hub,12.71,2026-05-08,2026-05-07,On Time
O0007875,East Hub,9.67,2026-05-08,2026-05-08,On Time
O0007876,West Hub,16.53,2026-05-08,2026-05-07,On Time
O0007877,Central Hub,16.34,2026-05-10,2026-05-10,On Time
O0007878,East Hub,11.49,2026-05-10,2026-05-10,On Time
O0007879,West Hub,14.81,2026-05-08,2026-05-08,On Time
O0007880,West Hub,15.25,2026-05-11,2026-05-10,On Time
O0007881,Central Hub,8.6,2026-05-10,2026-05-15,Late
O0007882,East Hub,9.16,2026-05-09,2026-05-10,Late
O0007883,East Hub,9.04,2026-05-10,2026-05-09,On Time
O0007884,West Hub,17.47,2026-05-10,2026-05-09,On Time
O0007885,West Hub,10.69,2026-05-11,2026-05-11,On Time
O0007886,West Hub,9.63,2026-05-10,2026-05-09,On Time
O0007887,West Hub,15.47,2026-05-10,2026-05-09,On Time
O0007888,East Hub,13.86,2026-05-10,2026-05-10,On Time
O0007889,Central Hub,5.68,2026-05-09,2026-05-09,On Time
O0007890,East Hub,7.03,2026-05-09,2026-05-09,On Time
O0007891,East Hub,7.35,2026-05-10,2026-05-10,On Time
O0007892,East Hub,12.38,2026-05-08,2026-05-07,On Time
O0007893,East Hub,10.84,2026-05-11,2026-05-10,On Time
O0007894,East Hub,11.06,2026-05-08,2026-05-07,On Time
O0007895,West Hub,17.71,2026-05-11,2026-05-11,On Time
O0007896,Central Hub,12.59,2026-05-11,2026-05-11,On Time
O0007897,West Hub,12.68,2026-05-09,2026-05-08,On Time
O0007898,East Hub,12.24,2026-05-09,2026-05-09,On Time
O0007899,East Hub,14.27,2026-05-10,2026-05-09,On Time
O0007900,Central Hub,7.31,2026-05-10,2026-05-10,On Time
O0007901,West Hub,13.6,2026-05-09,2026-05-08,On Time
O0007902,West Hub,6.41,2026-05-08,2026-05-07,On Time
O0007903,East Hub,9.45,2026-05-11,2026-05-11,On Time
O0007904,Central Hub,12.71,2026-05-11,2026-05-10,On Time
O0007905,West Hub,9.06,2026-05-08,2026-05-12,Late
O0007906,East Hub,7.26,2026-05-10,2026-05-10,On Time
O0007907,West Hub,8.36,2026-05-11,2026-05-10,On Time
O0007908,Central Hub,11.54,2026-05-09,2026-05-09,On Time
O0007909,Central Hub,16.13,2026-05-11,2026-05-10,On Time
O0007910,East Hub,18.07,2026-05-11,2026-05-11,On Time
O0007911,West Hub,12.11,2026-05-11,2026-05-11,On Time
O0007912,West Hub,14.11,2026-05-09,2026-05-10,Late
O0007913,East Hub,9.77,2026-05-10,2026-05-09,On Time
O0007914,West Hub,12.36,2026-05-08,2026-05-08,On Time
O0007915,West Hub,18.56,2026-05-10,2026-05-10,On Time
O0007916,East Hub,5.45,2026-05-09,2026-05-09,On Time
O0007917,West Hub,16.44,2026-05-09,2026-05-09,On Time
O0007918,East Hub,7.81,2026-05-08,2026-05-07,On Time
O0007919,West Hub,12.11,2026-05-08,2026-05-07,On Time
O0007920,Central Hub,8.09,2026-05-08,2026-05-08,On Time
O0007921,East Hub,13.01,2026-05-10,2026-05-10,On Time
O0007922,West Hub,15.27,2026-05-11,2026-05-11,On Time
O0007923,Central Hub,12.2,2026-05-11,2026-05-14,Late
O0007924,West Hub,19.12,2026-05-10,2026-05-10,On Time
O0007925,Central Hub,8.2,2026-05-12,2026-05-11,On Time
O0007926,West Hub,8.48,2026-05-09,2026-05-08,On Time
O0007927,Central Hub,11.78,2026-05-09,2026-05-09,On Time
O0007928,East Hub,8.87,2026-05-12,2026-05-11,On Time
O0007929,East Hub,14.2,2026-05-12,2026-05-16,Late
O0007930,Central Hub,13.17,2026-05-11,2026-05-11,On Time
O0007931,West Hub,14.64,2026-05-11,2026-05-11,On Time
O0007932,West Hub,33.9,2026-05-11,2026-05-11,On Time
O0007933,West Hub,13.66,2026-05-09,2026-05-09,On Time
O0007934,East Hub,6.13,2026-05-12,2026-05-11,On Time
O0007935,East Hub,16.08,2026-05-12,2026-05-12,On Time
O0007936,Central Hub,15.28,2026-05-12,2026-05-12,On Time
O0007937,West Hub,8.29,2026-05-09,2026-05-08,On Time
O0007938,East Hub,7.4,2026-05-11,2026-05-10,On Time
O0007939,West Hub,10.49,2026-05-11,2026-05-10,On Time
O0007940,East Hub,8.22,2026-05-10,2026-05-10,On Time
O0007941,West Hub,21.06,2026-05-11,2026-05-16,Late
O0007942,East Hub,9.37,2026-05-11,2026-05-11,On Time
O0007943,West Hub,8.77,2026-05-10,2026-05-12,Late
O0007944,East Hub,7.55,2026-05-11,2026-05-10,On Time
O0007945,Central Hub,13.6,2026-05-09,2026-05-09,On Time
O0007946,Central Hub,9.11,2026-05-09,2026-05-08,On Time
O0007947,East Hub,24.84,2026-05-10,2026-05-10,On Time
O0007948,East Hub,6.25,2026-05-09,2026-05-08,On Time
O0007949,East Hub,8.71,2026-05-12,2026-05-12,On Time
O0007950,West Hub,13.95,2026-05-09,2026-05-08,On Time
O0007951,West Hub,11.84,2026-05-12,2026-05-12,On Time
O0007952,West Hub,15.3,2026-05-12,2026-05-12,On Time
O0007953,East Hub,6.78,2026-05-09,2026-05-10,Late
O0007954,West Hub,13.66,2026-05-10,2026-05-10,On Time
O0007955,West Hub,10.26,2026-05-11,2026-05-10,On Time
O0007956,Central Hub,7.38,2026-05-10,2026-05-10,On Time
O0007957,Central Hub,10.15,2026-05-12,2026-05-12,On Time
O0007958,East Hub,11.09,2026-05-10,2026-05-10,On Time
O0007959,West Hub,9.83,2026-05-10,2026-05-09,On Time
O0007960,West Hub,13.29,2026-05-11,2026-05-11,On Time
O0007961,East Hub,12.58,2026-05-12,2026-05-11,On Time
O0007962,Central Hub,8.34,2026-05-10,2026-05-09,On Time
O0007963,Central Hub,10.91,2026-05-10,2026-05-15,Late
O0007964,East Hub,6.12,2026-05-11,2026-05-11,On Time
O0007965,Central Hub,8.74,2026-05-11,2026-05-10,On Time
O0007966,Central Hub,11.04,2026-05-11,2026-05-16,Late
O0007967,East Hub,6.47,2026-05-10,2026-05-09,On Time
O0007968,West Hub,12.35,2026-05-12,2026-05-12,On Time
O0007969,West Hub,9.37,2026-05-12,2026-05-17,Late
O0007970,West Hub,7.8,2026-05-10,2026-05-10,On Time
O0007971,West Hub,19.88,2026-05-11,2026-05-11,On Time
O0007972,East Hub,6.25,2026-05-09,2026-05-08,On Time
O0007973,West Hub,14.96,2026-05-12,2026-05-11,On Time
O0007974,East Hub,14.94,2026-05-10,2026-05-09,On Time
O0007975,East Hub,8.51,2026-05-09,2026-05-08,On Time
O0007976,East Hub,9.87,2026-05-12,2026-05-11,On Time
O0007977,Central Hub,9.58,2026-05-11,2026-05-11,On Time
O0007978,East Hub,22.76,2026-05-12,2026-05-12,On Time
O0007979,Central Hub,8.75,2026-05-12,2026-05-12,On Time
O0007980,Central Hub,10.16,2026-05-09,2026-05-08,On Time
O0007981,West Hub,8.61,2026-05-12,2026-05-12,On Time
O0007982,Central Hub,10.46,2026-05-09,2026-05-08,On Time
O0007983,West Hub,15.3,2026-05-09,2026-05-09,On Time
O0007984,Central Hub,16.82,2026-05-10,2026-05-13,Late
O0007985,East Hub,13.75,2026-05-10,2026-05-09,On Time
O0007986,Central Hub,9.65,2026-05-10,2026-05-10,On Time
O0007987,West Hub,13.21,2026-05-10,2026-05-09,On Time
O0007988,East Hub,7.35,2026-05-10,2026-05-09,On Time
O0007989,Central Hub,6.87,2026-05-10,2026-05-09,On Time
O0007990,West Hub,14.65,2026-05-09,2026-05-13,Late
O0007991,West Hub,10.68,2026-05-09,2026-05-14,Late
O0007992,East Hub,10.91,2026-05-11,2026-05-11,On Time
O0007993,Central Hub,14.27,2026-05-12,2026-05-12,On Time
O0007994,West Hub,9.76,2026-05-12,2026-05-12,On Time
O0007995,Central Hub,8.74,2026-05-10,2026-05-09,On Time
O0007996,East Hub,10.83,2026-05-12,2026-05-12,On Time
O0007997,Central Hub,7.57,2026-05-11,2026-05-11,On Time
O0007998,Central Hub,10.17,2026-05-12,2026-05-13,Late
O0007999,East Hub,14.06,2026-05-11,2026-05-10,On Time
O0008000,Central Hub,12.92,2026-05-10,2026-05-11,Late
O0008001,West Hub,15.6,2026-05-10,2026-05-10,On Time
O0008002,West Hub,17.76,2026-05-10,2026-05-10,On Time
O0008003,East Hub,8.92,2026-05-11,2026-05-10,On Time
O0008004,West Hub,14.16,2026-05-13,2026-05-15,Late
O0008005,East Hub,10.46,2026-05-12,2026-05-12,On Time
O0008006,Central Hub,8.68,2026-05-13,2026-05-17,Late
O0008007,Central Hub,12.71,2026-05-11,2026-05-11,On Time
O0008008,Central Hub,13.02,2026-05-11,2026-05-11,On Time
O0008009,East Hub,9.37,2026-05-12,2026-05-11,On Time
O0008010,West Hub,18.64,2026-05-10,2026-05-10,On Time
O0008011,West Hub,11.18,2026-05-11,2026-05-11,On Time
O0008012,West Hub,8.4,2026-05-13,2026-05-12,On Time
O0008013,East Hub,7.41,2026-05-12,2026-05-12,On Time
O0008014,Central Hub,18.33,2026-05-11,2026-05-10,On Time
O0008015,East Hub,8.21,2026-05-13,2026-05-12,On Time
O0008016,Central Hub,7.92,2026-05-13,2026-05-13,On Time
O0008017,East Hub,12.36,2026-05-12,2026-05-12,On Time
O0008018,West Hub,11.44,2026-05-13,2026-05-13,On Time
O0008019,East Hub,7.72,2026-05-11,2026-05-10,On Time
O0008020,Central Hub,9.29,2026-05-13,2026-05-12,On Time
O0008021,Central Hub,8.21,2026-05-10,2026-05-10,On Time
O0008022,West Hub,10.9,2026-05-12,2026-05-11,On Time
O0008023,Central Hub,13.67,2026-05-11,2026-05-10,On Time
O0008024,East Hub,15.93,2026-05-10,2026-05-10,On Time
O0008025,West Hub,17.54,2026-05-13,2026-05-13,On Time
O0008026,Central Hub,10.68,2026-05-12,2026-05-11,On Time
O0008027,East Hub,12.15,2026-05-12,2026-05-12,On Time
O0008028,East Hub,8.36,2026-05-10,2026-05-09,On Time
O0008029,Central Hub,13.76,2026-05-11,2026-05-11,On Time
O0008030,Central Hub,15.78,2026-05-11,2026-05-16,Late
O0008031,West Hub,9.31,2026-05-10,2026-05-09,On Time
O0008032,West Hub,19.74,2026-05-11,2026-05-15,Late
O0008033,West Hub,16.32,2026-05-12,2026-05-11,On Time
O0008034,Central Hub,13.52,2026-05-13,2026-05-12,On Time
O0008035,Central Hub,8.87,2026-05-13,2026-05-13,On Time
O0008036,West Hub,10.76,2026-05-13,2026-05-15,Late
O0008037,East Hub,7.86,2026-05-13,2026-05-12,On Time
O0008038,Central Hub,6.46,2026-05-13,2026-05-13,On Time
O0008039,West Hub,9.02,2026-05-12,2026-05-11,On Time
O0008040,East Hub,14.69,2026-05-12,2026-05-12,On Time
O0008041,Central Hub,10.21,2026-05-12,2026-05-11,On Time
O0008042,East Hub,6.85,2026-05-10,2026-05-10,On Time
O0008043,East Hub,9.94,2026-05-10,2026-05-10,On Time
O0008044,Central Hub,15.29,2026-05-10,2026-05-11,Late
O0008045,East Hub,9.29,2026-05-13,2026-05-12,On Time
O0008046,East Hub,13.46,2026-05-11,2026-05-10,On Time
O0008047,East Hub,10.96,2026-05-10,2026-05-10,On Time
O0008048,East Hub,8.57,2026-05-13,2026-05-13,On Time
O0008049,Central Hub,15.65,2026-05-13,2026-05-13,On Time
O0008050,West Hub,6.67,2026-05-11,2026-05-11,On Time
O0008051,East Hub,11.2,2026-05-10,2026-05-09,On Time
O0008052,Central Hub,12.42,2026-05-12,2026-05-16,Late
O0008053,Central Hub,7.16,2026-05-12,2026-05-11,On Time
O0008054,West Hub,21.42,2026-05-11,2026-05-11,On Time
O0008055,West Hub,7.39,2026-05-13,2026-05-15,Late
O0008056,Central Hub,7.72,2026-05-13,2026-05-13,On Time
O0008057,Central Hub,10.9,2026-05-12,2026-05-13,Late
O0008058,Central Hub,12.2,2026-05-11,2026-05-10,On Time
O0008059,West Hub,10.87,2026-05-12,2026-05-11,On Time
O0008060,Central Hub,9.99,2026-05-13,2026-05-13,On Time
O0008061,West Hub,15.94,2026-05-12,2026-05-14,Late
O0008062,East Hub,11.96,2026-05-11,2026-05-11,On Time
O0008063,West Hub,13.08,2026-05-12,2026-05-12,On Time
O0008064,West Hub,11.57,2026-05-11,2026-05-11,On Time
O0008065,Central Hub,8.48,2026-05-12,2026-05-12,On Time
O0008066,East Hub,9.55,2026-05-10,2026-05-10,On Time
O0008067,West Hub,14.12,2026-05-14,2026-05-14,On Time
O0008068,Central Hub,8.56,2026-05-13,2026-05-12,On Time
O0008069,West Hub,12.36,2026-05-12,2026-05-12,On Time
O0008070,West Hub,11.23,2026-05-14,2026-05-13,On Time
O0008071,Central Hub,7.67,2026-05-13,2026-05-13,On Time
O0008072,Central Hub,7.92,2026-05-12,2026-05-11,On Time
O0008073,West Hub,11.63,2026-05-12,2026-05-12,On Time
O0008074,Central Hub,11.16,2026-05-11,2026-05-11,On Time
O0008075,West Hub,8.43,2026-05-14,2026-05-13,On Time
O0008076,West Hub,12.33,2026-05-12,2026-05-11,On Time
O0008077,East Hub,10.63,2026-05-14,2026-05-15,Late
O0008078,Central Hub,9.69,2026-05-14,2026-05-13,On Time
O0008079,East Hub,14.3,2026-05-13,2026-05-12,On Time
O0008080,West Hub,8.29,2026-05-11,2026-05-10,On Time
O0008081,West Hub,12.04,2026-05-11,2026-05-10,On Time
O0008082,Central Hub,11.8,2026-05-13,2026-05-12,On Time
O0008083,Central Hub,8.64,2026-05-12,2026-05-11,On Time
O0008084,East Hub,7.02,2026-05-12,2026-05-11,On Time
O0008085,West Hub,11.87,2026-05-11,2026-05-11,On Time
O0008086,Central Hub,8.52,2026-05-11,2026-05-10,On Time
O0008087,East Hub,10.07,2026-05-13,2026-05-13,On Time
O0008088,Central Hub,8.09,2026-05-14,2026-05-13,On Time
O0008089,East Hub,9.86,2026-05-11,2026-05-11,On Time
O0008090,West Hub,11.22,2026-05-13,2026-05-12,On Time
O0008091,East Hub,7.81,2026-05-12,2026-05-12,On Time
O0008092,East Hub,10.97,2026-05-11,2026-05-11,On Time
O0008093,West Hub,16.93,2026-05-12,2026-05-17,Late
O0008094,Central Hub,12.74,2026-05-13,2026-05-18,Late
O0008095,Central Hub,8.91,2026-05-13,2026-05-12,On Time
O0008096,West Hub,15.65,2026-05-14,2026-05-13,On Time
O0008097,East Hub,13.52,2026-05-14,2026-05-13,On Time
O0008098,West Hub,11.5,2026-05-11,2026-05-10,On Time
O0008099,East Hub,9.6,2026-05-14,2026-05-13,On Time
O0008100,East Hub,12.45,2026-05-13,2026-05-12,On Time
O0008101,West Hub,12.27,2026-05-11,2026-05-14,Late
O0008102,West Hub,7.06,2026-05-14,2026-05-13,On Time
O0008103,East Hub,7.82,2026-05-11,2026-05-11,On Time
O0008104,Central Hub,8.02,2026-05-11,2026-05-10,On Time
O0008105,Central Hub,7.21,2026-05-11,2026-05-10,On Time
O0008106,West Hub,9.09,2026-05-14,2026-05-15,Late
O0008107,East Hub,9.84,2026-05-11,2026-05-11,On Time
O0008108,West Hub,17.61,2026-05-14,2026-05-14,On Time
O0008109,Central Hub,8.76,2026-05-11,2026-05-10,On Time
O0008110,Central Hub,21.38,2026-05-12,2026-05-12,On Time
O0008111,Central Hub,8.77,2026-05-14,2026-05-13,On Time
O0008112,Central Hub,11.76,2026-05-13,2026-05-13,On Time
O0008113,Central Hub,7.04,2026-05-12,2026-05-12,On Time
O0008114,Central Hub,13.83,2026-05-13,2026-05-12,On Time
O0008115,West Hub,9.43,2026-05-13,2026-05-13,On Time
O0008116,Central Hub,8.34,2026-05-13,2026-05-18,Late
O0008117,East Hub,10.73,2026-05-14,2026-05-16,Late
O0008118,West Hub,15.01,2026-05-11,2026-05-11,On Time
O0008119,West Hub,10.98,2026-05-12,2026-05-11,On Time
O0008120,West Hub,10.92,2026-05-11,2026-05-11,On Time
O0008121,West Hub,11.71,2026-05-11,2026-05-10,On Time
O0008122,West Hub,9.04,2026-05-12,2026-05-11,On Time
O0008123,Central Hub,8.91,2026-05-12,2026-05-12,On Time
O0008124,East Hub,9.19,2026-05-14,2026-05-14,On Time
O0008125,West Hub,10.46,2026-05-11,2026-05-11,On Time
O0008126,West Hub,8.75,2026-05-14,2026-05-14,On Time
O0008127,East Hub,18.96,2026-05-11,2026-05-10,On Time
O0008128,West Hub,10.06,2026-05-13,2026-05-17,Late
O0008129,West Hub,9.28,2026-05-12,2026-05-12,On Time
O0008130,Central Hub,12.89,2026-05-12,2026-05-12,On Time
O0008131,West Hub,12.01,2026-05-11,2026-05-10,On Time
O0008132,Central Hub,7.0,2026-05-11,2026-05-11,On Time
O0008133,East Hub,11.44,2026-05-13,2026-05-12,On Time
O0008134,West Hub,10.21,2026-05-13,2026-05-12,On Time
O0008135,Central Hub,14.12,2026-05-14,2026-05-19,Late
O0008136,West Hub,24.72,2026-05-15,2026-05-14,On Time
O0008137,East Hub,16.35,2026-05-12,2026-05-12,On Time
O0008138,Central Hub,9.48,2026-05-13,2026-05-12,On Time
O0008139,Central Hub,15.71,2026-05-12,2026-05-11,On Time
O0008140,Central Hub,14.97,2026-05-13,2026-05-12,On Time
O0008141,Central Hub,6.65,2026-05-14,2026-05-13,On Time
O0008142,East Hub,9.64,2026-05-14,2026-05-14,On Time
O0008143,West Hub,15.8,2026-05-14,2026-05-13,On Time
O0008144,Central Hub,11.0,2026-05-13,2026-05-12,On Time
O0008145,Central Hub,11.08,2026-05-13,2026-05-12,On Time
O0008146,Central Hub,14.2,2026-05-15,2026-05-15,On Time
O0008147,West Hub,11.3,2026-05-15,2026-05-15,On Time
O0008148,East Hub,13.04,2026-05-13,2026-05-12,On Time
O0008149,East Hub,7.63,2026-05-12,2026-05-11,On Time
O0008150,West Hub,9.18,2026-05-12,2026-05-11,On Time
O0008151,Central Hub,14.25,2026-05-12,2026-05-12,On Time
O0008152,Central Hub,7.47,2026-05-15,2026-05-14,On Time
O0008153,Central Hub,9.45,2026-05-14,2026-05-16,Late
O0008154,East Hub,11.78,2026-05-15,2026-05-15,On Time
O0008155,Central Hub,7.96,2026-05-12,2026-05-11,On Time
O0008156,East Hub,6.41,2026-05-13,2026-05-13,On Time
O0008157,East Hub,11.0,2026-05-15,2026-05-15,On Time
O0008158,East Hub,12.9,2026-05-14,2026-05-13,On Time
O0008159,West Hub,12.58,2026-05-15,2026-05-14,On Time
O0008160,West Hub,11.15,2026-05-12,2026-05-11,On Time
O0008161,East Hub,13.05,2026-05-12,2026-05-12,On Time
O0008162,Central Hub,14.34,2026-05-14,2026-05-14,On Time
O0008163,Central Hub,9.5,2026-05-15,2026-05-15,On Time
O0008164,East Hub,6.68,2026-05-12,2026-05-11,On Time
O0008165,East Hub,10.31,2026-05-13,2026-05-12,On Time
O0008166,Central Hub,20.94,2026-05-13,2026-05-13,On Time
O0008167,Central Hub,13.85,2026-05-13,2026-05-12,On Time
O0008168,West Hub,21.86,2026-05-14,2026-05-14,On Time
O0008169,East Hub,9.36,2026-05-15,2026-05-15,On Time
O0008170,West Hub,10.34,2026-05-12,2026-05-12,On Time
O0008171,West Hub,9.12,2026-05-14,2026-05-14,On Time
O0008172,Central Hub,8.58,2026-05-14,2026-05-14,On Time
O0008173,East Hub,16.66,2026-05-13,2026-05-13,On Time
O0008174,Central Hub,15.61,2026-05-13,2026-05-13,On Time
O0008175,West Hub,9.92,2026-05-12,2026-05-12,On Time
O0008176,East Hub,26.65,2026-05-12,2026-05-12,On Time
O0008177,West Hub,18.28,2026-05-14,2026-05-14,On Time
O0008178,East Hub,15.89,2026-05-13,2026-05-12,On Time
O0008179,Central Hub,10.85,2026-05-12,2026-05-11,On Time
O0008180,Central Hub,7.93,2026-05-14,2026-05-14,On Time
O0008181,West Hub,14.13,2026-05-12,2026-05-13,Late
O0008182,East Hub,9.42,2026-05-14,2026-05-18,Late
O0008183,East Hub,13.9,2026-05-13,2026-05-14,Late
O0008184,East Hub,12.64,2026-05-14,2026-05-13,On Time
O0008185,West Hub,16.71,2026-05-15,2026-05-14,On Time
O0008186,Central Hub,8.96,2026-05-14,2026-05-14,On Time
O0008187,East Hub,16.71,2026-05-12,2026-05-11,On Time
O0008188,West Hub,14.75,2026-05-15,2026-05-15,On Time
O0008189,Central Hub,10.12,2026-05-15,2026-05-14,On Time
O0008190,Central Hub,10.06,2026-05-13,2026-05-13,On Time
O0008191,West Hub,10.17,2026-05-13,2026-05-13,On Time
O0008192,West Hub,11.05,2026-05-12,2026-05-12,On Time
O0008193,West Hub,20.87,2026-05-15,2026-05-14,On Time
O0008194,Central Hub,9.2,2026-05-14,2026-05-14,On Time
O0008195,East Hub,10.14,2026-05-13,2026-05-13,On Time
O0008196,East Hub,12.4,2026-05-14,2026-05-13,On Time
O0008197,West Hub,22.38,2026-05-15,2026-05-14,On Time
O0008198,Central Hub,13.44,2026-05-12,2026-05-13,Late
O0008199,Central Hub,11.04,2026-05-12,2026-05-12,On Time
O0008200,Central Hub,11.26,2026-05-14,2026-05-13,On Time
O0008201,East Hub,12.27,2026-05-12,2026-05-12,On Time
O0008202,West Hub,6.87,2026-05-12,2026-05-11,On Time
O0008203,West Hub,17.38,2026-05-14,2026-05-13,On Time
O0008204,East Hub,13.88,2026-05-15,2026-05-14,On Time
O0008205,East Hub,7.23,2026-05-12,2026-05-11,On Time
O0008206,Central Hub,14.67,2026-05-15,2026-05-14,On Time
O0008207,Central Hub,9.41,2026-05-12,2026-05-12,On Time
O0008208,Central Hub,9.81,2026-05-13,2026-05-15,Late
O0008209,East Hub,10.55,2026-05-15,2026-05-15,On Time
O0008210,West Hub,10.38,2026-05-15,2026-05-14,On Time
O0008211,Central Hub,7.71,2026-05-12,2026-05-11,On Time
O0008212,East Hub,7.92,2026-05-16,2026-05-17,Late
O0008213,East Hub,11.87,2026-05-13,2026-05-12,On Time
O0008214,Central Hub,10.0,2026-05-14,2026-05-13,On Time
O0008215,West Hub,16.63,2026-05-14,2026-05-14,On Time
O0008216,West Hub,8.62,2026-05-15,2026-05-14,On Time
O0008217,West Hub,12.19,2026-05-14,2026-05-16,Late
O0008218,West Hub,18.61,2026-05-14,2026-05-13,On Time
O0008219,Central Hub,17.62,2026-05-16,2026-05-15,On Time
O0008220,East Hub,7.32,2026-05-13,2026-05-12,On Time
O0008221,East Hub,13.12,2026-05-14,2026-05-14,On Time
O0008222,West Hub,10.92,2026-05-13,2026-05-13,On Time
O0008223,West Hub,8.24,2026-05-16,2026-05-19,Late
O0008224,Central Hub,19.09,2026-05-13,2026-05-12,On Time
O0008225,Central Hub,15.52,2026-05-13,2026-05-13,On Time
O0008226,East Hub,14.73,2026-05-13,2026-05-13,On Time
O0008227,West Hub,9.56,2026-05-15,2026-05-15,On Time
O0008228,West Hub,9.67,2026-05-16,2026-05-17,Late
O0008229,West Hub,15.0,2026-05-14,2026-05-15,Late
O0008230,West Hub,10.14,2026-05-14,2026-05-13,On Time
O0008231,East Hub,12.45,2026-05-16,2026-05-16,On Time
O0008232,Central Hub,13.7,2026-05-13,2026-05-12,On Time
O0008233,West Hub,9.53,2026-05-13,2026-05-13,On Time
O0008234,Central Hub,8.78,2026-05-16,2026-05-15,On Time
O0008235,East Hub,17.63,2026-05-16,2026-05-16,On Time
O0008236,East Hub,8.74,2026-05-13,2026-05-13,On Time
O0008237,Central Hub,18.66,2026-05-15,2026-05-15,On Time
O0008238,West Hub,9.89,2026-05-13,2026-05-13,On Time
O0008239,Central Hub,18.97,2026-05-14,2026-05-14,On Time
O0008240,East Hub,12.4,2026-05-15,2026-05-15,On Time
O0008241,East Hub,10.15,2026-05-13,2026-05-12,On Time
O0008242,West Hub,12.64,2026-05-16,2026-05-16,On Time
O0008243,Central Hub,12.52,2026-05-14,2026-05-13,On Time
O0008244,Central Hub,12.93,2026-05-16,2026-05-15,On Time
O0008245,Central Hub,7.08,2026-05-15,2026-05-15,On Time
O0008246,East Hub,9.58,2026-05-15,2026-05-14,On Time
O0008247,Central Hub,7.99,2026-05-14,2026-05-14,On Time
O0008248,West Hub,10.25,2026-05-14,2026-05-13,On Time
O0008249,West Hub,8.85,2026-05-13,2026-05-13,On Time
O0008250,East Hub,23.53,2026-05-13,2026-05-12,On Time
O0008251,Central Hub,11.43,2026-05-16,2026-05-16,On Time
O0008252,West Hub,16.41,2026-05-16,2026-05-15,On Time
O0008253,West Hub,17.87,2026-05-14,2026-05-18,Late
O0008254,East Hub,10.76,2026-05-13,2026-05-17,Late
O0008255,West Hub,11.14,2026-05-16,2026-05-15,On Time
O0008256,Central Hub,13.64,2026-05-15,2026-05-15,On Time
O0008257,East Hub,10.18,2026-05-13,2026-05-13,On Time
O0008258,Central Hub,8.34,2026-05-13,2026-05-17,Late
O0008259,West Hub,9.13,2026-05-15,2026-05-18,Late
O0008260,West Hub,10.29,2026-05-13,2026-05-12,On Time
O0008261,Central Hub,7.24,2026-05-13,2026-05-12,On Time
O0008262,Central Hub,11.25,2026-05-15,2026-05-14,On Time
O0008263,Central Hub,7.37,2026-05-14,2026-05-14,On Time
O0008264,East Hub,6.6,2026-05-13,2026-05-13,On Time
O0008265,West Hub,13.66,2026-05-14,2026-05-14,On Time
O0008266,East Hub,9.86,2026-05-13,2026-05-13,On Time
O0008267,West Hub,13.86,2026-05-13,2026-05-13,On Time
O0008268,Central Hub,10.19,2026-05-15,2026-05-14,On Time
O0008269,East Hub,9.63,2026-05-13,2026-05-12,On Time
O0008270,Central Hub,6.76,2026-05-13,2026-05-13,On Time
O0008271,East Hub,10.68,2026-05-15,2026-05-15,On Time
O0008272,East Hub,11.5,2026-05-16,2026-05-15,On Time
O0008273,Central Hub,12.04,2026-05-15,2026-05-15,On Time
O0008274,Central Hub,7.32,2026-05-16,2026-05-16,On Time
O0008275,West Hub,10.17,2026-05-14,2026-05-13,On Time
O0008276,Central Hub,8.61,2026-05-14,2026-05-14,On Time
O0008277,West Hub,14.16,2026-05-13,2026-05-12,On Time
O0008278,East Hub,20.36,2026-05-14,2026-05-13,On Time
O0008279,West Hub,10.67,2026-05-15,2026-05-14,On Time
O0008280,West Hub,7.49,2026-05-14,2026-05-13,On Time
O0008281,Central Hub,20.92,2026-05-16,2026-05-16,On Time
O0008282,East Hub,16.45,2026-05-14,2026-05-14,On Time
O0008283,East Hub,8.55,2026-05-15,2026-05-14,On Time
O0008284,Central Hub,13.72,2026-05-14,2026-05-13,On Time
O0008285,West Hub,15.03,2026-05-13,2026-05-12,On Time
O0008286,West Hub,15.36,2026-05-13,2026-05-14,Late
O0008287,Central Hub,26.81,2026-05-16,2026-05-15,On Time
O0008288,West Hub,12.32,2026-05-13,2026-05-15,Late
O0008289,Central Hub,7.11,2026-05-13,2026-05-12,On Time
O0008290,East Hub,11.65,2026-05-14,2026-05-14,On Time
O0008291,East Hub,8.76,2026-05-13,2026-05-13,On Time
O0008292,East Hub,10.25,2026-05-14,2026-05-18,Late
O0008293,Central Hub,9.05,2026-05-16,2026-05-16,On Time
O0008294,Central Hub,13.72,2026-05-13,2026-05-13,On Time
O0008295,West Hub,14.58,2026-05-15,2026-05-18,Late
O0008296,West Hub,19.01,2026-05-15,2026-05-15,On Time
O0008297,East Hub,6.88,2026-05-13,2026-05-12,On Time
O0008298,Central Hub,9.07,2026-05-16,2026-05-16,On Time
O0008299,East Hub,7.63,2026-05-13,2026-05-12,On Time
O0008300,West Hub,9.08,2026-05-14,2026-05-14,On Time
O0008301,East Hub,11.3,2026-05-17,2026-05-16,On Time
O0008302,East Hub,16.62,2026-05-16,2026-05-16,On Time
O0008303,West Hub,10.39,2026-05-16,2026-05-15,On Time
O0008304,West Hub,11.45,2026-05-14,2026-05-13,On Time
O0008305,West Hub,10.59,2026-05-17,2026-05-17,On Time
O0008306,Central Hub,12.16,2026-05-15,2026-05-15,On Time
O0008307,East Hub,7.23,2026-05-17,2026-05-17,On Time
O0008308,East Hub,11.84,2026-05-15,2026-05-15,On Time
O0008309,East Hub,21.27,2026-05-16,2026-05-15,On Time
O0008310,Central Hub,15.52,2026-05-16,2026-05-16,On Time
O0008311,Central Hub,5.35,2026-05-17,2026-05-17,On Time
O0008312,West Hub,11.5,2026-05-16,2026-05-16,On Time
O0008313,Central Hub,7.52,2026-05-15,2026-05-15,On Time
O0008314,West Hub,8.91,2026-05-16,2026-05-15,On Time
O0008315,East Hub,8.71,2026-05-15,2026-05-14,On Time
O0008316,West Hub,16.52,2026-05-16,2026-05-16,On Time
O0008317,East Hub,11.13,2026-05-16,2026-05-16,On Time
O0008318,Central Hub,7.95,2026-05-17,2026-05-16,On Time
O0008319,East Hub,15.91,2026-05-17,2026-05-17,On Time
O0008320,Central Hub,8.99,2026-05-14,2026-05-13,On Time
O0008321,East Hub,7.7,2026-05-16,2026-05-15,On Time
O0008322,East Hub,11.55,2026-05-16,2026-05-15,On Time
O0008323,Central Hub,8.81,2026-05-16,2026-05-16,On Time
O0008324,Central Hub,8.29,2026-05-17,2026-05-16,On Time
O0008325,West Hub,25.41,2026-05-14,2026-05-17,Late
O0008326,West Hub,19.39,2026-05-15,2026-05-14,On Time
O0008327,West Hub,7.87,2026-05-17,2026-05-19,Late
O0008328,East Hub,9.82,2026-05-17,2026-05-22,Late
O0008329,Central Hub,9.5,2026-05-15,2026-05-14,On Time
O0008330,West Hub,9.1,2026-05-16,2026-05-15,On Time
O0008331,West Hub,11.07,2026-05-17,2026-05-17,On Time
O0008332,West Hub,6.98,2026-05-17,2026-05-16,On Time
O0008333,East Hub,9.52,2026-05-15,2026-05-20,Late
O0008334,Central Hub,8.51,2026-05-14,2026-05-14,On Time
O0008335,East Hub,7.38,2026-05-15,2026-05-15,On Time
O0008336,East Hub,9.96,2026-05-17,2026-05-17,On Time
O0008337,West Hub,10.63,2026-05-14,2026-05-13,On Time
O0008338,Central Hub,6.95,2026-05-15,2026-05-19,Late
O0008339,East Hub,10.41,2026-05-14,2026-05-19,Late
O0008340,Central Hub,9.05,2026-05-15,2026-05-14,On Time
O0008341,West Hub,11.09,2026-05-14,2026-05-14,On Time
O0008342,West Hub,14.52,2026-05-16,2026-05-16,On Time
O0008343,Central Hub,10.94,2026-05-17,2026-05-16,On Time
O0008344,East Hub,10.04,2026-05-17,2026-05-17,On Time
O0008345,West Hub,10.48,2026-05-15,2026-05-15,On Time
O0008346,West Hub,11.72,2026-05-16,2026-05-15,On Time
O0008347,West Hub,11.31,2026-05-14,2026-05-13,On Time
O0008348,Central Hub,9.74,2026-05-14,2026-05-14,On Time
O0008349,West Hub,20.07,2026-05-17,2026-05-17,On Time
O0008350,Central Hub,12.02,2026-05-15,2026-05-14,On Time
O0008351,East Hub,9.89,2026-05-15,2026-05-14,On Time
O0008352,East Hub,12.15,2026-05-17,2026-05-17,On Time
O0008353,East Hub,9.94,2026-05-17,2026-05-16,On Time
O0008354,West Hub,21.77,2026-05-14,2026-05-13,On Time
O0008355,East Hub,11.39,2026-05-16,2026-05-16,On Time
O0008356,West Hub,13.75,2026-05-14,2026-05-14,On Time
O0008357,Central Hub,17.22,2026-05-16,2026-05-15,On Time
O0008358,Central Hub,13.29,2026-05-16,2026-05-16,On Time
O0008359,West Hub,13.75,2026-05-15,2026-05-14,On Time
O0008360,Central Hub,9.14,2026-05-15,2026-05-14,On Time
O0008361,East Hub,10.59,2026-05-16,2026-05-15,On Time
O0008362,East Hub,6.69,2026-05-17,2026-05-16,On Time
O0008363,West Hub,8.19,2026-05-16,2026-05-15,On Time
O0008364,West Hub,8.43,2026-05-16,2026-05-15,On Time
O0008365,Central Hub,8.4,2026-05-14,2026-05-15,Late
O0008366,West Hub,10.62,2026-05-17,2026-05-17,On Time
O0008367,West Hub,12.56,2026-05-16,2026-05-15,On Time
O0008368,West Hub,8.93,2026-05-17,2026-05-16,On Time
O0008369,East Hub,6.64,2026-05-17,2026-05-17,On Time
O0008370,East Hub,16.96,2026-05-17,2026-05-17,On Time
O0008371,East Hub,25.59,2026-05-18,2026-05-17,On Time
O0008372,East Hub,9.85,2026-05-15,2026-05-15,On Time
O0008373,Central Hub,8.34,2026-05-15,2026-05-14,On Time
O0008374,Central Hub,4.78,2026-05-17,2026-05-16,On Time
O0008375,Central Hub,8.18,2026-05-18,2026-05-20,Late
O0008376,Central Hub,9.5,2026-05-16,2026-05-16,On Time
O0008377,West Hub,10.26,2026-05-18,2026-05-18,On Time
O0008378,Central Hub,7.95,2026-05-18,2026-05-18,On Time
O0008379,West Hub,12.45,2026-05-15,2026-05-15,On Time
O0008380,East Hub,15.14,2026-05-17,2026-05-16,On Time
O0008381,Central Hub,8.29,2026-05-18,2026-05-17,On Time
O0008382,East Hub,18.19,2026-05-15,2026-05-14,On Time
O0008383,Central Hub,11.04,2026-05-16,2026-05-16,On Time
O0008384,West Hub,9.42,2026-05-18,2026-05-17,On Time
O0008385,West Hub,9.65,2026-05-18,2026-05-17,On Time
O0008386,West Hub,12.09,2026-05-18,2026-05-18,On Time
O0008387,Central Hub,13.1,2026-05-17,2026-05-16,On Time
O0008388,Central Hub,13.3,2026-05-16,2026-05-15,On Time
O0008389,East Hub,7.78,2026-05-18,2026-05-18,On Time
O0008390,East Hub,8.8,2026-05-17,2026-05-16,On Time
O0008391,East Hub,8.18,2026-05-15,2026-05-14,On Time
O0008392,Central Hub,14.63,2026-05-15,2026-05-14,On Time
O0008393,East Hub,16.19,2026-05-15,2026-05-14,On Time
O0008394,Central Hub,14.56,2026-05-17,2026-05-16,On Time
O0008395,Central Hub,7.41,2026-05-15,2026-05-15,On Time
O0008396,East Hub,9.82,2026-05-16,2026-05-16,On Time
O0008397,West Hub,12.23,2026-05-17,2026-05-17,On Time
O0008398,West Hub,15.25,2026-05-18,2026-05-17,On Time
O0008399,East Hub,12.99,2026-05-15,2026-05-15,On Time
O0008400,East Hub,9.36,2026-05-17,2026-05-17,On Time
O0008401,East Hub,12.36,2026-05-18,2026-05-17,On Time
O0008402,East Hub,12.06,2026-05-16,2026-05-15,On Time
O0008403,East Hub,7.92,2026-05-16,2026-05-15,On Time
O0008404,Central Hub,15.13,2026-05-17,2026-05-17,On Time
O0008405,East Hub,8.74,2026-05-15,2026-05-15,On Time
O0008406,West Hub,10.35,2026-05-18,2026-05-20,Late
O0008407,East Hub,12.49,2026-05-15,2026-05-15,On Time
O0008408,Central Hub,12.82,2026-05-17,2026-05-16,On Time
O0008409,East Hub,8.16,2026-05-18,2026-05-19,Late
O0008410,Central Hub,8.99,2026-05-15,2026-05-14,On Time
O0008411,West Hub,12.44,2026-05-18,2026-05-17,On Time
O0008412,West Hub,11.67,2026-05-15,2026-05-15,On Time
O0008413,West Hub,15.36,2026-05-17,2026-05-17,On Time
O0008414,Central Hub,10.24,2026-05-17,2026-05-16,On Time
O0008415,West Hub,8.62,2026-05-15,2026-05-14,On Time
O0008416,East Hub,6.73,2026-05-16,2026-05-15,On Time
O0008417,East Hub,10.36,2026-05-18,2026-05-18,On Time
O0008418,Central Hub,8.56,2026-05-17,2026-05-17,On Time
O0008419,East Hub,7.16,2026-05-16,2026-05-16,On Time
O0008420,West Hub,14.93,2026-05-17,2026-05-22,Late
O0008421,East Hub,10.25,2026-05-17,2026-05-16,On Time
O0008422,Central Hub,11.54,2026-05-16,2026-05-16,On Time
O0008423,East Hub,13.01,2026-05-16,2026-05-15,On Time
O0008424,West Hub,13.1,2026-05-16,2026-05-15,On Time
O0008425,West Hub,11.05,2026-05-15,2026-05-15,On Time
O0008426,East Hub,6.82,2026-05-17,2026-05-16,On Time
O0008427,Central Hub,12.18,2026-05-16,2026-05-15,On Time
O0008428,East Hub,6.12,2026-05-15,2026-05-14,On Time
O0008429,East Hub,10.5,2026-05-18,2026-05-18,On Time
O0008430,Central Hub,10.19,2026-05-16,2026-05-16,On Time
O0008431,Central Hub,8.77,2026-05-17,2026-05-16,On Time
O0008432,West Hub,11.18,2026-05-17,2026-05-16,On Time
O0008433,West Hub,9.98,2026-05-16,2026-05-20,Late
O0008434,East Hub,8.78,2026-05-16,2026-05-16,On Time
O0008435,Central Hub,7.06,2026-05-16,2026-05-16,On Time
O0008436,East Hub,11.63,2026-05-18,2026-05-22,Late
O0008437,West Hub,14.26,2026-05-17,2026-05-17,On Time
O0008438,East Hub,11.64,2026-05-15,2026-05-20,Late
O0008439,West Hub,7.78,2026-05-15,2026-05-14,On Time
O0008440,East Hub,15.0,2026-05-17,2026-05-17,On Time
O0008441,East Hub,20.82,2026-05-16,2026-05-15,On Time
O0008442,Central Hub,17.36,2026-05-18,2026-05-21,Late
O0008443,West Hub,12.06,2026-05-18,2026-05-20,Late
O0008444,Central Hub,9.92,2026-05-15,2026-05-14,On Time
O0008445,East Hub,8.7,2026-05-16,2026-05-16,On Time
O0008446,West Hub,9.05,2026-05-17,2026-05-16,On Time
O0008447,Central Hub,16.81,2026-05-18,2026-05-17,On Time
O0008448,West Hub,12.44,2026-05-16,2026-05-15,On Time
O0008449,East Hub,9.25,2026-05-17,2026-05-22,Late
O0008450,East Hub,10.38,2026-05-19,2026-05-18,On Time
O0008451,East Hub,8.04,2026-05-19,2026-05-18,On Time
O0008452,East Hub,9.29,2026-05-17,2026-05-17,On Time
O0008453,West Hub,9.16,2026-05-18,2026-05-18,On Time
O0008454,Central Hub,10.4,2026-05-17,2026-05-16,On Time
O0008455,Central Hub,9.11,2026-05-19,2026-05-18,On Time
O0008456,Central Hub,6.38,2026-05-18,2026-05-18,On Time
O0008457,Central Hub,7.5,2026-05-18,2026-05-18,On Time
O0008458,East Hub,7.13,2026-05-19,2026-05-18,On Time
O0008459,East Hub,6.64,2026-05-16,2026-05-16,On Time
O0008460,Central Hub,15.94,2026-05-19,2026-05-18,On Time
O0008461,East Hub,7.97,2026-05-17,2026-05-17,On Time
O0008462,West Hub,18.78,2026-05-16,2026-05-16,On Time
O0008463,Central Hub,24.08,2026-05-18,2026-05-18,On Time
O0008464,Central Hub,11.97,2026-05-19,2026-05-18,On Time
O0008465,Central Hub,8.65,2026-05-18,2026-05-18,On Time
O0008466,Central Hub,6.3,2026-05-18,2026-05-17,On Time
O0008467,East Hub,10.51,2026-05-17,2026-05-16,On Time
O0008468,Central Hub,8.15,2026-05-17,2026-05-17,On Time
O0008469,Central Hub,13.69,2026-05-19,2026-05-19,On Time
O0008470,West Hub,16.21,2026-05-17,2026-05-16,On Time
O0008471,Central Hub,15.79,2026-05-19,2026-05-18,On Time
O0008472,Central Hub,8.1,2026-05-19,2026-05-18,On Time
O0008473,East Hub,15.55,2026-05-18,2026-05-18,On Time
O0008474,Central Hub,7.27,2026-05-18,2026-05-18,On Time
O0008475,East Hub,8.71,2026-05-18,2026-05-17,On Time
O0008476,West Hub,18.77,2026-05-17,2026-05-16,On Time
O0008477,West Hub,12.68,2026-05-19,2026-05-18,On Time
O0008478,East Hub,9.53,2026-05-17,2026-05-16,On Time
O0008479,Central Hub,7.72,2026-05-18,2026-05-17,On Time
O0008480,West Hub,9.54,2026-05-18,2026-05-18,On Time
O0008481,East Hub,6.62,2026-05-17,2026-05-17,On Time
O0008482,West Hub,10.24,2026-05-16,2026-05-15,On Time
O0008483,East Hub,10.04,2026-05-17,2026-05-17,On Time
O0008484,Central Hub,7.98,2026-05-16,2026-05-15,On Time
O0008485,West Hub,19.81,2026-05-17,2026-05-17,On Time
O0008486,West Hub,9.89,2026-05-19,2026-05-19,On Time
O0008487,West Hub,9.91,2026-05-18,2026-05-17,On Time
O0008488,Central Hub,12.94,2026-05-17,2026-05-17,On Time
O0008489,Central Hub,9.15,2026-05-18,2026-05-17,On Time
O0008490,West Hub,14.93,2026-05-16,2026-05-16,On Time
O0008491,West Hub,10.72,2026-05-18,2026-05-22,Late
O0008492,East Hub,8.42,2026-05-17,2026-05-17,On Time
O0008493,Central Hub,8.88,2026-05-18,2026-05-23,Late
O0008494,West Hub,16.98,2026-05-18,2026-05-18,On Time
O0008495,West Hub,8.55,2026-05-17,2026-05-17,On Time
O0008496,East Hub,11.23,2026-05-17,2026-05-17,On Time
O0008497,Central Hub,13.11,2026-05-17,2026-05-17,On Time
O0008498,Central Hub,9.05,2026-05-18,2026-05-23,Late
O0008499,Central Hub,10.47,2026-05-17,2026-05-16,On Time
O0008500,Central Hub,7.85,2026-05-19,2026-05-19,On Time
O0008501,East Hub,14.7,2026-05-16,2026-05-15,On Time
O0008502,East Hub,10.47,2026-05-19,2026-05-18,On Time
O0008503,West Hub,8.38,2026-05-18,2026-05-18,On Time
O0008504,Central Hub,8.93,2026-05-16,2026-05-16,On Time
O0008505,West Hub,8.52,2026-05-19,2026-05-18,On Time
O0008506,West Hub,8.15,2026-05-18,2026-05-18,On Time
O0008507,West Hub,14.24,2026-05-16,2026-05-19,Late
O0008508,Central Hub,8.9,2026-05-19,2026-05-22,Late
O0008509,Central Hub,22.25,2026-05-17,2026-05-17,On Time
O0008510,West Hub,15.02,2026-05-16,2026-05-19,Late
O0008511,West Hub,18.64,2026-05-16,2026-05-16,On Time
O0008512,West Hub,15.29,2026-05-19,2026-05-19,On Time
O0008513,Central Hub,14.25,2026-05-16,2026-05-16,On Time
O0008514,East Hub,6.92,2026-05-17,2026-05-16,On Time
O0008515,West Hub,16.1,2026-05-17,2026-05-16,On Time
O0008516,East Hub,9.49,2026-05-16,2026-05-15,On Time
O0008517,West Hub,11.09,2026-05-16,2026-05-15,On Time
O0008518,West Hub,9.82,2026-05-16,2026-05-15,On Time
O0008519,Central Hub,15.74,2026-05-16,2026-05-15,On Time
O0008520,West Hub,8.73,2026-05-18,2026-05-17,On Time
O0008521,Central Hub,11.58,2026-05-18,2026-05-17,On Time
O0008522,West Hub,8.75,2026-05-18,2026-05-18,On Time
O0008523,West Hub,8.27,2026-05-16,2026-05-16,On Time
O0008524,East Hub,8.2,2026-05-19,2026-05-18,On Time
O0008525,East Hub,8.89,2026-05-18,2026-05-17,On Time
O0008526,East Hub,10.15,2026-05-18,2026-05-18,On Time
O0008527,West Hub,10.41,2026-05-16,2026-05-16,On Time
O0008528,East Hub,7.12,2026-05-18,2026-05-17,On Time
O0008529,Central Hub,11.18,2026-05-16,2026-05-15,On Time
O0008530,Central Hub,7.6,2026-05-18,2026-05-18,On Time
O0008531,East Hub,8.1,2026-05-17,2026-05-17,On Time
O0008532,Central Hub,10.6,2026-05-17,2026-05-16,On Time
O0008533,Central Hub,7.59,2026-05-18,2026-05-18,On Time
O0008534,Central Hub,9.91,2026-05-19,2026-05-19,On Time
O0008535,West Hub,10.99,2026-05-19,2026-05-18,On Time
O0008536,Central Hub,9.32,2026-05-17,2026-05-16,On Time
O0008537,West Hub,10.58,2026-05-19,2026-05-18,On Time
O0008538,Central Hub,8.1,2026-05-20,2026-05-20,On Time
O0008539,West Hub,14.17,2026-05-20,2026-05-20,On Time
O0008540,Central Hub,7.03,2026-05-17,2026-05-16,On Time
O0008541,West Hub,16.73,2026-05-19,2026-05-19,On Time
O0008542,East Hub,12.29,2026-05-20,2026-05-19,On Time
O0008543,West Hub,12.38,2026-05-19,2026-05-22,Late
O0008544,West Hub,9.36,2026-05-18,2026-05-17,On Time
O0008545,East Hub,7.29,2026-05-19,2026-05-19,On Time
O0008546,East Hub,20.18,2026-05-18,2026-05-17,On Time
O0008547,East Hub,8.1,2026-05-20,2026-05-19,On Time
O0008548,West Hub,11.0,2026-05-20,2026-05-19,On Time
O0008549,Central Hub,12.16,2026-05-17,2026-05-20,Late
O0008550,West Hub,18.71,2026-05-17,2026-05-16,On Time
O0008551,Central Hub,10.95,2026-05-17,2026-05-17,On Time
O0008552,West Hub,17.27,2026-05-17,2026-05-17,On Time
O0008553,East Hub,11.69,2026-05-20,2026-05-19,On Time
O0008554,East Hub,14.83,2026-05-19,2026-05-22,Late
O0008555,West Hub,8.34,2026-05-20,2026-05-25,Late
O0008556,West Hub,9.35,2026-05-17,2026-05-17,On Time
O0008557,West Hub,19.5,2026-05-19,2026-05-19,On Time
O0008558,Central Hub,16.21,2026-05-20,2026-05-19,On Time
O0008559,West Hub,17.06,2026-05-19,2026-05-19,On Time
O0008560,East Hub,8.0,2026-05-19,2026-05-18,On Time
O0008561,West Hub,14.21,2026-05-18,2026-05-18,On Time
O0008562,Central Hub,11.96,2026-05-19,2026-05-18,On Time
O0008563,West Hub,10.67,2026-05-17,2026-05-16,On Time
O0008564,Central Hub,9.65,2026-05-19,2026-05-19,On Time
O0008565,Central Hub,9.38,2026-05-19,2026-05-19,On Time
O0008566,West Hub,13.71,2026-05-20,2026-05-19,On Time
O0008567,West Hub,9.84,2026-05-20,2026-05-20,On Time
O0008568,Central Hub,11.46,2026-05-17,2026-05-16,On Time
O0008569,West Hub,9.78,2026-05-17,2026-05-16,On Time
O0008570,West Hub,8.0,2026-05-20,2026-05-24,Late
O0008571,Central Hub,9.12,2026-05-17,2026-05-16,On Time
O0008572,Central Hub,7.52,2026-05-19,2026-05-19,On Time
O0008573,West Hub,17.69,2026-05-17,2026-05-16,On Time
O0008574,West Hub,10.15,2026-05-17,2026-05-16,On Time
O0008575,Central Hub,8.35,2026-05-17,2026-05-17,On Time
O0008576,West Hub,11.44,2026-05-19,2026-05-19,On Time
O0008577,West Hub,9.66,2026-05-18,2026-05-18,On Time
O0008578,East Hub,10.6,2026-05-17,2026-05-16,On Time
O0008579,East Hub,11.9,2026-05-20,2026-05-19,On Time
O0008580,West Hub,13.7,2026-05-19,2026-05-18,On Time
O0008581,Central Hub,9.35,2026-05-20,2026-05-19,On Time
O0008582,West Hub,9.48,2026-05-18,2026-05-18,On Time
O0008583,East Hub,15.35,2026-05-18,2026-05-18,On Time
O0008584,East Hub,12.31,2026-05-17,2026-05-17,On Time
O0008585,East Hub,9.9,2026-05-19,2026-05-22,Late
O0008586,West Hub,14.95,2026-05-17,2026-05-17,On Time
O0008587,West Hub,10.82,2026-05-20,2026-05-20,On Time
O0008588,West Hub,11.07,2026-05-17,2026-05-16,On Time
O0008589,West Hub,12.59,2026-05-20,2026-05-22,Late
O0008590,West Hub,15.78,2026-05-19,2026-05-18,On Time
O0008591,Central Hub,6.72,2026-05-17,2026-05-17,On Time
O0008592,Central Hub,9.37,2026-05-19,2026-05-19,On Time
O0008593,Central Hub,11.28,2026-05-18,2026-05-18,On Time
O0008594,West Hub,17.8,2026-05-19,2026-05-19,On Time
O0008595,Central Hub,11.36,2026-05-19,2026-05-18,On Time
O0008596,Central Hub,7.56,2026-05-19,2026-05-18,On Time
O0008597,Central Hub,8.2,2026-05-20,2026-05-20,On Time
O0008598,Central Hub,13.08,2026-05-18,2026-05-21,Late
O0008599,West Hub,13.48,2026-05-19,2026-05-19,On Time
O0008600,Central Hub,10.48,2026-05-18,2026-05-18,On Time
O0008601,East Hub,7.25,2026-05-17,2026-05-17,On Time
O0008602,East Hub,17.08,2026-05-18,2026-05-18,On Time
O0008603,Central Hub,6.24,2026-05-18,2026-05-18,On Time
O0008604,Central Hub,9.79,2026-05-20,2026-05-20,On Time
O0008605,Central Hub,8.11,2026-05-18,2026-05-19,Late
O0008606,West Hub,17.99,2026-05-17,2026-05-16,On Time
O0008607,West Hub,14.17,2026-05-17,2026-05-16,On Time
O0008608,West Hub,7.79,2026-05-19,2026-05-23,Late
O0008609,West Hub,11.7,2026-05-21,2026-05-20,On Time
O0008610,Central Hub,11.98,2026-05-21,2026-05-20,On Time
O0008611,Central Hub,11.65,2026-05-20,2026-05-19,On Time
O0008612,Central Hub,10.83,2026-05-19,2026-05-18,On Time
O0008613,West Hub,12.87,2026-05-21,2026-05-21,On Time
O0008614,East Hub,8.51,2026-05-21,2026-05-23,Late
O0008615,West Hub,10.31,2026-05-20,2026-05-19,On Time
O0008616,West Hub,25.27,2026-05-19,2026-05-19,On Time
O0008617,East Hub,9.12,2026-05-21,2026-05-25,Late
O0008618,West Hub,17.5,2026-05-19,2026-05-18,On Time
O0008619,East Hub,14.52,2026-05-18,2026-05-17,On Time
O0008620,East Hub,10.21,2026-05-21,2026-05-20,On Time
O0008621,East Hub,9.56,2026-05-20,2026-05-19,On Time
O0008622,East Hub,5.68,2026-05-21,2026-05-20,On Time
O0008623,Central Hub,7.89,2026-05-21,2026-05-21,On Time
O0008624,Central Hub,7.41,2026-05-19,2026-05-19,On Time
O0008625,West Hub,8.65,2026-05-20,2026-05-19,On Time
O0008626,East Hub,9.61,2026-05-18,2026-05-17,On Time
O0008627,Central Hub,12.29,2026-05-20,2026-05-19,On Time
O0008628,West Hub,8.38,2026-05-20,2026-05-20,On Time
O0008629,East Hub,11.13,2026-05-20,2026-05-19,On Time
O0008630,Central Hub,15.55,2026-05-20,2026-05-20,On Time
O0008631,Central Hub,6.97,2026-05-19,2026-05-18,On Time
O0008632,West Hub,18.31,2026-05-21,2026-05-20,On Time
O0008633,East Hub,13.17,2026-05-18,2026-05-17,On Time
O0008634,Central Hub,14.38,2026-05-20,2026-05-19,On Time
O0008635,West Hub,12.09,2026-05-18,2026-05-17,On Time
O0008636,East Hub,18.64,2026-05-18,2026-05-17,On Time
O0008637,East Hub,12.06,2026-05-18,2026-05-18,On Time
O0008638,East Hub,9.24,2026-05-21,2026-05-20,On Time
O0008639,East Hub,11.36,2026-05-18,2026-05-18,On Time
O0008640,East Hub,9.47,2026-05-19,2026-05-18,On Time
O0008641,West Hub,12.11,2026-05-18,2026-05-18,On Time
O0008642,East Hub,7.74,2026-05-20,2026-05-19,On Time
O0008643,Central Hub,8.33,2026-05-19,2026-05-18,On Time
O0008644,East Hub,6.93,2026-05-18,2026-05-23,Late
O0008645,West Hub,15.52,2026-05-21,2026-05-26,Late
O0008646,East Hub,6.62,2026-05-18,2026-05-18,On Time
O0008647,Central Hub,15.71,2026-05-18,2026-05-20,Late
O0008648,East Hub,7.68,2026-05-18,2026-05-18,On Time
O0008649,East Hub,14.32,2026-05-21,2026-05-21,On Time
O0008650,Central Hub,6.18,2026-05-21,2026-05-20,On Time
O0008651,West Hub,10.76,2026-05-20,2026-05-19,On Time
O0008652,West Hub,12.78,2026-05-21,2026-05-21,On Time
O0008653,West Hub,8.0,2026-05-20,2026-05-19,On Time
O0008654,Central Hub,8.72,2026-05-18,2026-05-18,On Time
O0008655,West Hub,11.58,2026-05-19,2026-05-19,On Time
O0008656,East Hub,8.47,2026-05-18,2026-05-18,On Time
O0008657,Central Hub,7.61,2026-05-19,2026-05-18,On Time
O0008658,Central Hub,12.47,2026-05-19,2026-05-21,Late
O0008659,West Hub,8.83,2026-05-21,2026-05-20,On Time
O0008660,Central Hub,9.79,2026-05-18,2026-05-17,On Time
O0008661,East Hub,13.25,2026-05-18,2026-05-17,On Time
O0008662,Central Hub,11.44,2026-05-18,2026-05-18,On Time
O0008663,West Hub,9.97,2026-05-18,2026-05-17,On Time
O0008664,East Hub,15.59,2026-05-19,2026-05-19,On Time
O0008665,East Hub,7.72,2026-05-20,2026-05-19,On Time
O0008666,West Hub,18.16,2026-05-19,2026-05-24,Late
O0008667,East Hub,10.15,2026-05-19,2026-05-18,On Time
O0008668,East Hub,17.29,2026-05-19,2026-05-19,On Time
O0008669,West Hub,7.17,2026-05-19,2026-05-19,On Time
O0008670,Central Hub,7.56,2026-05-20,2026-05-20,On Time
O0008671,West Hub,10.63,2026-05-21,2026-05-20,On Time
O0008672,Central Hub,8.51,2026-05-21,2026-05-20,On Time
O0008673,West Hub,24.17,2026-05-19,2026-05-18,On Time
O0008674,West Hub,10.88,2026-05-20,2026-05-19,On Time
O0008675,West Hub,9.01,2026-05-19,2026-05-19,On Time
O0008676,Central Hub,11.96,2026-05-18,2026-05-17,On Time
O0008677,East Hub,21.76,2026-05-19,2026-05-19,On Time
O0008678,East Hub,17.19,2026-05-20,2026-05-20,On Time
O0008679,West Hub,8.42,2026-05-21,2026-05-21,On Time
O0008680,East Hub,12.43,2026-05-20,2026-05-19,On Time
O0008681,East Hub,9.06,2026-05-20,2026-05-20,On Time
O0008682,East Hub,8.63,2026-05-18,2026-05-18,On Time
O0008683,West Hub,9.42,2026-05-19,2026-05-20,Late
O0008684,Central Hub,12.81,2026-05-19,2026-05-18,On Time
O0008685,East Hub,10.71,2026-05-18,2026-05-18,On Time
O0008686,East Hub,9.92,2026-05-20,2026-05-22,Late
O0008687,Central Hub,21.05,2026-05-18,2026-05-17,On Time
O0008688,West Hub,8.63,2026-05-19,2026-05-18,On Time
O0008689,Central Hub,8.89,2026-05-20,2026-05-20,On Time
O0008690,Central Hub,12.77,2026-05-18,2026-05-17,On Time
O0008691,East Hub,9.01,2026-05-21,2026-05-20,On Time
O0008692,West Hub,9.11,2026-05-18,2026-05-17,On Time
O0008693,Central Hub,6.74,2026-05-18,2026-05-17,On Time
O0008694,Central Hub,6.78,2026-05-19,2026-05-18,On Time
O0008695,West Hub,10.47,2026-05-18,2026-05-17,On Time
O0008696,West Hub,14.96,2026-05-20,2026-05-20,On Time
O0008697,Central Hub,7.02,2026-05-21,2026-05-21,On Time
O0008698,West Hub,13.03,2026-05-21,2026-05-20,On Time
O0008699,East Hub,9.32,2026-05-21,2026-05-21,On Time
O0008700,East Hub,9.08,2026-05-21,2026-05-20,On Time
O0008701,West Hub,16.61,2026-05-20,2026-05-20,On Time
O0008702,West Hub,10.47,2026-05-21,2026-05-20,On Time
O0008703,West Hub,7.53,2026-05-22,2026-05-21,On Time
O0008704,West Hub,16.09,2026-05-21,2026-05-21,On Time
O0008705,West Hub,14.89,2026-05-22,2026-05-22,On Time
O0008706,East Hub,6.71,2026-05-22,2026-05-22,On Time
O0008707,Central Hub,8.78,2026-05-20,2026-05-20,On Time
O0008708,West Hub,6.67,2026-05-19,2026-05-18,On Time
O0008709,West Hub,11.82,2026-05-19,2026-05-18,On Time
O0008710,East Hub,8.5,2026-05-21,2026-05-20,On Time
O0008711,West Hub,7.66,2026-05-21,2026-05-21,On Time
O0008712,West Hub,28.03,2026-05-19,2026-05-19,On Time
O0008713,West Hub,17.2,2026-05-19,2026-05-19,On Time
O0008714,East Hub,12.6,2026-05-19,2026-05-19,On Time
O0008715,East Hub,9.89,2026-05-19,2026-05-19,On Time
O0008716,East Hub,7.55,2026-05-21,2026-05-21,On Time
O0008717,West Hub,14.68,2026-05-21,2026-05-21,On Time
O0008718,East Hub,7.13,2026-05-20,2026-05-19,On Time
O0008719,West Hub,10.88,2026-05-19,2026-05-18,On Time
O0008720,Central Hub,6.65,2026-05-22,2026-05-21,On Time
O0008721,Central Hub,11.17,2026-05-22,2026-05-21,On Time
O0008722,East Hub,16.9,2026-05-19,2026-05-19,On Time
O0008723,East Hub,11.93,2026-05-19,2026-05-19,On Time
O0008724,West Hub,11.91,2026-05-21,2026-05-21,On Time
O0008725,West Hub,9.44,2026-05-19,2026-05-18,On Time
O0008726,Central Hub,9.43,2026-05-22,2026-05-22,On Time
O0008727,West Hub,9.33,2026-05-21,2026-05-20,On Time
O0008728,West Hub,11.75,2026-05-19,2026-05-19,On Time
O0008729,Central Hub,12.57,2026-05-21,2026-05-23,Late
O0008730,East Hub,7.73,2026-05-22,2026-05-21,On Time
O0008731,West Hub,13.18,2026-05-19,2026-05-18,On Time
O0008732,Central Hub,12.82,2026-05-22,2026-05-21,On Time
O0008733,East Hub,11.55,2026-05-22,2026-05-21,On Time
O0008734,Central Hub,13.98,2026-05-22,2026-05-22,On Time
O0008735,West Hub,12.73,2026-05-20,2026-05-19,On Time
O0008736,West Hub,10.23,2026-05-20,2026-05-20,On Time
O0008737,Central Hub,10.27,2026-05-21,2026-05-20,On Time
O0008738,West Hub,7.31,2026-05-21,2026-05-20,On Time
O0008739,West Hub,15.92,2026-05-19,2026-05-18,On Time
O0008740,Central Hub,8.63,2026-05-20,2026-05-20,On Time
O0008741,West Hub,7.6,2026-05-21,2026-05-20,On Time
O0008742,East Hub,8.75,2026-05-20,2026-05-19,On Time
O0008743,East Hub,6.51,2026-05-20,2026-05-25,Late
O0008744,Central Hub,18.5,2026-05-21,2026-05-21,On Time
O0008745,Central Hub,9.88,2026-05-21,2026-05-21,On Time
O0008746,East Hub,7.07,2026-05-19,2026-05-24,Late
O0008747,West Hub,12.21,2026-05-21,2026-05-21,On Time
O0008748,East Hub,12.99,2026-05-20,2026-05-20,On Time
O0008749,Central Hub,14.84,2026-05-20,2026-05-19,On Time
O0008750,Central Hub,11.58,2026-05-21,2026-05-21,On Time
O0008751,Central Hub,15.44,2026-05-19,2026-05-18,On Time
O0008752,East Hub,8.44,2026-05-20,2026-05-19,On Time
O0008753,East Hub,11.26,2026-05-21,2026-05-21,On Time
O0008754,East Hub,9.76,2026-05-21,2026-05-21,On Time
O0008755,East Hub,14.16,2026-05-19,2026-05-19,On Time
O0008756,West Hub,8.8,2026-05-19,2026-05-19,On Time
O0008757,Central Hub,9.29,2026-05-20,2026-05-20,On Time
O0008758,Central Hub,9.6,2026-05-20,2026-05-20,On Time
O0008759,West Hub,9.74,2026-05-21,2026-05-23,Late
O0008760,West Hub,10.52,2026-05-21,2026-05-20,On Time
O0008761,East Hub,14.09,2026-05-21,2026-05-20,On Time
O0008762,East Hub,12.55,2026-05-22,2026-05-22,On Time
O0008763,West Hub,15.96,2026-05-22,2026-05-22,On Time
O0008764,West Hub,8.48,2026-05-20,2026-05-20,On Time
O0008765,Central Hub,13.93,2026-05-21,2026-05-21,On Time
O0008766,East Hub,11.43,2026-05-19,2026-05-18,On Time
O0008767,East Hub,10.04,2026-05-21,2026-05-20,On Time
O0008768,Central Hub,12.18,2026-05-21,2026-05-20,On Time
O0008769,Central Hub,10.96,2026-05-20,2026-05-20,On Time
O0008770,Central Hub,8.78,2026-05-21,2026-05-20,On Time
O0008771,West Hub,11.56,2026-05-21,2026-05-21,On Time
O0008772,Central Hub,14.03,2026-05-20,2026-05-19,On Time
O0008773,West Hub,10.85,2026-05-20,2026-05-21,Late
O0008774,Central Hub,6.18,2026-05-21,2026-05-26,Late
O0008775,West Hub,11.19,2026-05-22,2026-05-21,On Time
O0008776,Central Hub,7.95,2026-05-21,2026-05-21,On Time
O0008777,Central Hub,10.29,2026-05-21,2026-05-21,On Time
O0008778,West Hub,13.72,2026-05-19,2026-05-19,On Time
O0008779,West Hub,11.55,2026-05-21,2026-05-20,On Time
O0008780,East Hub,14.71,2026-05-22,2026-05-21,On Time
O0008781,East Hub,14.58,2026-05-22,2026-05-22,On Time
O0008782,East Hub,9.47,2026-05-21,2026-05-20,On Time
O0008783,East Hub,11.04,2026-05-21,2026-05-24,Late
O0008784,Central Hub,10.86,2026-05-21,2026-05-20,On Time
O0008785,West Hub,8.65,2026-05-21,2026-05-20,On Time
O0008786,West Hub,11.59,2026-05-21,2026-05-21,On Time
O0008787,East Hub,8.84,2026-05-22,2026-05-22,On Time
O0008788,West Hub,11.22,2026-05-20,2026-05-19,On Time
O0008789,East Hub,12.63,2026-05-23,2026-05-22,On Time
O0008790,East Hub,7.68,2026-05-21,2026-05-20,On Time
O0008791,Central Hub,15.12,2026-05-23,2026-05-22,On Time
O0008792,East Hub,9.91,2026-05-21,2026-05-20,On Time
O0008793,West Hub,21.52,2026-05-23,2026-05-23,On Time
O0008794,East Hub,20.18,2026-05-21,2026-05-20,On Time
O0008795,East Hub,14.44,2026-05-20,2026-05-19,On Time
O0008796,Central Hub,23.45,2026-05-21,2026-05-21,On Time
O0008797,Central Hub,11.7,2026-05-23,2026-05-22,On Time
O0008798,West Hub,11.77,2026-05-23,2026-05-23,On Time
O0008799,West Hub,14.05,2026-05-21,2026-05-21,On Time
O0008800,Central Hub,12.38,2026-05-20,2026-05-19,On Time
O0008801,West Hub,11.64,2026-05-22,2026-05-22,On Time
O0008802,West Hub,14.21,2026-05-22,2026-05-22,On Time
O0008803,East Hub,8.79,2026-05-22,2026-05-22,On Time
O0008804,Central Hub,8.4,2026-05-23,2026-05-22,On Time
O0008805,Central Hub,7.62,2026-05-21,2026-05-23,Late
O0008806,East Hub,19.05,2026-05-23,2026-05-23,On Time
O0008807,West Hub,12.09,2026-05-21,2026-05-20,On Time
O0008808,Central Hub,10.77,2026-05-20,2026-05-19,On Time
O0008809,East Hub,10.55,2026-05-20,2026-05-20,On Time
O0008810,East Hub,5.91,2026-05-22,2026-05-21,On Time
O0008811,Central Hub,10.1,2026-05-23,2026-05-23,On Time
O0008812,Central Hub,11.74,2026-05-21,2026-05-20,On Time
O0008813,West Hub,10.76,2026-05-23,2026-05-23,On Time
O0008814,West Hub,16.04,2026-05-22,2026-05-22,On Time
O0008815,West Hub,11.66,2026-05-22,2026-05-21,On Time
O0008816,West Hub,19.14,2026-05-21,2026-05-20,On Time
O0008817,West Hub,16.74,2026-05-20,2026-05-25,Late
O0008818,East Hub,7.79,2026-05-22,2026-05-21,On Time
O0008819,East Hub,7.85,2026-05-23,2026-05-23,On Time
O0008820,West Hub,13.54,2026-05-23,2026-05-22,On Time
O0008821,West Hub,10.81,2026-05-20,2026-05-20,On Time
O0008822,West Hub,8.48,2026-05-22,2026-05-22,On Time
O0008823,West Hub,7.98,2026-05-23,2026-05-22,On Time
O0008824,East Hub,6.73,2026-05-21,2026-05-20,On Time
O0008825,West Hub,11.98,2026-05-23,2026-05-22,On Time
O0008826,West Hub,8.54,2026-05-23,2026-05-23,On Time
O0008827,Central Hub,12.59,2026-05-21,2026-05-21,On Time
O0008828,Central Hub,9.49,2026-05-23,2026-05-27,Late
O0008829,Central Hub,12.59,2026-05-22,2026-05-24,Late
O0008830,Central Hub,8.36,2026-05-20,2026-05-20,On Time
O0008831,West Hub,9.47,2026-05-21,2026-05-26,Late
O0008832,West Hub,14.18,2026-05-22,2026-05-26,Late
O0008833,East Hub,18.66,2026-05-20,2026-05-20,On Time
O0008834,West Hub,8.77,2026-05-20,2026-05-19,On Time
O0008835,West Hub,12.53,2026-05-20,2026-05-19,On Time
O0008836,Central Hub,22.59,2026-05-20,2026-05-20,On Time
O0008837,Central Hub,11.93,2026-05-23,2026-05-22,On Time
O0008838,East Hub,8.36,2026-05-23,2026-05-22,On Time
O0008839,West Hub,11.71,2026-05-23,2026-05-22,On Time
O0008840,East Hub,7.86,2026-05-23,2026-05-23,On Time
O0008841,Central Hub,11.9,2026-05-21,2026-05-20,On Time
O0008842,East Hub,14.11,2026-05-20,2026-05-19,On Time
O0008843,East Hub,9.29,2026-05-20,2026-05-20,On Time
O0008844,East Hub,7.37,2026-05-20,2026-05-19,On Time
O0008845,Central Hub,16.67,2026-05-23,2026-05-22,On Time
O0008846,Central Hub,12.78,2026-05-23,2026-05-24,Late
O0008847,East Hub,10.58,2026-05-22,2026-05-21,On Time
O0008848,East Hub,18.81,2026-05-22,2026-05-21,On Time
O0008849,West Hub,13.09,2026-05-21,2026-05-20,On Time
O0008850,West Hub,12.23,2026-05-23,2026-05-23,On Time
O0008851,Central Hub,11.35,2026-05-22,2026-05-21,On Time
O0008852,West Hub,12.07,2026-05-23,2026-05-22,On Time
O0008853,West Hub,18.83,2026-05-20,2026-05-24,Late
O0008854,Central Hub,16.95,2026-05-20,2026-05-19,On Time
O0008855,West Hub,23.79,2026-05-23,2026-05-23,On Time
O0008856,East Hub,9.87,2026-05-21,2026-05-23,Late
O0008857,West Hub,11.48,2026-05-22,2026-05-21,On Time
O0008858,West Hub,10.74,2026-05-20,2026-05-20,On Time
O0008859,East Hub,10.68,2026-05-20,2026-05-23,Late
O0008860,Central Hub,14.8,2026-05-22,2026-05-22,On Time
O0008861,West Hub,10.15,2026-05-23,2026-05-23,On Time
O0008862,East Hub,7.0,2026-05-22,2026-05-22,On Time
O0008863,East Hub,7.07,2026-05-20,2026-05-20,On Time
O0008864,Central Hub,6.87,2026-05-23,2026-05-22,On Time
O0008865,West Hub,13.75,2026-05-24,2026-05-24,On Time
O0008866,Central Hub,6.55,2026-05-22,2026-05-22,On Time
O0008867,West Hub,20.12,2026-05-24,2026-05-24,On Time
O0008868,East Hub,9.44,2026-05-23,2026-05-23,On Time
O0008869,Central Hub,7.23,2026-05-23,2026-05-23,On Time
O0008870,East Hub,16.41,2026-05-22,2026-05-22,On Time
O0008871,East Hub,10.65,2026-05-22,2026-05-22,On Time
O0008872,Central Hub,7.98,2026-05-22,2026-05-21,On Time
O0008873,East Hub,7.68,2026-05-24,2026-05-27,Late
O0008874,East Hub,8.11,2026-05-22,2026-05-22,On Time
O0008875,West Hub,11.02,2026-05-22,2026-05-22,On Time
O0008876,West Hub,13.26,2026-05-23,2026-05-22,On Time
O0008877,West Hub,22.38,2026-05-22,2026-05-21,On Time
O0008878,East Hub,15.3,2026-05-24,2026-05-24,On Time
O0008879,East Hub,9.53,2026-05-24,2026-05-24,On Time
O0008880,West Hub,11.56,2026-05-23,2026-05-23,On Time
O0008881,East Hub,16.04,2026-05-21,2026-05-20,On Time
O0008882,West Hub,23.2,2026-05-23,2026-05-22,On Time
O0008883,West Hub,17.37,2026-05-24,2026-05-23,On Time
O0008884,West Hub,13.03,2026-05-21,2026-05-24,Late
O0008885,East Hub,11.82,2026-05-24,2026-05-24,On Time
O0008886,East Hub,6.91,2026-05-23,2026-05-23,On Time
O0008887,West Hub,9.83,2026-05-23,2026-05-23,On Time
O0008888,West Hub,8.67,2026-05-22,2026-05-22,On Time
O0008889,East Hub,14.95,2026-05-23,2026-05-22,On Time
O0008890,Central Hub,11.7,2026-05-24,2026-05-29,Late
O0008891,West Hub,10.76,2026-05-22,2026-05-22,On Time
O0008892,Central Hub,10.51,2026-05-22,2026-05-22,On Time
O0008893,Central Hub,10.07,2026-05-22,2026-05-22,On Time
O0008894,East Hub,8.85,2026-05-21,2026-05-20,On Time
O0008895,West Hub,14.03,2026-05-24,2026-05-24,On Time
O0008896,Central Hub,8.22,2026-05-22,2026-05-21,On Time
O0008897,Central Hub,11.35,2026-05-21,2026-05-21,On Time
O0008898,West Hub,11.25,2026-05-22,2026-05-21,On Time
O0008899,West Hub,9.95,2026-05-21,2026-05-20,On Time
O0008900,Central Hub,10.78,2026-05-22,2026-05-21,On Time
O0008901,East Hub,18.69,2026-05-24,2026-05-23,On Time
O0008902,Central Hub,8.04,2026-05-21,2026-05-20,On Time
O0008903,Central Hub,19.96,2026-05-24,2026-05-23,On Time
O0008904,East Hub,8.77,2026-05-21,2026-05-21,On Time
O0008905,West Hub,20.13,2026-05-21,2026-05-25,Late
O0008906,Central Hub,7.22,2026-05-24,2026-05-24,On Time
O0008907,West Hub,9.97,2026-05-23,2026-05-23,On Time
O0008908,Central Hub,5.24,2026-05-22,2026-05-22,On Time
O0008909,Central Hub,9.69,2026-05-21,2026-05-21,On Time
O0008910,West Hub,12.64,2026-05-23,2026-05-22,On Time
O0008911,East Hub,12.52,2026-05-23,2026-05-23,On Time
O0008912,East Hub,13.74,2026-05-22,2026-05-22,On Time
O0008913,Central Hub,10.0,2026-05-24,2026-05-23,On Time
O0008914,West Hub,7.68,2026-05-23,2026-05-24,Late
O0008915,Central Hub,7.11,2026-05-21,2026-05-20,On Time
O0008916,Central Hub,10.16,2026-05-21,2026-05-20,On Time
O0008917,West Hub,15.95,2026-05-21,2026-05-21,On Time
O0008918,Central Hub,11.2,2026-05-22,2026-05-22,On Time
O0008919,East Hub,9.43,2026-05-24,2026-05-24,On Time
O0008920,East Hub,9.13,2026-05-22,2026-05-21,On Time
O0008921,Central Hub,7.17,2026-05-24,2026-05-23,On Time
O0008922,West Hub,12.73,2026-05-23,2026-05-22,On Time
O0008923,Central Hub,7.12,2026-05-21,2026-05-20,On Time
O0008924,West Hub,13.76,2026-05-23,2026-05-22,On Time
O0008925,East Hub,11.82,2026-05-23,2026-05-23,On Time
O0008926,West Hub,17.93,2026-05-23,2026-05-22,On Time
O0008927,Central Hub,8.72,2026-05-23,2026-05-23,On Time
O0008928,West Hub,7.49,2026-05-22,2026-05-21,On Time
O0008929,East Hub,9.6,2026-05-21,2026-05-21,On Time
O0008930,East Hub,9.35,2026-05-24,2026-05-23,On Time
O0008931,East Hub,17.44,2026-05-21,2026-05-20,On Time
O0008932,Central Hub,6.65,2026-05-24,2026-05-24,On Time
O0008933,East Hub,7.06,2026-05-24,2026-05-23,On Time
O0008934,Central Hub,6.39,2026-05-22,2026-05-21,On Time
O0008935,West Hub,11.66,2026-05-21,2026-05-21,On Time
O0008936,Central Hub,12.17,2026-05-22,2026-05-22,On Time
O0008937,Central Hub,7.47,2026-05-25,2026-05-24,On Time
O0008938,East Hub,9.3,2026-05-24,2026-05-23,On Time
O0008939,West Hub,8.21,2026-05-25,2026-05-28,Late
O0008940,East Hub,9.02,2026-05-23,2026-05-22,On Time
O0008941,Central Hub,11.32,2026-05-24,2026-05-23,On Time
O0008942,East Hub,9.45,2026-05-22,2026-05-22,On Time
O0008943,West Hub,16.26,2026-05-24,2026-05-23,On Time
O0008944,West Hub,13.32,2026-05-23,2026-05-22,On Time
O0008945,East Hub,11.04,2026-05-25,2026-05-25,On Time
O0008946,Central Hub,8.23,2026-05-22,2026-05-22,On Time
O0008947,East Hub,5.82,2026-05-24,2026-05-24,On Time
O0008948,West Hub,15.03,2026-05-24,2026-05-24,On Time
O0008949,West Hub,21.31,2026-05-25,2026-05-25,On Time
O0008950,West Hub,11.47,2026-05-24,2026-05-24,On Time
O0008951,East Hub,8.58,2026-05-25,2026-05-25,On Time
O0008952,Central Hub,9.18,2026-05-25,2026-05-24,On Time
O0008953,West Hub,7.86,2026-05-25,2026-05-24,On Time
O0008954,Central Hub,13.88,2026-05-24,2026-05-24,On Time
O0008955,West Hub,9.32,2026-05-22,2026-05-21,On Time
O0008956,Central Hub,7.28,2026-05-25,2026-05-25,On Time
O0008957,West Hub,13.88,2026-05-22,2026-05-26,Late
O0008958,West Hub,14.85,2026-05-25,2026-05-25,On Time
O0008959,Central Hub,7.86,2026-05-23,2026-05-23,On Time
O0008960,West Hub,9.48,2026-05-24,2026-05-23,On Time
O0008961,West Hub,30.34,2026-05-23,2026-05-22,On Time
O0008962,East Hub,10.14,2026-05-24,2026-05-23,On Time
O0008963,West Hub,9.91,2026-05-23,2026-05-22,On Time
O0008964,Central Hub,7.03,2026-05-23,2026-05-23,On Time
O0008965,East Hub,12.13,2026-05-25,2026-05-24,On Time
O0008966,East Hub,22.65,2026-05-25,2026-05-25,On Time
O0008967,Central Hub,17.68,2026-05-24,2026-05-24,On Time
O0008968,East Hub,9.58,2026-05-25,2026-05-24,On Time
O0008969,West Hub,8.35,2026-05-23,2026-05-22,On Time
O0008970,East Hub,12.78,2026-05-24,2026-05-23,On Time
O0008971,West Hub,9.71,2026-05-22,2026-05-21,On Time
O0008972,West Hub,10.53,2026-05-25,2026-05-24,On Time
O0008973,Central Hub,7.82,2026-05-24,2026-05-23,On Time
O0008974,West Hub,11.83,2026-05-25,2026-05-25,On Time
O0008975,West Hub,10.94,2026-05-23,2026-05-22,On Time
O0008976,Central Hub,12.68,2026-05-24,2026-05-23,On Time
O0008977,West Hub,9.91,2026-05-23,2026-05-22,On Time
O0008978,West Hub,15.46,2026-05-23,2026-05-23,On Time
O0008979,Central Hub,8.38,2026-05-22,2026-05-21,On Time
O0008980,West Hub,10.7,2026-05-23,2026-05-24,Late
O0008981,East Hub,8.4,2026-05-22,2026-05-22,On Time
O0008982,Central Hub,13.44,2026-05-24,2026-05-24,On Time
O0008983,Central Hub,11.53,2026-05-22,2026-05-21,On Time
O0008984,West Hub,12.91,2026-05-22,2026-05-22,On Time
O0008985,Central Hub,8.36,2026-05-24,2026-05-24,On Time
O0008986,Central Hub,11.48,2026-05-24,2026-05-23,On Time
O0008987,East Hub,12.56,2026-05-25,2026-05-24,On Time
O0008988,East Hub,10.36,2026-05-22,2026-05-22,On Time
O0008989,West Hub,15.81,2026-05-25,2026-05-25,On Time
O0008990,West Hub,9.48,2026-05-24,2026-05-24,On Time
O0008991,West Hub,9.72,2026-05-25,2026-05-24,On Time
O0008992,Central Hub,7.89,2026-05-25,2026-05-24,On Time
O0008993,East Hub,10.4,2026-05-22,2026-05-22,On Time
O0008994,West Hub,9.08,2026-05-24,2026-05-23,On Time
O0008995,West Hub,13.41,2026-05-22,2026-05-27,Late
O0008996,West Hub,10.39,2026-05-24,2026-05-23,On Time
O0008997,Central Hub,10.73,2026-05-24,2026-05-24,On Time
O0008998,West Hub,9.86,2026-05-23,2026-05-22,On Time
O0008999,West Hub,8.58,2026-05-22,2026-05-21,On Time
O0009000,West Hub,21.13,2026-05-25,2026-05-24,On Time
O0009001,West Hub,7.24,2026-05-22,2026-05-22,On Time
O0009002,East Hub,15.33,2026-05-25,2026-05-24,On Time
O0009003,West Hub,11.27,2026-05-23,2026-05-24,Late
O0009004,West Hub,15.63,2026-05-22,2026-05-21,On Time
O0009005,Central Hub,12.13,2026-05-24,2026-05-24,On Time
O0009006,Central Hub,25.88,2026-05-23,2026-05-22,On Time
O0009007,Central Hub,10.87,2026-05-22,2026-05-21,On Time
O0009008,West Hub,21.48,2026-05-24,2026-05-24,On Time
O0009009,Central Hub,9.68,2026-05-25,2026-05-25,On Time
O0009010,Central Hub,13.17,2026-05-22,2026-05-21,On Time
O0009011,East Hub,9.48,2026-05-23,2026-05-23,On Time
O0009012,West Hub,10.81,2026-05-25,2026-05-24,On Time
O0009013,Central Hub,17.1,2026-05-24,2026-05-27,Late
O0009014,East Hub,7.95,2026-05-25,2026-05-25,On Time
O0009015,Central Hub,11.95,2026-05-25,2026-05-24,On Time
O0009016,West Hub,19.0,2026-05-22,2026-05-22,On Time
O0009017,Central Hub,7.55,2026-05-24,2026-05-23,On Time
O0009018,West Hub,15.66,2026-05-25,2026-05-28,Late
O0009019,Central Hub,7.02,2026-05-25,2026-05-26,Late
O0009020,West Hub,11.76,2026-05-24,2026-05-24,On Time
O0009021,East Hub,8.27,2026-05-26,2026-05-26,On Time
O0009022,Central Hub,12.05,2026-05-23,2026-05-22,On Time
O0009023,West Hub,9.09,2026-05-25,2026-05-25,On Time
O0009024,East Hub,13.12,2026-05-23,2026-05-22,On Time
O0009025,East Hub,13.1,2026-05-26,2026-05-26,On Time
O0009026,East Hub,7.87,2026-05-25,2026-05-24,On Time
O0009027,West Hub,11.63,2026-05-26,2026-05-25,On Time
O0009028,West Hub,19.72,2026-05-23,2026-05-22,On Time
O0009029,Central Hub,6.77,2026-05-24,2026-05-23,On Time
O0009030,Central Hub,15.38,2026-05-26,2026-05-25,On Time
O0009031,Central Hub,12.43,2026-05-26,2026-05-26,On Time
O0009032,East Hub,9.08,2026-05-25,2026-05-25,On Time
O0009033,East Hub,9.58,2026-05-26,2026-05-26,On Time
O0009034,East Hub,9.25,2026-05-26,2026-05-26,On Time
O0009035,East Hub,12.36,2026-05-26,2026-05-25,On Time
O0009036,East Hub,7.96,2026-05-23,2026-05-22,On Time
O0009037,West Hub,12.42,2026-05-25,2026-05-26,Late
O0009038,East Hub,10.11,2026-05-23,2026-05-23,On Time
O0009039,Central Hub,8.95,2026-05-24,2026-05-23,On Time
O0009040,West Hub,14.64,2026-05-25,2026-05-24,On Time
O0009041,West Hub,8.85,2026-05-26,2026-05-25,On Time
O0009042,East Hub,6.55,2026-05-25,2026-05-24,On Time
O0009043,Central Hub,10.4,2026-05-25,2026-05-24,On Time
O0009044,East Hub,19.81,2026-05-23,2026-05-22,On Time
O0009045,Central Hub,22.43,2026-05-23,2026-05-23,On Time
O0009046,West Hub,9.29,2026-05-23,2026-05-23,On Time
O0009047,East Hub,17.02,2026-05-24,2026-05-25,Late
O0009048,West Hub,12.83,2026-05-25,2026-05-25,On Time
O0009049,Central Hub,9.6,2026-05-23,2026-05-22,On Time
O0009050,East Hub,13.5,2026-05-25,2026-05-24,On Time
O0009051,Central Hub,12.13,2026-05-25,2026-05-25,On Time
O0009052,Central Hub,8.75,2026-05-23,2026-05-22,On Time
O0009053,Central Hub,9.55,2026-05-25,2026-05-24,On Time
O0009054,Central Hub,18.72,2026-05-23,2026-05-23,On Time
O0009055,East Hub,10.17,2026-05-24,2026-05-23,On Time
O0009056,West Hub,11.95,2026-05-26,2026-05-25,On Time
O0009057,East Hub,7.62,2026-05-26,2026-05-26,On Time
O0009058,East Hub,13.88,2026-05-25,2026-05-24,On Time
O0009059,West Hub,20.89,2026-05-25,2026-05-24,On Time
O0009060,East Hub,14.63,2026-05-25,2026-05-24,On Time
O0009061,West Hub,14.52,2026-05-23,2026-05-23,On Time
O0009062,Central Hub,13.12,2026-05-26,2026-05-26,On Time
O0009063,Central Hub,15.38,2026-05-25,2026-05-25,On Time
O0009064,East Hub,10.44,2026-05-23,2026-05-23,On Time
O0009065,Central Hub,14.39,2026-05-24,2026-05-27,Late
O0009066,Central Hub,11.12,2026-05-25,2026-05-24,On Time
O0009067,East Hub,8.62,2026-05-23,2026-05-23,On Time
O0009068,Central Hub,12.4,2026-05-26,2026-05-26,On Time
O0009069,Central Hub,12.33,2026-05-23,2026-05-22,On Time
O0009070,East Hub,8.94,2026-05-26,2026-05-26,On Time
O0009071,Central Hub,8.47,2026-05-23,2026-05-23,On Time
O0009072,West Hub,11.81,2026-05-25,2026-05-24,On Time
O0009073,East Hub,7.0,2026-05-26,2026-05-26,On Time
O0009074,West Hub,11.8,2026-05-24,2026-05-24,On Time
O0009075,West Hub,19.36,2026-05-25,2026-05-25,On Time
O0009076,West Hub,11.73,2026-05-23,2026-05-22,On Time
O0009077,West Hub,12.18,2026-05-26,2026-05-25,On Time
O0009078,East Hub,8.97,2026-05-26,2026-05-25,On Time
O0009079,East Hub,11.73,2026-05-26,2026-05-26,On Time
O0009080,East Hub,13.27,2026-05-25,2026-05-24,On Time
O0009081,West Hub,8.23,2026-05-24,2026-05-24,On Time
O0009082,Central Hub,8.37,2026-05-26,2026-05-26,On Time
O0009083,Central Hub,15.17,2026-05-24,2026-05-23,On Time
O0009084,Central Hub,8.88,2026-05-26,2026-05-26,On Time
O0009085,Central Hub,9.76,2026-05-26,2026-05-25,On Time
O0009086,Central Hub,14.24,2026-05-27,2026-05-27,On Time
O0009087,East Hub,8.0,2026-05-26,2026-05-26,On Time
O0009088,West Hub,8.47,2026-05-24,2026-05-24,On Time
O0009089,West Hub,9.15,2026-05-25,2026-05-25,On Time
O0009090,Central Hub,8.56,2026-05-25,2026-05-25,On Time
O0009091,Central Hub,7.5,2026-05-25,2026-05-24,On Time
O0009092,East Hub,15.62,2026-05-26,2026-05-26,On Time
O0009093,Central Hub,8.28,2026-05-26,2026-05-26,On Time
O0009094,Central Hub,8.3,2026-05-25,2026-05-25,On Time
O0009095,West Hub,9.0,2026-05-27,2026-05-26,On Time
O0009096,Central Hub,7.97,2026-05-25,2026-05-25,On Time
O0009097,West Hub,11.14,2026-05-24,2026-05-23,On Time
O0009098,East Hub,9.5,2026-05-24,2026-05-23,On Time
O0009099,West Hub,10.75,2026-05-25,2026-05-24,On Time
O0009100,West Hub,10.73,2026-05-27,2026-05-27,On Time
O0009101,Central Hub,5.92,2026-05-25,2026-05-25,On Time
O0009102,Central Hub,7.69,2026-05-24,2026-05-23,On Time
O0009103,Central Hub,10.36,2026-05-26,2026-05-25,On Time
O0009104,Central Hub,10.51,2026-05-27,2026-05-27,On Time
O0009105,Central Hub,15.36,2026-05-24,2026-05-23,On Time
O0009106,Central Hub,11.22,2026-05-25,2026-05-29,Late
O0009107,Central Hub,11.14,2026-05-25,2026-05-25,On Time
O0009108,East Hub,5.97,2026-05-25,2026-05-25,On Time
O0009109,West Hub,18.1,2026-05-26,2026-05-26,On Time
O0009110,Central Hub,14.86,2026-05-24,2026-05-23,On Time
O0009111,Central Hub,15.41,2026-05-24,2026-05-23,On Time
O0009112,West Hub,8.29,2026-05-24,2026-05-24,On Time
O0009113,West Hub,10.9,2026-05-26,2026-05-26,On Time
O0009114,East Hub,9.41,2026-05-26,2026-05-26,On Time
O0009115,Central Hub,12.75,2026-05-25,2026-05-25,On Time
O0009116,West Hub,20.49,2026-05-24,2026-05-28,Late
O0009117,Central Hub,10.22,2026-05-24,2026-05-24,On Time
O0009118,Central Hub,10.41,2026-05-26,2026-05-26,On Time
O0009119,West Hub,8.55,2026-05-24,2026-05-24,On Time
O0009120,East Hub,14.44,2026-05-25,2026-05-24,On Time
O0009121,Central Hub,8.69,2026-05-24,2026-05-23,On Time
O0009122,East Hub,9.19,2026-05-27,2026-05-26,On Time
O0009123,West Hub,14.77,2026-05-27,2026-05-27,On Time
O0009124,Central Hub,6.26,2026-05-24,2026-05-23,On Time
O0009125,West Hub,13.73,2026-05-26,2026-05-25,On Time
O0009126,Central Hub,13.22,2026-05-27,2026-05-27,On Time
O0009127,Central Hub,16.65,2026-05-27,2026-05-27,On Time
O0009128,East Hub,8.21,2026-05-27,2026-05-26,On Time
O0009129,Central Hub,19.98,2026-05-27,2026-05-30,Late
O0009130,West Hub,14.84,2026-05-24,2026-05-24,On Time
O0009131,Central Hub,10.57,2026-05-26,2026-05-25,On Time
O0009132,Central Hub,7.41,2026-05-24,2026-05-29,Late
O0009133,East Hub,11.88,2026-05-26,2026-05-26,On Time
O0009134,Central Hub,11.65,2026-05-26,2026-05-28,Late
O0009135,Central Hub,9.91,2026-05-27,2026-05-26,On Time
O0009136,West Hub,10.68,2026-05-26,2026-05-25,On Time
O0009137,Central Hub,9.5,2026-05-26,2026-05-25,On Time
O0009138,Central Hub,12.63,2026-05-25,2026-05-25,On Time
O0009139,West Hub,12.12,2026-05-25,2026-05-24,On Time
O0009140,Central Hub,22.98,2026-05-27,2026-05-26,On Time
O0009141,West Hub,9.78,2026-05-26,2026-05-26,On Time
O0009142,West Hub,9.84,2026-05-24,2026-05-24,On Time
O0009143,East Hub,18.14,2026-05-25,2026-05-25,On Time
O0009144,Central Hub,14.88,2026-05-27,2026-05-26,On Time
O0009145,Central Hub,10.46,2026-05-25,2026-05-25,On Time
O0009146,West Hub,13.76,2026-05-26,2026-05-26,On Time
O0009147,Central Hub,11.14,2026-05-24,2026-05-23,On Time
O0009148,West Hub,6.85,2026-05-25,2026-05-27,Late
O0009149,West Hub,16.14,2026-05-24,2026-05-23,On Time
O0009150,East Hub,11.9,2026-05-26,2026-05-25,On Time
O0009151,Central Hub,10.25,2026-05-26,2026-05-26,On Time
O0009152,Central Hub,10.13,2026-05-25,2026-05-24,On Time
O0009153,West Hub,7.61,2026-05-27,2026-05-26,On Time
O0009154,East Hub,10.62,2026-05-24,2026-05-23,On Time
O0009155,West Hub,13.23,2026-05-24,2026-05-24,On Time
O0009156,West Hub,9.1,2026-05-27,2026-05-27,On Time
O0009157,East Hub,11.48,2026-05-26,2026-05-25,On Time
O0009158,East Hub,10.61,2026-05-24,2026-05-23,On Time
O0009159,West Hub,16.04,2026-05-25,2026-05-27,Late
O0009160,West Hub,10.17,2026-05-24,2026-05-23,On Time
O0009161,West Hub,11.83,2026-05-27,2026-05-27,On Time
O0009162,West Hub,10.56,2026-05-25,2026-05-24,On Time
O0009163,East Hub,8.37,2026-05-24,2026-05-23,On Time
O0009164,West Hub,24.07,2026-05-27,2026-05-27,On Time
O0009165,West Hub,8.48,2026-05-28,2026-05-27,On Time
O0009166,Central Hub,9.14,2026-05-26,2026-05-26,On Time
O0009167,Central Hub,11.87,2026-05-27,2026-05-26,On Time
O0009168,East Hub,16.01,2026-05-26,2026-05-31,Late
O0009169,Central Hub,12.88,2026-05-28,2026-06-02,Late
O0009170,Central Hub,15.73,2026-05-27,2026-05-27,On Time
O0009171,Central Hub,13.36,2026-05-27,2026-05-27,On Time
O0009172,East Hub,10.38,2026-05-27,2026-05-30,Late
O0009173,West Hub,8.72,2026-05-28,2026-05-29,Late
O0009174,Central Hub,8.57,2026-05-28,2026-05-27,On Time
O0009175,Central Hub,17.35,2026-05-26,2026-05-25,On Time
O0009176,East Hub,9.32,2026-05-25,2026-05-24,On Time
O0009177,West Hub,8.67,2026-05-27,2026-05-27,On Time
O0009178,East Hub,11.5,2026-05-28,2026-05-28,On Time
O0009179,East Hub,11.43,2026-05-25,2026-05-25,On Time
O0009180,Central Hub,9.51,2026-05-27,2026-05-26,On Time
O0009181,West Hub,22.93,2026-05-26,2026-05-25,On Time
O0009182,West Hub,6.44,2026-05-27,2026-05-26,On Time
O0009183,West Hub,13.13,2026-05-28,2026-05-27,On Time
O0009184,West Hub,20.62,2026-05-26,2026-05-26,On Time
O0009185,West Hub,13.33,2026-05-28,2026-05-28,On Time
O0009186,West Hub,8.97,2026-05-25,2026-05-24,On Time
O0009187,Central Hub,8.19,2026-05-28,2026-05-27,On Time
O0009188,West Hub,11.37,2026-05-27,2026-05-26,On Time
O0009189,West Hub,12.25,2026-05-28,2026-05-27,On Time
O0009190,Central Hub,15.17,2026-05-28,2026-05-27,On Time
O0009191,Central Hub,11.72,2026-05-26,2026-05-25,On Time
O0009192,West Hub,16.9,2026-05-27,2026-05-26,On Time
O0009193,Central Hub,11.73,2026-05-28,2026-05-27,On Time
O0009194,East Hub,7.88,2026-05-28,2026-05-28,On Time
O0009195,East Hub,8.24,2026-05-27,2026-05-27,On Time
O0009196,East Hub,9.02,2026-05-27,2026-05-26,On Time
O0009197,East Hub,6.65,2026-05-25,2026-05-25,On Time
O0009198,Central Hub,8.62,2026-05-28,2026-05-28,On Time
O0009199,East Hub,8.16,2026-05-26,2026-05-26,On Time
O0009200,East Hub,11.24,2026-05-25,2026-05-24,On Time
O0009201,East Hub,7.76,2026-05-26,2026-05-25,On Time
O0009202,West Hub,18.48,2026-05-27,2026-05-27,On Time
O0009203,Central Hub,9.81,2026-05-25,2026-05-25,On Time
O0009204,East Hub,7.87,2026-05-25,2026-05-25,On Time
O0009205,East Hub,8.0,2026-05-28,2026-05-28,On Time
O0009206,West Hub,9.77,2026-05-25,2026-05-24,On Time
O0009207,East Hub,13.6,2026-05-27,2026-05-27,On Time
O0009208,East Hub,10.48,2026-05-27,2026-05-26,On Time
O0009209,Central Hub,10.54,2026-05-26,2026-05-26,On Time
O0009210,East Hub,13.39,2026-05-27,2026-05-27,On Time
O0009211,Central Hub,8.71,2026-05-25,2026-05-25,On Time
O0009212,West Hub,15.25,2026-05-26,2026-05-26,On Time
O0009213,Central Hub,9.79,2026-05-25,2026-05-25,On Time
O0009214,Central Hub,9.1,2026-05-26,2026-05-26,On Time
O0009215,West Hub,8.48,2026-05-26,2026-05-30,Late
O0009216,West Hub,12.78,2026-05-26,2026-05-26,On Time
O0009217,West Hub,9.47,2026-05-25,2026-05-25,On Time
O0009218,West Hub,14.62,2026-05-27,2026-05-27,On Time
O0009219,East Hub,16.57,2026-05-25,2026-05-24,On Time
O0009220,East Hub,10.95,2026-05-27,2026-05-26,On Time
O0009221,West Hub,11.66,2026-05-28,2026-05-28,On Time
O0009222,West Hub,12.27,2026-05-25,2026-05-24,On Time
O0009223,Central Hub,10.22,2026-05-25,2026-05-30,Late
O0009224,West Hub,12.7,2026-05-26,2026-05-30,Late
O0009225,East Hub,8.01,2026-05-28,2026-05-28,On Time
O0009226,West Hub,8.87,2026-05-25,2026-05-26,Late
O0009227,West Hub,18.47,2026-05-25,2026-05-25,On Time
O0009228,West Hub,11.48,2026-05-26,2026-05-25,On Time
O0009229,Central Hub,8.9,2026-05-27,2026-05-27,On Time
O0009230,West Hub,7.99,2026-05-25,2026-05-25,On Time
O0009231,East Hub,10.41,2026-05-27,2026-05-26,On Time
O0009232,East Hub,10.36,2026-05-26,2026-05-25,On Time
O0009233,West Hub,8.43,2026-05-26,2026-05-26,On Time
O0009234,East Hub,7.86,2026-05-29,2026-05-29,On Time
O0009235,East Hub,8.07,2026-05-26,2026-05-25,On Time
O0009236,East Hub,11.22,2026-05-27,2026-05-27,On Time
O0009237,East Hub,10.71,2026-05-28,2026-05-27,On Time
O0009238,East Hub,7.17,2026-05-29,2026-05-29,On Time
O0009239,Central Hub,14.47,2026-05-29,2026-05-28,On Time
O0009240,West Hub,10.18,2026-05-29,2026-05-28,On Time
O0009241,Central Hub,11.78,2026-05-27,2026-05-26,On Time
O0009242,Central Hub,11.61,2026-05-27,2026-05-27,On Time
O0009243,East Hub,12.04,2026-05-26,2026-05-25,On Time
O0009244,East Hub,9.73,2026-05-27,2026-05-27,On Time
O0009245,Central Hub,9.32,2026-05-28,2026-05-28,On Time
O0009246,Central Hub,11.58,2026-05-28,2026-05-28,On Time
O0009247,East Hub,13.0,2026-05-27,2026-05-27,On Time
O0009248,Central Hub,7.62,2026-05-29,2026-05-29,On Time
O0009249,Central Hub,8.29,2026-05-26,2026-05-25,On Time
O0009250,West Hub,9.13,2026-05-28,2026-05-28,On Time
O0009251,West Hub,7.28,2026-05-26,2026-05-26,On Time
O0009252,Central Hub,10.37,2026-05-28,2026-05-27,On Time
O0009253,Central Hub,12.04,2026-05-28,2026-05-27,On Time
O0009254,Central Hub,10.68,2026-05-27,2026-05-29,Late
O0009255,West Hub,12.33,2026-05-27,2026-05-26,On Time
O0009256,East Hub,10.18,2026-05-29,2026-05-28,On Time
O0009257,East Hub,10.96,2026-05-28,2026-05-28,On Time
O0009258,West Hub,13.83,2026-05-26,2026-05-30,Late
O0009259,West Hub,8.18,2026-05-26,2026-05-25,On Time
O0009260,West Hub,10.8,2026-05-29,2026-06-01,Late
O0009261,Central Hub,8.13,2026-05-28,2026-05-27,On Time
O0009262,East Hub,7.88,2026-05-28,2026-05-27,On Time
O0009263,West Hub,15.19,2026-05-28,2026-05-28,On Time
O0009264,Central Hub,10.26,2026-05-27,2026-05-26,On Time
O0009265,West Hub,9.71,2026-05-27,2026-05-26,On Time
O0009266,West Hub,12.21,2026-05-26,2026-05-26,On Time
O0009267,East Hub,6.32,2026-05-27,2026-05-26,On Time
O0009268,Central Hub,10.05,2026-05-26,2026-05-25,On Time
O0009269,Central Hub,11.18,2026-05-27,2026-05-27,On Time
O0009270,West Hub,10.16,2026-05-26,2026-05-25,On Time
O0009271,East Hub,13.86,2026-05-28,2026-05-27,On Time
O0009272,West Hub,11.29,2026-05-26,2026-05-26,On Time
O0009273,East Hub,8.33,2026-05-28,2026-05-27,On Time
O0009274,East Hub,14.27,2026-05-26,2026-05-25,On Time
O0009275,West Hub,12.42,2026-05-26,2026-05-26,On Time
O0009276,West Hub,13.21,2026-05-29,2026-05-29,On Time
O0009277,Central Hub,7.52,2026-05-26,2026-05-26,On Time
O0009278,Central Hub,9.46,2026-05-26,2026-05-25,On Time
O0009279,West Hub,10.44,2026-05-29,2026-05-28,On Time
O0009280,Central Hub,11.02,2026-05-26,2026-05-25,On Time
O0009281,Central Hub,16.94,2026-05-26,2026-05-25,On Time
O0009282,West Hub,9.9,2026-05-26,2026-05-26,On Time
O0009283,West Hub,7.46,2026-05-29,2026-05-29,On Time
O0009284,East Hub,7.76,2026-05-26,2026-05-25,On Time
O0009285,West Hub,11.29,2026-05-26,2026-05-31,Late
O0009286,East Hub,13.25,2026-05-27,2026-05-26,On Time
O0009287,Central Hub,6.97,2026-05-28,2026-06-01,Late
O0009288,West Hub,12.21,2026-05-26,2026-05-25,On Time
O0009289,East Hub,10.86,2026-05-26,2026-05-26,On Time
O0009290,West Hub,16.31,2026-05-27,2026-05-26,On Time
O0009291,Central Hub,15.29,2026-05-26,2026-05-25,On Time
O0009292,East Hub,9.34,2026-05-27,2026-05-26,On Time
O0009293,Central Hub,10.18,2026-05-28,2026-05-28,On Time
O0009294,East Hub,12.57,2026-05-29,2026-05-28,On Time
O0009295,East Hub,20.15,2026-05-29,2026-05-28,On Time
O0009296,East Hub,11.15,2026-05-29,2026-05-28,On Time
O0009297,West Hub,22.52,2026-05-26,2026-05-26,On Time
O0009298,East Hub,8.42,2026-05-26,2026-05-26,On Time
O0009299,East Hub,7.63,2026-05-29,2026-05-28,On Time
O0009300,East Hub,17.22,2026-05-27,2026-05-26,On Time
O0009301,West Hub,10.99,2026-05-27,2026-05-27,On Time
O0009302,West Hub,17.33,2026-05-29,2026-05-28,On Time
O0009303,Central Hub,16.05,2026-05-27,2026-05-27,On Time
O0009304,West Hub,9.91,2026-05-26,2026-05-26,On Time
O0009305,East Hub,11.66,2026-05-27,2026-05-27,On Time
O0009306,Central Hub,7.13,2026-05-27,2026-05-26,On Time
O0009307,East Hub,18.3,2026-05-29,2026-05-29,On Time
O0009308,East Hub,25.33,2026-05-29,2026-05-29,On Time
O0009309,West Hub,10.48,2026-05-30,2026-06-04,Late
O0009310,West Hub,12.49,2026-05-27,2026-05-27,On Time
O0009311,Central Hub,13.67,2026-05-28,2026-05-28,On Time
O0009312,West Hub,12.27,2026-05-28,2026-05-27,On Time
O0009313,Central Hub,10.58,2026-05-30,2026-05-30,On Time
O0009314,West Hub,12.36,2026-05-28,2026-05-27,On Time
O0009315,East Hub,15.12,2026-05-29,2026-05-29,On Time
O0009316,Central Hub,7.16,2026-05-30,2026-05-30,On Time
O0009317,Central Hub,8.72,2026-05-27,2026-05-26,On Time
O0009318,Central Hub,12.06,2026-05-28,2026-05-31,Late
O0009319,West Hub,11.11,2026-05-28,2026-05-28,On Time
O0009320,West Hub,14.07,2026-05-27,2026-05-27,On Time
O0009321,West Hub,9.06,2026-05-30,2026-05-31,Late
O0009322,East Hub,7.34,2026-05-27,2026-05-27,On Time
O0009323,East Hub,16.17,2026-05-30,2026-05-30,On Time
O0009324,Central Hub,8.91,2026-05-28,2026-05-28,On Time
O0009325,East Hub,9.78,2026-05-30,2026-06-01,Late
O0009326,East Hub,8.01,2026-05-28,2026-05-27,On Time
O0009327,East Hub,10.36,2026-05-27,2026-05-27,On Time
O0009328,West Hub,18.21,2026-05-29,2026-06-02,Late
O0009329,West Hub,8.4,2026-05-28,2026-05-28,On Time
O0009330,East Hub,13.22,2026-05-29,2026-05-29,On Time
O0009331,Central Hub,8.83,2026-05-29,2026-05-28,On Time
O0009332,West Hub,6.65,2026-05-28,2026-05-31,Late
O0009333,West Hub,7.42,2026-05-30,2026-06-03,Late
O0009334,East Hub,7.33,2026-05-27,2026-05-26,On Time
O0009335,Central Hub,9.65,2026-05-27,2026-05-26,On Time
O0009336,East Hub,20.47,2026-05-27,2026-05-27,On Time
O0009337,East Hub,11.93,2026-05-28,2026-05-28,On Time
O0009338,East Hub,19.12,2026-05-28,2026-05-28,On Time
O0009339,East Hub,14.93,2026-05-29,2026-05-29,On Time
O0009340,Central Hub,9.91,2026-05-29,2026-05-29,On Time
O0009341,West Hub,10.37,2026-05-28,2026-05-27,On Time
O0009342,West Hub,13.91,2026-05-28,2026-05-27,On Time
O0009343,Central Hub,11.79,2026-05-28,2026-05-28,On Time
O0009344,East Hub,9.89,2026-05-28,2026-05-27,On Time
O0009345,East Hub,10.75,2026-05-27,2026-05-26,On Time
O0009346,West Hub,8.53,2026-05-30,2026-05-30,On Time
O0009347,Central Hub,13.83,2026-05-27,2026-05-26,On Time
O0009348,West Hub,10.6,2026-05-27,2026-05-27,On Time
O0009349,East Hub,7.21,2026-05-28,2026-05-28,On Time
O0009350,Central Hub,11.13,2026-05-29,2026-05-28,On Time
O0009351,East Hub,7.75,2026-05-29,2026-05-29,On Time
O0009352,Central Hub,11.73,2026-05-28,2026-05-27,On Time
O0009353,Central Hub,6.89,2026-05-29,2026-05-28,On Time
O0009354,West Hub,20.85,2026-05-29,2026-05-28,On Time
O0009355,West Hub,24.03,2026-05-30,2026-05-30,On Time
O0009356,East Hub,9.44,2026-05-30,2026-05-30,On Time
O0009357,Central Hub,9.05,2026-05-28,2026-05-27,On Time
O0009358,Central Hub,12.52,2026-05-30,2026-05-30,On Time
O0009359,Central Hub,7.47,2026-05-28,2026-05-27,On Time
O0009360,West Hub,7.62,2026-05-28,2026-05-28,On Time
O0009361,Central Hub,16.14,2026-05-27,2026-05-27,On Time
O0009362,West Hub,15.63,2026-05-28,2026-05-28,On Time
O0009363,West Hub,7.84,2026-05-30,2026-05-29,On Time
O0009364,Central Hub,10.09,2026-05-28,2026-05-28,On Time
O0009365,Central Hub,8.02,2026-05-27,2026-05-26,On Time
O0009366,West Hub,11.61,2026-05-28,2026-05-28,On Time
O0009367,East Hub,8.17,2026-05-29,2026-05-28,On Time
O0009368,East Hub,10.53,2026-05-30,2026-06-02,Late
O0009369,Central Hub,16.5,2026-05-27,2026-05-27,On Time
O0009370,West Hub,13.78,2026-05-29,2026-05-28,On Time
O0009371,West Hub,7.91,2026-05-27,2026-05-26,On Time
O0009372,Central Hub,7.94,2026-05-29,2026-06-01,Late
O0009373,Central Hub,6.27,2026-05-27,2026-05-27,On Time
O0009374,East Hub,8.82,2026-05-28,2026-05-27,On Time
O0009375,West Hub,18.33,2026-05-28,2026-05-27,On Time
O0009376,Central Hub,7.82,2026-05-30,2026-05-30,On Time
O0009377,East Hub,11.46,2026-05-28,2026-05-27,On Time
O0009378,East Hub,14.68,2026-05-29,2026-05-28,On Time
O0009379,East Hub,15.43,2026-05-28,2026-05-27,On Time
O0009380,West Hub,17.75,2026-05-30,2026-05-30,On Time
O0009381,East Hub,6.31,2026-05-28,2026-05-28,On Time
O0009382,Central Hub,8.12,2026-05-30,2026-05-29,On Time
O0009383,West Hub,9.01,2026-05-30,2026-05-29,On Time
O0009384,East Hub,14.41,2026-05-28,2026-05-27,On Time
O0009385,West Hub,11.6,2026-05-30,2026-06-03,Late
O0009386,West Hub,10.91,2026-05-31,2026-05-31,On Time
O0009387,West Hub,9.84,2026-05-31,2026-06-03,Late
O0009388,West Hub,25.49,2026-05-31,2026-06-05,Late
O0009389,East Hub,13.35,2026-05-28,2026-05-28,On Time
O0009390,East Hub,8.37,2026-05-31,2026-05-31,On Time
O0009391,West Hub,16.86,2026-05-28,2026-05-27,On Time
O0009392,East Hub,7.38,2026-05-31,2026-05-30,On Time
O0009393,East Hub,8.62,2026-05-28,2026-05-28,On Time
O0009394,West Hub,10.17,2026-05-28,2026-05-27,On Time
O0009395,East Hub,16.32,2026-05-28,2026-05-28,On Time
O0009396,Central Hub,24.67,2026-05-31,2026-05-30,On Time
O0009397,Central Hub,6.67,2026-05-28,2026-05-28,On Time
O0009398,East Hub,12.75,2026-05-28,2026-05-28,On Time
O0009399,West Hub,13.29,2026-05-31,2026-05-30,On Time
O0009400,West Hub,12.16,2026-05-30,2026-05-29,On Time
O0009401,Central Hub,11.79,2026-05-29,2026-05-29,On Time
O0009402,Central Hub,12.15,2026-05-30,2026-05-30,On Time
O0009403,East Hub,15.09,2026-05-29,2026-05-29,On Time
O0009404,West Hub,11.76,2026-05-28,2026-05-28,On Time
O0009405,East Hub,13.7,2026-05-31,2026-05-30,On Time
O0009406,West Hub,9.11,2026-05-30,2026-05-29,On Time
O0009407,East Hub,8.35,2026-05-30,2026-05-30,On Time
O0009408,Central Hub,9.55,2026-05-28,2026-05-28,On Time
O0009409,Central Hub,8.46,2026-05-28,2026-05-28,On Time
O0009410,East Hub,11.83,2026-05-28,2026-06-02,Late
O0009411,East Hub,8.54,2026-05-30,2026-05-29,On Time
O0009412,East Hub,14.42,2026-05-30,2026-05-30,On Time
O0009413,Central Hub,7.21,2026-05-28,2026-05-27,On Time
O0009414,West Hub,11.43,2026-05-30,2026-05-29,On Time
O0009415,West Hub,8.26,2026-05-31,2026-05-30,On Time
O0009416,Central Hub,9.88,2026-05-28,2026-05-27,On Time
O0009417,East Hub,10.65,2026-05-30,2026-05-30,On Time
O0009418,Central Hub,8.23,2026-05-28,2026-05-28,On Time
O0009419,Central Hub,9.48,2026-05-28,2026-05-29,Late
O0009420,Central Hub,7.81,2026-05-31,2026-05-31,On Time
O0009421,Central Hub,15.06,2026-05-28,2026-05-27,On Time
O0009422,East Hub,14.18,2026-05-29,2026-05-29,On Time
O0009423,Central Hub,9.74,2026-06-01,2026-06-01,On Time
O0009424,East Hub,14.81,2026-05-31,2026-05-30,On Time
O0009425,West Hub,8.17,2026-05-30,2026-05-30,On Time
O0009426,Central Hub,10.61,2026-06-01,2026-05-31,On Time
O0009427,East Hub,8.5,2026-05-29,2026-05-28,On Time
O0009428,East Hub,9.05,2026-06-01,2026-06-01,On Time
O0009429,Central Hub,15.09,2026-06-01,2026-06-01,On Time
O0009430,West Hub,9.1,2026-05-31,2026-05-30,On Time
O0009431,East Hub,14.75,2026-05-30,2026-05-29,On Time
O0009432,East Hub,9.24,2026-05-31,2026-05-30,On Time
O0009433,Central Hub,12.14,2026-06-01,2026-05-31,On Time
O0009434,East Hub,11.76,2026-05-31,2026-06-01,Late
O0009435,West Hub,22.21,2026-05-30,2026-05-30,On Time
O0009436,East Hub,10.73,2026-05-31,2026-05-30,On Time
O0009437,Central Hub,6.69,2026-05-31,2026-05-30,On Time
O0009438,Central Hub,9.32,2026-05-31,2026-05-30,On Time
O0009439,East Hub,8.08,2026-05-31,2026-05-30,On Time
O0009440,East Hub,11.7,2026-06-01,2026-05-31,On Time
O0009441,East Hub,10.07,2026-05-30,2026-05-30,On Time
O0009442,West Hub,15.45,2026-06-01,2026-05-31,On Time
O0009443,East Hub,9.91,2026-06-01,2026-06-01,On Time
O0009444,Central Hub,17.45,2026-05-31,2026-05-31,On Time
O0009445,Central Hub,9.39,2026-05-31,2026-05-30,On Time
O0009446,East Hub,9.93,2026-05-31,2026-06-04,Late
O0009447,Central Hub,9.23,2026-05-30,2026-05-31,Late
O0009448,East Hub,18.6,2026-05-30,2026-05-30,On Time
O0009449,East Hub,16.77,2026-05-29,2026-05-28,On Time
O0009450,West Hub,9.17,2026-05-30,2026-05-29,On Time
O0009451,West Hub,9.7,2026-05-29,2026-05-28,On Time
O0009452,East Hub,13.99,2026-05-30,2026-05-29,On Time
O0009453,East Hub,9.76,2026-05-30,2026-05-29,On Time
O0009454,East Hub,8.81,2026-06-01,2026-05-31,On Time
O0009455,West Hub,13.95,2026-05-31,2026-05-30,On Time
O0009456,East Hub,15.26,2026-05-29,2026-05-31,Late
O0009457,West Hub,10.58,2026-05-29,2026-05-29,On Time
O0009458,West Hub,12.54,2026-06-01,2026-05-31,On Time
O0009459,West Hub,14.1,2026-05-31,2026-05-31,On Time
O0009460,Central Hub,12.78,2026-05-30,2026-05-30,On Time
O0009461,Central Hub,13.33,2026-05-29,2026-05-28,On Time
O0009462,Central Hub,11.94,2026-06-01,2026-06-01,On Time
O0009463,East Hub,12.16,2026-06-01,2026-06-03,Late
O0009464,West Hub,6.99,2026-05-30,2026-05-30,On Time
O0009465,East Hub,15.13,2026-06-01,2026-05-31,On Time
O0009466,West Hub,11.67,2026-05-30,2026-05-30,On Time
O0009467,Central Hub,10.65,2026-06-01,2026-05-31,On Time
O0009468,East Hub,13.17,2026-06-01,2026-06-01,On Time
O0009469,East Hub,6.67,2026-05-30,2026-05-30,On Time
O0009470,West Hub,14.35,2026-05-31,2026-05-30,On Time
O0009471,West Hub,11.35,2026-05-31,2026-05-31,On Time
O0009472,East Hub,12.41,2026-05-29,2026-05-29,On Time
O0009473,West Hub,12.14,2026-05-29,2026-05-28,On Time
O0009474,Central Hub,11.24,2026-05-30,2026-05-29,On Time
O0009475,East Hub,8.96,2026-05-29,2026-05-29,On Time
O0009476,East Hub,15.44,2026-06-01,2026-06-01,On Time
O0009477,East Hub,10.11,2026-05-29,2026-05-29,On Time
O0009478,West Hub,8.4,2026-05-29,2026-05-29,On Time
O0009479,East Hub,13.5,2026-06-01,2026-05-31,On Time
O0009480,Central Hub,10.15,2026-05-30,2026-05-29,On Time
O0009481,East Hub,7.15,2026-05-31,2026-05-30,On Time
O0009482,Central Hub,10.29,2026-05-30,2026-05-30,On Time
O0009483,Central Hub,21.03,2026-05-31,2026-05-30,On Time
O0009484,Central Hub,9.2,2026-05-30,2026-05-30,On Time
O0009485,Central Hub,6.87,2026-05-30,2026-05-30,On Time
O0009486,West Hub,12.76,2026-05-29,2026-05-30,Late
O0009487,Central Hub,8.79,2026-05-29,2026-05-29,On Time
O0009488,Central Hub,7.82,2026-06-01,2026-06-02,Late
O0009489,Central Hub,7.27,2026-05-30,2026-05-30,On Time
O0009490,Central Hub,12.98,2026-06-01,2026-05-31,On Time
O0009491,Central Hub,10.44,2026-05-31,2026-05-31,On Time
O0009492,East Hub,12.51,2026-06-02,2026-06-02,On Time
O0009493,West Hub,23.89,2026-06-01,2026-05-31,On Time
O0009494,East Hub,8.81,2026-05-31,2026-05-31,On Time
O0009495,East Hub,8.42,2026-06-01,2026-06-04,Late
O0009496,West Hub,15.67,2026-05-30,2026-05-31,Late
O0009497,Central Hub,8.47,2026-06-01,2026-05-31,On Time
O0009498,West Hub,13.37,2026-05-30,2026-05-30,On Time
O0009499,Central Hub,9.8,2026-05-31,2026-05-30,On Time
O0009500,West Hub,11.09,2026-05-30,2026-05-30,On Time
O0009501,Central Hub,8.77,2026-05-31,2026-05-30,On Time
O0009502,Central Hub,14.11,2026-06-02,2026-06-02,On Time
O0009503,Central Hub,11.36,2026-06-01,2026-05-31,On Time
O0009504,East Hub,9.03,2026-06-02,2026-06-02,On Time
O0009505,Central Hub,10.73,2026-05-30,2026-05-30,On Time
O0009506,East Hub,17.79,2026-06-02,2026-06-02,On Time
O0009507,Central Hub,9.03,2026-06-01,2026-06-01,On Time
O0009508,East Hub,14.61,2026-05-30,2026-05-29,On Time
O0009509,Central Hub,9.23,2026-06-01,2026-05-31,On Time
O0009510,Central Hub,8.48,2026-05-30,2026-05-29,On Time
O0009511,Central Hub,7.99,2026-05-31,2026-05-31,On Time
O0009512,East Hub,6.45,2026-06-01,2026-06-01,On Time
O0009513,Central Hub,9.96,2026-05-30,2026-05-29,On Time
O0009514,Central Hub,10.7,2026-06-02,2026-06-07,Late
O0009515,Central Hub,7.81,2026-05-31,2026-05-30,On Time
O0009516,West Hub,12.99,2026-06-02,2026-06-02,On Time
O0009517,East Hub,12.07,2026-06-01,2026-06-01,On Time
O0009518,East Hub,11.82,2026-05-30,2026-06-03,Late
O0009519,West Hub,11.52,2026-06-02,2026-06-01,On Time
O0009520,Central Hub,10.84,2026-05-31,2026-05-31,On Time
O0009521,Central Hub,7.66,2026-06-02,2026-06-02,On Time
O0009522,East Hub,10.79,2026-05-30,2026-05-30,On Time
O0009523,Central Hub,7.66,2026-05-30,2026-05-31,Late
O0009524,West Hub,14.63,2026-05-30,2026-06-03,Late
O0009525,Central Hub,8.42,2026-06-02,2026-06-02,On Time
O0009526,West Hub,15.94,2026-06-02,2026-06-02,On Time
O0009527,West Hub,14.54,2026-06-02,2026-06-02,On Time
O0009528,Central Hub,7.48,2026-05-30,2026-05-29,On Time
O0009529,Central Hub,9.51,2026-05-31,2026-05-30,On Time
O0009530,West Hub,13.21,2026-06-01,2026-06-01,On Time
O0009531,East Hub,8.24,2026-05-30,2026-05-29,On Time
O0009532,East Hub,21.27,2026-06-02,2026-06-01,On Time
O0009533,East Hub,6.67,2026-06-01,2026-06-01,On Time
O0009534,East Hub,6.6,2026-05-31,2026-05-31,On Time
O0009535,East Hub,11.93,2026-06-01,2026-06-01,On Time
O0009536,Central Hub,8.25,2026-05-30,2026-05-30,On Time
O0009537,West Hub,14.39,2026-06-02,2026-06-02,On Time
O0009538,Central Hub,10.65,2026-06-02,2026-06-02,On Time
O0009539,East Hub,8.05,2026-06-02,2026-06-01,On Time
O0009540,West Hub,8.38,2026-06-01,2026-05-31,On Time
O0009541,West Hub,14.62,2026-06-01,2026-06-02,Late
O0009542,West Hub,8.84,2026-06-02,2026-06-02,On Time
O0009543,West Hub,15.69,2026-06-02,2026-06-01,On Time
O0009544,West Hub,11.28,2026-05-30,2026-05-30,On Time
O0009545,Central Hub,6.78,2026-05-30,2026-05-29,On Time
O0009546,East Hub,17.54,2026-05-31,2026-05-30,On Time
O0009547,East Hub,9.11,2026-05-30,2026-05-29,On Time
O0009548,Central Hub,8.97,2026-05-31,2026-05-30,On Time
O0009549,West Hub,11.06,2026-06-01,2026-06-01,On Time
O0009550,West Hub,9.57,2026-06-01,2026-05-31,On Time
O0009551,West Hub,16.13,2026-06-01,2026-06-01,On Time
O0009552,Central Hub,15.14,2026-06-01,2026-06-01,On Time
O0009553,East Hub,10.25,2026-06-02,2026-06-02,On Time
O0009554,West Hub,14.88,2026-05-30,2026-05-29,On Time
O0009555,East Hub,9.21,2026-06-01,2026-05-31,On Time
O0009556,Central Hub,13.37,2026-06-01,2026-05-31,On Time
O0009557,East Hub,6.42,2026-06-01,2026-05-31,On Time
O0009558,East Hub,7.09,2026-06-02,2026-06-02,On Time
O0009559,Central Hub,7.92,2026-06-02,2026-06-04,Late
O0009560,East Hub,15.54,2026-06-01,2026-05-31,On Time
O0009561,West Hub,10.18,2026-06-01,2026-05-31,On Time
O0009562,West Hub,11.87,2026-05-30,2026-05-29,On Time
O0009563,Central Hub,9.04,2026-06-02,2026-06-02,On Time
O0009564,West Hub,11.27,2026-05-30,2026-05-30,On Time
O0009565,East Hub,8.01,2026-06-01,2026-05-31,On Time
O0009566,West Hub,9.63,2026-06-03,2026-06-02,On Time
O0009567,East Hub,8.83,2026-06-03,2026-06-02,On Time
O0009568,Central Hub,8.23,2026-06-01,2026-05-31,On Time
O0009569,Central Hub,7.15,2026-05-31,2026-05-30,On Time
O0009570,West Hub,14.17,2026-06-01,2026-06-02,Late
O0009571,East Hub,12.35,2026-05-31,2026-05-30,On Time
O0009572,Central Hub,6.84,2026-06-03,2026-06-02,On Time
O0009573,East Hub,10.95,2026-05-31,2026-05-31,On Time
O0009574,Central Hub,15.98,2026-06-02,2026-06-01,On Time
O0009575,Central Hub,10.49,2026-06-01,2026-05-31,On Time
O0009576,West Hub,9.31,2026-06-03,2026-06-02,On Time
O0009577,Central Hub,8.41,2026-06-03,2026-06-02,On Time
O0009578,West Hub,7.36,2026-06-03,2026-06-03,On Time
O0009579,Central Hub,12.26,2026-05-31,2026-05-31,On Time
O0009580,West Hub,13.07,2026-05-31,2026-05-30,On Time
O0009581,West Hub,9.87,2026-06-03,2026-06-03,On Time
O0009582,West Hub,10.1,2026-05-31,2026-05-31,On Time
O0009583,West Hub,19.95,2026-05-31,2026-05-30,On Time
O0009584,East Hub,6.13,2026-06-02,2026-06-01,On Time
O0009585,East Hub,24.11,2026-06-01,2026-05-31,On Time
O0009586,West Hub,16.53,2026-05-31,2026-05-31,On Time
O0009587,West Hub,10.06,2026-06-02,2026-06-02,On Time
O0009588,Central Hub,20.52,2026-06-03,2026-06-02,On Time
O0009589,East Hub,7.65,2026-06-02,2026-06-01,On Time
O0009590,Central Hub,11.76,2026-06-01,2026-05-31,On Time
O0009591,West Hub,17.99,2026-06-01,2026-05-31,On Time
O0009592,West Hub,7.77,2026-06-03,2026-06-02,On Time
O0009593,Central Hub,9.9,2026-05-31,2026-05-30,On Time
O0009594,West Hub,23.27,2026-06-02,2026-06-02,On Time
O0009595,East Hub,12.7,2026-06-01,2026-05-31,On Time
O0009596,East Hub,13.86,2026-06-01,2026-06-01,On Time
O0009597,West Hub,7.75,2026-06-03,2026-06-03,On Time
O0009598,Central Hub,19.72,2026-06-01,2026-05-31,On Time
O0009599,East Hub,7.92,2026-06-02,2026-06-02,On Time
O0009600,East Hub,10.89,2026-06-02,2026-06-04,Late
O0009601,Central Hub,8.7,2026-06-03,2026-06-03,On Time
O0009602,West Hub,14.23,2026-05-31,2026-05-30,On Time
O0009603,Central Hub,10.42,2026-06-03,2026-06-02,On Time
O0009604,Central Hub,13.3,2026-05-31,2026-05-30,On Time
O0009605,Central Hub,9.96,2026-06-03,2026-06-02,On Time
O0009606,East Hub,8.88,2026-06-03,2026-06-02,On Time
O0009607,Central Hub,11.01,2026-06-01,2026-06-01,On Time
O0009608,Central Hub,23.48,2026-06-02,2026-06-02,On Time
O0009609,Central Hub,6.53,2026-05-31,2026-05-30,On Time
O0009610,West Hub,27.1,2026-06-03,2026-06-03,On Time
O0009611,East Hub,8.8,2026-06-01,2026-06-01,On Time
O0009612,Central Hub,17.03,2026-06-03,2026-06-02,On Time
O0009613,West Hub,8.62,2026-06-03,2026-06-03,On Time
O0009614,West Hub,12.58,2026-06-02,2026-06-05,Late
O0009615,East Hub,9.07,2026-05-31,2026-05-30,On Time
O0009616,East Hub,16.13,2026-06-01,2026-06-05,Late
O0009617,East Hub,10.22,2026-06-01,2026-05-31,On Time
O0009618,West Hub,7.43,2026-06-01,2026-05-31,On Time
O0009619,East Hub,7.0,2026-06-01,2026-06-01,On Time
O0009620,West Hub,11.69,2026-06-03,2026-06-02,On Time
O0009621,West Hub,13.95,2026-06-01,2026-06-01,On Time
O0009622,East Hub,11.51,2026-06-01,2026-06-01,On Time
O0009623,West Hub,7.62,2026-06-02,2026-06-01,On Time
O0009624,East Hub,16.12,2026-06-04,2026-06-03,On Time
O0009625,West Hub,12.43,2026-06-03,2026-06-02,On Time
O0009626,West Hub,18.58,2026-06-04,2026-06-09,Late
O0009627,West Hub,15.3,2026-06-04,2026-06-03,On Time
O0009628,East Hub,8.92,2026-06-02,2026-06-01,On Time
O0009629,Central Hub,11.45,2026-06-03,2026-06-05,Late
O0009630,West Hub,11.45,2026-06-02,2026-06-02,On Time
O0009631,West Hub,17.54,2026-06-03,2026-06-04,Late
O0009632,West Hub,7.77,2026-06-04,2026-06-04,On Time
O0009633,Central Hub,11.82,2026-06-01,2026-05-31,On Time
O0009634,West Hub,11.36,2026-06-04,2026-06-03,On Time
O0009635,Central Hub,10.96,2026-06-04,2026-06-04,On Time
O0009636,East Hub,13.54,2026-06-04,2026-06-03,On Time
O0009637,West Hub,8.44,2026-06-03,2026-06-03,On Time
O0009638,Central Hub,8.8,2026-06-04,2026-06-03,On Time
O0009639,Central Hub,11.11,2026-06-03,2026-06-02,On Time
O0009640,East Hub,15.19,2026-06-04,2026-06-04,On Time
O0009641,West Hub,9.78,2026-06-03,2026-06-03,On Time
O0009642,Central Hub,14.81,2026-06-01,2026-06-01,On Time
O0009643,West Hub,12.84,2026-06-03,2026-06-04,Late
O0009644,Central Hub,7.12,2026-06-03,2026-06-03,On Time
O0009645,East Hub,11.63,2026-06-01,2026-05-31,On Time
O0009646,East Hub,7.07,2026-06-02,2026-06-01,On Time
O0009647,Central Hub,8.95,2026-06-03,2026-06-02,On Time
O0009648,Central Hub,10.73,2026-06-04,2026-06-04,On Time
O0009649,West Hub,15.14,2026-06-04,2026-06-04,On Time
O0009650,West Hub,15.03,2026-06-03,2026-06-02,On Time
O0009651,Central Hub,8.97,2026-06-04,2026-06-03,On Time
O0009652,East Hub,17.85,2026-06-03,2026-06-08,Late
O0009653,Central Hub,7.02,2026-06-03,2026-06-02,On Time
O0009654,East Hub,10.78,2026-06-01,2026-05-31,On Time
O0009655,Central Hub,11.1,2026-06-02,2026-06-02,On Time
O0009656,West Hub,17.14,2026-06-02,2026-06-01,On Time
O0009657,East Hub,9.07,2026-06-03,2026-06-07,Late
O0009658,East Hub,8.21,2026-06-02,2026-06-02,On Time
O0009659,West Hub,10.45,2026-06-04,2026-06-04,On Time
O0009660,West Hub,9.11,2026-06-03,2026-06-06,Late
O0009661,East Hub,12.64,2026-06-04,2026-06-04,On Time
O0009662,Central Hub,13.55,2026-06-03,2026-06-03,On Time
O0009663,East Hub,7.01,2026-06-02,2026-06-02,On Time
O0009664,West Hub,13.39,2026-06-02,2026-06-07,Late
O0009665,West Hub,16.61,2026-06-01,2026-05-31,On Time
O0009666,Central Hub,8.6,2026-06-01,2026-05-31,On Time
O0009667,West Hub,16.1,2026-06-02,2026-06-01,On Time
O0009668,Central Hub,19.82,2026-06-01,2026-06-01,On Time
O0009669,West Hub,11.92,2026-06-03,2026-06-02,On Time
O0009670,West Hub,11.98,2026-06-04,2026-06-03,On Time
O0009671,East Hub,7.9,2026-06-04,2026-06-03,On Time
O0009672,West Hub,13.07,2026-06-03,2026-06-03,On Time
O0009673,East Hub,8.01,2026-06-03,2026-06-04,Late
O0009674,Central Hub,7.46,2026-06-03,2026-06-02,On Time
O0009675,East Hub,16.71,2026-06-02,2026-06-02,On Time
O0009676,Central Hub,8.15,2026-06-02,2026-06-01,On Time
O0009677,West Hub,14.16,2026-06-01,2026-06-01,On Time
O0009678,West Hub,12.01,2026-06-04,2026-06-03,On Time
O0009679,East Hub,10.25,2026-06-03,2026-06-02,On Time
O0009680,East Hub,8.21,2026-06-04,2026-06-03,On Time
O0009681,East Hub,12.55,2026-06-01,2026-05-31,On Time
O0009682,Central Hub,7.56,2026-06-02,2026-06-02,On Time
O0009683,East Hub,6.74,2026-06-03,2026-06-02,On Time
O0009684,Central Hub,7.67,2026-06-01,2026-06-01,On Time
O0009685,East Hub,12.71,2026-06-03,2026-06-02,On Time
O0009686,West Hub,13.64,2026-06-02,2026-06-02,On Time
O0009687,West Hub,12.7,2026-06-01,2026-06-01,On Time
O0009688,West Hub,24.49,2026-06-05,2026-06-04,On Time
O0009689,Central Hub,7.13,2026-06-04,2026-06-04,On Time
O0009690,East Hub,13.72,2026-06-04,2026-06-03,On Time
O0009691,Central Hub,11.71,2026-06-03,2026-06-03,On Time
O0009692,East Hub,8.43,2026-06-05,2026-06-05,On Time
O0009693,West Hub,9.35,2026-06-02,2026-06-01,On Time
O0009694,Central Hub,13.8,2026-06-05,2026-06-06,Late
O0009695,West Hub,12.36,2026-06-04,2026-06-03,On Time
O0009696,Central Hub,11.42,2026-06-03,2026-06-03,On Time
O0009697,East Hub,11.63,2026-06-02,2026-06-01,On Time
O0009698,Central Hub,6.64,2026-06-04,2026-06-03,On Time
O0009699,West Hub,12.47,2026-06-02,2026-06-04,Late
O0009700,Central Hub,13.59,2026-06-05,2026-06-04,On Time
O0009701,East Hub,11.78,2026-06-03,2026-06-02,On Time
O0009702,West Hub,10.91,2026-06-03,2026-06-02,On Time
O0009703,West Hub,13.35,2026-06-03,2026-06-02,On Time
O0009704,East Hub,8.96,2026-06-05,2026-06-05,On Time
O0009705,East Hub,8.18,2026-06-04,2026-06-04,On Time
O0009706,West Hub,9.08,2026-06-03,2026-06-07,Late
O0009707,West Hub,10.73,2026-06-05,2026-06-05,On Time
O0009708,Central Hub,10.08,2026-06-02,2026-06-01,On Time
O0009709,Central Hub,10.26,2026-06-03,2026-06-03,On Time
O0009710,Central Hub,12.08,2026-06-02,2026-06-02,On Time
O0009711,East Hub,6.26,2026-06-03,2026-06-03,On Time
O0009712,West Hub,9.11,2026-06-02,2026-06-02,On Time
O0009713,West Hub,12.85,2026-06-03,2026-06-02,On Time
O0009714,West Hub,16.21,2026-06-03,2026-06-03,On Time
O0009715,Central Hub,10.65,2026-06-03,2026-06-02,On Time
O0009716,West Hub,14.06,2026-06-03,2026-06-03,On Time
O0009717,West Hub,18.12,2026-06-04,2026-06-04,On Time
O0009718,Central Hub,9.88,2026-06-02,2026-06-02,On Time
O0009719,Central Hub,15.23,2026-06-05,2026-06-04,On Time
O0009720,West Hub,9.1,2026-06-04,2026-06-03,On Time
O0009721,Central Hub,17.18,2026-06-04,2026-06-03,On Time
O0009722,East Hub,9.14,2026-06-02,2026-06-01,On Time
O0009723,East Hub,8.5,2026-06-05,2026-06-04,On Time
O0009724,Central Hub,13.98,2026-06-04,2026-06-03,On Time
O0009725,West Hub,6.35,2026-06-04,2026-06-04,On Time
O0009726,West Hub,11.02,2026-06-04,2026-06-04,On Time
O0009727,Central Hub,7.12,2026-06-03,2026-06-02,On Time
O0009728,Central Hub,6.2,2026-06-04,2026-06-03,On Time
O0009729,Central Hub,14.74,2026-06-03,2026-06-02,On Time
O0009730,East Hub,15.38,2026-06-04,2026-06-03,On Time
O0009731,Central Hub,7.5,2026-06-04,2026-06-04,On Time
O0009732,Central Hub,13.34,2026-06-04,2026-06-06,Late
O0009733,West Hub,11.29,2026-06-05,2026-06-04,On Time
O0009734,West Hub,11.32,2026-06-05,2026-06-04,On Time
O0009735,Central Hub,7.68,2026-06-04,2026-06-04,On Time
O0009736,West Hub,10.55,2026-06-05,2026-06-04,On Time
O0009737,Central Hub,9.52,2026-06-02,2026-06-02,On Time
O0009738,West Hub,9.94,2026-06-02,2026-06-07,Late
O0009739,West Hub,11.31,2026-06-05,2026-06-05,On Time
O0009740,Central Hub,10.16,2026-06-04,2026-06-04,On Time
O0009741,Central Hub,10.24,2026-06-05,2026-06-05,On Time
O0009742,West Hub,14.58,2026-06-03,2026-06-02,On Time
O0009743,East Hub,15.6,2026-06-04,2026-06-04,On Time
O0009744,West Hub,10.59,2026-06-04,2026-06-04,On Time
O0009745,East Hub,10.13,2026-06-03,2026-06-03,On Time
O0009746,East Hub,23.25,2026-06-04,2026-06-03,On Time
O0009747,West Hub,17.47,2026-06-05,2026-06-09,Late
O0009748,West Hub,8.94,2026-06-05,2026-06-06,Late
O0009749,Central Hub,15.98,2026-06-05,2026-06-05,On Time
O0009750,East Hub,10.94,2026-06-05,2026-06-04,On Time
O0009751,West Hub,14.08,2026-06-04,2026-06-04,On Time
O0009752,West Hub,13.93,2026-06-06,2026-06-05,On Time
O0009753,West Hub,12.2,2026-06-05,2026-06-05,On Time
O0009754,West Hub,10.45,2026-06-04,2026-06-03,On Time
O0009755,West Hub,24.78,2026-06-06,2026-06-06,On Time
O0009756,Central Hub,9.27,2026-06-06,2026-06-10,Late
O0009757,East Hub,16.47,2026-06-03,2026-06-03,On Time
O0009758,East Hub,8.16,2026-06-04,2026-06-06,Late
O0009759,East Hub,11.29,2026-06-06,2026-06-06,On Time
O0009760,West Hub,9.62,2026-06-04,2026-06-04,On Time
O0009761,Central Hub,11.39,2026-06-06,2026-06-06,On Time
O0009762,West Hub,10.35,2026-06-06,2026-06-05,On Time
O0009763,West Hub,7.74,2026-06-04,2026-06-04,On Time
O0009764,West Hub,15.06,2026-06-06,2026-06-06,On Time
O0009765,East Hub,15.92,2026-06-06,2026-06-06,On Time
O0009766,West Hub,13.15,2026-06-04,2026-06-04,On Time
O0009767,West Hub,10.4,2026-06-06,2026-06-07,Late
O0009768,West Hub,21.12,2026-06-06,2026-06-05,On Time
O0009769,East Hub,16.54,2026-06-04,2026-06-03,On Time
O0009770,West Hub,17.63,2026-06-04,2026-06-03,On Time
O0009771,West Hub,10.29,2026-06-06,2026-06-05,On Time
O0009772,West Hub,14.32,2026-06-04,2026-06-03,On Time
O0009773,Central Hub,7.17,2026-06-03,2026-06-02,On Time
O0009774,East Hub,11.62,2026-06-06,2026-06-06,On Time
O0009775,West Hub,9.81,2026-06-06,2026-06-05,On Time
O0009776,West Hub,8.71,2026-06-05,2026-06-05,On Time
O0009777,East Hub,9.26,2026-06-04,2026-06-04,On Time
O0009778,West Hub,15.53,2026-06-05,2026-06-04,On Time
O0009779,East Hub,17.09,2026-06-04,2026-06-04,On Time
O0009780,West Hub,11.0,2026-06-04,2026-06-03,On Time
O0009781,West Hub,12.62,2026-06-04,2026-06-03,On Time
O0009782,East Hub,8.52,2026-06-04,2026-06-04,On Time
O0009783,Central Hub,9.65,2026-06-03,2026-06-03,On Time
O0009784,West Hub,8.55,2026-06-06,2026-06-05,On Time
O0009785,East Hub,7.27,2026-06-04,2026-06-03,On Time
O0009786,East Hub,9.22,2026-06-04,2026-06-04,On Time
O0009787,East Hub,7.31,2026-06-06,2026-06-06,On Time
O0009788,East Hub,11.06,2026-06-06,2026-06-05,On Time
O0009789,East Hub,8.79,2026-06-03,2026-06-02,On Time
O0009790,West Hub,16.95,2026-06-04,2026-06-03,On Time
O0009791,East Hub,10.24,2026-06-03,2026-06-03,On Time
O0009792,West Hub,8.67,2026-06-06,2026-06-06,On Time
O0009793,West Hub,8.62,2026-06-05,2026-06-06,Late
O0009794,West Hub,13.47,2026-06-04,2026-06-04,On Time
O0009795,Central Hub,8.96,2026-06-06,2026-06-06,On Time
O0009796,West Hub,12.52,2026-06-05,2026-06-04,On Time
O0009797,West Hub,11.65,2026-06-04,2026-06-06,Late
O0009798,East Hub,9.07,2026-06-05,2026-06-04,On Time
O0009799,East Hub,8.76,2026-06-05,2026-06-05,On Time
O0009800,Central Hub,8.77,2026-06-05,2026-06-04,On Time
O0009801,West Hub,17.06,2026-06-03,2026-06-03,On Time
O0009802,Central Hub,7.88,2026-06-04,2026-06-04,On Time
O0009803,East Hub,8.53,2026-06-06,2026-06-06,On Time
O0009804,East Hub,10.24,2026-06-03,2026-06-03,On Time
O0009805,Central Hub,12.7,2026-06-06,2026-06-08,Late
O0009806,Central Hub,12.17,2026-06-06,2026-06-05,On Time
O0009807,Central Hub,8.01,2026-06-05,2026-06-04,On Time
O0009808,West Hub,15.14,2026-06-03,2026-06-03,On Time
O0009809,West Hub,10.26,2026-06-06,2026-06-06,On Time
O0009810,West Hub,12.68,2026-06-03,2026-06-02,On Time
O0009811,Central Hub,6.61,2026-06-04,2026-06-03,On Time
O0009812,West Hub,10.61,2026-06-07,2026-06-06,On Time
O0009813,West Hub,11.9,2026-06-06,2026-06-09,Late
O0009814,Central Hub,7.71,2026-06-05,2026-06-05,On Time
O0009815,West Hub,9.65,2026-06-05,2026-06-04,On Time
O0009816,East Hub,11.73,2026-06-04,2026-06-03,On Time
O0009817,East Hub,18.26,2026-06-07,2026-06-06,On Time
O0009818,Central Hub,11.78,2026-06-06,2026-06-05,On Time
O0009819,East Hub,10.54,2026-06-05,2026-06-04,On Time
O0009820,West Hub,12.53,2026-06-06,2026-06-05,On Time
O0009821,West Hub,11.67,2026-06-07,2026-06-06,On Time
O0009822,East Hub,7.72,2026-06-04,2026-06-04,On Time
O0009823,East Hub,8.77,2026-06-06,2026-06-06,On Time
O0009824,East Hub,11.76,2026-06-06,2026-06-05,On Time
O0009825,Central Hub,11.88,2026-06-05,2026-06-05,On Time
O0009826,Central Hub,10.04,2026-06-04,2026-06-03,On Time
O0009827,West Hub,12.75,2026-06-05,2026-06-05,On Time
O0009828,East Hub,7.83,2026-06-06,2026-06-06,On Time
O0009829,Central Hub,15.12,2026-06-04,2026-06-04,On Time
O0009830,East Hub,7.81,2026-06-05,2026-06-04,On Time
O0009831,Central Hub,10.74,2026-06-05,2026-06-04,On Time
O0009832,West Hub,9.29,2026-06-06,2026-06-06,On Time
O0009833,East Hub,9.08,2026-06-06,2026-06-06,On Time
O0009834,Central Hub,7.84,2026-06-04,2026-06-04,On Time
O0009835,West Hub,8.81,2026-06-06,2026-06-05,On Time
O0009836,Central Hub,8.35,2026-06-07,2026-06-07,On Time
O0009837,West Hub,12.63,2026-06-04,2026-06-03,On Time
O0009838,West Hub,13.4,2026-06-04,2026-06-03,On Time
O0009839,East Hub,10.84,2026-06-06,2026-06-05,On Time
O0009840,East Hub,9.24,2026-06-04,2026-06-04,On Time
O0009841,East Hub,12.67,2026-06-06,2026-06-05,On Time
O0009842,East Hub,9.52,2026-06-05,2026-06-05,On Time
O0009843,Central Hub,9.52,2026-06-07,2026-06-06,On Time
O0009844,Central Hub,13.0,2026-06-07,2026-06-07,On Time
O0009845,East Hub,6.67,2026-06-07,2026-06-06,On Time
O0009846,West Hub,17.86,2026-06-05,2026-06-05,On Time
O0009847,Central Hub,11.55,2026-06-07,2026-06-07,On Time
O0009848,West Hub,9.88,2026-06-04,2026-06-04,On Time
O0009849,East Hub,9.22,2026-06-05,2026-06-05,On Time
O0009850,Central Hub,8.86,2026-06-04,2026-06-05,Late
O0009851,West Hub,10.62,2026-06-07,2026-06-06,On Time
O0009852,Central Hub,8.25,2026-06-04,2026-06-04,On Time
O0009853,Central Hub,11.91,2026-06-05,2026-06-04,On Time
O0009854,East Hub,6.27,2026-06-06,2026-06-05,On Time
O0009855,West Hub,7.48,2026-06-07,2026-06-06,On Time
O0009856,East Hub,19.91,2026-06-07,2026-06-06,On Time
O0009857,East Hub,9.66,2026-06-04,2026-06-03,On Time
O0009858,West Hub,7.74,2026-06-07,2026-06-07,On Time
O0009859,West Hub,9.35,2026-06-04,2026-06-04,On Time
O0009860,West Hub,14.57,2026-06-06,2026-06-05,On Time
O0009861,East Hub,13.97,2026-06-05,2026-06-04,On Time
O0009862,Central Hub,11.07,2026-06-05,2026-06-05,On Time
O0009863,Central Hub,15.04,2026-06-07,2026-06-07,On Time
O0009864,Central Hub,10.97,2026-06-05,2026-06-05,On Time
O0009865,East Hub,8.88,2026-06-06,2026-06-06,On Time
O0009866,Central Hub,13.3,2026-06-06,2026-06-06,On Time
O0009867,West Hub,10.21,2026-06-05,2026-06-10,Late
O0009868,West Hub,11.28,2026-06-04,2026-06-05,Late
O0009869,Central Hub,8.05,2026-06-07,2026-06-06,On Time
O0009870,East Hub,15.0,2026-06-04,2026-06-03,On Time
O0009871,East Hub,12.19,2026-06-04,2026-06-09,Late
O0009872,East Hub,8.21,2026-06-07,2026-06-07,On Time
O0009873,West Hub,10.0,2026-06-07,2026-06-07,On Time
O0009874,Central Hub,7.46,2026-06-05,2026-06-05,On Time
O0009875,East Hub,9.25,2026-06-04,2026-06-03,On Time
O0009876,East Hub,11.57,2026-06-06,2026-06-05,On Time
O0009877,Central Hub,19.09,2026-06-07,2026-06-06,On Time
O0009878,Central Hub,11.06,2026-06-07,2026-06-09,Late
O0009879,East Hub,13.36,2026-06-04,2026-06-03,On Time
O0009880,West Hub,11.26,2026-06-06,2026-06-05,On Time
O0009881,Central Hub,13.3,2026-06-06,2026-06-05,On Time
O0009882,West Hub,14.41,2026-06-06,2026-06-06,On Time
O0009883,Central Hub,6.2,2026-06-05,2026-06-06,Late
O0009884,West Hub,8.62,2026-06-05,2026-06-05,On Time
O0009885,East Hub,6.73,2026-06-06,2026-06-05,On Time
O0009886,Central Hub,15.87,2026-06-06,2026-06-06,On Time
O0009887,Central Hub,14.87,2026-06-06,2026-06-05,On Time
O0009888,West Hub,15.86,2026-06-08,2026-06-13,Late
O0009889,West Hub,10.54,2026-06-06,2026-06-05,On Time
O0009890,West Hub,15.06,2026-06-08,2026-06-08,On Time
O0009891,East Hub,10.1,2026-06-06,2026-06-06,On Time
O0009892,West Hub,9.45,2026-06-07,2026-06-06,On Time
O0009893,West Hub,7.48,2026-06-07,2026-06-07,On Time
O0009894,Central Hub,11.3,2026-06-07,2026-06-06,On Time
O0009895,East Hub,10.05,2026-06-07,2026-06-06,On Time
O0009896,West Hub,7.88,2026-06-08,2026-06-08,On Time
O0009897,West Hub,10.53,2026-06-05,2026-06-04,On Time
O0009898,West Hub,14.98,2026-06-06,2026-06-06,On Time
O0009899,Central Hub,7.53,2026-06-08,2026-06-09,Late
O0009900,West Hub,11.27,2026-06-07,2026-06-06,On Time
O0009901,West Hub,11.46,2026-06-07,2026-06-07,On Time
O0009902,West Hub,15.29,2026-06-05,2026-06-07,Late
O0009903,Central Hub,15.12,2026-06-05,2026-06-05,On Time
O0009904,Central Hub,15.05,2026-06-08,2026-06-08,On Time
O0009905,West Hub,12.36,2026-06-07,2026-06-06,On Time
O0009906,West Hub,16.77,2026-06-05,2026-06-05,On Time
O0009907,Central Hub,14.97,2026-06-08,2026-06-07,On Time
O0009908,West Hub,9.02,2026-06-06,2026-06-05,On Time
O0009909,West Hub,19.71,2026-06-06,2026-06-05,On Time
O0009910,West Hub,10.95,2026-06-05,2026-06-04,On Time
O0009911,East Hub,12.64,2026-06-08,2026-06-07,On Time
O0009912,East Hub,10.36,2026-06-06,2026-06-06,On Time
O0009913,Central Hub,7.92,2026-06-08,2026-06-07,On Time
O0009914,Central Hub,8.52,2026-06-05,2026-06-04,On Time
O0009915,East Hub,9.62,2026-06-06,2026-06-06,On Time
O0009916,West Hub,13.48,2026-06-06,2026-06-05,On Time
O0009917,Central Hub,6.9,2026-06-06,2026-06-06,On Time
O0009918,East Hub,8.23,2026-06-06,2026-06-05,On Time
O0009919,East Hub,9.41,2026-06-07,2026-06-07,On Time
O0009920,East Hub,12.06,2026-06-08,2026-06-07,On Time
O0009921,West Hub,29.69,2026-06-06,2026-06-06,On Time
O0009922,Central Hub,10.05,2026-06-08,2026-06-07,On Time
O0009923,West Hub,10.38,2026-06-05,2026-06-05,On Time
O0009924,East Hub,9.12,2026-06-08,2026-06-07,On Time
O0009925,West Hub,17.88,2026-06-07,2026-06-07,On Time
O0009926,West Hub,11.23,2026-06-05,2026-06-04,On Time
O0009927,East Hub,11.6,2026-06-08,2026-06-07,On Time
O0009928,Central Hub,6.73,2026-06-06,2026-06-05,On Time
O0009929,East Hub,8.93,2026-06-07,2026-06-07,On Time
O0009930,East Hub,21.63,2026-06-05,2026-06-04,On Time
O0009931,West Hub,14.58,2026-06-05,2026-06-04,On Time
O0009932,East Hub,6.81,2026-06-08,2026-06-08,On Time
O0009933,East Hub,6.83,2026-06-07,2026-06-06,On Time
O0009934,Central Hub,10.14,2026-06-07,2026-06-06,On Time
O0009935,West Hub,8.71,2026-06-05,2026-06-08,Late
O0009936,West Hub,20.89,2026-06-07,2026-06-06,On Time
O0009937,West Hub,11.43,2026-06-08,2026-06-07,On Time
O0009938,West Hub,9.66,2026-06-08,2026-06-10,Late
O0009939,West Hub,18.83,2026-06-08,2026-06-08,On Time
O0009940,West Hub,16.08,2026-06-07,2026-06-07,On Time
O0009941,West Hub,7.32,2026-06-05,2026-06-04,On Time
O0009942,West Hub,16.72,2026-06-08,2026-06-07,On Time
O0009943,West Hub,9.21,2026-06-07,2026-06-06,On Time
O0009944,East Hub,12.02,2026-06-05,2026-06-04,On Time
O0009945,West Hub,14.05,2026-06-06,2026-06-09,Late
O0009946,East Hub,13.28,2026-06-05,2026-06-08,Late
O0009947,East Hub,12.47,2026-06-06,2026-06-05,On Time
O0009948,West Hub,10.36,2026-06-05,2026-06-06,Late
O0009949,West Hub,21.48,2026-06-05,2026-06-04,On Time
O0009950,West Hub,15.75,2026-06-07,2026-06-06,On Time
O0009951,Central Hub,13.81,2026-06-06,2026-06-06,On Time
O0009952,Central Hub,11.94,2026-06-05,2026-06-04,On Time
O0009953,West Hub,16.26,2026-06-05,2026-06-05,On Time
O0009954,Central Hub,11.39,2026-06-08,2026-06-07,On Time
O0009955,East Hub,8.67,2026-06-08,2026-06-08,On Time
O0009956,West Hub,18.36,2026-06-08,2026-06-08,On Time
O0009957,Central Hub,9.1,2026-06-05,2026-06-04,On Time
O0009958,East Hub,6.87,2026-06-05,2026-06-04,On Time
O0009959,West Hub,8.81,2026-06-06,2026-06-05,On Time
O0009960,East Hub,7.47,2026-06-07,2026-06-06,On Time
O0009961,East Hub,11.45,2026-06-08,2026-06-07,On Time
O0009962,Central Hub,11.01,2026-06-08,2026-06-08,On Time
O0009963,West Hub,7.53,2026-06-06,2026-06-06,On Time
O0009964,East Hub,16.02,2026-06-05,2026-06-09,Late
O0009965,East Hub,14.19,2026-06-08,2026-06-07,On Time
O0009966,West Hub,8.04,2026-06-06,2026-06-06,On Time
O0009967,West Hub,16.96,2026-06-08,2026-06-11,Late
O0009968,Central Hub,13.34,2026-06-06,2026-06-05,On Time
O0009969,East Hub,15.26,2026-06-05,2026-06-05,On Time
O0009970,West Hub,10.69,2026-06-05,2026-06-05,On Time
O0009971,Central Hub,14.83,2026-06-08,2026-06-12,Late
O0009972,Central Hub,14.53,2026-06-05,2026-06-04,On Time
O0009973,Central Hub,11.56,2026-06-06,2026-06-06,On Time
O0009974,East Hub,5.88,2026-06-07,2026-06-06,On Time
O0009975,East Hub,10.77,2026-06-07,2026-06-06,On Time
O0009976,East Hub,13.26,2026-06-08,2026-06-08,On Time
O0009977,Central Hub,7.78,2026-06-08,2026-06-10,Late
O0009978,West Hub,14.49,2026-06-07,2026-06-06,On Time
O0009979,West Hub,11.3,2026-06-09,2026-06-09,On Time
O0009980,West Hub,11.8,2026-06-07,2026-06-07,On Time
O0009981,East Hub,13.14,2026-06-06,2026-06-06,On Time
O0009982,Central Hub,9.33,2026-06-09,2026-06-08,On Time
O0009983,West Hub,10.3,2026-06-08,2026-06-07,On Time
O0009984,East Hub,10.9,2026-06-07,2026-06-07,On Time
O0009985,West Hub,9.52,2026-06-06,2026-06-08,Late
O0009986,East Hub,17.91,2026-06-08,2026-06-07,On Time
O0009987,East Hub,12.79,2026-06-08,2026-06-07,On Time
O0009988,West Hub,23.29,2026-06-06,2026-06-06,On Time
O0009989,East Hub,14.38,2026-06-07,2026-06-06,On Time
O0009990,East Hub,14.38,2026-06-09,2026-06-09,On Time
O0009991,West Hub,10.22,2026-06-09,2026-06-09,On Time
O0009992,Central Hub,6.71,2026-06-06,2026-06-06,On Time
O0009993,Central Hub,11.43,2026-06-08,2026-06-07,On Time
O0009994,East Hub,12.34,2026-06-09,2026-06-08,On Time
O0009995,West Hub,16.11,2026-06-07,2026-06-09,Late
O0009996,East Hub,7.79,2026-06-09,2026-06-08,On Time
O0009997,West Hub,13.26,2026-06-06,2026-06-05,On Time
O0009998,West Hub,9.82,2026-06-08,2026-06-08,On Time
O0009999,West Hub,15.61,2026-06-07,2026-06-07,On Time
O0010000,West Hub,7.36,2026-06-07,2026-06-10,Late
O0010001,East Hub,18.77,2026-06-06,2026-06-05,On Time
O0010002,West Hub,13.22,2026-06-07,2026-06-07,On Time
O0010003,West Hub,11.36,2026-06-07,2026-06-07,On Time
O0010004,West Hub,16.02,2026-06-08,2026-06-07,On Time
O0010005,Central Hub,12.98,2026-06-07,2026-06-08,Late
O0010006,East Hub,7.97,2026-06-06,2026-06-06,On Time
O0010007,East Hub,12.78,2026-06-06,2026-06-06,On Time
O0010008,West Hub,7.89,2026-06-08,2026-06-08,On Time
O0010009,West Hub,13.82,2026-06-09,2026-06-09,On Time
O0010010,Central Hub,9.38,2026-06-07,2026-06-07,On Time
O0010011,West Hub,6.46,2026-06-07,2026-06-06,On Time
O0010012,West Hub,12.3,2026-06-09,2026-06-08,On Time
O0010013,West Hub,11.38,2026-06-08,2026-06-07,On Time
O0010014,Central Hub,9.5,2026-06-08,2026-06-07,On Time
O0010015,East Hub,8.24,2026-06-08,2026-06-07,On Time
O0010016,East Hub,12.09,2026-06-06,2026-06-06,On Time
O0010017,West Hub,13.27,2026-06-08,2026-06-07,On Time
O0010018,East Hub,8.64,2026-06-07,2026-06-06,On Time
O0010019,West Hub,9.26,2026-06-07,2026-06-06,On Time
O0010020,Central Hub,9.53,2026-06-06,2026-06-05,On Time
O0010021,Central Hub,10.96,2026-06-08,2026-06-08,On Time
O0010022,West Hub,13.33,2026-06-08,2026-06-07,On Time
O0010023,East Hub,8.65,2026-06-06,2026-06-06,On Time
O0010024,East Hub,9.15,2026-06-07,2026-06-07,On Time
O0010025,West Hub,18.18,2026-06-09,2026-06-11,Late
O0010026,East Hub,18.92,2026-06-08,2026-06-07,On Time
O0010027,West Hub,13.77,2026-06-08,2026-06-07,On Time
O0010028,Central Hub,8.53,2026-06-09,2026-06-08,On Time
O0010029,West Hub,7.51,2026-06-06,2026-06-06,On Time
O0010030,West Hub,8.31,2026-06-06,2026-06-06,On Time
O0010031,West Hub,14.91,2026-06-07,2026-06-06,On Time
O0010032,West Hub,8.62,2026-06-07,2026-06-07,On Time
O0010033,West Hub,12.14,2026-06-07,2026-06-07,On Time
O0010034,Central Hub,12.17,2026-06-09,2026-06-09,On Time
O0010035,West Hub,12.43,2026-06-09,2026-06-08,On Time
O0010036,Central Hub,14.94,2026-06-06,2026-06-05,On Time
O0010037,East Hub,20.03,2026-06-06,2026-06-06,On Time
O0010038,East Hub,12.35,2026-06-07,2026-06-06,On Time
O0010039,East Hub,10.48,2026-06-07,2026-06-07,On Time
O0010040,East Hub,15.11,2026-06-06,2026-06-05,On Time
O0010041,East Hub,10.09,2026-06-09,2026-06-08,On Time
O0010042,Central Hub,9.01,2026-06-08,2026-06-08,On Time
O0010043,Central Hub,9.35,2026-06-09,2026-06-09,On Time
O0010044,East Hub,13.09,2026-06-07,2026-06-07,On Time
O0010045,East Hub,8.9,2026-06-09,2026-06-08,On Time
O0010046,East Hub,8.78,2026-06-08,2026-06-08,On Time
O0010047,Central Hub,13.75,2026-06-09,2026-06-08,On Time
O0010048,East Hub,7.7,2026-06-06,2026-06-05,On Time
O0010049,Central Hub,7.48,2026-06-08,2026-06-07,On Time
O0010050,West Hub,8.5,2026-06-08,2026-06-07,On Time
O0010051,Central Hub,17.15,2026-06-07,2026-06-06,On Time
O0010052,West Hub,8.91,2026-06-09,2026-06-08,On Time
O0010053,East Hub,17.4,2026-06-08,2026-06-08,On Time
O0010054,West Hub,9.64,2026-06-06,2026-06-05,On Time
O0010055,West Hub,7.79,2026-06-08,2026-06-08,On Time
O0010056,Central Hub,9.3,2026-06-07,2026-06-06,On Time
O0010057,Central Hub,11.1,2026-06-08,2026-06-08,On Time
O0010058,East Hub,9.63,2026-06-07,2026-06-06,On Time
O0010059,East Hub,12.15,2026-06-06,2026-06-06,On Time
O0010060,West Hub,12.42,2026-06-07,2026-06-07,On Time
O0010061,Central Hub,6.92,2026-06-09,2026-06-08,On Time
O0010062,West Hub,24.16,2026-06-09,2026-06-09,On Time
O0010063,Central Hub,7.14,2026-06-09,2026-06-09,On Time
O0010064,West Hub,7.98,2026-06-10,2026-06-11,Late
O0010065,Central Hub,7.23,2026-06-08,2026-06-07,On Time
O0010066,East Hub,7.75,2026-06-07,2026-06-07,On Time
O0010067,West Hub,17.86,2026-06-10,2026-06-12,Late
O0010068,West Hub,8.83,2026-06-08,2026-06-13,Late
O0010069,East Hub,8.05,2026-06-10,2026-06-09,On Time
O0010070,West Hub,12.27,2026-06-08,2026-06-07,On Time
O0010071,West Hub,13.96,2026-06-10,2026-06-10,On Time
O0010072,East Hub,7.47,2026-06-07,2026-06-07,On Time
O0010073,Central Hub,14.19,2026-06-07,2026-06-07,On Time
O0010074,Central Hub,8.45,2026-06-10,2026-06-09,On Time
O0010075,West Hub,24.43,2026-06-08,2026-06-08,On Time
O0010076,East Hub,10.29,2026-06-10,2026-06-09,On Time
O0010077,Central Hub,16.54,2026-06-10,2026-06-10,On Time
O0010078,West Hub,17.5,2026-06-09,2026-06-09,On Time
O0010079,West Hub,13.85,2026-06-10,2026-06-09,On Time
O0010080,West Hub,11.41,2026-06-10,2026-06-10,On Time
O0010081,West Hub,12.66,2026-06-09,2026-06-09,On Time
O0010082,West Hub,11.38,2026-06-07,2026-06-07,On Time
O0010083,East Hub,9.91,2026-06-08,2026-06-08,On Time
O0010084,East Hub,8.64,2026-06-10,2026-06-09,On Time
O0010085,East Hub,10.87,2026-06-09,2026-06-09,On Time
O0010086,East Hub,11.35,2026-06-08,2026-06-07,On Time
O0010087,East Hub,12.21,2026-06-09,2026-06-08,On Time
O0010088,West Hub,13.52,2026-06-10,2026-06-09,On Time
O0010089,Central Hub,11.39,2026-06-09,2026-06-08,On Time
O0010090,East Hub,10.44,2026-06-07,2026-06-07,On Time
O0010091,Central Hub,11.82,2026-06-09,2026-06-13,Late
O0010092,West Hub,14.98,2026-06-08,2026-06-13,Late
O0010093,East Hub,12.76,2026-06-08,2026-06-07,On Time
O0010094,Central Hub,12.91,2026-06-07,2026-06-07,On Time
O0010095,Central Hub,16.16,2026-06-08,2026-06-08,On Time
O0010096,Central Hub,15.9,2026-06-08,2026-06-08,On Time
O0010097,Central Hub,9.95,2026-06-08,2026-06-07,On Time
O0010098,West Hub,18.06,2026-06-09,2026-06-09,On Time
O0010099,West Hub,11.65,2026-06-07,2026-06-06,On Time
O0010100,West Hub,9.21,2026-06-10,2026-06-09,On Time
O0010101,East Hub,6.7,2026-06-07,2026-06-06,On Time
O0010102,Central Hub,11.3,2026-06-07,2026-06-06,On Time
O0010103,East Hub,9.6,2026-06-09,2026-06-08,On Time
O0010104,West Hub,10.26,2026-06-09,2026-06-08,On Time
O0010105,Central Hub,8.8,2026-06-07,2026-06-06,On Time
O0010106,Central Hub,13.1,2026-06-08,2026-06-07,On Time
O0010107,East Hub,10.46,2026-06-09,2026-06-08,On Time
O0010108,East Hub,10.14,2026-06-08,2026-06-08,On Time
O0010109,West Hub,9.9,2026-06-09,2026-06-09,On Time
O0010110,East Hub,11.97,2026-06-09,2026-06-08,On Time
O0010111,West Hub,10.69,2026-06-08,2026-06-07,On Time
O0010112,Central Hub,7.84,2026-06-10,2026-06-09,On Time
O0010113,East Hub,8.03,2026-06-10,2026-06-10,On Time
O0010114,East Hub,7.37,2026-06-07,2026-06-12,Late
O0010115,West Hub,11.8,2026-06-09,2026-06-09,On Time
O0010116,East Hub,8.72,2026-06-08,2026-06-08,On Time
O0010117,West Hub,21.41,2026-06-09,2026-06-09,On Time
O0010118,Central Hub,8.87,2026-06-07,2026-06-07,On Time
O0010119,West Hub,8.21,2026-06-09,2026-06-14,Late
O0010120,Central Hub,6.47,2026-06-09,2026-06-09,On Time
O0010121,West Hub,15.68,2026-06-11,2026-06-10,On Time
O0010122,East Hub,8.35,2026-06-08,2026-06-07,On Time
O0010123,West Hub,16.98,2026-06-11,2026-06-11,On Time
O0010124,Central Hub,9.69,2026-06-08,2026-06-08,On Time
O0010125,East Hub,10.76,2026-06-08,2026-06-10,Late
O0010126,West Hub,14.63,2026-06-10,2026-06-09,On Time
O0010127,Central Hub,8.58,2026-06-10,2026-06-09,On Time
O0010128,Central Hub,8.35,2026-06-11,2026-06-11,On Time
O0010129,East Hub,12.94,2026-06-08,2026-06-08,On Time
O0010130,East Hub,13.1,2026-06-09,2026-06-08,On Time
O0010131,Central Hub,7.52,2026-06-08,2026-06-07,On Time
O0010132,West Hub,8.03,2026-06-11,2026-06-10,On Time
O0010133,East Hub,13.44,2026-06-10,2026-06-13,Late
O0010134,Central Hub,17.87,2026-06-10,2026-06-10,On Time
O0010135,Central Hub,13.13,2026-06-08,2026-06-08,On Time
O0010136,West Hub,10.15,2026-06-08,2026-06-08,On Time
O0010137,East Hub,11.91,2026-06-09,2026-06-09,On Time
O0010138,East Hub,7.54,2026-06-09,2026-06-09,On Time
O0010139,Central Hub,8.42,2026-06-11,2026-06-10,On Time
O0010140,East Hub,10.95,2026-06-11,2026-06-11,On Time
O0010141,East Hub,12.06,2026-06-11,2026-06-10,On Time
O0010142,East Hub,12.91,2026-06-10,2026-06-09,On Time
O0010143,East Hub,12.1,2026-06-09,2026-06-08,On Time
O0010144,East Hub,12.31,2026-06-08,2026-06-07,On Time
O0010145,Central Hub,10.72,2026-06-08,2026-06-07,On Time
O0010146,West Hub,12.04,2026-06-11,2026-06-11,On Time
O0010147,West Hub,9.67,2026-06-09,2026-06-12,Late
O0010148,Central Hub,12.69,2026-06-08,2026-06-08,On Time
O0010149,East Hub,11.4,2026-06-10,2026-06-09,On Time
O0010150,West Hub,10.73,2026-06-10,2026-06-10,On Time
O0010151,West Hub,14.86,2026-06-10,2026-06-09,On Time
O0010152,West Hub,12.55,2026-06-11,2026-06-16,Late
O0010153,Central Hub,14.38,2026-06-11,2026-06-10,On Time
O0010154,West Hub,8.37,2026-06-10,2026-06-14,Late
O0010155,East Hub,11.79,2026-06-09,2026-06-08,On Time
O0010156,West Hub,8.66,2026-06-11,2026-06-12,Late
O0010157,West Hub,13.01,2026-06-08,2026-06-08,On Time
O0010158,Central Hub,8.87,2026-06-09,2026-06-09,On Time
O0010159,West Hub,12.32,2026-06-10,2026-06-10,On Time
O0010160,Central Hub,11.89,2026-06-10,2026-06-09,On Time
O0010161,East Hub,12.59,2026-06-08,2026-06-07,On Time
O0010162,East Hub,8.94,2026-06-08,2026-06-08,On Time
O0010163,Central Hub,8.28,2026-06-11,2026-06-10,On Time
O0010164,West Hub,14.05,2026-06-10,2026-06-10,On Time
O0010165,Central Hub,12.71,2026-06-11,2026-06-10,On Time
O0010166,West Hub,11.2,2026-06-11,2026-06-11,On Time
O0010167,East Hub,9.24,2026-06-11,2026-06-10,On Time
O0010168,Central Hub,17.71,2026-06-09,2026-06-08,On Time
O0010169,East Hub,10.6,2026-06-11,2026-06-16,Late
O0010170,West Hub,7.78,2026-06-09,2026-06-08,On Time
O0010171,Central Hub,7.42,2026-06-10,2026-06-10,On Time
O0010172,East Hub,13.68,2026-06-09,2026-06-08,On Time
O0010173,Central Hub,15.88,2026-06-08,2026-06-08,On Time
O0010174,East Hub,9.45,2026-06-09,2026-06-09,On Time
O0010175,Central Hub,9.72,2026-06-09,2026-06-09,On Time
O0010176,West Hub,13.04,2026-06-11,2026-06-10,On Time
O0010177,East Hub,9.73,2026-06-10,2026-06-10,On Time
O0010178,East Hub,8.7,2026-06-10,2026-06-09,On Time
O0010179,Central Hub,13.31,2026-06-09,2026-06-08,On Time
O0010180,East Hub,11.65,2026-06-09,2026-06-08,On Time
O0010181,West Hub,20.43,2026-06-11,2026-06-10,On Time
O0010182,West Hub,16.32,2026-06-09,2026-06-09,On Time
O0010183,East Hub,10.38,2026-06-10,2026-06-09,On Time
O0010184,East Hub,8.09,2026-06-09,2026-06-08,On Time
O0010185,East Hub,12.3,2026-06-11,2026-06-11,On Time
O0010186,East Hub,12.12,2026-06-11,2026-06-10,On Time
O0010187,East Hub,9.39,2026-06-08,2026-06-07,On Time
O0010188,West Hub,15.68,2026-06-08,2026-06-07,On Time
O0010189,West Hub,17.49,2026-06-09,2026-06-08,On Time
O0010190,Central Hub,9.39,2026-06-09,2026-06-09,On Time
O0010191,East Hub,7.14,2026-06-11,2026-06-10,On Time
O0010192,East Hub,8.76,2026-06-11,2026-06-10,On Time
O0010193,East Hub,10.73,2026-06-09,2026-06-08,On Time
O0010194,East Hub,8.31,2026-06-12,2026-06-11,On Time
O0010195,West Hub,18.89,2026-06-11,2026-06-10,On Time
O0010196,West Hub,22.83,2026-06-10,2026-06-09,On Time
O0010197,Central Hub,9.06,2026-06-09,2026-06-09,On Time
O0010198,West Hub,13.2,2026-06-10,2026-06-09,On Time
O0010199,Central Hub,7.98,2026-06-11,2026-06-11,On Time
O0010200,East Hub,13.2,2026-06-12,2026-06-12,On Time
O0010201,West Hub,10.8,2026-06-12,2026-06-11,On Time
O0010202,West Hub,9.32,2026-06-11,2026-06-12,Late
O0010203,East Hub,11.49,2026-06-12,2026-06-12,On Time
O0010204,East Hub,10.15,2026-06-12,2026-06-12,On Time
O0010205,Central Hub,7.55,2026-06-10,2026-06-09,On Time
O0010206,West Hub,8.33,2026-06-12,2026-06-12,On Time
O0010207,West Hub,10.23,2026-06-09,2026-06-09,On Time
O0010208,West Hub,6.24,2026-06-11,2026-06-10,On Time
O0010209,West Hub,11.38,2026-06-09,2026-06-09,On Time
O0010210,Central Hub,9.86,2026-06-11,2026-06-11,On Time
O0010211,Central Hub,7.07,2026-06-12,2026-06-11,On Time
O0010212,Central Hub,9.73,2026-06-11,2026-06-11,On Time
O0010213,West Hub,7.44,2026-06-10,2026-06-09,On Time
O0010214,Central Hub,11.47,2026-06-09,2026-06-08,On Time
O0010215,West Hub,11.29,2026-06-12,2026-06-14,Late
O0010216,Central Hub,9.15,2026-06-12,2026-06-12,On Time
O0010217,Central Hub,12.6,2026-06-11,2026-06-11,On Time
O0010218,Central Hub,11.65,2026-06-11,2026-06-16,Late
O0010219,Central Hub,8.75,2026-06-12,2026-06-11,On Time
O0010220,West Hub,8.08,2026-06-12,2026-06-11,On Time
O0010221,West Hub,12.43,2026-06-12,2026-06-15,Late
O0010222,West Hub,13.76,2026-06-12,2026-06-11,On Time
O0010223,East Hub,14.91,2026-06-12,2026-06-12,On Time
O0010224,West Hub,9.75,2026-06-11,2026-06-11,On Time
O0010225,East Hub,13.2,2026-06-12,2026-06-12,On Time
O0010226,Central Hub,15.38,2026-06-09,2026-06-09,On Time
O0010227,Central Hub,7.3,2026-06-09,2026-06-09,On Time
O0010228,East Hub,10.06,2026-06-11,2026-06-11,On Time
O0010229,Central Hub,6.39,2026-06-10,2026-06-10,On Time
O0010230,West Hub,12.15,2026-06-10,2026-06-09,On Time
O0010231,Central Hub,14.61,2026-06-12,2026-06-11,On Time
O0010232,Central Hub,9.33,2026-06-10,2026-06-10,On Time
O0010233,Central Hub,15.01,2026-06-12,2026-06-11,On Time
O0010234,East Hub,14.0,2026-06-10,2026-06-09,On Time
O0010235,West Hub,28.19,2026-06-10,2026-06-09,On Time
O0010236,Central Hub,7.69,2026-06-12,2026-06-11,On Time
O0010237,Central Hub,11.66,2026-06-12,2026-06-17,Late
O0010238,West Hub,7.58,2026-06-10,2026-06-15,Late
O0010239,Central Hub,8.42,2026-06-09,2026-06-14,Late
O0010240,Central Hub,7.99,2026-06-09,2026-06-09,On Time
O0010241,East Hub,11.34,2026-06-10,2026-06-10,On Time
O0010242,Central Hub,11.85,2026-06-10,2026-06-09,On Time
O0010243,East Hub,12.8,2026-06-10,2026-06-09,On Time
O0010244,West Hub,10.32,2026-06-11,2026-06-11,On Time
O0010245,West Hub,15.96,2026-06-10,2026-06-10,On Time
O0010246,East Hub,8.8,2026-06-10,2026-06-09,On Time
O0010247,West Hub,10.24,2026-06-09,2026-06-09,On Time
O0010248,Central Hub,16.45,2026-06-12,2026-06-12,On Time
O0010249,Central Hub,13.99,2026-06-09,2026-06-09,On Time
O0010250,East Hub,14.67,2026-06-12,2026-06-12,On Time
O0010251,Central Hub,16.08,2026-06-09,2026-06-09,On Time
O0010252,East Hub,8.61,2026-06-12,2026-06-12,On Time
O0010253,East Hub,12.24,2026-06-12,2026-06-12,On Time
O0010254,West Hub,12.38,2026-06-11,2026-06-11,On Time
O0010255,Central Hub,11.35,2026-06-12,2026-06-12,On Time
O0010256,West Hub,7.42,2026-06-13,2026-06-13,On Time
O0010257,Central Hub,12.18,2026-06-12,2026-06-12,On Time
O0010258,Central Hub,12.69,2026-06-13,2026-06-13,On Time
O0010259,Central Hub,10.62,2026-06-13,2026-06-12,On Time
O0010260,Central Hub,7.79,2026-06-13,2026-06-12,On Time
O0010261,West Hub,12.79,2026-06-12,2026-06-17,Late
O0010262,West Hub,22.94,2026-06-11,2026-06-10,On Time
O0010263,West Hub,13.48,2026-06-11,2026-06-11,On Time
O0010264,Central Hub,8.26,2026-06-11,2026-06-11,On Time
O0010265,West Hub,8.95,2026-06-10,2026-06-10,On Time
O0010266,Central Hub,15.24,2026-06-12,2026-06-12,On Time
O0010267,West Hub,17.07,2026-06-12,2026-06-11,On Time
O0010268,West Hub,10.48,2026-06-11,2026-06-11,On Time
O0010269,East Hub,10.98,2026-06-12,2026-06-12,On Time
O0010270,Central Hub,6.85,2026-06-10,2026-06-09,On Time
O0010271,West Hub,10.7,2026-06-12,2026-06-11,On Time
O0010272,West Hub,14.43,2026-06-10,2026-06-09,On Time
O0010273,Central Hub,12.77,2026-06-12,2026-06-14,Late
O0010274,Central Hub,10.58,2026-06-13,2026-06-12,On Time
O0010275,East Hub,16.62,2026-06-10,2026-06-09,On Time
O0010276,West Hub,18.05,2026-06-11,2026-06-11,On Time
O0010277,East Hub,8.21,2026-06-10,2026-06-09,On Time
O0010278,West Hub,9.45,2026-06-12,2026-06-11,On Time
O0010279,West Hub,14.36,2026-06-11,2026-06-11,On Time
O0010280,East Hub,9.04,2026-06-10,2026-06-10,On Time
O0010281,West Hub,11.81,2026-06-11,2026-06-11,On Time
O0010282,West Hub,15.38,2026-06-12,2026-06-11,On Time
O0010283,West Hub,12.12,2026-06-11,2026-06-10,On Time
O0010284,West Hub,12.54,2026-06-10,2026-06-09,On Time
O0010285,West Hub,18.43,2026-06-10,2026-06-10,On Time
O0010286,West Hub,12.17,2026-06-11,2026-06-10,On Time
O0010287,Central Hub,11.77,2026-06-13,2026-06-12,On Time
O0010288,Central Hub,5.58,2026-06-12,2026-06-13,Late
O0010289,West Hub,17.54,2026-06-10,2026-06-10,On Time
O0010290,West Hub,17.29,2026-06-11,2026-06-11,On Time
O0010291,West Hub,8.6,2026-06-11,2026-06-11,On Time
O0010292,East Hub,15.71,2026-06-10,2026-06-10,On Time
O0010293,East Hub,11.23,2026-06-12,2026-06-12,On Time
O0010294,Central Hub,12.44,2026-06-10,2026-06-10,On Time
O0010295,West Hub,8.38,2026-06-13,2026-06-12,On Time
O0010296,West Hub,13.96,2026-06-10,2026-06-09,On Time
O0010297,Central Hub,7.81,2026-06-11,2026-06-11,On Time
O0010298,East Hub,11.0,2026-06-10,2026-06-09,On Time
O0010299,Central Hub,11.77,2026-06-10,2026-06-09,On Time
O0010300,Central Hub,10.3,2026-06-13,2026-06-13,On Time
O0010301,Central Hub,21.38,2026-06-11,2026-06-10,On Time
O0010302,East Hub,13.12,2026-06-12,2026-06-11,On Time
O0010303,Central Hub,18.8,2026-06-13,2026-06-12,On Time
O0010304,East Hub,8.31,2026-06-10,2026-06-09,On Time
O0010305,West Hub,9.44,2026-06-11,2026-06-11,On Time
O0010306,West Hub,16.42,2026-06-11,2026-06-14,Late
O0010307,West Hub,10.95,2026-06-12,2026-06-13,Late
O0010308,East Hub,11.58,2026-06-13,2026-06-12,On Time
O0010309,Central Hub,12.45,2026-06-11,2026-06-10,On Time
O0010310,Central Hub,11.37,2026-06-13,2026-06-12,On Time
O0010311,West Hub,13.63,2026-06-12,2026-06-12,On Time
O0010312,East Hub,6.66,2026-06-11,2026-06-12,Late
O0010313,West Hub,18.32,2026-06-10,2026-06-10,On Time
O0010314,Central Hub,18.02,2026-06-13,2026-06-13,On Time
O0010315,West Hub,20.88,2026-06-12,2026-06-11,On Time
O0010316,West Hub,8.02,2026-06-11,2026-06-11,On Time
O0010317,Central Hub,13.36,2026-06-13,2026-06-12,On Time
O0010318,Central Hub,15.7,2026-06-12,2026-06-12,On Time
O0010319,Central Hub,8.66,2026-06-13,2026-06-13,On Time
O0010320,East Hub,10.33,2026-06-10,2026-06-10,On Time
O0010321,West Hub,15.87,2026-06-11,2026-06-11,On Time
O0010322,East Hub,13.52,2026-06-11,2026-06-10,On Time
O0010323,Central Hub,8.25,2026-06-10,2026-06-09,On Time
O0010324,West Hub,9.51,2026-06-10,2026-06-09,On Time
O0010325,West Hub,13.58,2026-06-11,2026-06-11,On Time
O0010326,West Hub,11.76,2026-06-13,2026-06-13,On Time
O0010327,West Hub,13.24,2026-06-11,2026-06-10,On Time
O0010328,Central Hub,7.42,2026-06-12,2026-06-12,On Time
O0010329,Central Hub,14.84,2026-06-13,2026-06-12,On Time
O0010330,West Hub,8.66,2026-06-11,2026-06-11,On Time
O0010331,West Hub,15.39,2026-06-13,2026-06-13,On Time
O0010332,Central Hub,13.78,2026-06-14,2026-06-18,Late
O0010333,East Hub,7.31,2026-06-11,2026-06-11,On Time
O0010334,West Hub,19.9,2026-06-12,2026-06-17,Late
O0010335,West Hub,14.47,2026-06-13,2026-06-13,On Time
O0010336,East Hub,11.91,2026-06-14,2026-06-19,Late
O0010337,West Hub,13.55,2026-06-11,2026-06-10,On Time
O0010338,West Hub,20.24,2026-06-12,2026-06-12,On Time
O0010339,West Hub,10.35,2026-06-12,2026-06-11,On Time
O0010340,Central Hub,8.08,2026-06-14,2026-06-14,On Time
O0010341,Central Hub,7.73,2026-06-13,2026-06-12,On Time
O0010342,East Hub,13.78,2026-06-12,2026-06-11,On Time
O0010343,Central Hub,7.34,2026-06-14,2026-06-14,On Time
O0010344,West Hub,11.23,2026-06-12,2026-06-12,On Time
O0010345,East Hub,15.24,2026-06-13,2026-06-12,On Time
O0010346,East Hub,14.8,2026-06-14,2026-06-14,On Time
O0010347,West Hub,15.43,2026-06-13,2026-06-18,Late
O0010348,West Hub,9.68,2026-06-12,2026-06-12,On Time
O0010349,Central Hub,8.57,2026-06-11,2026-06-10,On Time
O0010350,West Hub,10.84,2026-06-11,2026-06-10,On Time
O0010351,West Hub,9.18,2026-06-13,2026-06-18,Late
O0010352,East Hub,7.78,2026-06-13,2026-06-13,On Time
O0010353,West Hub,7.02,2026-06-11,2026-06-10,On Time
O0010354,Central Hub,8.62,2026-06-11,2026-06-11,On Time
O0010355,Central Hub,10.39,2026-06-14,2026-06-13,On Time
O0010356,Central Hub,9.26,2026-06-11,2026-06-10,On Time
O0010357,West Hub,17.09,2026-06-11,2026-06-15,Late
O0010358,Central Hub,9.19,2026-06-11,2026-06-10,On Time
O0010359,West Hub,11.77,2026-06-14,2026-06-13,On Time
O0010360,Central Hub,10.9,2026-06-14,2026-06-14,On Time
O0010361,East Hub,11.67,2026-06-12,2026-06-12,On Time
O0010362,East Hub,19.68,2026-06-13,2026-06-15,Late
O0010363,East Hub,18.2,2026-06-12,2026-06-11,On Time
O0010364,Central Hub,7.44,2026-06-13,2026-06-12,On Time
O0010365,Central Hub,11.28,2026-06-13,2026-06-12,On Time
O0010366,East Hub,8.4,2026-06-14,2026-06-14,On Time
O0010367,Central Hub,9.8,2026-06-11,2026-06-11,On Time
O0010368,East Hub,7.11,2026-06-11,2026-06-11,On Time
O0010369,West Hub,9.04,2026-06-14,2026-06-14,On Time
O0010370,West Hub,11.09,2026-06-11,2026-06-11,On Time
O0010371,West Hub,12.92,2026-06-13,2026-06-13,On Time
O0010372,Central Hub,10.42,2026-06-14,2026-06-13,On Time
O0010373,East Hub,18.5,2026-06-14,2026-06-14,On Time
O0010374,East Hub,9.78,2026-06-12,2026-06-11,On Time
O0010375,East Hub,10.13,2026-06-11,2026-06-11,On Time
O0010376,East Hub,7.94,2026-06-14,2026-06-13,On Time
O0010377,West Hub,12.45,2026-06-13,2026-06-12,On Time
O0010378,Central Hub,7.6,2026-06-14,2026-06-13,On Time
O0010379,East Hub,21.74,2026-06-11,2026-06-10,On Time
O0010380,West Hub,11.32,2026-06-11,2026-06-10,On Time
O0010381,West Hub,9.3,2026-06-13,2026-06-13,On Time
O0010382,Central Hub,7.17,2026-06-11,2026-06-11,On Time
O0010383,East Hub,18.31,2026-06-14,2026-06-13,On Time
O0010384,East Hub,11.42,2026-06-13,2026-06-13,On Time
O0010385,East Hub,13.51,2026-06-13,2026-06-12,On Time
O0010386,West Hub,15.67,2026-06-11,2026-06-11,On Time
O0010387,West Hub,9.55,2026-06-14,2026-06-14,On Time
O0010388,West Hub,17.53,2026-06-11,2026-06-10,On Time
O0010389,West Hub,13.23,2026-06-12,2026-06-12,On Time
O0010390,West Hub,19.14,2026-06-12,2026-06-11,On Time
O0010391,East Hub,10.19,2026-06-13,2026-06-13,On Time
O0010392,West Hub,21.33,2026-06-11,2026-06-11,On Time
O0010393,Central Hub,8.83,2026-06-14,2026-06-13,On Time
O0010394,West Hub,15.89,2026-06-14,2026-06-14,On Time
O0010395,West Hub,11.22,2026-06-14,2026-06-13,On Time
O0010396,Central Hub,7.35,2026-06-15,2026-06-15,On Time
O0010397,West Hub,10.82,2026-06-12,2026-06-11,On Time
O0010398,West Hub,8.86,2026-06-12,2026-06-12,On Time
O0010399,East Hub,7.88,2026-06-15,2026-06-14,On Time
O0010400,East Hub,10.45,2026-06-14,2026-06-14,On Time
O0010401,Central Hub,9.92,2026-06-15,2026-06-14,On Time
O0010402,East Hub,11.58,2026-06-13,2026-06-18,Late
O0010403,West Hub,8.97,2026-06-15,2026-06-14,On Time
O0010404,Central Hub,12.6,2026-06-15,2026-06-15,On Time
O0010405,Central Hub,21.05,2026-06-15,2026-06-14,On Time
O0010406,West Hub,11.56,2026-06-12,2026-06-14,Late
O0010407,Central Hub,8.02,2026-06-13,2026-06-12,On Time
O0010408,East Hub,11.52,2026-06-14,2026-06-13,On Time
O0010409,West Hub,8.35,2026-06-12,2026-06-13,Late
O0010410,Central Hub,9.33,2026-06-15,2026-06-17,Late
O0010411,West Hub,14.48,2026-06-15,2026-06-17,Late
O0010412,East Hub,13.05,2026-06-15,2026-06-14,On Time
O0010413,West Hub,12.78,2026-06-15,2026-06-15,On Time
O0010414,East Hub,10.53,2026-06-14,2026-06-14,On Time
O0010415,West Hub,7.39,2026-06-15,2026-06-14,On Time
O0010416,East Hub,10.7,2026-06-12,2026-06-11,On Time
O0010417,West Hub,17.42,2026-06-13,2026-06-12,On Time
O0010418,West Hub,19.04,2026-06-12,2026-06-11,On Time
O0010419,Central Hub,22.11,2026-06-13,2026-06-13,On Time
O0010420,East Hub,11.37,2026-06-15,2026-06-20,Late
O0010421,West Hub,10.28,2026-06-14,2026-06-14,On Time
O0010422,Central Hub,8.03,2026-06-15,2026-06-14,On Time
O0010423,Central Hub,13.76,2026-06-14,2026-06-14,On Time
O0010424,West Hub,13.85,2026-06-13,2026-06-13,On Time
O0010425,East Hub,8.45,2026-06-14,2026-06-13,On Time
O0010426,East Hub,9.2,2026-06-13,2026-06-12,On Time
O0010427,West Hub,11.26,2026-06-14,2026-06-14,On Time
O0010428,Central Hub,11.63,2026-06-15,2026-06-15,On Time
O0010429,West Hub,10.18,2026-06-15,2026-06-15,On Time
O0010430,East Hub,10.82,2026-06-12,2026-06-11,On Time
O0010431,Central Hub,10.79,2026-06-13,2026-06-12,On Time
O0010432,West Hub,13.32,2026-06-15,2026-06-14,On Time
O0010433,Central Hub,8.17,2026-06-13,2026-06-12,On Time
O0010434,West Hub,12.21,2026-06-12,2026-06-11,On Time
O0010435,East Hub,11.55,2026-06-14,2026-06-13,On Time
O0010436,West Hub,14.4,2026-06-12,2026-06-11,On Time
O0010437,East Hub,11.81,2026-06-15,2026-06-17,Late
O0010438,Central Hub,8.37,2026-06-14,2026-06-13,On Time
O0010439,West Hub,9.72,2026-06-15,2026-06-15,On Time
O0010440,West Hub,11.18,2026-06-13,2026-06-12,On Time
O0010441,West Hub,15.01,2026-06-14,2026-06-16,Late
O0010442,West Hub,21.53,2026-06-15,2026-06-15,On Time
O0010443,Central Hub,7.54,2026-06-13,2026-06-17,Late
O0010444,Central Hub,14.46,2026-06-15,2026-06-17,Late
O0010445,East Hub,7.86,2026-06-14,2026-06-13,On Time
O0010446,West Hub,12.69,2026-06-13,2026-06-12,On Time
O0010447,East Hub,7.27,2026-06-12,2026-06-12,On Time
O0010448,Central Hub,8.15,2026-06-14,2026-06-14,On Time
O0010449,East Hub,12.65,2026-06-13,2026-06-12,On Time
O0010450,West Hub,11.02,2026-06-13,2026-06-13,On Time
O0010451,East Hub,10.52,2026-06-15,2026-06-14,On Time
O0010452,Central Hub,9.86,2026-06-15,2026-06-14,On Time
O0010453,Central Hub,8.35,2026-06-13,2026-06-13,On Time
O0010454,East Hub,12.9,2026-06-15,2026-06-15,On Time
O0010455,West Hub,7.88,2026-06-13,2026-06-13,On Time
O0010456,Central Hub,9.94,2026-06-13,2026-06-13,On Time
O0010457,West Hub,13.47,2026-06-15,2026-06-15,On Time
O0010458,East Hub,22.36,2026-06-14,2026-06-13,On Time
O0010459,West Hub,12.14,2026-06-15,2026-06-15,On Time
O0010460,Central Hub,8.67,2026-06-13,2026-06-16,Late
O0010461,West Hub,11.73,2026-06-15,2026-06-15,On Time
O0010462,Central Hub,13.69,2026-06-14,2026-06-14,On Time
O0010463,East Hub,7.35,2026-06-14,2026-06-14,On Time
O0010464,West Hub,14.09,2026-06-13,2026-06-12,On Time
O0010465,East Hub,7.9,2026-06-14,2026-06-13,On Time
O0010466,Central Hub,11.09,2026-06-15,2026-06-14,On Time
O0010467,Central Hub,6.6,2026-06-14,2026-06-13,On Time
O0010468,West Hub,7.38,2026-06-12,2026-06-11,On Time
O0010469,West Hub,12.17,2026-06-13,2026-06-13,On Time
O0010470,Central Hub,7.08,2026-06-15,2026-06-15,On Time
O0010471,East Hub,8.26,2026-06-15,2026-06-14,On Time
O0010472,East Hub,9.82,2026-06-15,2026-06-15,On Time
O0010473,West Hub,15.07,2026-06-14,2026-06-13,On Time
O0010474,Central Hub,10.31,2026-06-16,2026-06-16,On Time
O0010475,West Hub,17.73,2026-06-15,2026-06-14,On Time
O0010476,West Hub,12.19,2026-06-13,2026-06-13,On Time
O0010477,West Hub,9.82,2026-06-14,2026-06-14,On Time
O0010478,East Hub,12.62,2026-06-13,2026-06-13,On Time
O0010479,Central Hub,6.35,2026-06-15,2026-06-15,On Time
O0010480,Central Hub,8.0,2026-06-15,2026-06-14,On Time
O0010481,Central Hub,10.82,2026-06-14,2026-06-14,On Time
O0010482,Central Hub,14.41,2026-06-16,2026-06-16,On Time
O0010483,East Hub,6.43,2026-06-15,2026-06-15,On Time
O0010484,West Hub,12.15,2026-06-15,2026-06-15,On Time
O0010485,Central Hub,11.65,2026-06-13,2026-06-13,On Time
O0010486,Central Hub,12.7,2026-06-13,2026-06-12,On Time
O0010487,East Hub,13.53,2026-06-14,2026-06-13,On Time
O0010488,West Hub,12.29,2026-06-15,2026-06-15,On Time
O0010489,Central Hub,7.0,2026-06-15,2026-06-15,On Time
O0010490,West Hub,27.78,2026-06-13,2026-06-13,On Time
O0010491,East Hub,22.01,2026-06-16,2026-06-16,On Time
O0010492,Central Hub,11.51,2026-06-16,2026-06-15,On Time
O0010493,Central Hub,9.84,2026-06-16,2026-06-18,Late
O0010494,West Hub,10.8,2026-06-15,2026-06-16,Late
O0010495,West Hub,14.56,2026-06-15,2026-06-15,On Time
O0010496,Central Hub,16.35,2026-06-14,2026-06-15,Late
O0010497,West Hub,8.51,2026-06-16,2026-06-16,On Time
O0010498,Central Hub,12.35,2026-06-15,2026-06-14,On Time
O0010499,Central Hub,8.75,2026-06-16,2026-06-15,On Time
O0010500,East Hub,13.01,2026-06-16,2026-06-15,On Time
O0010501,West Hub,9.14,2026-06-16,2026-06-16,On Time
O0010502,West Hub,14.73,2026-06-16,2026-06-16,On Time
O0010503,East Hub,8.3,2026-06-14,2026-06-14,On Time
O0010504,West Hub,17.32,2026-06-14,2026-06-13,On Time
O0010505,West Hub,13.41,2026-06-13,2026-06-12,On Time
O0010506,Central Hub,6.85,2026-06-13,2026-06-13,On Time
O0010507,Central Hub,11.12,2026-06-15,2026-06-15,On Time
O0010508,Central Hub,13.46,2026-06-16,2026-06-15,On Time
O0010509,West Hub,15.7,2026-06-15,2026-06-15,On Time
O0010510,Central Hub,9.59,2026-06-13,2026-06-12,On Time
O0010511,East Hub,9.63,2026-06-14,2026-06-14,On Time
O0010512,East Hub,14.68,2026-06-13,2026-06-13,On Time
O0010513,West Hub,12.72,2026-06-16,2026-06-15,On Time
O0010514,Central Hub,13.11,2026-06-14,2026-06-19,Late
O0010515,East Hub,12.12,2026-06-14,2026-06-14,On Time
O0010516,West Hub,8.17,2026-06-13,2026-06-12,On Time
O0010517,West Hub,18.53,2026-06-15,2026-06-14,On Time
O0010518,Central Hub,12.68,2026-06-15,2026-06-15,On Time
O0010519,West Hub,11.59,2026-06-13,2026-06-17,Late
O0010520,East Hub,11.17,2026-06-13,2026-06-12,On Time
O0010521,East Hub,6.15,2026-06-13,2026-06-12,On Time
O0010522,West Hub,16.59,2026-06-13,2026-06-12,On Time
O0010523,East Hub,7.37,2026-06-13,2026-06-17,Late
O0010524,East Hub,11.6,2026-06-16,2026-06-16,On Time
O0010525,West Hub,13.9,2026-06-13,2026-06-13,On Time
O0010526,East Hub,19.41,2026-06-14,2026-06-14,On Time
O0010527,West Hub,12.69,2026-06-15,2026-06-15,On Time
O0010528,Central Hub,10.08,2026-06-16,2026-06-21,Late
O0010529,West Hub,15.59,2026-06-13,2026-06-13,On Time
O0010530,Central Hub,13.3,2026-06-14,2026-06-14,On Time
O0010531,Central Hub,6.62,2026-06-14,2026-06-14,On Time
O0010532,East Hub,7.46,2026-06-13,2026-06-12,On Time
O0010533,East Hub,11.49,2026-06-15,2026-06-15,On Time
O0010534,East Hub,6.61,2026-06-16,2026-06-16,On Time
O0010535,Central Hub,12.12,2026-06-13,2026-06-13,On Time
O0010536,West Hub,11.16,2026-06-14,2026-06-13,On Time
O0010537,Central Hub,8.14,2026-06-14,2026-06-14,On Time
O0010538,Central Hub,11.05,2026-06-13,2026-06-13,On Time
O0010539,West Hub,16.41,2026-06-15,2026-06-15,On Time
O0010540,West Hub,19.04,2026-06-14,2026-06-13,On Time
O0010541,East Hub,8.64,2026-06-15,2026-06-16,Late
O0010542,East Hub,5.71,2026-06-16,2026-06-19,Late
O0010543,East Hub,15.65,2026-06-15,2026-06-14,On Time
O0010544,Central Hub,12.38,2026-06-14,2026-06-13,On Time
O0010545,East Hub,11.31,2026-06-15,2026-06-14,On Time
O0010546,West Hub,8.49,2026-06-15,2026-06-15,On Time
O0010547,Central Hub,7.12,2026-06-16,2026-06-20,Late
O0010548,Central Hub,11.41,2026-06-14,2026-06-16,Late
O0010549,Central Hub,15.01,2026-06-15,2026-06-15,On Time
O0010550,East Hub,9.59,2026-06-15,2026-06-15,On Time
O0010551,East Hub,9.47,2026-06-17,2026-06-16,On Time
O0010552,Central Hub,8.45,2026-06-15,2026-06-14,On Time
O0010553,East Hub,10.71,2026-06-15,2026-06-14,On Time
O0010554,East Hub,9.04,2026-06-17,2026-06-16,On Time
O0010555,West Hub,11.99,2026-06-16,2026-06-18,Late
O0010556,Central Hub,13.44,2026-06-17,2026-06-17,On Time
O0010557,West Hub,11.4,2026-06-16,2026-06-15,On Time
O0010558,West Hub,19.72,2026-06-14,2026-06-14,On Time
O0010559,Central Hub,13.45,2026-06-17,2026-06-21,Late
O0010560,East Hub,10.67,2026-06-17,2026-06-17,On Time
O0010561,Central Hub,12.71,2026-06-15,2026-06-15,On Time
O0010562,East Hub,11.45,2026-06-14,2026-06-14,On Time
O0010563,West Hub,15.88,2026-06-16,2026-06-15,On Time
O0010564,Central Hub,9.75,2026-06-14,2026-06-13,On Time
O0010565,East Hub,10.04,2026-06-15,2026-06-14,On Time
O0010566,East Hub,13.92,2026-06-14,2026-06-13,On Time
O0010567,West Hub,18.8,2026-06-16,2026-06-16,On Time
O0010568,East Hub,10.36,2026-06-14,2026-06-13,On Time
O0010569,West Hub,9.08,2026-06-17,2026-06-17,On Time
O0010570,East Hub,9.14,2026-06-16,2026-06-16,On Time
O0010571,Central Hub,8.53,2026-06-17,2026-06-16,On Time
O0010572,East Hub,11.32,2026-06-15,2026-06-15,On Time
O0010573,East Hub,8.28,2026-06-14,2026-06-14,On Time
O0010574,East Hub,9.14,2026-06-14,2026-06-14,On Time
O0010575,West Hub,8.02,2026-06-16,2026-06-16,On Time
O0010576,West Hub,12.21,2026-06-15,2026-06-15,On Time
O0010577,East Hub,12.89,2026-06-15,2026-06-15,On Time
O0010578,Central Hub,7.53,2026-06-14,2026-06-14,On Time
O0010579,East Hub,11.17,2026-06-16,2026-06-15,On Time
O0010580,Central Hub,9.43,2026-06-15,2026-06-15,On Time
O0010581,Central Hub,14.19,2026-06-16,2026-06-15,On Time
O0010582,West Hub,14.39,2026-06-15,2026-06-15,On Time
O0010583,East Hub,8.64,2026-06-14,2026-06-14,On Time
O0010584,Central Hub,7.46,2026-06-15,2026-06-15,On Time
O0010585,Central Hub,18.25,2026-06-14,2026-06-13,On Time
O0010586,West Hub,14.04,2026-06-17,2026-06-17,On Time
O0010587,West Hub,17.89,2026-06-17,2026-06-16,On Time
O0010588,West Hub,12.24,2026-06-17,2026-06-16,On Time
O0010589,Central Hub,13.08,2026-06-16,2026-06-15,On Time
O0010590,West Hub,8.57,2026-06-14,2026-06-13,On Time
O0010591,Central Hub,8.9,2026-06-17,2026-06-17,On Time
O0010592,West Hub,17.97,2026-06-17,2026-06-17,On Time
O0010593,East Hub,8.07,2026-06-16,2026-06-17,Late
O0010594,East Hub,9.3,2026-06-17,2026-06-21,Late
O0010595,Central Hub,10.19,2026-06-16,2026-06-18,Late
O0010596,East Hub,9.55,2026-06-15,2026-06-14,On Time
O0010597,West Hub,8.28,2026-06-15,2026-06-18,Late
O0010598,West Hub,15.76,2026-06-16,2026-06-15,On Time
O0010599,East Hub,21.89,2026-06-15,2026-06-14,On Time
O0010600,East Hub,11.42,2026-06-14,2026-06-14,On Time
O0010601,Central Hub,9.16,2026-06-16,2026-06-16,On Time
O0010602,West Hub,12.45,2026-06-17,2026-06-17,On Time
O0010603,West Hub,15.18,2026-06-16,2026-06-15,On Time
O0010604,Central Hub,12.39,2026-06-15,2026-06-15,On Time
O0010605,West Hub,8.65,2026-06-14,2026-06-14,On Time
O0010606,East Hub,9.8,2026-06-16,2026-06-16,On Time
O0010607,Central Hub,6.98,2026-06-17,2026-06-16,On Time
O0010608,Central Hub,13.04,2026-06-17,2026-06-17,On Time
O0010609,West Hub,11.41,2026-06-16,2026-06-16,On Time
O0010610,Central Hub,14.11,2026-06-14,2026-06-14,On Time
O0010611,East Hub,10.55,2026-06-17,2026-06-16,On Time
O0010612,West Hub,11.39,2026-06-14,2026-06-18,Late
O0010613,West Hub,14.49,2026-06-15,2026-06-15,On Time
O0010614,East Hub,11.69,2026-06-15,2026-06-15,On Time
O0010615,East Hub,7.55,2026-06-17,2026-06-19,Late
O0010616,Central Hub,24.39,2026-06-16,2026-06-15,On Time
O0010617,West Hub,12.16,2026-06-17,2026-06-16,On Time
O0010618,West Hub,9.1,2026-06-15,2026-06-15,On Time
O0010619,Central Hub,8.18,2026-06-15,2026-06-14,On Time
O0010620,West Hub,13.04,2026-06-16,2026-06-17,Late
O0010621,Central Hub,9.09,2026-06-16,2026-06-15,On Time
O0010622,Central Hub,8.08,2026-06-14,2026-06-19,Late
O0010623,Central Hub,8.12,2026-06-17,2026-06-16,On Time
O0010624,West Hub,16.1,2026-06-15,2026-06-15,On Time
O0010625,West Hub,17.16,2026-06-14,2026-06-13,On Time
O0010626,West Hub,11.59,2026-06-14,2026-06-14,On Time
O0010627,East Hub,8.53,2026-06-15,2026-06-14,On Time
O0010628,Central Hub,10.12,2026-06-15,2026-06-14,On Time
O0010629,East Hub,10.23,2026-06-15,2026-06-15,On Time
O0010630,Central Hub,8.97,2026-06-18,2026-06-18,On Time
O0010631,Central Hub,8.54,2026-06-15,2026-06-14,On Time
O0010632,Central Hub,8.55,2026-06-16,2026-06-15,On Time
O0010633,East Hub,13.37,2026-06-16,2026-06-20,Late
O0010634,Central Hub,7.42,2026-06-17,2026-06-17,On Time
O0010635,East Hub,10.68,2026-06-16,2026-06-16,On Time
O0010636,West Hub,9.34,2026-06-17,2026-06-16,On Time
O0010637,West Hub,9.37,2026-06-15,2026-06-15,On Time
O0010638,Central Hub,12.92,2026-06-17,2026-06-17,On Time
O0010639,Central Hub,10.85,2026-06-16,2026-06-15,On Time
O0010640,West Hub,13.82,2026-06-15,2026-06-14,On Time
O0010641,Central Hub,11.78,2026-06-15,2026-06-15,On Time
O0010642,East Hub,10.42,2026-06-17,2026-06-19,Late
O0010643,East Hub,20.35,2026-06-15,2026-06-14,On Time
O0010644,Central Hub,6.98,2026-06-17,2026-06-17,On Time
O0010645,West Hub,18.28,2026-06-15,2026-06-15,On Time
O0010646,Central Hub,18.91,2026-06-15,2026-06-15,On Time
O0010647,West Hub,12.14,2026-06-17,2026-06-17,On Time
O0010648,West Hub,19.13,2026-06-15,2026-06-14,On Time
O0010649,East Hub,8.87,2026-06-17,2026-06-17,On Time
O0010650,Central Hub,13.37,2026-06-16,2026-06-15,On Time
O0010651,East Hub,13.12,2026-06-17,2026-06-18,Late
O0010652,East Hub,9.82,2026-06-15,2026-06-14,On Time
O0010653,West Hub,7.07,2026-06-17,2026-06-17,On Time
O0010654,East Hub,9.91,2026-06-16,2026-06-16,On Time
O0010655,East Hub,17.52,2026-06-16,2026-06-16,On Time
O0010656,West Hub,9.02,2026-06-17,2026-06-17,On Time
O0010657,Central Hub,12.2,2026-06-15,2026-06-15,On Time
O0010658,West Hub,10.37,2026-06-15,2026-06-14,On Time
O0010659,Central Hub,13.69,2026-06-15,2026-06-16,Late
O0010660,West Hub,8.89,2026-06-17,2026-06-17,On Time
O0010661,West Hub,10.07,2026-06-15,2026-06-15,On Time
O0010662,West Hub,11.99,2026-06-18,2026-06-17,On Time
O0010663,Central Hub,14.61,2026-06-16,2026-06-16,On Time
O0010664,Central Hub,9.53,2026-06-18,2026-06-18,On Time
O0010665,West Hub,11.5,2026-06-15,2026-06-15,On Time
O0010666,West Hub,19.46,2026-06-16,2026-06-15,On Time
O0010667,East Hub,11.96,2026-06-16,2026-06-16,On Time
O0010668,East Hub,7.77,2026-06-15,2026-06-14,On Time
O0010669,East Hub,8.91,2026-06-18,2026-06-18,On Time
O0010670,East Hub,14.54,2026-06-15,2026-06-14,On Time
O0010671,West Hub,9.18,2026-06-16,2026-06-16,On Time
O0010672,East Hub,21.88,2026-06-16,2026-06-15,On Time
O0010673,East Hub,10.1,2026-06-16,2026-06-16,On Time
O0010674,Central Hub,7.85,2026-06-16,2026-06-20,Late
O0010675,Central Hub,17.78,2026-06-15,2026-06-15,On Time
O0010676,East Hub,10.46,2026-06-15,2026-06-15,On Time
O0010677,West Hub,14.3,2026-06-17,2026-06-17,On Time
O0010678,Central Hub,15.33,2026-06-16,2026-06-16,On Time
O0010679,East Hub,7.71,2026-06-15,2026-06-15,On Time
O0010680,East Hub,8.1,2026-06-17,2026-06-17,On Time
O0010681,East Hub,9.07,2026-06-18,2026-06-18,On Time
O0010682,West Hub,9.69,2026-06-17,2026-06-16,On Time
O0010683,West Hub,12.78,2026-06-16,2026-06-16,On Time
O0010684,East Hub,16.56,2026-06-15,2026-06-15,On Time
O0010685,East Hub,8.34,2026-06-17,2026-06-16,On Time
O0010686,Central Hub,6.81,2026-06-17,2026-06-17,On Time
O0010687,West Hub,10.63,2026-06-17,2026-06-16,On Time
O0010688,Central Hub,11.57,2026-06-18,2026-06-18,On Time
O0010689,Central Hub,12.64,2026-06-15,2026-06-14,On Time
O0010690,East Hub,8.48,2026-06-15,2026-06-14,On Time
O0010691,East Hub,10.58,2026-06-17,2026-06-16,On Time
O0010692,East Hub,10.69,2026-06-15,2026-06-16,Late
O0010693,East Hub,7.71,2026-06-17,2026-06-16,On Time
O0010694,West Hub,10.07,2026-06-18,2026-06-18,On Time
O0010695,Central Hub,8.99,2026-06-17,2026-06-16,On Time
O0010696,West Hub,8.65,2026-06-17,2026-06-16,On Time
O0010697,East Hub,13.94,2026-06-16,2026-06-15,On Time
O0010698,Central Hub,8.02,2026-06-16,2026-06-15,On Time
O0010699,East Hub,12.84,2026-06-18,2026-06-17,On Time
O0010700,West Hub,14.81,2026-06-17,2026-06-17,On Time
O0010701,East Hub,8.87,2026-06-18,2026-06-17,On Time
O0010702,Central Hub,15.47,2026-06-16,2026-06-15,On Time
O0010703,Central Hub,8.22,2026-06-15,2026-06-15,On Time
O0010704,West Hub,11.45,2026-06-15,2026-06-14,On Time
O0010705,West Hub,9.54,2026-06-17,2026-06-17,On Time
O0010706,West Hub,18.29,2026-06-16,2026-06-16,On Time
O0010707,West Hub,7.21,2026-06-17,2026-06-16,On Time
O0010708,East Hub,7.73,2026-06-18,2026-06-17,On Time
O0010709,Central Hub,11.7,2026-06-16,2026-06-15,On Time
O0010710,West Hub,7.68,2026-06-18,2026-06-22,Late
O0010711,East Hub,11.19,2026-06-18,2026-06-18,On Time
O0010712,Central Hub,17.58,2026-06-18,2026-06-17,On Time
O0010713,East Hub,14.41,2026-06-16,2026-06-15,On Time
O0010714,Central Hub,8.35,2026-06-16,2026-06-15,On Time
O0010715,West Hub,14.2,2026-06-17,2026-06-17,On Time
O0010716,West Hub,10.33,2026-06-19,2026-06-18,On Time
O0010717,West Hub,15.31,2026-06-16,2026-06-16,On Time
O0010718,West Hub,14.48,2026-06-18,2026-06-17,On Time
O0010719,Central Hub,9.01,2026-06-16,2026-06-15,On Time
O0010720,Central Hub,10.78,2026-06-16,2026-06-15,On Time
O0010721,West Hub,8.83,2026-06-18,2026-06-17,On Time
O0010722,East Hub,7.69,2026-06-16,2026-06-16,On Time
O0010723,West Hub,9.29,2026-06-19,2026-06-19,On Time
O0010724,Central Hub,21.43,2026-06-19,2026-06-18,On Time
O0010725,Central Hub,6.75,2026-06-17,2026-06-17,On Time
O0010726,West Hub,13.86,2026-06-19,2026-06-19,On Time
O0010727,West Hub,13.44,2026-06-17,2026-06-16,On Time
O0010728,Central Hub,9.48,2026-06-18,2026-06-18,On Time
O0010729,Central Hub,11.55,2026-06-19,2026-06-19,On Time
O0010730,East Hub,14.53,2026-06-19,2026-06-18,On Time
O0010731,West Hub,13.63,2026-06-16,2026-06-18,Late
O0010732,Central Hub,14.71,2026-06-17,2026-06-17,On Time
O0010733,Central Hub,14.61,2026-06-18,2026-06-21,Late
O0010734,Central Hub,12.33,2026-06-18,2026-06-18,On Time
O0010735,East Hub,11.97,2026-06-16,2026-06-15,On Time
O0010736,East Hub,7.39,2026-06-17,2026-06-16,On Time
O0010737,Central Hub,7.3,2026-06-16,2026-06-15,On Time
O0010738,Central Hub,8.24,2026-06-17,2026-06-17,On Time
O0010739,West Hub,10.97,2026-06-17,2026-06-17,On Time
O0010740,East Hub,11.22,2026-06-19,2026-06-18,On Time
O0010741,Central Hub,16.76,2026-06-17,2026-06-16,On Time
O0010742,West Hub,20.09,2026-06-19,2026-06-18,On Time
O0010743,East Hub,8.97,2026-06-19,2026-06-18,On Time
O0010744,West Hub,11.15,2026-06-17,2026-06-16,On Time
O0010745,Central Hub,6.43,2026-06-17,2026-06-16,On Time
O0010746,East Hub,11.13,2026-06-18,2026-06-18,On Time
O0010747,Central Hub,9.41,2026-06-17,2026-06-16,On Time
O0010748,Central Hub,12.39,2026-06-17,2026-06-17,On Time
O0010749,Central Hub,7.23,2026-06-16,2026-06-16,On Time
O0010750,Central Hub,8.57,2026-06-16,2026-06-15,On Time
O0010751,Central Hub,20.86,2026-06-16,2026-06-16,On Time
O0010752,East Hub,10.15,2026-06-17,2026-06-22,Late
O0010753,East Hub,10.08,2026-06-19,2026-06-18,On Time
O0010754,East Hub,10.14,2026-06-17,2026-06-17,On Time
O0010755,West Hub,9.67,2026-06-18,2026-06-17,On Time
O0010756,West Hub,13.25,2026-06-19,2026-06-19,On Time
O0010757,West Hub,16.71,2026-06-18,2026-06-18,On Time
O0010758,West Hub,13.27,2026-06-19,2026-06-18,On Time
O0010759,Central Hub,12.57,2026-06-19,2026-06-18,On Time
O0010760,East Hub,9.86,2026-06-16,2026-06-16,On Time
O0010761,West Hub,11.95,2026-06-17,2026-06-16,On Time
O0010762,East Hub,12.11,2026-06-17,2026-06-17,On Time
O0010763,West Hub,7.45,2026-06-18,2026-06-17,On Time
O0010764,East Hub,16.63,2026-06-19,2026-06-19,On Time
O0010765,East Hub,7.13,2026-06-16,2026-06-16,On Time
O0010766,West Hub,9.43,2026-06-17,2026-06-17,On Time
O0010767,East Hub,8.3,2026-06-16,2026-06-15,On Time
O0010768,West Hub,11.84,2026-06-19,2026-06-18,On Time
O0010769,Central Hub,8.42,2026-06-19,2026-06-18,On Time
O0010770,East Hub,7.9,2026-06-19,2026-06-19,On Time
O0010771,Central Hub,11.01,2026-06-19,2026-06-18,On Time
O0010772,West Hub,17.98,2026-06-19,2026-06-18,On Time
O0010773,East Hub,11.6,2026-06-19,2026-06-18,On Time
O0010774,Central Hub,7.34,2026-06-19,2026-06-19,On Time
O0010775,West Hub,9.96,2026-06-18,2026-06-17,On Time
O0010776,East Hub,12.99,2026-06-17,2026-06-16,On Time
O0010777,Central Hub,12.1,2026-06-18,2026-06-19,Late
O0010778,West Hub,9.11,2026-06-17,2026-06-16,On Time
O0010779,East Hub,6.89,2026-06-18,2026-06-18,On Time
O0010780,West Hub,10.05,2026-06-19,2026-06-21,Late
O0010781,West Hub,8.35,2026-06-19,2026-06-24,Late
O0010782,West Hub,8.25,2026-06-19,2026-06-24,Late
O0010783,West Hub,8.71,2026-06-19,2026-06-18,On Time
O0010784,Central Hub,17.97,2026-06-16,2026-06-15,On Time
O0010785,Central Hub,13.4,2026-06-16,2026-06-16,On Time
O0010786,Central Hub,11.76,2026-06-17,2026-06-17,On Time
O0010787,East Hub,8.83,2026-06-18,2026-06-18,On Time
O0010788,East Hub,9.69,2026-06-16,2026-06-15,On Time
O0010789,West Hub,8.81,2026-06-16,2026-06-16,On Time
O0010790,Central Hub,11.37,2026-06-19,2026-06-18,On Time
O0010791,West Hub,10.31,2026-06-19,2026-06-18,On Time
O0010792,East Hub,18.0,2026-06-18,2026-06-19,Late
O0010793,East Hub,11.7,2026-06-17,2026-06-16,On Time
O0010794,East Hub,10.94,2026-06-20,2026-06-19,On Time
O0010795,Central Hub,13.57,2026-06-19,2026-06-18,On Time
O0010796,East Hub,10.17,2026-06-20,2026-06-19,On Time
O0010797,West Hub,12.56,2026-06-17,2026-06-19,Late
O0010798,Central Hub,9.61,2026-06-19,2026-06-18,On Time
O0010799,West Hub,16.06,2026-06-18,2026-06-18,On Time
O0010800,East Hub,9.94,2026-06-19,2026-06-19,On Time
O0010801,West Hub,13.31,2026-06-17,2026-06-17,On Time
O0010802,Central Hub,7.31,2026-06-18,2026-06-17,On Time
O0010803,West Hub,7.9,2026-06-18,2026-06-19,Late
O0010804,West Hub,12.01,2026-06-20,2026-06-19,On Time
O0010805,West Hub,10.72,2026-06-19,2026-06-18,On Time
O0010806,Central Hub,10.5,2026-06-19,2026-06-19,On Time
O0010807,East Hub,14.96,2026-06-17,2026-06-16,On Time
O0010808,West Hub,9.02,2026-06-17,2026-06-16,On Time
O0010809,West Hub,22.77,2026-06-20,2026-06-19,On Time
O0010810,Central Hub,7.95,2026-06-18,2026-06-17,On Time
O0010811,Central Hub,14.71,2026-06-17,2026-06-16,On Time
O0010812,West Hub,17.35,2026-06-17,2026-06-16,On Time
O0010813,East Hub,9.26,2026-06-19,2026-06-19,On Time
O0010814,East Hub,6.84,2026-06-17,2026-06-16,On Time
O0010815,West Hub,13.17,2026-06-18,2026-06-17,On Time
O0010816,East Hub,9.94,2026-06-17,2026-06-16,On Time
O0010817,East Hub,8.0,2026-06-17,2026-06-16,On Time
O0010818,Central Hub,9.91,2026-06-20,2026-06-20,On Time
O0010819,Central Hub,12.4,2026-06-17,2026-06-16,On Time
O0010820,East Hub,17.88,2026-06-18,2026-06-17,On Time
O0010821,East Hub,8.54,2026-06-18,2026-06-18,On Time
O0010822,Central Hub,9.23,2026-06-18,2026-06-18,On Time
O0010823,East Hub,11.48,2026-06-17,2026-06-16,On Time
O0010824,West Hub,12.2,2026-06-18,2026-06-18,On Time
O0010825,Central Hub,9.24,2026-06-18,2026-06-17,On Time
O0010826,East Hub,7.42,2026-06-18,2026-06-17,On Time
O0010827,West Hub,14.41,2026-06-19,2026-06-18,On Time
O0010828,Central Hub,6.87,2026-06-20,2026-06-20,On Time
O0010829,East Hub,10.52,2026-06-20,2026-06-19,On Time
O0010830,Central Hub,8.59,2026-06-19,2026-06-18,On Time
O0010831,East Hub,14.3,2026-06-18,2026-06-17,On Time
O0010832,West Hub,12.21,2026-06-20,2026-06-19,On Time
O0010833,Central Hub,7.53,2026-06-20,2026-06-19,On Time
O0010834,Central Hub,10.45,2026-06-17,2026-06-17,On Time
O0010835,Central Hub,11.6,2026-06-17,2026-06-19,Late
O0010836,Central Hub,7.58,2026-06-19,2026-06-18,On Time
O0010837,East Hub,9.38,2026-06-18,2026-06-17,On Time
O0010838,Central Hub,6.98,2026-06-20,2026-06-24,Late
O0010839,West Hub,10.72,2026-06-19,2026-06-24,Late
O0010840,West Hub,9.63,2026-06-17,2026-06-16,On Time
O0010841,East Hub,7.77,2026-06-17,2026-06-17,On Time
O0010842,East Hub,7.15,2026-06-18,2026-06-17,On Time
O0010843,Central Hub,11.06,2026-06-20,2026-06-24,Late
O0010844,Central Hub,7.51,2026-06-19,2026-06-18,On Time
O0010845,West Hub,9.3,2026-06-17,2026-06-17,On Time
O0010846,West Hub,7.79,2026-06-20,2026-06-19,On Time
O0010847,West Hub,8.93,2026-06-20,2026-06-19,On Time
O0010848,West Hub,7.85,2026-06-18,2026-06-18,On Time
O0010849,East Hub,6.51,2026-06-17,2026-06-17,On Time
O0010850,West Hub,10.05,2026-06-20,2026-06-20,On Time
O0010851,West Hub,14.53,2026-06-20,2026-06-20,On Time
O0010852,East Hub,11.28,2026-06-20,2026-06-19,On Time
O0010853,East Hub,6.66,2026-06-17,2026-06-17,On Time
O0010854,Central Hub,10.41,2026-06-19,2026-06-19,On Time
O0010855,Central Hub,14.24,2026-06-18,2026-06-17,On Time
O0010856,West Hub,8.96,2026-06-19,2026-06-19,On Time
O0010857,East Hub,8.52,2026-06-17,2026-06-17,On Time
O0010858,Central Hub,8.07,2026-06-20,2026-06-19,On Time
O0010859,East Hub,10.02,2026-06-18,2026-06-18,On Time
O0010860,East Hub,8.57,2026-06-19,2026-06-18,On Time
O0010861,East Hub,11.96,2026-06-20,2026-06-19,On Time
O0010862,West Hub,13.45,2026-06-18,2026-06-17,On Time
O0010863,East Hub,15.24,2026-06-20,2026-06-19,On Time
O0010864,West Hub,8.91,2026-06-20,2026-06-20,On Time
O0010865,East Hub,14.23,2026-06-18,2026-06-18,On Time
O0010866,East Hub,10.58,2026-06-19,2026-06-19,On Time
O0010867,Central Hub,15.23,2026-06-18,2026-06-23,Late
O0010868,East Hub,9.04,2026-06-17,2026-06-16,On Time
O0010869,Central Hub,9.57,2026-06-17,2026-06-16,On Time
O0010870,East Hub,8.75,2026-06-17,2026-06-17,On Time
O0010871,Central Hub,10.65,2026-06-19,2026-06-19,On Time
O0010872,Central Hub,14.06,2026-06-20,2026-06-19,On Time
O0010873,West Hub,13.01,2026-06-21,2026-06-20,On Time
O0010874,East Hub,8.36,2026-06-20,2026-06-20,On Time
O0010875,Central Hub,12.96,2026-06-21,2026-06-21,On Time
O0010876,West Hub,11.8,2026-06-19,2026-06-18,On Time
O0010877,West Hub,10.92,2026-06-19,2026-06-18,On Time
O0010878,Central Hub,6.72,2026-06-18,2026-06-17,On Time
O0010879,West Hub,7.82,2026-06-21,2026-06-20,On Time
O0010880,East Hub,11.02,2026-06-19,2026-06-18,On Time
O0010881,West Hub,8.61,2026-06-20,2026-06-19,On Time
O0010882,West Hub,8.85,2026-06-21,2026-06-21,On Time
O0010883,East Hub,7.1,2026-06-20,2026-06-19,On Time
O0010884,West Hub,15.46,2026-06-21,2026-06-20,On Time
O0010885,East Hub,17.75,2026-06-20,2026-06-19,On Time
O0010886,Central Hub,7.79,2026-06-21,2026-06-22,Late
O0010887,East Hub,8.4,2026-06-20,2026-06-19,On Time
O0010888,East Hub,7.81,2026-06-20,2026-06-20,On Time
O0010889,East Hub,7.64,2026-06-18,2026-06-18,On Time
O0010890,Central Hub,12.32,2026-06-19,2026-06-23,Late
O0010891,Central Hub,6.8,2026-06-18,2026-06-23,Late
O0010892,West Hub,17.36,2026-06-21,2026-06-20,On Time
O0010893,East Hub,7.84,2026-06-18,2026-06-18,On Time
O0010894,Central Hub,10.84,2026-06-19,2026-06-19,On Time
O0010895,East Hub,10.79,2026-06-21,2026-06-25,Late
O0010896,West Hub,9.2,2026-06-20,2026-06-20,On Time
O0010897,Central Hub,14.87,2026-06-19,2026-06-18,On Time
O0010898,West Hub,15.3,2026-06-21,2026-06-21,On Time
O0010899,East Hub,9.88,2026-06-18,2026-06-18,On Time
O0010900,Central Hub,8.1,2026-06-21,2026-06-20,On Time
O0010901,West Hub,9.15,2026-06-20,2026-06-20,On Time
O0010902,East Hub,10.22,2026-06-21,2026-06-20,On Time
O0010903,Central Hub,8.07,2026-06-21,2026-06-21,On Time
O0010904,Central Hub,27.63,2026-06-19,2026-06-18,On Time
O0010905,East Hub,13.83,2026-06-21,2026-06-24,Late
O0010906,West Hub,7.16,2026-06-18,2026-06-18,On Time
O0010907,Central Hub,9.45,2026-06-20,2026-06-19,On Time
O0010908,East Hub,6.58,2026-06-21,2026-06-21,On Time
O0010909,Central Hub,14.27,2026-06-18,2026-06-18,On Time
O0010910,West Hub,13.85,2026-06-19,2026-06-18,On Time
O0010911,West Hub,13.95,2026-06-21,2026-06-21,On Time
O0010912,Central Hub,7.73,2026-06-19,2026-06-19,On Time
O0010913,East Hub,11.62,2026-06-19,2026-06-19,On Time
O0010914,West Hub,10.11,2026-06-20,2026-06-20,On Time
O0010915,West Hub,13.35,2026-06-21,2026-06-20,On Time
O0010916,West Hub,14.1,2026-06-19,2026-06-18,On Time
O0010917,West Hub,17.82,2026-06-19,2026-06-19,On Time
O0010918,Central Hub,12.74,2026-06-20,2026-06-19,On Time
O0010919,East Hub,8.51,2026-06-19,2026-06-22,Late
O0010920,West Hub,13.95,2026-06-18,2026-06-21,Late
O0010921,Central Hub,8.88,2026-06-20,2026-06-19,On Time
O0010922,West Hub,13.13,2026-06-20,2026-06-19,On Time
O0010923,West Hub,7.51,2026-06-21,2026-06-24,Late
O0010924,West Hub,27.15,2026-06-18,2026-06-17,On Time
O0010925,West Hub,15.92,2026-06-18,2026-06-18,On Time
O0010926,East Hub,10.21,2026-06-19,2026-06-24,Late
O0010927,West Hub,8.59,2026-06-19,2026-06-19,On Time
O0010928,East Hub,11.87,2026-06-21,2026-06-20,On Time
O0010929,West Hub,11.46,2026-06-20,2026-06-20,On Time
O0010930,West Hub,13.6,2026-06-20,2026-06-20,On Time
O0010931,Central Hub,14.76,2026-06-18,2026-06-18,On Time
O0010932,West Hub,8.18,2026-06-21,2026-06-20,On Time
O0010933,West Hub,14.69,2026-06-19,2026-06-19,On Time
O0010934,Central Hub,7.31,2026-06-21,2026-06-21,On Time
O0010935,Central Hub,12.37,2026-06-21,2026-06-26,Late
O0010936,Central Hub,9.55,2026-06-21,2026-06-21,On Time
O0010937,Central Hub,9.5,2026-06-20,2026-06-19,On Time
O0010938,East Hub,13.26,2026-06-21,2026-06-21,On Time
O0010939,West Hub,12.11,2026-06-18,2026-06-17,On Time
O0010940,East Hub,7.01,2026-06-18,2026-06-18,On Time
O0010941,West Hub,11.55,2026-06-19,2026-06-19,On Time
O0010942,West Hub,9.25,2026-06-19,2026-06-19,On Time
O0010943,East Hub,12.78,2026-06-20,2026-06-19,On Time
O0010944,East Hub,13.3,2026-06-19,2026-06-18,On Time
O0010945,East Hub,11.49,2026-06-19,2026-06-18,On Time
O0010946,Central Hub,12.3,2026-06-20,2026-06-20,On Time
O0010947,East Hub,12.17,2026-06-22,2026-06-27,Late
O0010948,East Hub,8.37,2026-06-20,2026-06-19,On Time
O0010949,Central Hub,10.93,2026-06-21,2026-06-26,Late
O0010950,West Hub,14.42,2026-06-22,2026-06-21,On Time
O0010951,East Hub,12.69,2026-06-19,2026-06-19,On Time
O0010952,East Hub,7.09,2026-06-21,2026-06-20,On Time
O0010953,West Hub,19.22,2026-06-21,2026-06-20,On Time
O0010954,Central Hub,12.02,2026-06-19,2026-06-18,On Time
O0010955,Central Hub,16.75,2026-06-21,2026-06-23,Late
O0010956,Central Hub,9.78,2026-06-21,2026-06-20,On Time
O0010957,West Hub,13.17,2026-06-22,2026-06-21,On Time
O0010958,East Hub,11.52,2026-06-22,2026-06-22,On Time
O0010959,Central Hub,13.83,2026-06-20,2026-06-20,On Time
O0010960,Central Hub,25.55,2026-06-20,2026-06-19,On Time
O0010961,West Hub,10.43,2026-06-19,2026-06-19,On Time
O0010962,Central Hub,8.17,2026-06-20,2026-06-19,On Time
O0010963,Central Hub,13.17,2026-06-21,2026-06-20,On Time
O0010964,West Hub,7.65,2026-06-20,2026-06-20,On Time
O0010965,Central Hub,8.36,2026-06-22,2026-06-21,On Time
O0010966,East Hub,9.39,2026-06-19,2026-06-18,On Time
O0010967,West Hub,8.88,2026-06-21,2026-06-20,On Time
O0010968,West Hub,11.33,2026-06-20,2026-06-19,On Time
O0010969,Central Hub,17.9,2026-06-20,2026-06-20,On Time
O0010970,West Hub,9.19,2026-06-21,2026-06-21,On Time
O0010971,Central Hub,10.82,2026-06-21,2026-06-21,On Time
O0010972,East Hub,9.33,2026-06-20,2026-06-20,On Time
O0010973,West Hub,10.97,2026-06-22,2026-06-21,On Time
O0010974,East Hub,12.71,2026-06-22,2026-06-21,On Time
O0010975,Central Hub,16.51,2026-06-20,2026-06-19,On Time
O0010976,East Hub,15.54,2026-06-20,2026-06-21,Late
O0010977,Central Hub,10.02,2026-06-21,2026-06-21,On Time
O0010978,Central Hub,9.26,2026-06-19,2026-06-19,On Time
O0010979,East Hub,7.84,2026-06-21,2026-06-21,On Time
O0010980,West Hub,8.56,2026-06-22,2026-06-23,Late
O0010981,East Hub,11.62,2026-06-19,2026-06-20,Late
O0010982,West Hub,10.18,2026-06-21,2026-06-20,On Time
O0010983,East Hub,9.38,2026-06-20,2026-06-19,On Time
O0010984,East Hub,9.83,2026-06-19,2026-06-18,On Time
O0010985,West Hub,11.35,2026-06-21,2026-06-20,On Time
O0010986,East Hub,9.1,2026-06-19,2026-06-19,On Time
O0010987,East Hub,8.2,2026-06-22,2026-06-22,On Time
O0010988,West Hub,9.28,2026-06-22,2026-06-22,On Time
O0010989,West Hub,12.8,2026-06-21,2026-06-20,On Time
O0010990,Central Hub,10.48,2026-06-20,2026-06-19,On Time
O0010991,West Hub,10.62,2026-06-20,2026-06-20,On Time
O0010992,Central Hub,8.5,2026-06-19,2026-06-19,On Time
O0010993,Central Hub,15.7,2026-06-21,2026-06-21,On Time
O0010994,Central Hub,7.54,2026-06-21,2026-06-21,On Time
O0010995,East Hub,5.73,2026-06-19,2026-06-18,On Time
O0010996,Central Hub,8.74,2026-06-21,2026-06-20,On Time
O0010997,West Hub,23.04,2026-06-20,2026-06-19,On Time
O0010998,East Hub,7.45,2026-06-22,2026-06-21,On Time
O0010999,East Hub,23.52,2026-06-20,2026-06-19,On Time
O0011000,Central Hub,20.53,2026-06-22,2026-06-21,On Time
O0011001,East Hub,11.85,2026-06-20,2026-06-20,On Time
O0011002,Central Hub,16.33,2026-06-19,2026-06-19,On Time
O0011003,Central Hub,14.24,2026-06-20,2026-06-19,On Time
O0011004,East Hub,8.75,2026-06-22,2026-06-21,On Time
O0011005,Central Hub,14.67,2026-06-20,2026-06-19,On Time
O0011006,Central Hub,11.72,2026-06-22,2026-06-22,On Time
O0011007,East Hub,10.27,2026-06-21,2026-06-20,On Time
O0011008,East Hub,9.13,2026-06-19,2026-06-19,On Time
O0011009,West Hub,24.8,2026-06-22,2026-06-21,On Time
O0011010,East Hub,14.5,2026-06-22,2026-06-22,On Time
O0011011,Central Hub,12.19,2026-06-19,2026-06-19,On Time
O0011012,Central Hub,10.05,2026-06-19,2026-06-19,On Time
O0011013,West Hub,9.31,2026-06-21,2026-06-20,On Time
O0011014,Central Hub,7.87,2026-06-20,2026-06-20,On Time
O0011015,East Hub,8.62,2026-06-21,2026-06-21,On Time
O0011016,West Hub,10.65,2026-06-19,2026-06-18,On Time
O0011017,Central Hub,10.66,2026-06-22,2026-06-22,On Time
O0011018,West Hub,10.79,2026-06-19,2026-06-18,On Time
O0011019,East Hub,15.73,2026-06-21,2026-06-21,On Time
O0011020,West Hub,8.68,2026-06-22,2026-06-21,On Time
O0011021,East Hub,12.24,2026-06-23,2026-06-22,On Time
O0011022,East Hub,7.32,2026-06-22,2026-06-22,On Time
O0011023,West Hub,18.51,2026-06-22,2026-06-21,On Time
O0011024,East Hub,6.53,2026-06-20,2026-06-23,Late
O0011025,Central Hub,8.39,2026-06-21,2026-06-20,On Time
O0011026,Central Hub,13.66,2026-06-20,2026-06-23,Late
O0011027,Central Hub,10.87,2026-06-23,2026-06-22,On Time
O0011028,West Hub,8.54,2026-06-23,2026-06-23,On Time
O0011029,East Hub,9.38,2026-06-21,2026-06-21,On Time
O0011030,Central Hub,10.9,2026-06-20,2026-06-20,On Time
O0011031,Central Hub,16.19,2026-06-23,2026-06-23,On Time
O0011032,Central Hub,11.14,2026-06-23,2026-06-22,On Time
O0011033,Central Hub,9.16,2026-06-22,2026-06-21,On Time
O0011034,West Hub,12.91,2026-06-20,2026-06-20,On Time
O0011035,Central Hub,11.65,2026-06-22,2026-06-22,On Time
O0011036,East Hub,7.33,2026-06-20,2026-06-20,On Time
O0011037,East Hub,12.64,2026-06-22,2026-06-21,On Time
O0011038,West Hub,27.16,2026-06-23,2026-06-23,On Time
O0011039,West Hub,17.66,2026-06-20,2026-06-19,On Time
O0011040,Central Hub,8.89,2026-06-22,2026-06-21,On Time
O0011041,West Hub,8.75,2026-06-21,2026-06-21,On Time
O0011042,Central Hub,13.61,2026-06-21,2026-06-21,On Time
O0011043,East Hub,9.09,2026-06-22,2026-06-21,On Time
O0011044,West Hub,12.28,2026-06-22,2026-06-22,On Time
O0011045,East Hub,6.01,2026-06-21,2026-06-25,Late
O0011046,East Hub,13.28,2026-06-21,2026-06-20,On Time
O0011047,Central Hub,12.01,2026-06-22,2026-06-22,On Time
O0011048,East Hub,13.89,2026-06-23,2026-06-22,On Time
O0011049,East Hub,9.09,2026-06-22,2026-06-21,On Time
O0011050,Central Hub,18.66,2026-06-22,2026-06-22,On Time
O0011051,Central Hub,8.19,2026-06-22,2026-06-22,On Time
O0011052,Central Hub,6.39,2026-06-23,2026-06-23,On Time
O0011053,West Hub,12.04,2026-06-20,2026-06-19,On Time
O0011054,East Hub,9.02,2026-06-23,2026-06-22,On Time
O0011055,West Hub,12.87,2026-06-21,2026-06-20,On Time
O0011056,Central Hub,9.77,2026-06-22,2026-06-22,On Time
O0011057,Central Hub,17.06,2026-06-21,2026-06-20,On Time
O0011058,Central Hub,8.28,2026-06-22,2026-06-21,On Time
O0011059,West Hub,12.64,2026-06-23,2026-06-23,On Time
O0011060,West Hub,14.94,2026-06-22,2026-06-21,On Time
O0011061,East Hub,9.06,2026-06-22,2026-06-22,On Time
O0011062,Central Hub,15.55,2026-06-21,2026-06-20,On Time
O0011063,West Hub,9.7,2026-06-21,2026-06-21,On Time
O0011064,Central Hub,8.48,2026-06-23,2026-06-27,Late
O0011065,Central Hub,6.78,2026-06-22,2026-06-22,On Time
O0011066,East Hub,12.26,2026-06-21,2026-06-20,On Time
O0011067,West Hub,11.85,2026-06-21,2026-06-24,Late
O0011068,West Hub,17.55,2026-06-22,2026-06-21,On Time
O0011069,East Hub,12.54,2026-06-21,2026-06-21,On Time
O0011070,East Hub,9.23,2026-06-23,2026-06-23,On Time
O0011071,Central Hub,12.04,2026-06-21,2026-06-20,On Time
O0011072,East Hub,7.11,2026-06-20,2026-06-19,On Time
O0011073,West Hub,12.85,2026-06-23,2026-06-23,On Time
O0011074,West Hub,7.64,2026-06-21,2026-06-20,On Time
O0011075,West Hub,10.64,2026-06-22,2026-06-21,On Time
O0011076,East Hub,9.62,2026-06-20,2026-06-19,On Time
O0011077,Central Hub,18.72,2026-06-23,2026-06-23,On Time
O0011078,West Hub,11.01,2026-06-23,2026-06-23,On Time
O0011079,West Hub,15.7,2026-06-23,2026-06-22,On Time
O0011080,East Hub,17.51,2026-06-21,2026-06-20,On Time
O0011081,East Hub,14.99,2026-06-20,2026-06-20,On Time
O0011082,East Hub,12.98,2026-06-20,2026-06-19,On Time
O0011083,West Hub,9.12,2026-06-23,2026-06-23,On Time
O0011084,Central Hub,13.02,2026-06-21,2026-06-21,On Time
O0011085,Central Hub,9.74,2026-06-21,2026-06-21,On Time
O0011086,West Hub,17.24,2026-06-23,2026-06-22,On Time
O0011087,Central Hub,9.27,2026-06-20,2026-06-20,On Time
O0011088,Central Hub,7.31,2026-06-20,2026-06-19,On Time
O0011089,East Hub,8.31,2026-06-22,2026-06-21,On Time
O0011090,West Hub,12.09,2026-06-24,2026-06-23,On Time
O0011091,West Hub,15.41,2026-06-23,2026-06-26,Late
O0011092,Central Hub,6.57,2026-06-23,2026-06-22,On Time
O0011093,West Hub,18.49,2026-06-24,2026-06-23,On Time
O0011094,East Hub,12.72,2026-06-23,2026-06-22,On Time
O0011095,Central Hub,9.16,2026-06-23,2026-06-23,On Time
O0011096,East Hub,11.7,2026-06-22,2026-06-22,On Time
O0011097,West Hub,11.28,2026-06-22,2026-06-22,On Time
O0011098,West Hub,8.03,2026-06-24,2026-06-24,On Time
O0011099,East Hub,8.77,2026-06-23,2026-06-23,On Time
O0011100,Central Hub,9.5,2026-06-22,2026-06-22,On Time
O0011101,East Hub,11.4,2026-06-22,2026-06-22,On Time
O0011102,Central Hub,12.48,2026-06-23,2026-06-26,Late
O0011103,Central Hub,13.11,2026-06-22,2026-06-22,On Time
O0011104,West Hub,13.85,2026-06-24,2026-06-24,On Time
O0011105,East Hub,6.07,2026-06-23,2026-06-23,On Time
O0011106,West Hub,9.67,2026-06-24,2026-06-23,On Time
O0011107,West Hub,8.12,2026-06-23,2026-06-23,On Time
O0011108,Central Hub,7.02,2026-06-23,2026-06-23,On Time
O0011109,West Hub,9.81,2026-06-22,2026-06-21,On Time
O0011110,East Hub,17.82,2026-06-22,2026-06-23,Late
O0011111,West Hub,16.71,2026-06-24,2026-06-24,On Time
O0011112,East Hub,6.99,2026-06-21,2026-06-20,On Time
O0011113,East Hub,8.41,2026-06-21,2026-06-24,Late
O0011114,Central Hub,7.53,2026-06-23,2026-06-22,On Time
O0011115,West Hub,14.05,2026-06-21,2026-06-20,On Time
O0011116,Central Hub,22.24,2026-06-22,2026-06-22,On Time
O0011117,West Hub,10.86,2026-06-24,2026-06-24,On Time
O0011118,West Hub,8.98,2026-06-24,2026-06-23,On Time
O0011119,West Hub,7.0,2026-06-23,2026-06-26,Late
O0011120,West Hub,10.79,2026-06-23,2026-06-23,On Time
O0011121,West Hub,12.44,2026-06-21,2026-06-20,On Time
O0011122,West Hub,10.61,2026-06-24,2026-06-24,On Time
O0011123,East Hub,12.84,2026-06-21,2026-06-21,On Time
O0011124,East Hub,11.85,2026-06-21,2026-06-21,On Time
O0011125,East Hub,9.5,2026-06-24,2026-06-24,On Time
O0011126,West Hub,9.05,2026-06-22,2026-06-22,On Time
O0011127,Central Hub,8.77,2026-06-23,2026-06-23,On Time
O0011128,West Hub,11.22,2026-06-22,2026-06-25,Late
O0011129,East Hub,12.95,2026-06-21,2026-06-21,On Time
O0011130,Central Hub,10.51,2026-06-21,2026-06-24,Late
O0011131,West Hub,8.56,2026-06-23,2026-06-23,On Time
O0011132,Central Hub,11.24,2026-06-23,2026-06-22,On Time
O0011133,West Hub,10.65,2026-06-23,2026-06-25,Late
O0011134,West Hub,12.94,2026-06-24,2026-06-24,On Time
O0011135,Central Hub,16.51,2026-06-24,2026-06-23,On Time
O0011136,West Hub,19.92,2026-06-22,2026-06-22,On Time
O0011137,East Hub,9.79,2026-06-24,2026-06-23,On Time
O0011138,West Hub,8.11,2026-06-23,2026-06-23,On Time
O0011139,West Hub,13.73,2026-06-22,2026-06-21,On Time
O0011140,West Hub,11.7,2026-06-21,2026-06-20,On Time
O0011141,West Hub,14.5,2026-06-24,2026-06-24,On Time
O0011142,East Hub,8.94,2026-06-22,2026-06-22,On Time
O0011143,West Hub,11.15,2026-06-24,2026-06-24,On Time
O0011144,Central Hub,7.19,2026-06-24,2026-06-24,On Time
O0011145,Central Hub,8.67,2026-06-24,2026-06-23,On Time
O0011146,West Hub,11.96,2026-06-21,2026-06-26,Late
O0011147,Central Hub,7.98,2026-06-24,2026-06-23,On Time
O0011148,East Hub,10.24,2026-06-21,2026-06-21,On Time
O0011149,West Hub,19.07,2026-06-24,2026-06-24,On Time
O0011150,Central Hub,11.95,2026-06-21,2026-06-21,On Time
O0011151,West Hub,8.95,2026-06-21,2026-06-21,On Time
O0011152,West Hub,9.7,2026-06-21,2026-06-21,On Time
O0011153,West Hub,17.67,2026-06-23,2026-06-23,On Time
O0011154,Central Hub,10.8,2026-06-22,2026-06-24,Late
O0011155,East Hub,9.25,2026-06-24,2026-06-23,On Time
O0011156,East Hub,9.48,2026-06-22,2026-06-21,On Time
O0011157,West Hub,10.63,2026-06-21,2026-06-21,On Time
O0011158,Central Hub,15.5,2026-06-22,2026-06-22,On Time
O0011159,East Hub,8.9,2026-06-21,2026-06-21,On Time
O0011160,Central Hub,11.19,2026-06-21,2026-06-25,Late
O0011161,East Hub,9.01,2026-06-23,2026-06-23,On Time
O0011162,Central Hub,12.21,2026-06-22,2026-06-21,On Time
O0011163,East Hub,6.99,2026-06-21,2026-06-21,On Time
O0011164,Central Hub,7.43,2026-06-24,2026-06-26,Late
O0011165,West Hub,16.74,2026-06-22,2026-06-21,On Time
O0011166,East Hub,12.66,2026-06-21,2026-06-20,On Time
O0011167,West Hub,10.9,2026-06-22,2026-06-21,On Time
O0011168,Central Hub,11.88,2026-06-22,2026-06-25,Late
O0011169,East Hub,6.39,2026-06-23,2026-06-22,On Time
O0011170,West Hub,14.57,2026-06-24,2026-06-24,On Time
O0011171,East Hub,18.9,2026-06-24,2026-06-24,On Time
O0011172,Central Hub,6.6,2026-06-23,2026-06-23,On Time
O0011173,West Hub,14.33,2026-06-21,2026-06-21,On Time
O0011174,East Hub,10.94,2026-06-22,2026-06-25,Late
O0011175,West Hub,8.73,2026-06-23,2026-06-22,On Time
O0011176,West Hub,10.63,2026-06-24,2026-06-24,On Time
O0011177,West Hub,18.45,2026-06-24,2026-06-24,On Time
O0011178,West Hub,9.41,2026-06-24,2026-06-24,On Time
O0011179,East Hub,7.41,2026-06-23,2026-06-23,On Time
O0011180,Central Hub,7.34,2026-06-24,2026-06-24,On Time
O0011181,West Hub,14.3,2026-06-23,2026-06-22,On Time
O0011182,East Hub,9.27,2026-06-24,2026-06-24,On Time
O0011183,West Hub,7.32,2026-06-23,2026-06-22,On Time
O0011184,West Hub,13.4,2026-06-22,2026-06-22,On Time
O0011185,Central Hub,14.04,2026-06-25,2026-06-25,On Time
O0011186,West Hub,16.64,2026-06-22,2026-06-22,On Time
O0011187,Central Hub,9.4,2026-06-25,2026-06-24,On Time
O0011188,Central Hub,11.72,2026-06-25,2026-06-24,On Time
O0011189,East Hub,12.18,2026-06-24,2026-06-24,On Time
O0011190,West Hub,10.39,2026-06-23,2026-06-22,On Time
O0011191,West Hub,12.26,2026-06-24,2026-06-23,On Time
O0011192,East Hub,6.02,2026-06-23,2026-06-23,On Time
O0011193,East Hub,12.7,2026-06-24,2026-06-23,On Time
O0011194,Central Hub,9.44,2026-06-24,2026-06-23,On Time
O0011195,Central Hub,22.8,2026-06-22,2026-06-22,On Time
O0011196,East Hub,7.96,2026-06-24,2026-06-24,On Time
O0011197,East Hub,10.55,2026-06-23,2026-06-23,On Time
O0011198,East Hub,15.27,2026-06-24,2026-06-23,On Time
O0011199,Central Hub,9.69,2026-06-22,2026-06-25,Late
O0011200,Central Hub,11.27,2026-06-22,2026-06-22,On Time
O0011201,West Hub,13.51,2026-06-24,2026-06-23,On Time
O0011202,Central Hub,13.97,2026-06-22,2026-06-22,On Time
O0011203,West Hub,12.2,2026-06-24,2026-06-23,On Time
O0011204,West Hub,14.04,2026-06-25,2026-06-25,On Time
O0011205,Central Hub,10.03,2026-06-22,2026-06-21,On Time
O0011206,West Hub,10.45,2026-06-24,2026-06-24,On Time
O0011207,Central Hub,11.66,2026-06-22,2026-06-21,On Time
O0011208,Central Hub,13.89,2026-06-23,2026-06-22,On Time
O0011209,East Hub,8.41,2026-06-23,2026-06-23,On Time
O0011210,East Hub,7.51,2026-06-23,2026-06-23,On Time
O0011211,West Hub,11.21,2026-06-24,2026-06-24,On Time
O0011212,Central Hub,9.44,2026-06-22,2026-06-22,On Time
O0011213,East Hub,8.42,2026-06-23,2026-06-23,On Time
O0011214,West Hub,9.33,2026-06-24,2026-06-24,On Time
O0011215,East Hub,7.75,2026-06-25,2026-06-25,On Time
O0011216,Central Hub,7.88,2026-06-22,2026-06-22,On Time
O0011217,Central Hub,6.83,2026-06-24,2026-06-24,On Time
O0011218,West Hub,9.18,2026-06-25,2026-06-25,On Time
O0011219,East Hub,11.92,2026-06-24,2026-06-23,On Time
O0011220,West Hub,14.01,2026-06-24,2026-06-23,On Time
O0011221,Central Hub,7.97,2026-06-22,2026-06-21,On Time
O0011222,East Hub,13.74,2026-06-25,2026-06-25,On Time
O0011223,Central Hub,16.99,2026-06-23,2026-06-23,On Time
O0011224,West Hub,18.36,2026-06-25,2026-06-24,On Time
O0011225,West Hub,9.67,2026-06-24,2026-06-23,On Time
O0011226,West Hub,8.45,2026-06-25,2026-06-24,On Time
O0011227,West Hub,10.2,2026-06-22,2026-06-21,On Time
O0011228,Central Hub,8.89,2026-06-22,2026-06-21,On Time
O0011229,Central Hub,11.73,2026-06-24,2026-06-23,On Time
O0011230,Central Hub,7.5,2026-06-25,2026-06-27,Late
O0011231,Central Hub,7.47,2026-06-25,2026-06-24,On Time
O0011232,Central Hub,6.23,2026-06-23,2026-06-22,On Time
O0011233,Central Hub,8.02,2026-06-25,2026-06-25,On Time
O0011234,Central Hub,15.32,2026-06-22,2026-06-21,On Time
O0011235,Central Hub,6.75,2026-06-23,2026-06-22,On Time
O0011236,East Hub,6.76,2026-06-24,2026-06-24,On Time
O0011237,Central Hub,11.23,2026-06-24,2026-06-23,On Time
O0011238,Central Hub,6.92,2026-06-22,2026-06-21,On Time
O0011239,Central Hub,13.07,2026-06-23,2026-06-23,On Time
O0011240,East Hub,8.89,2026-06-23,2026-06-23,On Time
O0011241,East Hub,8.94,2026-06-22,2026-06-22,On Time
O0011242,East Hub,8.09,2026-06-25,2026-06-25,On Time
O0011243,West Hub,17.97,2026-06-24,2026-06-24,On Time
O0011244,East Hub,12.24,2026-06-25,2026-06-24,On Time
O0011245,West Hub,12.9,2026-06-22,2026-06-22,On Time
O0011246,East Hub,8.44,2026-06-24,2026-06-27,Late
O0011247,Central Hub,8.52,2026-06-23,2026-06-23,On Time
O0011248,East Hub,16.87,2026-06-22,2026-06-22,On Time
O0011249,West Hub,8.65,2026-06-23,2026-06-23,On Time
O0011250,West Hub,10.17,2026-06-25,2026-06-25,On Time
O0011251,East Hub,10.23,2026-06-26,2026-06-27,Late
O0011252,West Hub,8.48,2026-06-26,2026-06-25,On Time
O0011253,West Hub,11.89,2026-06-23,2026-06-22,On Time
O0011254,Central Hub,9.11,2026-06-26,2026-06-25,On Time
O0011255,East Hub,23.1,2026-06-24,2026-06-23,On Time
O0011256,West Hub,10.15,2026-06-25,2026-06-25,On Time
O0011257,West Hub,13.19,2026-06-26,2026-06-25,On Time
O0011258,West Hub,20.58,2026-06-26,2026-06-26,On Time
O0011259,East Hub,9.51,2026-06-26,2026-06-26,On Time
O0011260,Central Hub,9.0,2026-06-25,2026-06-24,On Time
O0011261,East Hub,9.75,2026-06-25,2026-06-24,On Time
O0011262,Central Hub,7.24,2026-06-26,2026-06-26,On Time
O0011263,East Hub,8.81,2026-06-24,2026-06-23,On Time
O0011264,West Hub,12.73,2026-06-23,2026-06-23,On Time
O0011265,Central Hub,13.3,2026-06-26,2026-06-26,On Time
O0011266,West Hub,14.67,2026-06-24,2026-06-23,On Time
O0011267,Central Hub,7.57,2026-06-26,2026-06-25,On Time
O0011268,Central Hub,15.22,2026-06-23,2026-06-23,On Time
O0011269,East Hub,10.31,2026-06-26,2026-06-25,On Time
O0011270,Central Hub,13.21,2026-06-25,2026-06-25,On Time
O0011271,East Hub,6.3,2026-06-24,2026-06-23,On Time
O0011272,East Hub,11.0,2026-06-25,2026-06-24,On Time
O0011273,West Hub,9.68,2026-06-26,2026-06-25,On Time
O0011274,Central Hub,10.01,2026-06-24,2026-06-24,On Time
O0011275,Central Hub,10.46,2026-06-25,2026-06-24,On Time
O0011276,East Hub,6.83,2026-06-25,2026-06-24,On Time
O0011277,East Hub,9.71,2026-06-24,2026-06-24,On Time
O0011278,East Hub,12.16,2026-06-26,2026-06-26,On Time
O0011279,West Hub,10.66,2026-06-24,2026-06-26,Late
O0011280,East Hub,6.67,2026-06-23,2026-06-22,On Time
O0011281,Central Hub,8.1,2026-06-24,2026-06-23,On Time
O0011282,Central Hub,12.39,2026-06-24,2026-06-23,On Time
O0011283,East Hub,8.16,2026-06-26,2026-06-25,On Time
O0011284,East Hub,12.45,2026-06-26,2026-06-25,On Time
O0011285,West Hub,10.62,2026-06-23,2026-06-22,On Time
O0011286,West Hub,12.18,2026-06-25,2026-06-24,On Time
O0011287,West Hub,11.17,2026-06-25,2026-06-24,On Time
O0011288,Central Hub,18.18,2026-06-24,2026-06-24,On Time
O0011289,East Hub,16.76,2026-06-25,2026-06-25,On Time
O0011290,East Hub,5.87,2026-06-24,2026-06-24,On Time
O0011291,East Hub,10.42,2026-06-23,2026-06-23,On Time
O0011292,East Hub,11.1,2026-06-23,2026-06-22,On Time
O0011293,East Hub,21.65,2026-06-26,2026-06-26,On Time
O0011294,Central Hub,8.96,2026-06-24,2026-06-24,On Time
O0011295,East Hub,7.82,2026-06-24,2026-06-23,On Time
O0011296,West Hub,9.53,2026-06-26,2026-06-26,On Time
O0011297,Central Hub,11.36,2026-06-26,2026-06-26,On Time
O0011298,Central Hub,16.91,2026-06-26,2026-06-26,On Time
O0011299,Central Hub,10.2,2026-06-24,2026-06-24,On Time
O0011300,East Hub,7.97,2026-06-23,2026-06-23,On Time
O0011301,Central Hub,9.36,2026-06-24,2026-06-24,On Time
O0011302,West Hub,16.83,2026-06-26,2026-06-25,On Time
O0011303,West Hub,11.36,2026-06-25,2026-06-24,On Time
O0011304,East Hub,7.57,2026-06-26,2026-06-25,On Time
O0011305,East Hub,12.78,2026-06-24,2026-06-23,On Time
O0011306,West Hub,10.35,2026-06-24,2026-06-23,On Time
O0011307,Central Hub,9.52,2026-06-25,2026-06-24,On Time
O0011308,East Hub,9.58,2026-06-25,2026-06-24,On Time
O0011309,East Hub,11.86,2026-06-26,2026-06-25,On Time
O0011310,Central Hub,11.16,2026-06-23,2026-06-22,On Time
O0011311,West Hub,22.13,2026-06-25,2026-06-25,On Time
O0011312,Central Hub,10.31,2026-06-25,2026-06-24,On Time
O0011313,Central Hub,7.25,2026-06-23,2026-06-23,On Time
O0011314,West Hub,17.84,2026-06-24,2026-06-24,On Time
O0011315,East Hub,13.12,2026-06-26,2026-06-26,On Time
O0011316,Central Hub,9.66,2026-06-25,2026-06-25,On Time
O0011317,East Hub,13.76,2026-06-23,2026-06-23,On Time
O0011318,Central Hub,13.87,2026-06-25,2026-06-24,On Time
O0011319,East Hub,15.67,2026-06-24,2026-06-24,On Time
O0011320,West Hub,15.26,2026-06-27,2026-06-27,On Time
O0011321,West Hub,9.95,2026-06-27,2026-06-27,On Time
O0011322,Central Hub,9.37,2026-06-25,2026-06-25,On Time
O0011323,Central Hub,15.24,2026-06-26,2026-06-26,On Time
O0011324,Central Hub,9.98,2026-06-27,2026-06-27,On Time
O0011325,West Hub,8.99,2026-06-27,2026-06-26,On Time
O0011326,Central Hub,10.36,2026-06-25,2026-06-24,On Time
O0011327,East Hub,13.76,2026-06-27,2026-06-26,On Time
O0011328,West Hub,9.42,2026-06-26,2026-06-25,On Time
O0011329,West Hub,14.57,2026-06-25,2026-06-24,On Time
O0011330,West Hub,10.5,2026-06-27,2026-06-30,Late
O0011331,West Hub,9.88,2026-06-27,2026-06-26,On Time
O0011332,West Hub,13.85,2026-06-24,2026-06-26,Late
O0011333,West Hub,9.93,2026-06-24,2026-06-24,On Time
O0011334,East Hub,16.83,2026-06-26,2026-06-26,On Time
O0011335,East Hub,14.99,2026-06-24,2026-06-23,On Time
O0011336,West Hub,35.12,2026-06-25,2026-06-24,On Time
O0011337,Central Hub,8.24,2026-06-25,2026-06-25,On Time
O0011338,Central Hub,8.09,2026-06-24,2026-06-23,On Time
O0011339,Central Hub,14.29,2026-06-26,2026-06-26,On Time
O0011340,East Hub,11.13,2026-06-24,2026-06-23,On Time
O0011341,West Hub,11.41,2026-06-25,2026-06-25,On Time
O0011342,West Hub,9.45,2026-06-26,2026-06-27,Late
O0011343,East Hub,7.73,2026-06-27,2026-06-27,On Time
O0011344,West Hub,10.27,2026-06-25,2026-06-24,On Time
O0011345,East Hub,11.57,2026-06-26,2026-06-26,On Time
O0011346,West Hub,14.88,2026-06-24,2026-06-24,On Time
O0011347,East Hub,7.05,2026-06-26,2026-06-30,Late
O0011348,West Hub,16.39,2026-06-25,2026-06-27,Late
O0011349,Central Hub,14.47,2026-06-24,2026-06-23,On Time
O0011350,West Hub,9.79,2026-06-24,2026-06-24,On Time
O0011351,Central Hub,14.37,2026-06-26,2026-06-25,On Time
O0011352,West Hub,11.78,2026-06-25,2026-06-24,On Time
O0011353,West Hub,10.67,2026-06-24,2026-06-25,Late
O0011354,East Hub,15.1,2026-06-24,2026-06-24,On Time
O0011355,East Hub,10.07,2026-06-24,2026-06-23,On Time
O0011356,West Hub,6.49,2026-06-26,2026-06-25,On Time
O0011357,East Hub,9.45,2026-06-26,2026-06-26,On Time
O0011358,Central Hub,11.98,2026-06-25,2026-06-24,On Time
O0011359,Central Hub,9.48,2026-06-26,2026-06-26,On Time
O0011360,East Hub,17.24,2026-06-25,2026-06-24,On Time
O0011361,East Hub,12.84,2026-06-26,2026-06-26,On Time
O0011362,Central Hub,10.85,2026-06-26,2026-06-26,On Time
O0011363,West Hub,18.23,2026-06-25,2026-06-25,On Time
O0011364,East Hub,12.46,2026-06-27,2026-06-26,On Time
O0011365,East Hub,8.67,2026-06-25,2026-06-25,On Time
O0011366,West Hub,11.14,2026-06-25,2026-06-25,On Time
O0011367,Central Hub,15.72,2026-06-24,2026-06-24,On Time
O0011368,East Hub,12.94,2026-06-24,2026-06-24,On Time
O0011369,West Hub,10.83,2026-06-24,2026-06-24,On Time
O0011370,Central Hub,12.41,2026-06-25,2026-06-24,On Time
O0011371,West Hub,19.7,2026-06-25,2026-06-25,On Time
O0011372,West Hub,9.78,2026-06-24,2026-06-24,On Time
O0011373,West Hub,10.98,2026-06-26,2026-06-26,On Time
O0011374,East Hub,9.32,2026-06-26,2026-06-25,On Time
O0011375,East Hub,6.97,2026-06-26,2026-06-25,On Time
O0011376,West Hub,17.24,2026-06-25,2026-06-30,Late
O0011377,East Hub,9.09,2026-06-26,2026-06-26,On Time
O0011378,East Hub,8.84,2026-06-25,2026-06-24,On Time
O0011379,West Hub,21.68,2026-06-25,2026-06-24,On Time
O0011380,West Hub,10.83,2026-06-26,2026-06-26,On Time
O0011381,Central Hub,8.14,2026-06-24,2026-06-24,On Time
O0011382,East Hub,8.24,2026-06-26,2026-06-25,On Time
O0011383,Central Hub,14.75,2026-06-24,2026-06-24,On Time
O0011384,East Hub,9.74,2026-06-27,2026-06-27,On Time
O0011385,West Hub,9.23,2026-06-24,2026-06-24,On Time
O0011386,West Hub,13.82,2026-06-27,2026-06-26,On Time
O0011387,Central Hub,11.15,2026-06-27,2026-06-27,On Time
O0011388,Central Hub,17.29,2026-06-27,2026-06-26,On Time
O0011389,West Hub,13.63,2026-06-25,2026-06-29,Late
O0011390,Central Hub,7.13,2026-06-27,2026-07-01,Late
O0011391,Central Hub,10.43,2026-06-25,2026-06-24,On Time
O0011392,Central Hub,9.08,2026-06-27,2026-06-26,On Time
O0011393,East Hub,7.86,2026-06-28,2026-07-01,Late
O0011394,West Hub,12.57,2026-06-26,2026-06-26,On Time
O0011395,West Hub,13.0,2026-06-26,2026-06-26,On Time
O0011396,Central Hub,8.9,2026-06-25,2026-06-24,On Time
O0011397,Central Hub,9.89,2026-06-25,2026-06-24,On Time
O0011398,Central Hub,10.56,2026-06-26,2026-06-25,On Time
O0011399,East Hub,13.36,2026-06-26,2026-06-25,On Time
O0011400,Central Hub,16.78,2026-06-27,2026-06-26,On Time
O0011401,West Hub,9.75,2026-06-26,2026-06-25,On Time
O0011402,East Hub,7.45,2026-06-27,2026-06-27,On Time
O0011403,East Hub,6.27,2026-06-27,2026-06-26,On Time
O0011404,East Hub,16.18,2026-06-28,2026-06-27,On Time
O0011405,Central Hub,6.47,2026-06-26,2026-06-25,On Time
O0011406,Central Hub,8.1,2026-06-26,2026-06-25,On Time
O0011407,West Hub,11.57,2026-06-26,2026-06-29,Late
O0011408,Central Hub,8.22,2026-06-27,2026-06-27,On Time
O0011409,West Hub,18.43,2026-06-26,2026-06-26,On Time
O0011410,West Hub,7.47,2026-06-28,2026-06-27,On Time
O0011411,Central Hub,13.73,2026-06-26,2026-06-25,On Time
O0011412,Central Hub,8.42,2026-06-28,2026-06-28,On Time
O0011413,East Hub,9.59,2026-06-25,2026-06-24,On Time
O0011414,East Hub,7.23,2026-06-28,2026-06-28,On Time
O0011415,West Hub,10.45,2026-06-28,2026-06-28,On Time
O0011416,Central Hub,7.5,2026-06-28,2026-06-28,On Time
O0011417,East Hub,9.51,2026-06-28,2026-06-27,On Time
O0011418,East Hub,11.48,2026-06-26,2026-06-25,On Time
O0011419,East Hub,12.89,2026-06-26,2026-06-28,Late
O0011420,West Hub,12.86,2026-06-25,2026-06-24,On Time
O0011421,West Hub,7.59,2026-06-27,2026-06-27,On Time
O0011422,East Hub,7.2,2026-06-26,2026-06-26,On Time
O0011423,West Hub,13.78,2026-06-28,2026-07-01,Late
O0011424,West Hub,21.33,2026-06-25,2026-06-24,On Time
O0011425,Central Hub,6.67,2026-06-26,2026-06-26,On Time
O0011426,East Hub,8.71,2026-06-25,2026-06-25,On Time
O0011427,East Hub,14.07,2026-06-25,2026-06-24,On Time
O0011428,Central Hub,12.46,2026-06-26,2026-06-25,On Time
O0011429,West Hub,9.25,2026-06-26,2026-06-25,On Time
O0011430,Central Hub,10.19,2026-06-27,2026-06-26,On Time
O0011431,West Hub,8.16,2026-06-26,2026-06-25,On Time
O0011432,West Hub,13.1,2026-06-26,2026-06-26,On Time
O0011433,West Hub,15.98,2026-06-28,2026-06-28,On Time
O0011434,West Hub,10.22,2026-06-26,2026-06-26,On Time
O0011435,Central Hub,11.26,2026-06-28,2026-06-27,On Time
O0011436,West Hub,10.63,2026-06-26,2026-06-30,Late
O0011437,East Hub,10.75,2026-06-27,2026-06-27,On Time
O0011438,Central Hub,10.09,2026-06-25,2026-06-25,On Time
O0011439,East Hub,7.35,2026-06-26,2026-06-26,On Time
O0011440,Central Hub,9.93,2026-06-25,2026-06-25,On Time
O0011441,West Hub,13.71,2026-06-27,2026-06-26,On Time
O0011442,West Hub,8.76,2026-06-25,2026-06-24,On Time
O0011443,East Hub,12.59,2026-06-28,2026-06-28,On Time
O0011444,East Hub,7.2,2026-06-27,2026-06-27,On Time
O0011445,Central Hub,17.58,2026-06-27,2026-06-26,On Time
O0011446,West Hub,12.02,2026-06-26,2026-06-27,Late
O0011447,West Hub,14.34,2026-06-25,2026-06-30,Late
O0011448,West Hub,16.58,2026-06-25,2026-06-26,Late
O0011449,East Hub,12.91,2026-06-28,2026-06-28,On Time
O0011450,West Hub,12.2,2026-06-25,2026-06-24,On Time
O0011451,Central Hub,11.95,2026-06-26,2026-06-25,On Time
O0011452,East Hub,7.63,2026-06-27,2026-06-27,On Time
O0011453,Central Hub,11.49,2026-06-28,2026-06-27,On Time
O0011454,West Hub,10.81,2026-06-28,2026-06-28,On Time
O0011455,Central Hub,10.68,2026-06-25,2026-06-28,Late
O0011456,Central Hub,10.01,2026-06-28,2026-06-28,On Time
O0011457,East Hub,12.99,2026-06-28,2026-06-28,On Time
O0011458,West Hub,17.19,2026-06-29,2026-06-28,On Time
O0011459,Central Hub,12.06,2026-06-27,2026-06-27,On Time
O0011460,West Hub,7.63,2026-06-27,2026-06-27,On Time
O0011461,West Hub,10.25,2026-06-29,2026-06-29,On Time
O0011462,East Hub,13.17,2026-06-26,2026-06-25,On Time
O0011463,Central Hub,10.36,2026-06-27,2026-06-26,On Time
O0011464,West Hub,13.32,2026-06-27,2026-06-27,On Time
O0011465,Central Hub,12.76,2026-06-29,2026-06-28,On Time
O0011466,East Hub,17.38,2026-06-26,2026-06-26,On Time
O0011467,Central Hub,8.74,2026-06-26,2026-06-25,On Time
O0011468,Central Hub,19.27,2026-06-28,2026-06-28,On Time
O0011469,East Hub,15.87,2026-06-29,2026-06-28,On Time
O0011470,East Hub,8.34,2026-06-26,2026-06-30,Late
O0011471,West Hub,12.26,2026-06-27,2026-06-26,On Time
O0011472,East Hub,10.88,2026-06-27,2026-06-27,On Time
O0011473,Central Hub,22.17,2026-06-29,2026-06-28,On Time
O0011474,East Hub,11.97,2026-06-28,2026-06-29,Late
O0011475,West Hub,7.67,2026-06-27,2026-06-26,On Time
O0011476,East Hub,7.8,2026-06-28,2026-06-27,On Time
O0011477,Central Hub,10.95,2026-06-27,2026-06-27,On Time
O0011478,West Hub,17.65,2026-06-29,2026-06-28,On Time
O0011479,Central Hub,12.29,2026-06-27,2026-06-27,On Time
O0011480,Central Hub,11.59,2026-06-28,2026-06-28,On Time
O0011481,East Hub,13.96,2026-06-26,2026-06-25,On Time
O0011482,West Hub,16.27,2026-06-26,2026-06-26,On Time
O0011483,East Hub,10.3,2026-06-28,2026-06-27,On Time
O0011484,Central Hub,9.71,2026-06-26,2026-06-26,On Time
O0011485,Central Hub,13.19,2026-06-26,2026-06-26,On Time
O0011486,Central Hub,11.39,2026-06-29,2026-06-29,On Time
O0011487,East Hub,8.23,2026-06-29,2026-06-28,On Time
O0011488,Central Hub,6.22,2026-06-29,2026-06-29,On Time
O0011489,West Hub,13.66,2026-06-29,2026-06-29,On Time
O0011490,West Hub,10.35,2026-06-27,2026-06-26,On Time
O0011491,Central Hub,10.07,2026-06-28,2026-06-28,On Time
O0011492,West Hub,10.69,2026-06-27,2026-06-27,On Time
O0011493,Central Hub,10.09,2026-06-29,2026-06-29,On Time
O0011494,East Hub,9.59,2026-06-26,2026-06-28,Late
O0011495,East Hub,9.79,2026-06-26,2026-06-26,On Time
O0011496,East Hub,9.33,2026-06-28,2026-06-27,On Time
O0011497,East Hub,7.96,2026-06-26,2026-06-26,On Time
O0011498,East Hub,11.45,2026-06-28,2026-06-28,On Time
O0011499,East Hub,6.97,2026-06-26,2026-06-25,On Time
O0011500,West Hub,10.79,2026-06-27,2026-06-26,On Time
O0011501,West Hub,11.03,2026-06-26,2026-06-26,On Time
O0011502,East Hub,10.57,2026-06-28,2026-06-27,On Time
O0011503,Central Hub,10.47,2026-06-26,2026-06-26,On Time
O0011504,West Hub,16.37,2026-06-28,2026-06-27,On Time
O0011505,East Hub,8.22,2026-06-27,2026-06-26,On Time
O0011506,East Hub,8.65,2026-06-27,2026-06-26,On Time
O0011507,Central Hub,11.63,2026-06-29,2026-06-29,On Time
O0011508,Central Hub,9.31,2026-06-27,2026-06-27,On Time
O0011509,East Hub,8.63,2026-06-28,2026-06-28,On Time
O0011510,Central Hub,9.31,2026-06-27,2026-06-27,On Time
O0011511,Central Hub,9.93,2026-06-26,2026-06-26,On Time
O0011512,East Hub,8.46,2026-06-28,2026-06-27,On Time
O0011513,East Hub,12.47,2026-06-26,2026-06-25,On Time
O0011514,East Hub,12.31,2026-06-26,2026-06-25,On Time
O0011515,West Hub,15.04,2026-06-26,2026-06-25,On Time
O0011516,East Hub,10.54,2026-06-26,2026-06-26,On Time
O0011517,Central Hub,9.46,2026-06-29,2026-06-29,On Time
O0011518,West Hub,13.8,2026-06-27,2026-06-27,On Time
O0011519,West Hub,9.11,2026-06-28,2026-06-27,On Time
O0011520,West Hub,22.78,2026-06-27,2026-06-26,On Time
O0011521,West Hub,8.14,2026-06-28,2026-06-28,On Time
O0011522,Central Hub,7.23,2026-06-29,2026-06-29,On Time
O0011523,Central Hub,9.58,2026-06-28,2026-06-28,On Time
O0011524,East Hub,12.69,2026-06-29,2026-06-28,On Time
O0011525,East Hub,9.66,2026-06-28,2026-06-27,On Time
O0011526,West Hub,11.13,2026-06-27,2026-06-27,On Time
O0011527,Central Hub,16.32,2026-06-27,2026-06-27,On Time
O0011528,East Hub,19.61,2026-06-30,2026-07-03,Late
O0011529,West Hub,12.74,2026-06-27,2026-06-26,On Time
O0011530,West Hub,11.35,2026-06-30,2026-06-29,On Time
O0011531,Central Hub,13.51,2026-06-30,2026-06-30,On Time
O0011532,Central Hub,18.4,2026-06-27,2026-06-27,On Time
O0011533,West Hub,17.49,2026-06-28,2026-06-28,On Time
O0011534,East Hub,7.7,2026-06-29,2026-06-29,On Time
O0011535,East Hub,14.92,2026-06-27,2026-06-27,On Time
O0011536,West Hub,11.32,2026-06-27,2026-06-27,On Time
O0011537,Central Hub,10.22,2026-06-27,2026-06-27,On Time
O0011538,East Hub,12.16,2026-06-29,2026-06-29,On Time
O0011539,East Hub,14.65,2026-06-30,2026-06-30,On Time
O0011540,West Hub,13.46,2026-06-28,2026-06-27,On Time
O0011541,East Hub,14.9,2026-06-27,2026-06-27,On Time
O0011542,West Hub,16.35,2026-06-28,2026-06-27,On Time
O0011543,West Hub,9.02,2026-06-27,2026-06-30,Late
O0011544,East Hub,11.61,2026-06-29,2026-06-29,On Time
O0011545,East Hub,15.06,2026-06-29,2026-06-28,On Time
O0011546,Central Hub,8.21,2026-06-29,2026-06-29,On Time
O0011547,Central Hub,11.28,2026-06-27,2026-07-02,Late
O0011548,Central Hub,9.02,2026-06-30,2026-06-30,On Time
O0011549,East Hub,12.77,2026-06-27,2026-06-26,On Time
O0011550,East Hub,18.14,2026-06-30,2026-06-30,On Time
O0011551,Central Hub,14.15,2026-06-28,2026-06-28,On Time
O0011552,East Hub,9.54,2026-06-30,2026-06-30,On Time
O0011553,Central Hub,7.34,2026-06-30,2026-06-30,On Time
O0011554,West Hub,9.29,2026-06-27,2026-06-27,On Time
O0011555,Central Hub,9.7,2026-06-30,2026-06-29,On Time
O0011556,East Hub,7.4,2026-06-29,2026-06-29,On Time
O0011557,East Hub,7.77,2026-06-27,2026-06-29,Late
O0011558,West Hub,10.88,2026-06-28,2026-06-27,On Time
O0011559,Central Hub,13.2,2026-06-28,2026-06-27,On Time
O0011560,Central Hub,10.83,2026-06-29,2026-06-29,On Time
O0011561,Central Hub,5.69,2026-06-28,2026-06-27,On Time
O0011562,Central Hub,9.14,2026-06-29,2026-07-04,Late
O0011563,West Hub,8.85,2026-06-28,2026-06-27,On Time
O0011564,West Hub,16.57,2026-06-29,2026-06-29,On Time
O0011565,Central Hub,9.07,2026-06-29,2026-06-29,On Time
O0011566,West Hub,12.05,2026-06-27,2026-07-02,Late
O0011567,Central Hub,12.94,2026-06-28,2026-06-28,On Time
O0011568,East Hub,8.35,2026-06-29,2026-06-29,On Time
O0011569,Central Hub,7.62,2026-06-27,2026-06-27,On Time
O0011570,East Hub,8.83,2026-06-28,2026-06-28,On Time
O0011571,East Hub,9.11,2026-06-30,2026-06-29,On Time
O0011572,West Hub,14.39,2026-07-01,2026-07-06,Late
O0011573,Central Hub,12.92,2026-06-28,2026-06-27,On Time
O0011574,West Hub,11.78,2026-06-28,2026-06-28,On Time
O0011575,West Hub,10.38,2026-06-30,2026-06-30,On Time
O0011576,Central Hub,17.84,2026-06-29,2026-06-28,On Time
O0011577,Central Hub,9.84,2026-06-29,2026-06-28,On Time
O0011578,East Hub,7.99,2026-06-28,2026-06-27,On Time
O0011579,West Hub,13.66,2026-07-01,2026-06-30,On Time
O0011580,East Hub,10.3,2026-06-30,2026-07-04,Late
O0011581,West Hub,14.45,2026-06-30,2026-06-30,On Time
O0011582,Central Hub,6.4,2026-07-01,2026-07-01,On Time
O0011583,Central Hub,7.83,2026-06-30,2026-06-30,On Time
O0011584,East Hub,7.36,2026-06-28,2026-06-27,On Time
O0011585,West Hub,10.43,2026-06-28,2026-06-27,On Time
O0011586,East Hub,8.76,2026-06-30,2026-06-29,On Time
O0011587,Central Hub,11.2,2026-06-29,2026-06-29,On Time
O0011588,Central Hub,8.55,2026-07-01,2026-07-01,On Time
O0011589,West Hub,9.13,2026-06-29,2026-06-28,On Time
O0011590,Central Hub,9.34,2026-06-29,2026-07-02,Late
O0011591,West Hub,7.86,2026-06-28,2026-06-29,Late
O0011592,East Hub,11.53,2026-06-28,2026-06-28,On Time
O0011593,West Hub,11.61,2026-06-28,2026-06-28,On Time
O0011594,East Hub,9.79,2026-06-28,2026-06-30,Late
O0011595,East Hub,16.08,2026-06-29,2026-06-29,On Time
O0011596,Central Hub,8.98,2026-06-30,2026-06-29,On Time
O0011597,East Hub,7.92,2026-06-30,2026-06-29,On Time
O0011598,East Hub,9.47,2026-06-30,2026-06-29,On Time
O0011599,West Hub,10.22,2026-07-01,2026-07-01,On Time
O0011600,West Hub,10.78,2026-07-01,2026-07-01,On Time
O0011601,West Hub,13.76,2026-07-01,2026-07-01,On Time
O0011602,West Hub,8.65,2026-06-30,2026-06-30,On Time
O0011603,West Hub,11.63,2026-06-29,2026-07-03,Late
O0011604,Central Hub,7.07,2026-06-30,2026-07-02,Late
O0011605,West Hub,13.04,2026-06-29,2026-06-28,On Time
O0011606,East Hub,8.01,2026-06-28,2026-06-27,On Time
O0011607,East Hub,15.93,2026-07-01,2026-07-01,On Time
O0011608,West Hub,7.39,2026-06-30,2026-06-29,On Time
O0011609,East Hub,8.46,2026-06-29,2026-07-04,Late
O0011610,Central Hub,10.43,2026-07-01,2026-06-30,On Time
O0011611,Central Hub,7.42,2026-06-29,2026-06-29,On Time
O0011612,East Hub,8.69,2026-06-30,2026-06-30,On Time
O0011613,West Hub,9.72,2026-07-01,2026-07-01,On Time
O0011614,East Hub,14.45,2026-06-29,2026-06-28,On Time
O0011615,East Hub,8.25,2026-06-30,2026-06-30,On Time
O0011616,West Hub,9.6,2026-06-28,2026-07-02,Late
O0011617,East Hub,8.03,2026-07-01,2026-06-30,On Time
O0011618,East Hub,7.81,2026-07-01,2026-07-01,On Time
O0011619,West Hub,29.93,2026-07-01,2026-06-30,On Time
O0011620,West Hub,11.16,2026-06-29,2026-06-30,Late
O0011621,West Hub,10.95,2026-06-28,2026-06-27,On Time
O0011622,West Hub,16.64,2026-06-28,2026-06-27,On Time
O0011623,East Hub,12.15,2026-06-29,2026-06-29,On Time
O0011624,West Hub,12.67,2026-06-28,2026-06-28,On Time
O0011625,West Hub,10.32,2026-06-30,2026-07-02,Late
O0011626,East Hub,8.92,2026-06-28,2026-07-02,Late
O0011627,East Hub,6.36,2026-07-01,2026-07-01,On Time
O0011628,Central Hub,7.71,2026-06-28,2026-06-27,On Time
O0011629,West Hub,9.06,2026-06-30,2026-06-30,On Time
O0011630,Central Hub,8.52,2026-07-01,2026-06-30,On Time
O0011631,West Hub,13.48,2026-06-30,2026-07-04,Late
O0011632,Central Hub,11.11,2026-06-29,2026-07-04,Late
O0011633,Central Hub,9.28,2026-06-29,2026-06-30,Late
O0011634,Central Hub,7.22,2026-07-01,2026-06-30,On Time
O0011635,East Hub,14.35,2026-06-29,2026-06-28,On Time
O0011636,East Hub,8.87,2026-07-01,2026-07-01,On Time
O0011637,West Hub,20.37,2026-06-29,2026-06-28,On Time
O0011638,Central Hub,13.54,2026-07-01,2026-07-02,Late
O0011639,Central Hub,19.67,2026-07-02,2026-07-02,On Time
O0011640,Central Hub,11.03,2026-06-30,2026-06-29,On Time
O0011641,East Hub,8.08,2026-06-30,2026-06-30,On Time
O0011642,West Hub,13.78,2026-06-30,2026-07-05,Late
O0011643,East Hub,8.9,2026-07-02,2026-07-07,Late
O0011644,Central Hub,7.46,2026-07-01,2026-07-01,On Time
O0011645,Central Hub,8.24,2026-07-02,2026-07-02,On Time
O0011646,West Hub,13.29,2026-06-30,2026-06-29,On Time
O0011647,Central Hub,18.11,2026-06-30,2026-06-30,On Time
O0011648,East Hub,8.95,2026-06-30,2026-06-30,On Time
O0011649,Central Hub,9.4,2026-06-29,2026-06-28,On Time
O0011650,Central Hub,18.48,2026-06-30,2026-06-29,On Time
O0011651,West Hub,14.05,2026-06-29,2026-06-29,On Time
O0011652,East Hub,9.43,2026-07-01,2026-07-02,Late
O0011653,Central Hub,9.94,2026-06-29,2026-06-29,On Time
O0011654,Central Hub,9.8,2026-06-29,2026-06-30,Late
O0011655,East Hub,8.67,2026-07-01,2026-07-01,On Time
O0011656,East Hub,8.72,2026-06-29,2026-06-29,On Time
O0011657,West Hub,20.68,2026-07-01,2026-07-01,On Time
O0011658,West Hub,11.52,2026-07-02,2026-07-01,On Time
O0011659,Central Hub,7.62,2026-07-01,2026-06-30,On Time
O0011660,West Hub,10.36,2026-07-01,2026-07-01,On Time
O0011661,Central Hub,14.95,2026-06-29,2026-06-28,On Time
O0011662,East Hub,13.4,2026-07-01,2026-06-30,On Time
O0011663,Central Hub,12.26,2026-06-29,2026-07-01,Late
O0011664,Central Hub,9.6,2026-06-29,2026-06-29,On Time
O0011665,Central Hub,9.11,2026-06-30,2026-06-29,On Time
O0011666,East Hub,12.2,2026-07-02,2026-07-02,On Time
O0011667,West Hub,10.83,2026-07-02,2026-07-01,On Time
O0011668,West Hub,11.83,2026-07-02,2026-07-01,On Time
O0011669,East Hub,11.07,2026-07-01,2026-07-01,On Time
O0011670,West Hub,10.32,2026-06-30,2026-06-30,On Time
O0011671,East Hub,13.96,2026-07-01,2026-07-01,On Time
O0011672,West Hub,8.98,2026-06-30,2026-06-29,On Time
O0011673,West Hub,12.3,2026-07-01,2026-07-01,On Time
O0011674,Central Hub,13.12,2026-06-30,2026-06-30,On Time
O0011675,East Hub,7.69,2026-07-02,2026-07-02,On Time
O0011676,Central Hub,10.26,2026-07-02,2026-07-01,On Time
O0011677,East Hub,7.46,2026-06-30,2026-06-29,On Time
O0011678,East Hub,8.4,2026-07-01,2026-07-01,On Time
O0011679,West Hub,11.8,2026-07-01,2026-07-06,Late
O0011680,East Hub,19.35,2026-07-02,2026-07-02,On Time
O0011681,Central Hub,6.64,2026-06-29,2026-06-28,On Time
O0011682,West Hub,10.65,2026-06-29,2026-06-28,On Time
O0011683,West Hub,10.43,2026-07-01,2026-07-06,Late
O0011684,West Hub,9.83,2026-07-01,2026-07-01,On Time
O0011685,West Hub,15.82,2026-07-02,2026-07-02,On Time
O0011686,East Hub,7.58,2026-06-30,2026-06-29,On Time
O0011687,Central Hub,7.43,2026-06-29,2026-07-04,Late
O0011688,Central Hub,9.66,2026-07-01,2026-07-01,On Time
O0011689,Central Hub,11.81,2026-06-29,2026-06-28,On Time
O0011690,Central Hub,8.47,2026-07-02,2026-07-01,On Time
O0011691,East Hub,14.18,2026-06-30,2026-06-30,On Time
O0011692,West Hub,11.83,2026-06-29,2026-06-28,On Time
O0011693,Central Hub,12.24,2026-07-02,2026-07-02,On Time
O0011694,West Hub,9.98,2026-06-30,2026-07-01,Late
O0011695,Central Hub,16.83,2026-06-30,2026-06-29,On Time
O0011696,West Hub,14.8,2026-06-30,2026-06-30,On Time
O0011697,East Hub,17.03,2026-06-29,2026-06-28,On Time
O0011698,West Hub,12.78,2026-06-30,2026-06-30,On Time
O0011699,East Hub,14.42,2026-06-30,2026-06-30,On Time
O0011700,West Hub,11.33,2026-06-30,2026-07-05,Late
O0011701,Central Hub,7.7,2026-07-01,2026-06-30,On Time
O0011702,West Hub,10.39,2026-06-30,2026-06-29,On Time
O0011703,Central Hub,8.68,2026-07-02,2026-07-02,On Time
O0011704,East Hub,9.14,2026-06-29,2026-07-01,Late
O0011705,East Hub,18.54,2026-06-30,2026-06-29,On Time
O0011706,East Hub,14.7,2026-06-29,2026-06-28,On Time
O0011707,West Hub,16.13,2026-07-01,2026-06-30,On Time
O0011708,West Hub,10.87,2026-07-03,2026-07-02,On Time
O0011709,East Hub,8.95,2026-07-01,2026-07-01,On Time
O0011710,Central Hub,11.77,2026-06-30,2026-06-30,On Time
O0011711,Central Hub,7.46,2026-07-02,2026-07-02,On Time
O0011712,Central Hub,6.81,2026-07-03,2026-07-03,On Time
O0011713,Central Hub,15.97,2026-06-30,2026-06-30,On Time
O0011714,East Hub,15.48,2026-07-01,2026-07-01,On Time
O0011715,East Hub,9.87,2026-07-01,2026-07-01,On Time
O0011716,West Hub,8.36,2026-07-02,2026-07-07,Late
O0011717,Central Hub,15.15,2026-07-03,2026-07-02,On Time
O0011718,West Hub,11.68,2026-07-02,2026-07-02,On Time
O0011719,East Hub,6.01,2026-07-02,2026-07-05,Late
O0011720,East Hub,11.99,2026-07-02,2026-07-02,On Time
O0011721,Central Hub,17.15,2026-07-02,2026-07-02,On Time
O0011722,Central Hub,10.72,2026-07-03,2026-07-03,On Time
O0011723,West Hub,12.22,2026-06-30,2026-06-29,On Time
O0011724,Central Hub,12.39,2026-07-03,2026-07-03,On Time
O0011725,West Hub,13.05,2026-07-02,2026-07-05,Late
O0011726,East Hub,13.32,2026-07-03,2026-07-02,On Time
O0011727,East Hub,13.05,2026-07-01,2026-07-01,On Time
O0011728,Central Hub,6.68,2026-07-02,2026-07-01,On Time
O0011729,East Hub,9.69,2026-07-03,2026-07-03,On Time
O0011730,East Hub,14.06,2026-07-01,2026-06-30,On Time
O0011731,West Hub,12.62,2026-07-03,2026-07-02,On Time
O0011732,West Hub,13.1,2026-07-03,2026-07-03,On Time
O0011733,Central Hub,8.68,2026-06-30,2026-06-29,On Time
O0011734,East Hub,9.71,2026-07-01,2026-07-04,Late
O0011735,Central Hub,6.66,2026-06-30,2026-06-29,On Time
O0011736,East Hub,9.58,2026-07-02,2026-07-02,On Time
O0011737,Central Hub,10.17,2026-07-01,2026-07-05,Late
O0011738,West Hub,14.79,2026-07-01,2026-06-30,On Time
O0011739,West Hub,12.66,2026-06-30,2026-06-29,On Time
O0011740,Central Hub,7.12,2026-07-02,2026-07-01,On Time
O0011741,West Hub,9.53,2026-06-30,2026-06-29,On Time
O0011742,East Hub,18.36,2026-07-02,2026-07-03,Late
O0011743,East Hub,12.6,2026-07-02,2026-07-01,On Time
O0011744,Central Hub,9.99,2026-07-02,2026-07-02,On Time
O0011745,West Hub,13.62,2026-07-01,2026-07-01,On Time
O0011746,Central Hub,11.67,2026-07-03,2026-07-03,On Time
O0011747,Central Hub,6.66,2026-07-02,2026-07-01,On Time
O0011748,East Hub,9.91,2026-07-03,2026-07-07,Late
O0011749,East Hub,10.25,2026-06-30,2026-06-29,On Time
O0011750,West Hub,24.12,2026-07-01,2026-07-01,On Time
O0011751,East Hub,11.0,2026-07-01,2026-06-30,On Time
O0011752,West Hub,10.28,2026-07-02,2026-07-02,On Time
O0011753,West Hub,13.09,2026-07-01,2026-07-01,On Time
O0011754,East Hub,15.25,2026-07-02,2026-07-04,Late
O0011755,East Hub,9.47,2026-07-03,2026-07-02,On Time
O0011756,Central Hub,7.88,2026-07-01,2026-06-30,On Time
O0011757,Central Hub,11.09,2026-07-03,2026-07-02,On Time
O0011758,East Hub,9.43,2026-06-30,2026-06-29,On Time
O0011759,West Hub,8.75,2026-07-01,2026-06-30,On Time
O0011760,East Hub,10.32,2026-06-30,2026-06-30,On Time
O0011761,Central Hub,10.54,2026-07-01,2026-06-30,On Time
O0011762,East Hub,6.45,2026-07-02,2026-07-02,On Time
O0011763,West Hub,10.66,2026-07-01,2026-06-30,On Time
O0011764,Central Hub,11.84,2026-07-03,2026-07-02,On Time
O0011765,West Hub,10.07,2026-07-01,2026-07-01,On Time
O0011766,East Hub,9.18,2026-07-02,2026-07-01,On Time
O0011767,West Hub,13.55,2026-07-01,2026-07-01,On Time
O0011768,West Hub,11.94,2026-07-01,2026-07-03,Late
O0011769,Central Hub,16.53,2026-07-02,2026-07-02,On Time
O0011770,West Hub,8.54,2026-06-30,2026-06-30,On Time
O0011771,West Hub,9.57,2026-06-30,2026-06-29,On Time
O0011772,West Hub,13.65,2026-06-30,2026-06-29,On Time
O0011773,Central Hub,11.59,2026-07-02,2026-07-02,On Time
O0011774,West Hub,7.69,2026-06-30,2026-06-29,On Time
O0011775,Central Hub,12.6,2026-06-30,2026-06-30,On Time
O0011776,West Hub,10.89,2026-06-30,2026-06-29,On Time
O0011777,Central Hub,10.94,2026-07-01,2026-07-01,On Time
O0011778,East Hub,7.18,2026-06-30,2026-06-30,On Time
O0011779,East Hub,12.92,2026-07-01,2026-07-01,On Time
O0011780,West Hub,13.78,2026-06-30,2026-06-29,On Time
O0011781,West Hub,10.57,2026-07-03,2026-07-02,On Time
O0011782,Central Hub,10.7,2026-06-30,2026-06-30,On Time
O0011783,East Hub,10.38,2026-07-01,2026-07-01,On Time
O0011784,West Hub,9.05,2026-07-02,2026-07-01,On Time
O0011785,West Hub,10.85,2026-07-01,2026-07-04,Late
O0011786,Central Hub,16.42,2026-07-04,2026-07-05,Late
O0011787,West Hub,8.06,2026-07-01,2026-07-01,On Time
O0011788,East Hub,14.31,2026-07-01,2026-06-30,On Time
O0011789,West Hub,9.6,2026-07-03,2026-07-03,On Time
O0011790,West Hub,9.9,2026-07-04,2026-07-04,On Time
O0011791,Central Hub,6.05,2026-07-04,2026-07-04,On Time
O0011792,Central Hub,9.45,2026-07-04,2026-07-04,On Time
O0011793,Central Hub,13.36,2026-07-04,2026-07-04,On Time
O0011794,West Hub,9.47,2026-07-04,2026-07-09,Late
O0011795,Central Hub,13.74,2026-07-02,2026-07-02,On Time
O0011796,East Hub,14.33,2026-07-02,2026-07-02,On Time
O0011797,Central Hub,13.52,2026-07-03,2026-07-02,On Time
O0011798,West Hub,7.95,2026-07-03,2026-07-02,On Time
O0011799,West Hub,20.04,2026-07-01,2026-06-30,On Time
O0011800,West Hub,18.1,2026-07-01,2026-06-30,On Time
O0011801,West Hub,9.34,2026-07-03,2026-07-03,On Time
O0011802,Central Hub,15.37,2026-07-02,2026-07-02,On Time
O0011803,Central Hub,9.89,2026-07-03,2026-07-02,On Time
O0011804,West Hub,27.58,2026-07-01,2026-07-01,On Time
O0011805,West Hub,15.23,2026-07-01,2026-06-30,On Time
O0011806,Central Hub,10.9,2026-07-04,2026-07-04,On Time
O0011807,East Hub,12.93,2026-07-01,2026-06-30,On Time
O0011808,West Hub,13.7,2026-07-02,2026-07-01,On Time
O0011809,West Hub,15.48,2026-07-04,2026-07-03,On Time
O0011810,West Hub,15.69,2026-07-03,2026-07-03,On Time
O0011811,East Hub,13.27,2026-07-01,2026-06-30,On Time
O0011812,Central Hub,12.49,2026-07-03,2026-07-03,On Time
O0011813,West Hub,8.94,2026-07-02,2026-07-02,On Time
O0011814,West Hub,6.92,2026-07-02,2026-07-01,On Time
O0011815,West Hub,10.72,2026-07-01,2026-06-30,On Time
O0011816,East Hub,10.91,2026-07-02,2026-07-01,On Time
O0011817,West Hub,6.6,2026-07-04,2026-07-03,On Time
O0011818,West Hub,11.75,2026-07-04,2026-07-04,On Time
O0011819,West Hub,17.42,2026-07-01,2026-07-01,On Time
O0011820,West Hub,13.99,2026-07-01,2026-07-01,On Time
O0011821,Central Hub,11.84,2026-07-01,2026-07-01,On Time
O0011822,Central Hub,17.55,2026-07-03,2026-07-02,On Time
O0011823,East Hub,9.91,2026-07-02,2026-07-02,On Time
O0011824,West Hub,8.3,2026-07-04,2026-07-03,On Time
O0011825,Central Hub,16.19,2026-07-04,2026-07-03,On Time
O0011826,East Hub,12.96,2026-07-03,2026-07-02,On Time
O0011827,Central Hub,9.55,2026-07-04,2026-07-03,On Time
O0011828,West Hub,15.26,2026-07-01,2026-06-30,On Time
O0011829,Central Hub,8.54,2026-07-04,2026-07-04,On Time
O0011830,Central Hub,8.22,2026-07-04,2026-07-04,On Time
O0011831,Central Hub,15.81,2026-07-01,2026-06-30,On Time
O0011832,Central Hub,7.84,2026-07-04,2026-07-03,On Time
O0011833,East Hub,7.15,2026-07-02,2026-07-02,On Time
O0011834,East Hub,10.18,2026-07-03,2026-07-03,On Time
O0011835,Central Hub,8.97,2026-07-02,2026-07-01,On Time
O0011836,Central Hub,11.61,2026-07-01,2026-06-30,On Time
O0011837,West Hub,8.47,2026-07-02,2026-07-01,On Time
O0011838,Central Hub,10.58,2026-07-01,2026-06-30,On Time
O0011839,East Hub,10.41,2026-07-01,2026-07-01,On Time
O0011840,West Hub,9.69,2026-07-02,2026-07-01,On Time
O0011841,East Hub,7.69,2026-07-04,2026-07-04,On Time
O0011842,East Hub,17.5,2026-07-01,2026-06-30,On Time
O0011843,East Hub,11.41,2026-07-03,2026-07-06,Late
O0011844,East Hub,8.63,2026-07-03,2026-07-03,On Time
O0011845,West Hub,12.13,2026-07-03,2026-07-03,On Time
O0011846,East Hub,10.01,2026-07-01,2026-06-30,On Time
O0011847,Central Hub,7.62,2026-07-04,2026-07-04,On Time
O0011848,East Hub,8.37,2026-07-01,2026-07-01,On Time
O0011849,West Hub,17.85,2026-07-01,2026-06-30,On Time
O0011850,West Hub,8.03,2026-07-03,2026-07-02,On Time
O0011851,West Hub,14.91,2026-07-04,2026-07-03,On Time
O0011852,Central Hub,11.85,2026-07-04,2026-07-03,On Time
O0011853,West Hub,14.78,2026-07-02,2026-07-02,On Time
O0011854,West Hub,11.16,2026-07-03,2026-07-02,On Time
O0011855,East Hub,10.12,2026-07-03,2026-07-03,On Time
O0011856,West Hub,23.65,2026-07-05,2026-07-04,On Time
O0011857,West Hub,15.0,2026-07-04,2026-07-04,On Time
O0011858,Central Hub,14.0,2026-07-05,2026-07-04,On Time
O0011859,West Hub,11.14,2026-07-05,2026-07-04,On Time
O0011860,East Hub,8.12,2026-07-05,2026-07-04,On Time
O0011861,Central Hub,12.24,2026-07-03,2026-07-03,On Time
O0011862,East Hub,15.25,2026-07-05,2026-07-05,On Time
O0011863,Central Hub,7.46,2026-07-02,2026-07-01,On Time
O0011864,Central Hub,11.74,2026-07-02,2026-07-02,On Time
O0011865,Central Hub,7.67,2026-07-03,2026-07-03,On Time
O0011866,Central Hub,13.31,2026-07-02,2026-07-01,On Time
O0011867,West Hub,14.99,2026-07-02,2026-07-03,Late
O0011868,Central Hub,14.83,2026-07-03,2026-07-03,On Time
O0011869,East Hub,9.39,2026-07-05,2026-07-05,On Time
O0011870,Central Hub,9.83,2026-07-04,2026-07-04,On Time
O0011871,West Hub,8.77,2026-07-03,2026-07-03,On Time
O0011872,Central Hub,11.41,2026-07-04,2026-07-04,On Time
O0011873,East Hub,7.65,2026-07-05,2026-07-04,On Time
O0011874,Central Hub,7.21,2026-07-04,2026-07-03,On Time
O0011875,East Hub,10.73,2026-07-05,2026-07-05,On Time
O0011876,West Hub,13.28,2026-07-05,2026-07-05,On Time
O0011877,Central Hub,9.08,2026-07-04,2026-07-08,Late
O0011878,Central Hub,7.22,2026-07-02,2026-07-01,On Time
O0011879,East Hub,7.65,2026-07-02,2026-07-02,On Time
O0011880,Central Hub,13.71,2026-07-04,2026-07-03,On Time
O0011881,East Hub,7.28,2026-07-03,2026-07-03,On Time
O0011882,West Hub,10.32,2026-07-02,2026-07-02,On Time
O0011883,East Hub,9.58,2026-07-04,2026-07-07,Late
O0011884,West Hub,9.38,2026-07-04,2026-07-03,On Time
O0011885,West Hub,15.61,2026-07-02,2026-07-01,On Time
O0011886,West Hub,11.51,2026-07-03,2026-07-02,On Time
O0011887,East Hub,9.24,2026-07-04,2026-07-03,On Time
O0011888,Central Hub,9.65,2026-07-03,2026-07-02,On Time
O0011889,West Hub,9.87,2026-07-05,2026-07-04,On Time
O0011890,Central Hub,9.55,2026-07-05,2026-07-05,On Time
O0011891,Central Hub,7.88,2026-07-05,2026-07-05,On Time
O0011892,Central Hub,8.67,2026-07-03,2026-07-02,On Time
O0011893,West Hub,20.14,2026-07-05,2026-07-06,Late
O0011894,Central Hub,10.36,2026-07-03,2026-07-03,On Time
O0011895,West Hub,8.01,2026-07-02,2026-07-01,On Time
O0011896,Central Hub,10.65,2026-07-03,2026-07-03,On Time
O0011897,West Hub,10.58,2026-07-03,2026-07-02,On Time
O0011898,Central Hub,14.46,2026-07-04,2026-07-04,On Time
O0011899,West Hub,15.14,2026-07-05,2026-07-04,On Time
O0011900,West Hub,16.81,2026-07-04,2026-07-03,On Time
O0011901,East Hub,11.14,2026-07-02,2026-07-01,On Time
O0011902,East Hub,7.9,2026-07-04,2026-07-06,Late
O0011903,West Hub,14.54,2026-07-03,2026-07-03,On Time
O0011904,West Hub,12.17,2026-07-02,2026-07-02,On Time
O0011905,West Hub,14.91,2026-07-02,2026-07-01,On Time
O0011906,East Hub,15.24,2026-07-02,2026-07-02,On Time
O0011907,Central Hub,6.75,2026-07-05,2026-07-05,On Time
O0011908,West Hub,7.77,2026-07-03,2026-07-03,On Time
O0011909,Central Hub,9.82,2026-07-04,2026-07-03,On Time
O0011910,East Hub,12.61,2026-07-04,2026-07-04,On Time
O0011911,East Hub,11.13,2026-07-02,2026-07-01,On Time
O0011912,West Hub,24.53,2026-07-02,2026-07-07,Late
O0011913,East Hub,7.17,2026-07-02,2026-07-02,On Time
O0011914,Central Hub,8.9,2026-07-03,2026-07-02,On Time
O0011915,Central Hub,19.7,2026-07-03,2026-07-03,On Time
O0011916,Central Hub,10.15,2026-07-04,2026-07-04,On Time
O0011917,Central Hub,12.47,2026-07-05,2026-07-05,On Time
O0011918,Central Hub,8.38,2026-07-05,2026-07-05,On Time
O0011919,East Hub,10.02,2026-07-02,2026-07-02,On Time
O0011920,West Hub,11.18,2026-07-04,2026-07-04,On Time
O0011921,East Hub,10.16,2026-07-05,2026-07-04,On Time
O0011922,East Hub,10.95,2026-07-05,2026-07-04,On Time
O0011923,West Hub,12.75,2026-07-03,2026-07-03,On Time
O0011924,East Hub,13.53,2026-07-05,2026-07-04,On Time
O0011925,West Hub,12.32,2026-07-06,2026-07-05,On Time
O0011926,West Hub,9.5,2026-07-03,2026-07-02,On Time
O0011927,West Hub,18.6,2026-07-03,2026-07-02,On Time
O0011928,Central Hub,6.91,2026-07-03,2026-07-03,On Time
O0011929,Central Hub,8.78,2026-07-03,2026-07-03,On Time
O0011930,East Hub,12.72,2026-07-04,2026-07-04,On Time
O0011931,East Hub,10.55,2026-07-03,2026-07-03,On Time
O0011932,West Hub,9.81,2026-07-06,2026-07-06,On Time
O0011933,East Hub,10.53,2026-07-05,2026-07-04,On Time
O0011934,West Hub,11.63,2026-07-04,2026-07-03,On Time
O0011935,East Hub,8.94,2026-07-03,2026-07-03,On Time
O0011936,West Hub,9.43,2026-07-04,2026-07-04,On Time
O0011937,East Hub,13.48,2026-07-04,2026-07-03,On Time
O0011938,West Hub,15.96,2026-07-05,2026-07-04,On Time
O0011939,East Hub,13.58,2026-07-05,2026-07-05,On Time
O0011940,East Hub,8.58,2026-07-03,2026-07-03,On Time
O0011941,East Hub,9.35,2026-07-04,2026-07-03,On Time
O0011942,West Hub,9.29,2026-07-06,2026-07-05,On Time
O0011943,East Hub,6.96,2026-07-04,2026-07-03,On Time
O0011944,West Hub,13.89,2026-07-05,2026-07-04,On Time
O0011945,West Hub,12.61,2026-07-06,2026-07-05,On Time
O0011946,West Hub,8.54,2026-07-06,2026-07-06,On Time
O0011947,East Hub,7.52,2026-07-04,2026-07-04,On Time
O0011948,West Hub,13.53,2026-07-03,2026-07-03,On Time
O0011949,Central Hub,9.68,2026-07-03,2026-07-03,On Time
O0011950,Central Hub,15.12,2026-07-04,2026-07-03,On Time
O0011951,East Hub,10.95,2026-07-05,2026-07-05,On Time
O0011952,West Hub,12.14,2026-07-04,2026-07-03,On Time
O0011953,East Hub,10.88,2026-07-06,2026-07-06,On Time
O0011954,Central Hub,8.89,2026-07-05,2026-07-04,On Time
O0011955,Central Hub,9.63,2026-07-03,2026-07-03,On Time
O0011956,West Hub,9.74,2026-07-04,2026-07-03,On Time
O0011957,East Hub,12.16,2026-07-06,2026-07-06,On Time
O0011958,East Hub,7.45,2026-07-03,2026-07-03,On Time
O0011959,East Hub,7.01,2026-07-06,2026-07-05,On Time
O0011960,West Hub,9.88,2026-07-06,2026-07-05,On Time
O0011961,East Hub,9.48,2026-07-06,2026-07-05,On Time
O0011962,East Hub,13.51,2026-07-06,2026-07-06,On Time
O0011963,West Hub,15.78,2026-07-06,2026-07-05,On Time
O0011964,Central Hub,9.88,2026-07-06,2026-07-05,On Time
O0011965,Central Hub,12.33,2026-07-04,2026-07-04,On Time
O0011966,East Hub,9.84,2026-07-03,2026-07-02,On Time
O0011967,Central Hub,11.1,2026-07-04,2026-07-04,On Time
O0011968,Central Hub,13.7,2026-07-06,2026-07-05,On Time
O0011969,Central Hub,8.95,2026-07-05,2026-07-04,On Time
O0011970,Central Hub,12.63,2026-07-05,2026-07-04,On Time
O0011971,Central Hub,6.37,2026-07-06,2026-07-05,On Time
O0011972,West Hub,19.54,2026-07-04,2026-07-03,On Time
O0011973,East Hub,7.39,2026-07-04,2026-07-03,On Time
O0011974,East Hub,12.54,2026-07-06,2026-07-06,On Time
O0011975,West Hub,7.31,2026-07-05,2026-07-06,Late
O0011976,West Hub,15.34,2026-07-03,2026-07-03,On Time
O0011977,West Hub,12.21,2026-07-03,2026-07-02,On Time
O0011978,Central Hub,7.75,2026-07-05,2026-07-05,On Time
O0011979,Central Hub,10.52,2026-07-06,2026-07-06,On Time
O0011980,Central Hub,5.85,2026-07-05,2026-07-04,On Time
O0011981,East Hub,10.48,2026-07-06,2026-07-09,Late
O0011982,West Hub,11.58,2026-07-04,2026-07-03,On Time
O0011983,West Hub,10.69,2026-07-03,2026-07-03,On Time
O0011984,West Hub,9.43,2026-07-06,2026-07-10,Late
O0011985,Central Hub,7.98,2026-07-04,2026-07-04,On Time
O0011986,Central Hub,9.73,2026-07-03,2026-07-02,On Time
O0011987,West Hub,10.65,2026-07-04,2026-07-04,On Time
O0011988,West Hub,10.04,2026-07-06,2026-07-05,On Time
O0011989,West Hub,11.83,2026-07-05,2026-07-09,Late
O0011990,West Hub,8.99,2026-07-05,2026-07-04,On Time
O0011991,East Hub,8.3,2026-07-04,2026-07-06,Late
O0011992,East Hub,11.76,2026-07-05,2026-07-08,Late
O0011993,East Hub,10.69,2026-07-06,2026-07-06,On Time
O0011994,East Hub,12.46,2026-07-04,2026-07-04,On Time
O0011995,East Hub,10.67,2026-07-04,2026-07-07,Late
O0011996,West Hub,10.6,2026-07-05,2026-07-05,On Time
O0011997,East Hub,7.79,2026-07-04,2026-07-04,On Time
O0011998,Central Hub,19.01,2026-07-03,2026-07-02,On Time
O0011999,West Hub,20.67,2026-07-06,2026-07-05,On Time
O0012000,East Hub,8.07,2026-07-04,2026-07-03,On Time
