order_item_id,order_id,product_id,quantity,unit_price,discount_amount
OI00000001,O0000001,P0047,1,68.55,11.9
OI00000002,O0000002,P0029,1,297.79,0.0
OI00000003,O0000003,P0043,1,46.4,0.0
OI00000004,O0000003,P0006,1,127.95,0.0
OI00000005,O0000003,P0011,1,139.48,0.0
OI00000006,O0000003,P0038,1,262.37,0.0
OI00000007,O0000003,P0019,1,688.2,0.0
OI00000008,O0000004,P0035,1,290.57,0.0
OI00000009,O0000005,P0046,1,18.67,0.85
OI00000010,O0000006,P0018,1,373.97,0.0
OI00000011,O0000007,P0019,1,683.03,0.0
OI00000012,O0000007,P0039,1,330.55,0.0
OI00000013,O0000008,P0042,1,133.17,0.0
OI00000014,O0000008,P0001,1,146.3,0.0
OI00000015,O0000009,P0038,1,273.28,0.0
OI00000016,O0000010,P0005,1,65.92,0.0
OI00000017,O0000010,P0008,1,86.58,0.0
OI00000018,O0000011,P0042,1,133.77,0.0
OI00000019,O0000012,P0026,1,84.73,0.0
OI00000020,O0000013,P0042,1,128.99,0.0
OI00000021,O0000013,P0008,2,85.55,0.0
OI00000022,O0000014,P0026,1,84.27,0.0
OI00000023,O0000014,P0050,1,14.17,0.0
OI00000024,O0000014,P0009,1,113.37,0.0
OI00000025,O0000015,P0041,1,30.09,0.0
OI00000026,O0000016,P0023,1,123.55,0.0
OI00000027,O0000016,P0046,1,19.39,0.0
OI00000028,O0000017,P0030,1,258.49,34.94
OI00000029,O0000017,P0049,1,139.06,15.28
OI00000030,O0000018,P0029,1,299.68,0.0
OI00000031,O0000019,P0019,1,681.04,0.0
OI00000032,O0000019,P0048,1,91.12,0.0
OI00000033,O0000020,P0055,1,150.45,0.0
OI00000034,O0000021,P0058,1,49.96,0.0
OI00000035,O0000022,P0022,1,334.5,15.25
OI00000036,O0000022,P0003,2,81.99,24.98
OI00000037,O0000023,P0003,1,81.21,0.0
OI00000038,O0000024,P0057,1,160.82,28.01
OI00000039,O0000024,P0022,1,344.72,60.69
OI00000040,O0000025,P0032,1,419.9,0.0
OI00000041,O0000026,P0042,1,127.6,0.0
OI00000042,O0000026,P0027,1,643.18,0.0
OI00000043,O0000026,P0052,1,420.99,0.0
OI00000044,O0000027,P0032,1,412.97,0.0
OI00000045,O0000027,P0042,1,129.02,0.0
OI00000046,O0000028,P0058,1,50.46,7.93
OI00000047,O0000028,P0042,1,128.11,6.6
OI00000048,O0000029,P0034,1,421.1,0.0
OI00000049,O0000030,P0007,1,110.6,0.0
OI00000050,O0000030,P0059,2,62.12,0.0
OI00000051,O0000031,P0015,1,63.13,0.0
OI00000052,O0000031,P0005,1,67.91,0.0
OI00000053,O0000032,P0011,1,137.35,0.0
OI00000054,O0000032,P0012,1,29.41,0.0
OI00000055,O0000033,P0039,1,326.23,0.0
OI00000056,O0000034,P0034,1,414.26,0.0
OI00000057,O0000034,P0015,1,60.43,0.0
OI00000058,O0000035,P0016,1,122.76,0.0
OI00000059,O0000035,P0045,1,146.49,0.0
OI00000060,O0000036,P0052,1,398.91,69.52
OI00000061,O0000037,P0056,1,383.23,0.0
OI00000062,O0000038,P0043,1,44.73,5.42
OI00000063,O0000038,P0006,2,123.81,35.34
OI00000064,O0000039,P0013,1,100.4,0.0
OI00000065,O0000040,P0057,1,159.32,0.0
OI00000066,O0000041,P0032,1,400.07,0.0
OI00000067,O0000042,P0038,1,264.96,0.0
OI00000068,O0000043,P0040,1,491.68,0.0
OI00000069,O0000043,P0013,1,102.07,0.0
OI00000070,O0000044,P0032,1,421.2,27.2
OI00000071,O0000045,P0038,2,272.07,0.0
OI00000072,O0000045,P0022,1,344.21,0.0
OI00000073,O0000045,P0010,1,162.89,0.0
OI00000074,O0000046,P0023,1,123.36,0.0
OI00000075,O0000047,P0054,1,138.83,0.0
OI00000076,O0000048,P0056,1,380.57,0.0
OI00000077,O0000048,P0007,1,110.6,0.0
OI00000078,O0000049,P0009,1,113.13,0.0
OI00000079,O0000049,P0015,1,62.78,0.0
OI00000080,O0000050,P0003,1,79.9,0.0
OI00000081,O0000050,P0056,1,376.11,0.0
OI00000082,O0000050,P0020,1,664.49,0.0
OI00000083,O0000051,P0034,1,427.23,0.0
OI00000084,O0000052,P0007,1,111.34,0.0
OI00000085,O0000053,P0045,1,150.67,22.09
OI00000086,O0000053,P0044,1,54.02,4.17
OI00000087,O0000054,P0033,1,423.04,0.0
OI00000088,O0000054,P0050,1,14.36,0.0
OI00000089,O0000055,P0029,1,287.79,0.0
OI00000090,O0000055,P0030,1,260.73,0.0
OI00000091,O0000056,P0027,1,641.83,0.0
OI00000092,O0000057,P0019,1,687.98,0.0
OI00000093,O0000058,P0057,2,164.92,0.0
OI00000094,O0000059,P0038,1,261.66,0.0
OI00000095,O0000059,P0034,1,425.12,0.0
OI00000096,O0000059,P0043,1,45.18,0.0
OI00000097,O0000060,P0043,1,45.39,0.0
OI00000098,O0000061,P0056,2,364.05,0.0
OI00000099,O0000061,P0035,1,277.54,0.0
OI00000100,O0000061,P0007,1,112.0,0.0
OI00000101,O0000062,P0041,1,30.04,0.0
OI00000102,O0000063,P0038,1,275.33,12.78
OI00000103,O0000064,P0005,1,66.4,4.58
OI00000104,O0000065,P0004,1,77.46,0.0
OI00000105,O0000066,P0038,1,266.38,0.0
OI00000106,O0000066,P0040,1,493.03,0.0
OI00000107,O0000066,P0005,1,66.46,0.0
OI00000108,O0000066,P0057,1,159.69,0.0
OI00000109,O0000067,P0012,1,28.54,0.0
OI00000110,O0000068,P0060,1,437.44,0.0
OI00000111,O0000068,P0026,2,86.53,0.0
OI00000112,O0000068,P0057,2,157.63,0.0
OI00000113,O0000069,P0010,1,163.83,0.0
OI00000114,O0000070,P0006,1,124.79,0.0
OI00000115,O0000070,P0013,1,99.18,0.0
OI00000116,O0000071,P0045,1,148.96,0.0
OI00000117,O0000071,P0029,1,289.52,0.0
OI00000118,O0000072,P0002,1,81.82,0.0
OI00000119,O0000072,P0036,1,191.53,0.0
OI00000120,O0000073,P0011,1,139.55,0.0
OI00000121,O0000073,P0036,1,189.45,0.0
OI00000122,O0000074,P0057,1,159.63,7.94
OI00000123,O0000074,P0010,1,159.87,24.33
OI00000124,O0000074,P0058,2,52.1,12.96
OI00000125,O0000075,P0028,1,315.42,0.0
OI00000126,O0000076,P0017,2,158.43,0.0
OI00000127,O0000077,P0059,1,61.15,0.0
OI00000128,O0000077,P0010,1,157.33,0.0
OI00000129,O0000078,P0011,2,137.01,0.0
OI00000130,O0000078,P0006,1,128.3,0.0
OI00000131,O0000079,P0039,1,326.83,0.0
OI00000132,O0000079,P0001,1,141.91,0.0
OI00000133,O0000080,P0051,1,77.3,0.0
OI00000134,O0000080,P0046,1,18.67,0.0
OI00000135,O0000080,P0024,2,801.18,0.0
OI00000136,O0000080,P0032,1,399.02,0.0
OI00000137,O0000081,P0031,1,28.85,0.0
OI00000138,O0000082,P0056,1,365.95,0.0
OI00000139,O0000082,P0001,2,143.23,0.0
OI00000140,O0000083,P0021,2,83.28,0.0
OI00000141,O0000083,P0005,1,68.44,0.0
OI00000142,O0000084,P0038,1,274.09,0.0
OI00000143,O0000084,P0029,1,292.24,0.0
OI00000144,O0000085,P0038,1,263.56,16.04
OI00000145,O0000085,P0024,1,778.79,91.96
OI00000146,O0000086,P0056,2,384.69,66.21
OI00000147,O0000086,P0003,1,83.49,12.63
OI00000148,O0000087,P0049,1,143.85,0.0
OI00000149,O0000088,P0010,1,162.14,0.0
OI00000150,O0000088,P0040,1,467.11,0.0
OI00000151,O0000088,P0043,1,46.88,0.0
OI00000152,O0000089,P0057,1,159.46,0.0
OI00000153,O0000090,P0003,1,81.29,0.0
OI00000154,O0000090,P0048,1,94.61,0.0
OI00000155,O0000090,P0027,1,618.39,0.0
OI00000156,O0000091,P0009,1,113.76,18.56
OI00000157,O0000091,P0045,1,147.82,16.35
OI00000158,O0000092,P0048,1,94.43,0.0
OI00000159,O0000093,P0023,1,118.51,16.32
OI00000160,O0000094,P0024,1,777.96,0.0
OI00000161,O0000095,P0029,1,286.79,0.0
OI00000162,O0000096,P0054,2,135.54,0.0
OI00000163,O0000096,P0003,1,83.43,0.0
OI00000164,O0000097,P0041,1,30.06,0.0
OI00000165,O0000097,P0006,1,121.66,0.0
OI00000166,O0000098,P0059,1,62.27,0.0
OI00000167,O0000099,P0003,1,79.42,0.0
OI00000168,O0000100,P0048,1,92.21,0.0
OI00000169,O0000101,P0055,1,150.19,0.0
OI00000170,O0000102,P0013,1,103.66,14.71
OI00000171,O0000103,P0033,1,419.95,0.0
OI00000172,O0000104,P0027,1,636.52,103.49
OI00000173,O0000105,P0023,1,121.85,0.0
OI00000174,O0000106,P0013,1,102.18,0.0
OI00000175,O0000106,P0005,1,65.07,0.0
OI00000176,O0000107,P0054,1,135.51,16.65
OI00000177,O0000107,P0043,1,46.16,7.28
OI00000178,O0000107,P0003,1,82.08,14.19
OI00000179,O0000108,P0049,1,139.18,0.0
OI00000180,O0000108,P0038,1,275.02,0.0
OI00000181,O0000109,P0033,1,439.68,44.23
OI00000182,O0000110,P0022,1,339.92,0.0
OI00000183,O0000111,P0001,1,142.29,0.0
OI00000184,O0000112,P0060,2,434.48,0.0
OI00000185,O0000112,P0038,1,266.29,0.0
OI00000186,O0000112,P0057,1,163.42,0.0
OI00000187,O0000113,P0045,1,148.85,0.0
OI00000188,O0000113,P0010,1,163.12,0.0
OI00000189,O0000113,P0009,1,112.85,0.0
OI00000190,O0000114,P0034,1,425.86,0.0
OI00000191,O0000115,P0042,1,133.27,0.0
OI00000192,O0000116,P0040,1,477.33,0.0
OI00000193,O0000116,P0051,1,73.54,0.0
OI00000194,O0000117,P0002,1,80.26,13.65
OI00000195,O0000117,P0016,1,120.83,10.43
OI00000196,O0000118,P0054,1,140.66,0.0
OI00000197,O0000119,P0003,1,82.36,0.0
OI00000198,O0000119,P0057,1,159.38,0.0
OI00000199,O0000120,P0020,1,666.76,50.92
OI00000200,O0000120,P0004,1,75.09,12.38
OI00000201,O0000120,P0024,1,784.63,126.91
OI00000202,O0000120,P0031,1,27.77,4.11
OI00000203,O0000121,P0042,1,133.6,0.0
OI00000204,O0000122,P0019,1,677.83,0.0
OI00000205,O0000122,P0047,2,71.18,0.0
OI00000206,O0000123,P0053,1,523.05,0.0
OI00000207,O0000123,P0027,1,647.41,0.0
OI00000208,O0000123,P0026,1,84.38,0.0
OI00000209,O0000124,P0015,1,60.82,3.18
OI00000210,O0000124,P0007,1,110.03,4.6
OI00000211,O0000125,P0032,1,403.92,0.0
OI00000212,O0000125,P0021,2,85.58,0.0
OI00000213,O0000126,P0004,1,74.59,0.0
OI00000214,O0000127,P0020,1,668.16,0.0
OI00000215,O0000128,P0002,1,79.44,0.0
OI00000216,O0000128,P0055,2,145.77,0.0
OI00000217,O0000129,P0030,1,256.15,33.23
OI00000218,O0000130,P0032,1,408.67,40.94
OI00000219,O0000131,P0056,1,374.65,0.0
OI00000220,O0000132,P0022,1,331.11,0.0
OI00000221,O0000132,P0024,2,812.73,0.0
OI00000222,O0000132,P0001,1,148.97,0.0
OI00000223,O0000133,P0038,1,272.86,14.72
OI00000224,O0000134,P0023,2,119.42,0.0
OI00000225,O0000134,P0045,1,150.57,0.0
OI00000226,O0000135,P0045,1,152.93,0.0
OI00000227,O0000135,P0046,2,19.54,0.0
OI00000228,O0000136,P0038,1,276.2,0.0
OI00000229,O0000137,P0048,1,95.2,0.0
OI00000230,O0000138,P0010,1,161.62,0.0
OI00000231,O0000138,P0002,1,82.77,0.0
OI00000232,O0000139,P0005,1,67.99,6.29
OI00000233,O0000140,P0055,2,145.11,0.0
OI00000234,O0000141,P0038,1,272.19,0.0
OI00000235,O0000141,P0011,1,141.18,0.0
OI00000236,O0000141,P0026,2,85.63,0.0
OI00000237,O0000142,P0032,2,398.77,0.0
OI00000238,O0000143,P0020,1,677.61,0.0
OI00000239,O0000144,P0038,2,274.09,0.0
OI00000240,O0000144,P0049,1,142.29,0.0
OI00000241,O0000145,P0003,1,82.7,0.0
OI00000242,O0000146,P0020,1,671.26,0.0
OI00000243,O0000147,P0050,1,14.4,0.0
OI00000244,O0000148,P0021,1,81.33,0.0
OI00000245,O0000148,P0033,2,428.77,0.0
OI00000246,O0000149,P0004,1,75.24,0.0
OI00000247,O0000150,P0051,1,74.74,0.0
OI00000248,O0000150,P0003,1,79.39,0.0
OI00000249,O0000151,P0060,1,436.99,0.0
OI00000250,O0000152,P0034,1,417.18,0.0
OI00000251,O0000152,P0002,1,83.19,0.0
OI00000252,O0000152,P0049,1,139.55,0.0
OI00000253,O0000153,P0020,1,667.66,0.0
OI00000254,O0000153,P0039,1,320.0,0.0
OI00000255,O0000154,P0056,1,376.79,0.0
OI00000256,O0000154,P0007,1,109.05,0.0
OI00000257,O0000155,P0020,1,668.73,82.02
OI00000258,O0000155,P0023,2,123.34,31.58
OI00000259,O0000155,P0013,1,103.69,6.26
OI00000260,O0000155,P0007,1,108.43,15.17
OI00000261,O0000156,P0005,1,66.04,7.47
OI00000262,O0000156,P0023,2,122.58,27.53
OI00000263,O0000156,P0001,2,142.63,29.62
OI00000264,O0000157,P0035,1,279.66,0.0
OI00000265,O0000157,P0001,1,143.79,0.0
OI00000266,O0000157,P0003,1,83.14,0.0
OI00000267,O0000158,P0039,1,316.72,0.0
OI00000268,O0000158,P0049,1,140.83,0.0
OI00000269,O0000159,P0013,1,103.18,8.08
OI00000270,O0000159,P0040,1,465.25,21.96
OI00000271,O0000160,P0029,1,291.36,41.61
OI00000272,O0000161,P0057,1,160.74,16.94
OI00000273,O0000162,P0049,1,144.97,0.0
OI00000274,O0000162,P0059,1,63.34,0.0
OI00000275,O0000163,P0058,1,49.96,0.0
OI00000276,O0000164,P0003,1,82.42,0.0
OI00000277,O0000164,P0025,1,604.18,0.0
OI00000278,O0000165,P0045,1,147.6,0.0
OI00000279,O0000166,P0001,1,142.68,0.0
OI00000280,O0000166,P0006,1,127.28,0.0
OI00000281,O0000167,P0003,2,83.56,0.0
OI00000282,O0000168,P0020,1,676.0,0.0
OI00000283,O0000168,P0038,2,269.01,0.0
OI00000284,O0000169,P0003,1,80.4,0.0
OI00000285,O0000170,P0026,1,85.4,13.33
OI00000286,O0000171,P0034,1,433.55,76.37
OI00000287,O0000172,P0005,2,65.28,0.0
OI00000288,O0000172,P0059,1,62.86,0.0
OI00000289,O0000172,P0015,1,62.94,0.0
OI00000290,O0000173,P0055,1,151.0,0.0
OI00000291,O0000173,P0058,2,51.17,0.0
OI00000292,O0000174,P0001,1,143.46,0.0
OI00000293,O0000175,P0057,1,161.03,0.0
OI00000294,O0000175,P0030,1,253.64,0.0
OI00000295,O0000175,P0019,1,674.98,0.0
OI00000296,O0000176,P0024,1,801.87,117.76
OI00000297,O0000177,P0003,1,80.97,12.0
OI00000298,O0000177,P0024,1,799.37,75.96
OI00000299,O0000178,P0032,1,411.05,59.86
OI00000300,O0000179,P0057,1,158.37,0.0
OI00000301,O0000179,P0058,1,50.22,0.0
OI00000302,O0000180,P0055,1,149.61,0.0
OI00000303,O0000181,P0041,1,30.07,0.0
OI00000304,O0000181,P0057,2,161.76,0.0
OI00000305,O0000182,P0040,1,483.95,0.0
OI00000306,O0000183,P0060,1,457.34,0.0
OI00000307,O0000183,P0024,2,780.06,0.0
OI00000308,O0000183,P0020,1,685.0,0.0
OI00000309,O0000184,P0059,1,63.58,0.0
OI00000310,O0000185,P0006,1,123.94,0.0
OI00000311,O0000185,P0012,1,28.61,0.0
OI00000312,O0000186,P0006,1,125.64,0.0
OI00000313,O0000187,P0029,2,295.47,0.0
OI00000314,O0000188,P0040,1,476.46,0.0
OI00000315,O0000188,P0020,1,691.85,0.0
OI00000316,O0000189,P0051,1,74.71,3.54
OI00000317,O0000189,P0009,1,113.5,6.52
OI00000318,O0000190,P0001,1,147.43,0.0
OI00000319,O0000190,P0003,1,79.56,0.0
OI00000320,O0000191,P0054,1,134.1,0.0
OI00000321,O0000191,P0057,1,159.51,0.0
OI00000322,O0000192,P0003,1,83.86,0.0
OI00000323,O0000193,P0022,1,346.29,0.0
OI00000324,O0000194,P0026,1,85.41,8.89
OI00000325,O0000195,P0020,1,692.74,0.0
OI00000326,O0000196,P0050,1,13.83,0.91
OI00000327,O0000196,P0002,1,79.09,11.28
OI00000328,O0000197,P0003,1,79.55,0.0
OI00000329,O0000198,P0024,1,804.74,73.59
OI00000330,O0000198,P0052,1,403.48,31.88
OI00000331,O0000199,P0007,1,112.12,0.0
OI00000332,O0000199,P0014,1,131.94,0.0
OI00000333,O0000199,P0044,1,54.19,0.0
OI00000334,O0000199,P0004,1,74.83,0.0
OI00000335,O0000200,P0034,1,434.46,0.0
OI00000336,O0000201,P0046,1,19.25,0.0
OI00000337,O0000201,P0020,1,681.58,0.0
OI00000338,O0000202,P0008,2,85.71,8.3
OI00000339,O0000202,P0013,1,102.75,14.15
OI00000340,O0000203,P0006,1,121.43,16.43
OI00000341,O0000203,P0038,1,267.64,17.37
OI00000342,O0000204,P0049,1,138.66,0.0
OI00000343,O0000204,P0009,1,114.17,0.0
OI00000344,O0000204,P0025,1,612.91,0.0
OI00000345,O0000205,P0027,1,639.98,0.0
OI00000346,O0000206,P0007,1,109.22,0.0
OI00000347,O0000206,P0026,1,82.58,0.0
OI00000348,O0000207,P0001,1,148.81,11.9
OI00000349,O0000207,P0059,1,60.82,6.68
OI00000350,O0000207,P0053,1,542.93,23.84
OI00000351,O0000208,P0015,1,60.09,2.83
OI00000352,O0000208,P0038,1,273.94,19.8
OI00000353,O0000208,P0056,1,378.68,55.23
OI00000354,O0000209,P0024,1,811.27,0.0
OI00000355,O0000209,P0046,1,19.45,0.0
OI00000356,O0000210,P0044,1,53.09,0.0
OI00000357,O0000211,P0045,1,151.75,23.4
OI00000358,O0000211,P0042,1,129.09,11.39
OI00000359,O0000211,P0049,2,139.04,20.58
OI00000360,O0000212,P0019,1,657.29,0.0
OI00000361,O0000212,P0047,1,70.67,0.0
OI00000362,O0000213,P0038,1,267.8,0.0
OI00000363,O0000214,P0009,1,111.1,0.0
OI00000364,O0000215,P0030,1,257.08,0.0
OI00000365,O0000216,P0047,1,68.84,0.0
OI00000366,O0000216,P0013,2,103.24,0.0
OI00000367,O0000217,P0051,1,77.26,0.0
OI00000368,O0000218,P0002,1,83.21,0.0
OI00000369,O0000219,P0051,1,73.1,0.0
OI00000370,O0000220,P0028,1,312.73,0.0
OI00000371,O0000221,P0025,1,616.77,0.0
OI00000372,O0000222,P0030,1,252.76,39.04
OI00000373,O0000222,P0024,1,773.58,127.68
OI00000374,O0000223,P0005,1,67.76,6.98
OI00000375,O0000224,P0045,1,148.2,0.0
OI00000376,O0000224,P0028,1,324.78,0.0
OI00000377,O0000225,P0039,1,318.28,0.0
OI00000378,O0000226,P0013,1,99.87,0.0
OI00000379,O0000226,P0031,2,28.53,0.0
OI00000380,O0000227,P0045,1,151.78,17.1
OI00000381,O0000227,P0003,1,83.69,5.98
OI00000382,O0000228,P0040,1,481.62,44.9
OI00000383,O0000228,P0006,1,124.39,15.25
OI00000384,O0000229,P0003,1,80.0,0.0
OI00000385,O0000230,P0005,2,67.78,0.0
OI00000386,O0000230,P0032,1,420.57,0.0
OI00000387,O0000231,P0032,1,420.59,0.0
OI00000388,O0000232,P0018,1,363.49,50.98
OI00000389,O0000233,P0027,1,620.05,0.0
OI00000390,O0000234,P0011,1,136.41,14.7
OI00000391,O0000234,P0020,1,669.96,108.37
OI00000392,O0000235,P0045,1,151.11,0.0
OI00000393,O0000236,P0038,2,270.45,0.0
OI00000394,O0000236,P0005,1,68.26,0.0
OI00000395,O0000237,P0058,1,51.21,0.0
OI00000396,O0000237,P0032,2,420.74,0.0
OI00000397,O0000237,P0013,1,102.09,0.0
OI00000398,O0000238,P0060,1,446.75,48.92
OI00000399,O0000239,P0029,1,291.94,0.0
OI00000400,O0000240,P0023,2,119.45,0.0
OI00000401,O0000240,P0025,1,602.73,0.0
OI00000402,O0000240,P0016,1,123.21,0.0
OI00000403,O0000241,P0001,1,147.88,0.0
OI00000404,O0000241,P0060,1,457.13,0.0
OI00000405,O0000242,P0059,1,60.37,3.35
OI00000406,O0000242,P0039,1,318.99,34.2
OI00000407,O0000243,P0001,1,143.17,7.78
OI00000408,O0000243,P0043,1,47.0,5.01
OI00000409,O0000243,P0024,2,774.14,102.46
OI00000410,O0000244,P0050,2,14.55,2.36
OI00000411,O0000244,P0036,1,187.01,15.62
OI00000412,O0000245,P0023,1,119.74,0.0
OI00000413,O0000245,P0042,1,128.76,0.0
OI00000414,O0000245,P0003,1,80.77,0.0
OI00000415,O0000246,P0003,1,80.34,0.0
OI00000416,O0000247,P0049,1,142.46,0.0
OI00000417,O0000247,P0016,1,124.87,0.0
OI00000418,O0000247,P0003,1,83.63,0.0
OI00000419,O0000248,P0031,1,27.51,0.0
OI00000420,O0000249,P0027,1,651.68,0.0
OI00000421,O0000250,P0027,1,620.36,85.79
OI00000422,O0000251,P0003,1,81.98,0.0
OI00000423,O0000252,P0030,1,261.62,0.0
OI00000424,O0000253,P0057,2,166.36,0.0
OI00000425,O0000253,P0009,1,113.16,0.0
OI00000426,O0000253,P0020,2,671.12,0.0
OI00000427,O0000253,P0029,1,287.68,0.0
OI00000428,O0000254,P0011,1,138.02,7.92
OI00000429,O0000254,P0040,1,468.32,82.67
OI00000430,O0000255,P0001,1,145.38,0.0
OI00000431,O0000256,P0009,1,112.04,0.0
OI00000432,O0000256,P0035,1,289.85,0.0
OI00000433,O0000256,P0030,1,251.43,0.0
OI00000434,O0000256,P0019,1,659.87,0.0
OI00000435,O0000256,P0042,1,129.46,0.0
OI00000436,O0000257,P0034,1,417.09,23.57
OI00000437,O0000258,P0058,1,51.86,0.0
OI00000438,O0000258,P0006,1,121.78,0.0
OI00000439,O0000259,P0005,1,66.51,0.0
OI00000440,O0000260,P0006,1,127.36,0.0
OI00000441,O0000260,P0045,1,148.49,0.0
OI00000442,O0000261,P0039,1,315.02,28.79
OI00000443,O0000261,P0045,1,153.09,23.46
OI00000444,O0000262,P0011,1,144.06,15.94
OI00000445,O0000262,P0045,1,152.73,11.44
OI00000446,O0000262,P0009,1,111.48,17.79
OI00000447,O0000262,P0003,1,79.12,4.66
OI00000448,O0000263,P0022,1,346.06,27.81
OI00000449,O0000264,P0048,1,93.7,0.0
OI00000450,O0000264,P0029,2,295.49,0.0
OI00000451,O0000265,P0004,1,77.9,0.0
OI00000452,O0000265,P0009,1,109.69,0.0
OI00000453,O0000265,P0033,1,428.36,0.0
OI00000454,O0000266,P0024,1,768.07,0.0
OI00000455,O0000266,P0043,1,44.37,0.0
OI00000456,O0000267,P0038,1,262.59,0.0
OI00000457,O0000267,P0039,2,328.47,0.0
OI00000458,O0000268,P0050,1,14.43,0.0
OI00000459,O0000268,P0034,1,417.71,0.0
OI00000460,O0000268,P0015,2,60.58,0.0
OI00000461,O0000268,P0003,1,82.73,0.0
OI00000462,O0000269,P0008,1,87.8,0.0
OI00000463,O0000269,P0001,1,143.04,0.0
OI00000464,O0000269,P0046,2,18.95,0.0
OI00000465,O0000269,P0039,1,330.93,0.0
OI00000466,O0000270,P0046,1,19.4,1.42
OI00000467,O0000271,P0042,1,130.11,18.13
OI00000468,O0000272,P0023,1,122.1,0.0
OI00000469,O0000272,P0002,2,80.14,0.0
OI00000470,O0000273,P0060,1,449.17,74.16
OI00000471,O0000273,P0057,1,158.76,25.42
OI00000472,O0000274,P0009,1,110.64,0.0
OI00000473,O0000275,P0029,1,300.16,0.0
OI00000474,O0000275,P0015,1,61.37,0.0
OI00000475,O0000275,P0056,1,363.82,0.0
OI00000476,O0000276,P0006,1,124.68,0.0
OI00000477,O0000276,P0040,1,473.17,0.0
OI00000478,O0000277,P0045,1,148.11,0.0
OI00000479,O0000278,P0012,1,29.62,0.0
OI00000480,O0000278,P0049,2,144.98,0.0
OI00000481,O0000279,P0007,1,107.7,17.17
OI00000482,O0000279,P0039,1,319.74,15.13
OI00000483,O0000280,P0048,1,92.84,0.0
OI00000484,O0000281,P0048,1,91.95,0.0
OI00000485,O0000282,P0036,1,193.0,10.89
OI00000486,O0000283,P0024,1,772.82,105.25
OI00000487,O0000284,P0046,2,19.5,0.0
OI00000488,O0000284,P0022,1,331.31,0.0
OI00000489,O0000285,P0032,1,407.95,43.12
OI00000490,O0000286,P0035,1,291.53,0.0
OI00000491,O0000286,P0057,2,164.86,0.0
OI00000492,O0000287,P0014,1,137.93,0.0
OI00000493,O0000288,P0016,1,120.59,0.0
OI00000494,O0000288,P0047,3,70.81,0.0
OI00000495,O0000288,P0042,1,133.4,0.0
OI00000496,O0000289,P0017,1,159.57,0.0
OI00000497,O0000289,P0010,1,160.64,0.0
OI00000498,O0000289,P0050,1,14.05,0.0
OI00000499,O0000290,P0040,1,479.82,0.0
OI00000500,O0000291,P0010,1,158.16,0.0
OI00000501,O0000291,P0013,1,101.97,0.0
OI00000502,O0000292,P0020,1,691.92,0.0
OI00000503,O0000293,P0001,2,149.55,0.0
OI00000504,O0000294,P0032,1,405.86,54.39
OI00000505,O0000295,P0038,1,270.85,0.0
OI00000506,O0000295,P0041,1,31.24,0.0
OI00000507,O0000296,P0048,1,91.84,0.0
OI00000508,O0000297,P0005,1,65.39,8.19
OI00000509,O0000297,P0008,1,88.7,7.93
OI00000510,O0000297,P0041,1,30.43,5.3
OI00000511,O0000298,P0057,1,160.08,0.0
OI00000512,O0000299,P0020,1,697.09,0.0
OI00000513,O0000300,P0019,1,667.12,0.0
OI00000514,O0000300,P0038,1,266.65,0.0
OI00000515,O0000300,P0006,1,124.84,0.0
OI00000516,O0000301,P0008,1,89.09,0.0
OI00000517,O0000301,P0023,1,123.91,0.0
OI00000518,O0000301,P0054,1,138.33,0.0
OI00000519,O0000302,P0056,1,371.5,0.0
OI00000520,O0000303,P0023,1,123.37,0.0
OI00000521,O0000304,P0045,1,149.72,0.0
OI00000522,O0000304,P0023,1,120.71,0.0
OI00000523,O0000304,P0050,1,13.95,0.0
OI00000524,O0000305,P0009,1,111.48,0.0
OI00000525,O0000306,P0026,1,83.66,0.0
OI00000526,O0000306,P0050,1,14.04,0.0
OI00000527,O0000307,P0003,1,80.29,0.0
OI00000528,O0000308,P0039,1,326.62,41.25
OI00000529,O0000309,P0038,1,266.55,0.0
OI00000530,O0000310,P0030,1,248.69,0.0
OI00000531,O0000311,P0021,1,84.43,0.0
OI00000532,O0000312,P0059,1,61.62,0.0
OI00000533,O0000313,P0001,1,145.18,0.0
OI00000534,O0000314,P0057,1,161.66,16.46
OI00000535,O0000315,P0032,1,401.06,0.0
OI00000536,O0000315,P0043,2,45.6,0.0
OI00000537,O0000315,P0058,2,52.77,0.0
OI00000538,O0000316,P0018,1,376.5,52.7
OI00000539,O0000316,P0006,1,126.84,9.49
OI00000540,O0000317,P0038,2,263.36,0.0
OI00000541,O0000317,P0006,1,128.35,0.0
OI00000542,O0000318,P0032,1,421.78,62.4
OI00000543,O0000319,P0054,1,136.78,0.0
OI00000544,O0000320,P0036,1,189.15,13.85
OI00000545,O0000321,P0051,3,76.91,0.0
OI00000546,O0000322,P0057,1,165.22,0.0
OI00000547,O0000322,P0029,1,297.27,0.0
OI00000548,O0000322,P0015,1,60.45,0.0
OI00000549,O0000323,P0042,1,128.31,0.0
OI00000550,O0000323,P0059,1,62.48,0.0
OI00000551,O0000323,P0032,1,412.64,0.0
OI00000552,O0000323,P0004,1,74.71,0.0
OI00000553,O0000323,P0054,1,133.14,0.0
OI00000554,O0000324,P0035,2,292.31,43.07
OI00000555,O0000324,P0001,1,141.06,20.69
OI00000556,O0000324,P0038,1,269.91,31.99
OI00000557,O0000325,P0003,1,83.51,0.0
OI00000558,O0000325,P0045,1,154.22,0.0
OI00000559,O0000326,P0029,1,286.16,42.29
OI00000560,O0000327,P0045,1,152.92,0.0
OI00000561,O0000327,P0021,1,81.32,0.0
OI00000562,O0000328,P0029,1,285.94,34.99
OI00000563,O0000329,P0018,1,369.59,0.0
OI00000564,O0000329,P0045,1,151.41,0.0
OI00000565,O0000330,P0038,1,275.56,46.98
OI00000566,O0000330,P0022,1,330.58,32.72
OI00000567,O0000330,P0019,1,661.24,62.15
OI00000568,O0000331,P0022,2,347.52,89.4
OI00000569,O0000332,P0039,1,315.49,0.0
OI00000570,O0000332,P0009,1,111.56,0.0
OI00000571,O0000333,P0047,1,69.38,0.0
OI00000572,O0000333,P0049,2,145.92,0.0
OI00000573,O0000334,P0049,1,139.13,0.0
OI00000574,O0000334,P0028,1,328.17,0.0
OI00000575,O0000334,P0023,1,121.59,0.0
OI00000576,O0000335,P0053,1,525.21,0.0
OI00000577,O0000336,P0040,1,475.26,0.0
OI00000578,O0000336,P0036,2,192.54,0.0
OI00000579,O0000336,P0052,1,415.16,0.0
OI00000580,O0000337,P0005,1,67.22,9.41
OI00000581,O0000337,P0033,1,440.21,23.33
OI00000582,O0000338,P0026,1,85.95,0.0
OI00000583,O0000338,P0009,1,112.93,0.0
OI00000584,O0000339,P0006,1,122.25,16.09
OI00000585,O0000339,P0055,1,142.71,19.64
OI00000586,O0000340,P0060,1,454.01,0.0
OI00000587,O0000341,P0002,1,80.77,0.0
OI00000588,O0000341,P0035,2,293.07,0.0
OI00000589,O0000341,P0019,1,670.03,0.0
OI00000590,O0000342,P0059,1,61.32,3.87
OI00000591,O0000343,P0026,1,86.34,0.0
OI00000592,O0000343,P0003,1,82.92,0.0
OI00000593,O0000344,P0043,1,45.52,0.0
OI00000594,O0000344,P0007,1,113.47,0.0
OI00000595,O0000345,P0060,1,437.4,0.0
OI00000596,O0000346,P0038,1,272.69,0.0
OI00000597,O0000346,P0055,1,143.26,0.0
OI00000598,O0000347,P0029,1,300.09,0.0
OI00000599,O0000347,P0037,1,66.11,0.0
OI00000600,O0000348,P0014,2,134.93,0.0
OI00000601,O0000349,P0010,2,161.9,47.75
OI00000602,O0000349,P0004,1,74.66,4.36
OI00000603,O0000349,P0024,1,788.25,115.74
OI00000604,O0000349,P0011,1,136.93,16.02
OI00000605,O0000350,P0014,1,131.7,0.0
OI00000606,O0000351,P0003,1,83.89,0.0
OI00000607,O0000351,P0020,1,666.83,0.0
OI00000608,O0000352,P0016,1,121.96,0.0
OI00000609,O0000352,P0027,1,649.73,0.0
OI00000610,O0000353,P0020,1,671.03,84.89
OI00000611,O0000354,P0009,1,109.23,0.0
OI00000612,O0000354,P0052,2,402.51,0.0
OI00000613,O0000354,P0041,1,30.64,0.0
OI00000614,O0000354,P0038,1,273.56,0.0
OI00000615,O0000355,P0043,1,44.69,0.0
OI00000616,O0000356,P0013,1,98.35,0.0
OI00000617,O0000356,P0015,1,63.23,0.0
OI00000618,O0000356,P0017,1,156.13,0.0
OI00000619,O0000357,P0006,1,125.33,0.0
OI00000620,O0000358,P0020,1,685.34,87.21
OI00000621,O0000358,P0006,2,128.38,29.43
OI00000622,O0000359,P0038,1,262.7,27.81
OI00000623,O0000359,P0047,1,70.28,4.6
OI00000624,O0000360,P0044,1,54.71,0.0
OI00000625,O0000361,P0009,2,114.38,40.12
OI00000626,O0000361,P0019,1,668.82,72.42
OI00000627,O0000362,P0020,2,674.8,0.0
OI00000628,O0000363,P0041,1,31.73,1.41
OI00000629,O0000363,P0017,1,151.05,19.65
OI00000630,O0000364,P0052,1,419.13,24.82
OI00000631,O0000365,P0038,1,270.07,0.0
OI00000632,O0000366,P0019,1,667.36,0.0
OI00000633,O0000367,P0045,1,153.31,0.0
OI00000634,O0000367,P0043,2,46.82,0.0
OI00000635,O0000368,P0007,1,112.25,0.0
OI00000636,O0000369,P0045,1,149.63,14.11
OI00000637,O0000370,P0028,1,315.44,0.0
OI00000638,O0000370,P0034,1,418.99,0.0
OI00000639,O0000370,P0014,1,135.64,0.0
OI00000640,O0000371,P0055,1,144.78,18.12
OI00000641,O0000371,P0027,1,620.56,81.4
OI00000642,O0000372,P0058,1,50.36,0.0
OI00000643,O0000373,P0039,1,314.33,0.0
OI00000644,O0000374,P0003,1,83.59,0.0
OI00000645,O0000374,P0028,1,318.16,0.0
OI00000646,O0000375,P0059,2,63.08,0.0
OI00000647,O0000376,P0013,1,99.07,0.0
OI00000648,O0000376,P0041,2,31.67,0.0
OI00000649,O0000377,P0036,1,186.94,0.0
OI00000650,O0000377,P0013,1,104.03,0.0
OI00000651,O0000378,P0049,1,144.19,0.0
OI00000652,O0000379,P0038,1,264.39,0.0
OI00000653,O0000380,P0003,2,82.11,0.0
OI00000654,O0000381,P0023,1,121.79,16.85
OI00000655,O0000381,P0044,2,52.12,14.95
OI00000656,O0000382,P0045,3,153.64,0.0
OI00000657,O0000382,P0013,1,102.64,0.0
OI00000658,O0000382,P0060,1,453.96,0.0
OI00000659,O0000383,P0056,1,379.33,0.0
OI00000660,O0000384,P0016,1,124.38,0.0
OI00000661,O0000384,P0023,1,125.24,0.0
OI00000662,O0000384,P0008,2,89.39,0.0
OI00000663,O0000384,P0054,2,140.78,0.0
OI00000664,O0000385,P0032,1,411.29,0.0
OI00000665,O0000385,P0016,1,122.27,0.0
OI00000666,O0000386,P0022,1,339.24,0.0
OI00000667,O0000386,P0036,1,193.78,0.0
OI00000668,O0000387,P0001,1,144.36,0.0
OI00000669,O0000388,P0048,1,93.58,8.07
OI00000670,O0000388,P0027,1,626.41,103.19
OI00000671,O0000388,P0038,1,271.29,17.73
OI00000672,O0000389,P0019,1,653.64,115.52
OI00000673,O0000390,P0006,1,127.2,0.0
OI00000674,O0000391,P0060,1,451.91,0.0
OI00000675,O0000391,P0026,2,81.92,0.0
OI00000676,O0000391,P0033,1,427.96,0.0
OI00000677,O0000392,P0046,1,18.93,0.0
OI00000678,O0000392,P0003,2,79.35,0.0
OI00000679,O0000392,P0060,1,459.08,0.0
OI00000680,O0000392,P0050,1,13.85,0.0
OI00000681,O0000393,P0027,1,622.06,0.0
OI00000682,O0000394,P0060,2,435.71,0.0
OI00000683,O0000394,P0021,1,83.57,0.0
OI00000684,O0000395,P0038,1,272.99,0.0
OI00000685,O0000396,P0004,1,75.94,12.78
OI00000686,O0000397,P0032,1,402.67,45.29
OI00000687,O0000397,P0010,1,161.01,18.25
OI00000688,O0000398,P0021,1,84.19,0.0
OI00000689,O0000399,P0005,1,65.7,3.24
OI00000690,O0000399,P0023,1,121.79,14.64
OI00000691,O0000400,P0009,1,114.31,0.0
OI00000692,O0000401,P0001,1,148.83,15.54
OI00000693,O0000401,P0024,1,770.75,49.54
OI00000694,O0000402,P0004,1,74.51,0.0
OI00000695,O0000402,P0044,1,53.67,0.0
OI00000696,O0000402,P0059,1,63.28,0.0
OI00000697,O0000403,P0016,1,121.19,0.0
OI00000698,O0000403,P0002,1,81.93,0.0
OI00000699,O0000404,P0030,1,255.93,0.0
OI00000700,O0000405,P0023,1,124.91,0.0
OI00000701,O0000406,P0045,1,148.97,0.0
OI00000702,O0000407,P0003,1,80.88,5.36
OI00000703,O0000407,P0038,2,269.4,85.01
OI00000704,O0000407,P0045,1,151.72,19.29
OI00000705,O0000407,P0055,1,148.97,9.74
OI00000706,O0000408,P0005,1,67.72,3.83
OI00000707,O0000409,P0045,1,150.32,10.34
OI00000708,O0000410,P0001,1,142.67,0.0
OI00000709,O0000411,P0009,1,112.94,0.0
OI00000710,O0000411,P0008,1,88.55,0.0
OI00000711,O0000411,P0013,1,100.84,0.0
OI00000712,O0000412,P0055,1,144.43,0.0
OI00000713,O0000413,P0014,1,133.04,18.05
OI00000714,O0000413,P0003,1,80.26,11.51
OI00000715,O0000414,P0040,1,475.26,0.0
OI00000716,O0000415,P0002,1,80.46,6.44
OI00000717,O0000416,P0022,1,342.17,24.9
OI00000718,O0000417,P0006,2,126.75,0.0
OI00000719,O0000417,P0046,1,19.69,0.0
OI00000720,O0000417,P0047,1,70.28,0.0
OI00000721,O0000418,P0048,1,91.18,0.0
OI00000722,O0000418,P0041,2,30.24,0.0
OI00000723,O0000418,P0057,1,162.4,0.0
OI00000724,O0000419,P0014,2,137.74,34.07
OI00000725,O0000419,P0041,1,30.97,5.21
OI00000726,O0000420,P0043,1,46.21,7.13
OI00000727,O0000420,P0056,1,377.52,43.69
OI00000728,O0000421,P0020,2,665.51,124.08
OI00000729,O0000422,P0022,1,344.95,0.0
OI00000730,O0000422,P0049,1,144.42,0.0
OI00000731,O0000423,P0016,2,126.61,11.36
OI00000732,O0000423,P0023,1,122.05,15.36
OI00000733,O0000423,P0033,1,427.3,46.04
OI00000734,O0000424,P0058,1,49.89,0.0
OI00000735,O0000425,P0060,1,434.54,65.05
OI00000736,O0000426,P0057,2,159.11,0.0
OI00000737,O0000427,P0024,1,790.39,84.11
OI00000738,O0000427,P0016,1,122.61,15.29
OI00000739,O0000428,P0024,1,797.77,0.0
OI00000740,O0000429,P0022,1,337.79,20.11
OI00000741,O0000429,P0019,1,679.09,47.7
OI00000742,O0000430,P0060,1,458.38,0.0
OI00000743,O0000431,P0059,1,61.09,0.0
OI00000744,O0000432,P0050,1,14.31,0.0
OI00000745,O0000432,P0045,1,151.01,0.0
OI00000746,O0000433,P0028,1,324.04,0.0
OI00000747,O0000433,P0044,1,52.35,0.0
OI00000748,O0000434,P0040,2,474.1,0.0
OI00000749,O0000434,P0007,1,108.93,0.0
OI00000750,O0000434,P0018,1,359.07,0.0
OI00000751,O0000435,P0046,2,19.46,0.0
OI00000752,O0000436,P0002,1,82.15,0.0
OI00000753,O0000436,P0024,1,800.41,0.0
OI00000754,O0000437,P0041,1,31.54,0.0
OI00000755,O0000438,P0037,2,65.29,17.55
OI00000756,O0000439,P0049,1,141.88,18.82
OI00000757,O0000439,P0033,1,439.93,26.1
OI00000758,O0000440,P0045,1,147.19,16.63
OI00000759,O0000440,P0008,1,88.4,5.08
OI00000760,O0000440,P0054,1,136.9,16.58
OI00000761,O0000441,P0019,1,682.32,0.0
OI00000762,O0000441,P0056,1,379.1,0.0
OI00000763,O0000441,P0040,1,474.8,0.0
OI00000764,O0000442,P0033,1,442.65,0.0
OI00000765,O0000442,P0038,1,270.5,0.0
OI00000766,O0000443,P0029,1,295.42,0.0
OI00000767,O0000444,P0005,1,67.47,0.0
OI00000768,O0000445,P0040,1,472.56,0.0
OI00000769,O0000445,P0010,1,162.77,0.0
OI00000770,O0000446,P0049,1,140.38,13.01
OI00000771,O0000446,P0045,1,149.13,25.09
OI00000772,O0000447,P0054,1,139.83,0.0
OI00000773,O0000448,P0056,1,365.26,0.0
OI00000774,O0000448,P0016,1,123.66,0.0
OI00000775,O0000449,P0036,1,186.46,0.0
OI00000776,O0000450,P0004,1,76.32,0.0
OI00000777,O0000450,P0002,1,78.99,0.0
OI00000778,O0000451,P0003,1,79.41,0.0
OI00000779,O0000452,P0024,1,811.22,60.32
OI00000780,O0000452,P0003,1,82.85,14.5
OI00000781,O0000453,P0003,1,83.98,0.0
OI00000782,O0000454,P0005,1,68.88,0.0
OI00000783,O0000454,P0036,1,189.54,0.0
OI00000784,O0000455,P0046,1,18.68,1.44
OI00000785,O0000455,P0032,1,402.66,34.23
OI00000786,O0000456,P0050,1,14.42,0.0
OI00000787,O0000456,P0002,1,83.28,0.0
OI00000788,O0000457,P0033,1,429.71,0.0
OI00000789,O0000457,P0022,1,336.42,0.0
OI00000790,O0000458,P0038,1,267.78,0.0
OI00000791,O0000458,P0019,1,665.86,0.0
OI00000792,O0000458,P0058,1,51.31,0.0
OI00000793,O0000459,P0038,1,265.71,18.47
OI00000794,O0000459,P0055,1,145.08,12.2
OI00000795,O0000460,P0046,1,19.14,0.0
OI00000796,O0000460,P0031,1,28.13,0.0
OI00000797,O0000461,P0005,1,66.69,0.0
OI00000798,O0000461,P0029,1,287.25,0.0
OI00000799,O0000462,P0060,1,441.29,62.42
OI00000800,O0000463,P0006,1,122.41,0.0
OI00000801,O0000463,P0002,2,79.99,0.0
OI00000802,O0000463,P0054,1,135.41,0.0
OI00000803,O0000464,P0003,2,81.4,0.0
OI00000804,O0000465,P0013,1,101.36,0.0
OI00000805,O0000465,P0024,2,768.01,0.0
OI00000806,O0000466,P0009,1,111.95,0.0
OI00000807,O0000466,P0003,1,83.57,0.0
OI00000808,O0000466,P0013,1,102.01,0.0
OI00000809,O0000467,P0057,1,163.66,0.0
OI00000810,O0000468,P0057,1,160.28,0.0
OI00000811,O0000469,P0027,1,652.12,0.0
OI00000812,O0000470,P0056,1,383.16,0.0
OI00000813,O0000471,P0011,1,138.57,0.0
OI00000814,O0000472,P0033,1,430.86,0.0
OI00000815,O0000473,P0046,1,19.16,1.78
OI00000816,O0000474,P0036,1,192.8,0.0
OI00000817,O0000475,P0022,1,331.23,0.0
OI00000818,O0000476,P0002,2,82.67,12.11
OI00000819,O0000477,P0024,1,774.4,0.0
OI00000820,O0000477,P0002,2,81.46,0.0
OI00000821,O0000478,P0004,1,76.39,4.23
OI00000822,O0000478,P0020,2,676.26,170.24
OI00000823,O0000478,P0029,1,294.58,34.66
OI00000824,O0000479,P0045,2,148.43,13.64
OI00000825,O0000480,P0040,1,482.64,0.0
OI00000826,O0000480,P0007,1,112.23,0.0
OI00000827,O0000480,P0057,1,166.06,0.0
OI00000828,O0000481,P0038,1,269.91,0.0
OI00000829,O0000481,P0009,1,111.26,0.0
OI00000830,O0000482,P0050,1,14.19,0.0
OI00000831,O0000482,P0003,1,83.31,0.0
OI00000832,O0000483,P0048,1,89.94,8.36
OI00000833,O0000483,P0040,1,469.12,31.03
OI00000834,O0000483,P0038,1,275.35,41.3
OI00000835,O0000484,P0055,1,148.54,0.0
OI00000836,O0000484,P0056,1,367.36,0.0
OI00000837,O0000485,P0050,2,14.25,0.0
OI00000838,O0000486,P0001,2,145.66,0.0
OI00000839,O0000486,P0019,1,682.85,0.0
OI00000840,O0000487,P0015,1,61.96,7.0
OI00000841,O0000488,P0009,1,113.19,0.0
OI00000842,O0000489,P0059,1,62.18,0.0
OI00000843,O0000489,P0044,1,52.92,0.0
OI00000844,O0000490,P0021,2,83.76,0.0
OI00000845,O0000490,P0024,2,798.89,0.0
OI00000846,O0000491,P0001,1,147.53,13.6
OI00000847,O0000492,P0056,1,364.93,57.19
OI00000848,O0000493,P0003,1,80.28,0.0
OI00000849,O0000493,P0045,1,150.52,0.0
OI00000850,O0000494,P0016,1,121.23,0.0
OI00000851,O0000495,P0036,2,187.24,0.0
OI00000852,O0000495,P0026,1,81.64,0.0
OI00000853,O0000496,P0020,1,664.33,0.0
OI00000854,O0000497,P0005,2,65.23,19.6
OI00000855,O0000497,P0009,1,111.01,9.44
OI00000856,O0000497,P0015,1,60.65,9.41
OI00000857,O0000498,P0026,1,81.67,0.0
OI00000858,O0000498,P0030,2,247.21,0.0
OI00000859,O0000499,P0043,1,45.43,0.0
OI00000860,O0000499,P0038,1,269.04,0.0
OI00000861,O0000499,P0040,2,491.11,0.0
OI00000862,O0000500,P0032,1,397.8,0.0
OI00000863,O0000500,P0003,1,81.8,0.0
OI00000864,O0000501,P0057,1,161.29,0.0
OI00000865,O0000502,P0036,1,191.65,17.1
OI00000866,O0000502,P0038,1,267.76,21.1
OI00000867,O0000502,P0017,1,153.24,10.69
OI00000868,O0000503,P0038,1,264.99,0.0
OI00000869,O0000504,P0031,1,28.77,1.98
OI00000870,O0000504,P0039,2,315.89,95.82
OI00000871,O0000505,P0023,1,118.79,0.0
OI00000872,O0000506,P0050,2,14.21,0.0
OI00000873,O0000506,P0038,2,269.97,0.0
OI00000874,O0000507,P0008,1,85.81,0.0
OI00000875,O0000508,P0043,1,45.48,0.0
OI00000876,O0000508,P0038,1,268.19,0.0
OI00000877,O0000508,P0040,1,480.89,0.0
OI00000878,O0000509,P0005,1,65.1,0.0
OI00000879,O0000509,P0003,1,83.37,0.0
OI00000880,O0000510,P0041,1,31.17,0.0
OI00000881,O0000510,P0001,1,146.9,0.0
OI00000882,O0000510,P0039,1,320.86,0.0
OI00000883,O0000511,P0019,1,679.04,0.0
OI00000884,O0000512,P0022,2,330.21,0.0
OI00000885,O0000513,P0003,1,81.09,14.11
OI00000886,O0000514,P0054,1,137.01,0.0
OI00000887,O0000514,P0005,1,66.82,0.0
OI00000888,O0000515,P0045,1,149.97,0.0
OI00000889,O0000516,P0057,2,163.01,0.0
OI00000890,O0000516,P0030,1,250.76,0.0
OI00000891,O0000517,P0027,1,642.85,73.24
OI00000892,O0000518,P0049,1,145.69,8.94
OI00000893,O0000518,P0023,2,121.61,32.88
OI00000894,O0000519,P0035,1,288.35,26.52
OI00000895,O0000519,P0037,1,63.99,9.87
OI00000896,O0000520,P0038,1,269.26,0.0
OI00000897,O0000520,P0045,1,146.93,0.0
OI00000898,O0000521,P0036,2,186.0,59.43
OI00000899,O0000521,P0041,1,30.78,4.76
OI00000900,O0000521,P0013,1,102.94,16.92
OI00000901,O0000522,P0006,1,122.02,0.0
OI00000902,O0000522,P0028,1,328.12,0.0
OI00000903,O0000523,P0049,1,142.92,0.0
OI00000904,O0000523,P0056,1,375.96,0.0
OI00000905,O0000523,P0038,1,261.01,0.0
OI00000906,O0000523,P0034,1,425.05,0.0
OI00000907,O0000524,P0019,1,668.75,0.0
OI00000908,O0000525,P0042,1,127.45,0.0
OI00000909,O0000525,P0049,1,146.47,0.0
OI00000910,O0000525,P0036,1,187.87,0.0
OI00000911,O0000526,P0053,1,526.49,0.0
OI00000912,O0000527,P0046,1,19.48,1.41
OI00000913,O0000528,P0021,1,81.01,0.0
OI00000914,O0000528,P0009,1,111.96,0.0
OI00000915,O0000529,P0047,1,70.78,0.0
OI00000916,O0000529,P0041,1,30.26,0.0
OI00000917,O0000530,P0041,1,31.0,4.98
OI00000918,O0000531,P0028,1,327.58,0.0
OI00000919,O0000531,P0058,1,50.23,0.0
OI00000920,O0000532,P0040,1,492.23,0.0
OI00000921,O0000532,P0055,1,144.93,0.0
OI00000922,O0000533,P0032,1,406.2,0.0
OI00000923,O0000534,P0040,1,486.45,0.0
OI00000924,O0000535,P0001,1,143.78,21.25
OI00000925,O0000536,P0022,1,345.42,0.0
OI00000926,O0000537,P0007,2,111.0,0.0
OI00000927,O0000538,P0043,1,46.45,0.0
OI00000928,O0000538,P0006,1,125.8,0.0
OI00000929,O0000538,P0028,1,317.73,0.0
OI00000930,O0000539,P0029,1,293.79,0.0
OI00000931,O0000540,P0057,2,164.11,0.0
OI00000932,O0000540,P0013,1,98.25,0.0
OI00000933,O0000541,P0021,1,80.62,0.0
OI00000934,O0000541,P0023,1,120.85,0.0
OI00000935,O0000541,P0001,1,146.09,0.0
OI00000936,O0000542,P0024,1,791.19,0.0
OI00000937,O0000542,P0056,2,373.22,0.0
OI00000938,O0000542,P0038,1,265.11,0.0
OI00000939,O0000543,P0040,1,491.01,0.0
OI00000940,O0000543,P0038,1,267.01,0.0
OI00000941,O0000544,P0057,2,159.58,29.41
OI00000942,O0000544,P0006,2,124.06,22.05
OI00000943,O0000545,P0020,2,693.26,0.0
OI00000944,O0000545,P0034,1,433.36,0.0
OI00000945,O0000546,P0039,1,324.83,54.8
OI00000946,O0000546,P0028,1,326.37,47.61
OI00000947,O0000547,P0032,1,397.82,0.0
OI00000948,O0000547,P0040,1,472.34,0.0
OI00000949,O0000548,P0036,1,190.41,0.0
OI00000950,O0000548,P0049,1,145.71,0.0
OI00000951,O0000549,P0001,2,142.07,0.0
OI00000952,O0000549,P0021,1,82.75,0.0
OI00000953,O0000550,P0042,2,132.62,0.0
OI00000954,O0000550,P0041,2,30.49,0.0
OI00000955,O0000551,P0014,1,135.57,0.0
OI00000956,O0000551,P0018,1,373.18,0.0
OI00000957,O0000551,P0056,1,365.84,0.0
OI00000958,O0000552,P0027,1,618.58,0.0
OI00000959,O0000553,P0055,1,146.53,22.43
OI00000960,O0000553,P0001,1,148.5,9.7
OI00000961,O0000554,P0032,1,407.9,0.0
OI00000962,O0000555,P0032,1,420.77,0.0
OI00000963,O0000555,P0050,1,14.12,0.0
OI00000964,O0000555,P0016,1,123.11,0.0
OI00000965,O0000556,P0056,1,373.38,0.0
OI00000966,O0000557,P0011,1,136.99,0.0
OI00000967,O0000557,P0048,1,92.22,0.0
OI00000968,O0000557,P0049,1,141.9,0.0
OI00000969,O0000558,P0017,1,158.77,19.17
OI00000970,O0000558,P0035,2,278.98,63.74
OI00000971,O0000559,P0005,1,66.2,0.0
OI00000972,O0000560,P0019,1,671.1,0.0
OI00000973,O0000561,P0009,1,114.41,0.0
OI00000974,O0000561,P0038,1,275.83,0.0
OI00000975,O0000562,P0006,1,122.94,11.34
OI00000976,O0000563,P0050,1,14.29,2.29
OI00000977,O0000564,P0046,1,19.05,0.0
OI00000978,O0000565,P0023,1,118.73,0.0
OI00000979,O0000566,P0037,1,64.54,0.0
OI00000980,O0000566,P0033,1,434.06,0.0
OI00000981,O0000567,P0049,1,141.19,0.0
OI00000982,O0000568,P0006,1,125.15,12.02
OI00000983,O0000568,P0025,1,618.16,29.89
OI00000984,O0000569,P0001,1,149.28,0.0
OI00000985,O0000570,P0024,2,800.35,0.0
OI00000986,O0000570,P0055,1,148.71,0.0
OI00000987,O0000571,P0020,2,660.96,0.0
OI00000988,O0000571,P0027,1,641.26,0.0
OI00000989,O0000572,P0029,1,300.27,17.91
OI00000990,O0000573,P0038,1,267.01,32.35
OI00000991,O0000574,P0060,1,440.34,0.0
OI00000992,O0000575,P0038,1,275.66,0.0
OI00000993,O0000575,P0045,1,153.34,0.0
OI00000994,O0000576,P0055,1,149.78,0.0
OI00000995,O0000576,P0003,1,81.78,0.0
OI00000996,O0000577,P0003,1,81.5,0.0
OI00000997,O0000577,P0045,2,153.73,0.0
OI00000998,O0000578,P0001,2,144.48,0.0
OI00000999,O0000579,P0028,1,315.64,0.0
OI00001000,O0000579,P0041,1,31.13,0.0
OI00001001,O0000580,P0027,1,652.0,87.73
OI00001002,O0000581,P0046,1,19.22,0.0
OI00001003,O0000581,P0025,2,637.18,0.0
OI00001004,O0000581,P0019,2,659.73,0.0
OI00001005,O0000581,P0056,1,380.72,0.0
OI00001006,O0000582,P0003,1,80.6,0.0
OI00001007,O0000582,P0001,1,149.73,0.0
OI00001008,O0000583,P0019,1,659.54,30.22
OI00001009,O0000583,P0042,1,132.38,14.23
OI00001010,O0000584,P0050,1,14.22,0.0
OI00001011,O0000585,P0047,1,71.96,0.0
OI00001012,O0000585,P0052,1,417.11,0.0
OI00001013,O0000585,P0016,1,121.39,0.0
OI00001014,O0000586,P0038,1,269.7,27.04
OI00001015,O0000586,P0019,1,658.29,33.0
OI00001016,O0000587,P0009,1,108.37,0.0
OI00001017,O0000587,P0053,1,533.22,0.0
OI00001018,O0000587,P0005,1,65.4,0.0
OI00001019,O0000588,P0050,1,14.1,0.0
OI00001020,O0000588,P0043,1,46.72,0.0
OI00001021,O0000589,P0054,2,140.29,0.0
OI00001022,O0000589,P0042,1,131.39,0.0
OI00001023,O0000590,P0023,2,122.13,0.0
OI00001024,O0000591,P0045,1,147.52,17.37
OI00001025,O0000592,P0042,1,128.1,0.0
OI00001026,O0000592,P0005,1,64.92,0.0
OI00001027,O0000593,P0021,1,83.17,14.14
OI00001028,O0000594,P0032,2,416.46,0.0
OI00001029,O0000595,P0019,1,679.83,53.82
OI00001030,O0000595,P0034,1,418.8,33.25
OI00001031,O0000595,P0012,1,28.44,4.65
OI00001032,O0000596,P0057,1,159.22,0.0
OI00001033,O0000596,P0010,1,158.53,0.0
OI00001034,O0000597,P0042,1,134.09,0.0
OI00001035,O0000597,P0032,1,405.55,0.0
OI00001036,O0000598,P0027,1,626.87,44.07
OI00001037,O0000598,P0055,1,149.04,10.79
OI00001038,O0000599,P0013,1,98.81,0.0
OI00001039,O0000599,P0058,1,52.06,0.0
OI00001040,O0000600,P0040,1,470.8,0.0
OI00001041,O0000601,P0024,1,769.62,0.0
OI00001042,O0000602,P0026,1,85.07,9.39
OI00001043,O0000602,P0038,1,276.03,39.83
OI00001044,O0000603,P0051,1,75.54,3.35
OI00001045,O0000603,P0057,1,159.46,7.0
OI00001046,O0000603,P0013,1,103.75,11.93
OI00001047,O0000604,P0018,1,365.12,0.0
OI00001048,O0000604,P0055,1,143.89,0.0
OI00001049,O0000604,P0005,2,65.04,0.0
OI00001050,O0000605,P0045,1,146.09,21.66
OI00001051,O0000606,P0033,1,427.64,0.0
OI00001052,O0000607,P0056,1,377.44,0.0
OI00001053,O0000608,P0026,1,82.61,0.0
OI00001054,O0000608,P0005,2,67.64,0.0
OI00001055,O0000608,P0028,1,311.72,0.0
OI00001056,O0000609,P0012,1,29.54,0.0
OI00001057,O0000609,P0026,1,85.08,0.0
OI00001058,O0000610,P0034,1,429.71,0.0
OI00001059,O0000610,P0013,1,101.99,0.0
OI00001060,O0000610,P0038,1,271.25,0.0
OI00001061,O0000611,P0043,1,44.81,0.0
OI00001062,O0000611,P0020,1,682.3,0.0
OI00001063,O0000612,P0036,1,187.14,0.0
OI00001064,O0000612,P0020,1,685.09,0.0
OI00001065,O0000612,P0042,1,134.85,0.0
OI00001066,O0000613,P0034,1,420.31,64.03
OI00001067,O0000614,P0027,1,629.36,0.0
OI00001068,O0000614,P0017,1,153.63,0.0
OI00001069,O0000615,P0036,1,189.9,0.0
OI00001070,O0000616,P0003,1,82.7,0.0
OI00001071,O0000617,P0011,1,141.35,0.0
OI00001072,O0000617,P0003,1,79.39,0.0
OI00001073,O0000618,P0022,1,336.94,0.0
OI00001074,O0000618,P0057,1,161.25,0.0
OI00001075,O0000619,P0042,1,129.54,21.84
OI00001076,O0000620,P0019,1,656.14,0.0
OI00001077,O0000620,P0051,1,74.84,0.0
OI00001078,O0000621,P0019,1,652.45,0.0
OI00001079,O0000622,P0005,1,68.52,10.07
OI00001080,O0000623,P0001,1,144.25,0.0
OI00001081,O0000624,P0003,1,80.04,0.0
OI00001082,O0000625,P0042,1,133.68,0.0
OI00001083,O0000626,P0024,1,803.57,0.0
OI00001084,O0000626,P0045,1,149.09,0.0
OI00001085,O0000627,P0038,1,265.28,0.0
OI00001086,O0000627,P0005,1,67.71,0.0
OI00001087,O0000628,P0024,1,779.08,0.0
OI00001088,O0000628,P0022,1,348.19,0.0
OI00001089,O0000628,P0029,1,298.36,0.0
OI00001090,O0000629,P0037,1,63.94,0.0
OI00001091,O0000630,P0027,1,641.25,0.0
OI00001092,O0000630,P0021,1,82.06,0.0
OI00001093,O0000631,P0060,2,446.3,0.0
OI00001094,O0000631,P0049,1,138.28,0.0
OI00001095,O0000632,P0009,2,111.6,38.66
OI00001096,O0000632,P0001,1,148.79,12.69
OI00001097,O0000632,P0051,1,74.61,9.1
OI00001098,O0000633,P0022,1,331.7,0.0
OI00001099,O0000633,P0040,1,470.87,0.0
OI00001100,O0000634,P0018,1,357.17,0.0
OI00001101,O0000635,P0003,1,80.68,0.0
OI00001102,O0000635,P0036,1,196.6,0.0
OI00001103,O0000635,P0057,1,161.93,0.0
OI00001104,O0000635,P0038,1,265.74,0.0
OI00001105,O0000636,P0038,2,272.51,0.0
OI00001106,O0000636,P0007,1,111.87,0.0
OI00001107,O0000637,P0037,1,63.9,0.0
OI00001108,O0000637,P0060,1,451.33,0.0
OI00001109,O0000637,P0005,1,67.79,0.0
OI00001110,O0000638,P0059,1,62.82,0.0
OI00001111,O0000639,P0032,1,402.93,0.0
OI00001112,O0000640,P0041,1,30.61,0.0
OI00001113,O0000640,P0060,1,439.79,0.0
OI00001114,O0000641,P0042,1,130.83,0.0
OI00001115,O0000641,P0060,2,434.03,0.0
OI00001116,O0000641,P0043,1,46.63,0.0
OI00001117,O0000642,P0053,1,547.15,0.0
OI00001118,O0000642,P0010,1,162.99,0.0
OI00001119,O0000642,P0045,1,152.63,0.0
OI00001120,O0000643,P0020,1,658.68,0.0
OI00001121,O0000643,P0060,1,453.82,0.0
OI00001122,O0000644,P0034,1,418.96,53.85
OI00001123,O0000644,P0013,1,101.24,11.91
OI00001124,O0000645,P0023,1,122.87,0.0
OI00001125,O0000645,P0045,1,145.93,0.0
OI00001126,O0000646,P0032,1,409.14,0.0
OI00001127,O0000646,P0045,1,147.93,0.0
OI00001128,O0000646,P0021,1,83.91,0.0
OI00001129,O0000646,P0056,1,370.78,0.0
OI00001130,O0000646,P0058,2,51.37,0.0
OI00001131,O0000647,P0010,1,157.42,9.84
OI00001132,O0000648,P0039,1,325.72,0.0
OI00001133,O0000649,P0050,2,14.09,0.0
OI00001134,O0000650,P0023,1,124.37,0.0
OI00001135,O0000651,P0003,1,80.62,5.16
OI00001136,O0000651,P0055,1,145.8,22.93
OI00001137,O0000652,P0003,1,81.4,0.0
OI00001138,O0000653,P0057,1,162.55,25.12
OI00001139,O0000654,P0003,1,83.82,0.0
OI00001140,O0000654,P0043,1,45.03,0.0
OI00001141,O0000655,P0049,1,141.97,0.0
OI00001142,O0000655,P0059,1,62.16,0.0
OI00001143,O0000656,P0004,1,76.9,4.79
OI00001144,O0000657,P0038,1,265.39,0.0
OI00001145,O0000658,P0011,1,141.61,0.0
OI00001146,O0000659,P0001,2,146.05,0.0
OI00001147,O0000659,P0018,1,369.47,0.0
OI00001148,O0000660,P0003,1,83.06,0.0
OI00001149,O0000660,P0020,1,692.93,0.0
OI00001150,O0000661,P0035,1,283.03,32.17
OI00001151,O0000662,P0023,1,122.1,0.0
OI00001152,O0000663,P0019,1,690.96,0.0
OI00001153,O0000663,P0029,1,289.09,0.0
OI00001154,O0000664,P0027,1,628.9,0.0
OI00001155,O0000664,P0004,1,77.19,0.0
OI00001156,O0000665,P0051,2,75.62,20.99
OI00001157,O0000665,P0045,1,152.09,24.33
OI00001158,O0000666,P0048,2,92.45,0.0
OI00001159,O0000667,P0009,1,107.98,0.0
OI00001160,O0000667,P0003,1,80.61,0.0
OI00001161,O0000668,P0037,1,63.82,0.0
OI00001162,O0000669,P0056,1,374.8,49.27
OI00001163,O0000670,P0053,1,550.32,0.0
OI00001164,O0000670,P0057,1,166.38,0.0
OI00001165,O0000671,P0009,1,108.66,9.79
OI00001166,O0000671,P0059,1,60.76,10.21
OI00001167,O0000672,P0048,1,93.91,7.69
OI00001168,O0000673,P0019,2,657.28,0.0
OI00001169,O0000674,P0013,1,101.47,0.0
OI00001170,O0000675,P0009,1,111.47,0.0
OI00001171,O0000676,P0049,1,141.54,0.0
OI00001172,O0000677,P0023,1,123.4,0.0
OI00001173,O0000677,P0056,1,364.23,0.0
OI00001174,O0000678,P0041,2,30.03,8.92
OI00001175,O0000678,P0031,1,28.15,3.6
OI00001176,O0000678,P0060,1,458.53,37.58
OI00001177,O0000679,P0037,1,64.42,8.26
OI00001178,O0000679,P0005,1,68.62,11.04
OI00001179,O0000680,P0059,2,63.77,5.53
OI00001180,O0000681,P0057,1,157.92,0.0
OI00001181,O0000682,P0040,1,466.4,0.0
OI00001182,O0000682,P0024,2,812.2,0.0
OI00001183,O0000683,P0041,1,30.06,0.0
OI00001184,O0000683,P0033,1,441.74,0.0
OI00001185,O0000684,P0002,1,79.19,0.0
OI00001186,O0000685,P0047,1,70.58,0.0
OI00001187,O0000685,P0038,1,267.28,0.0
OI00001188,O0000686,P0055,2,144.19,0.0
OI00001189,O0000686,P0019,1,659.13,0.0
OI00001190,O0000686,P0057,1,162.85,0.0
OI00001191,O0000687,P0002,1,79.41,0.0
OI00001192,O0000687,P0009,1,114.31,0.0
OI00001193,O0000688,P0020,1,688.27,0.0
OI00001194,O0000688,P0008,1,89.01,0.0
OI00001195,O0000689,P0008,2,88.24,0.0
OI00001196,O0000689,P0001,1,148.18,0.0
OI00001197,O0000690,P0023,1,122.51,0.0
OI00001198,O0000690,P0002,1,82.05,0.0
OI00001199,O0000690,P0041,1,31.84,0.0
OI00001200,O0000691,P0032,1,403.88,0.0
OI00001201,O0000691,P0005,1,66.22,0.0
OI00001202,O0000692,P0042,1,132.97,0.0
OI00001203,O0000692,P0028,2,327.54,0.0
OI00001204,O0000693,P0004,1,78.16,0.0
OI00001205,O0000694,P0016,1,127.01,0.0
OI00001206,O0000694,P0028,1,320.72,0.0
OI00001207,O0000695,P0021,1,82.38,0.0
OI00001208,O0000696,P0058,1,50.2,2.23
OI00001209,O0000697,P0002,1,83.58,0.0
OI00001210,O0000698,P0026,1,82.79,0.0
OI00001211,O0000698,P0019,1,675.15,0.0
OI00001212,O0000699,P0049,1,138.75,0.0
OI00001213,O0000699,P0054,1,140.14,0.0
OI00001214,O0000700,P0013,2,102.9,32.24
OI00001215,O0000700,P0045,1,152.18,14.19
OI00001216,O0000701,P0021,2,80.74,28.32
OI00001217,O0000701,P0040,2,467.17,116.07
OI00001218,O0000702,P0047,1,71.95,0.0
OI00001219,O0000702,P0010,1,156.35,0.0
OI00001220,O0000702,P0013,1,100.04,0.0
OI00001221,O0000703,P0057,1,158.2,0.0
OI00001222,O0000704,P0048,1,93.42,12.9
OI00001223,O0000704,P0052,1,418.77,70.67
OI00001224,O0000705,P0006,1,124.5,11.62
OI00001225,O0000705,P0023,2,120.41,37.22
OI00001226,O0000706,P0009,1,113.91,0.0
OI00001227,O0000706,P0001,1,145.9,0.0
OI00001228,O0000707,P0030,1,253.88,0.0
OI00001229,O0000708,P0002,1,82.98,0.0
OI00001230,O0000709,P0057,1,159.71,0.0
OI00001231,O0000709,P0040,1,484.09,0.0
OI00001232,O0000710,P0038,1,271.01,0.0
OI00001233,O0000710,P0032,1,401.06,0.0
OI00001234,O0000711,P0042,1,129.64,19.09
OI00001235,O0000711,P0001,1,149.63,14.84
OI00001236,O0000712,P0047,1,71.05,5.73
OI00001237,O0000713,P0008,1,86.72,0.0
OI00001238,O0000713,P0009,2,111.02,0.0
OI00001239,O0000714,P0024,1,791.74,111.58
OI00001240,O0000714,P0021,1,81.54,6.73
OI00001241,O0000715,P0054,1,134.36,6.67
OI00001242,O0000716,P0001,1,143.55,0.0
OI00001243,O0000716,P0014,1,135.03,0.0
OI00001244,O0000717,P0003,1,82.17,7.6
OI00001245,O0000718,P0041,1,30.35,0.0
OI00001246,O0000719,P0006,1,127.08,0.0
OI00001247,O0000719,P0009,1,107.95,0.0
OI00001248,O0000720,P0019,1,676.15,0.0
OI00001249,O0000721,P0043,1,45.55,0.0
OI00001250,O0000721,P0055,1,150.75,0.0
OI00001251,O0000722,P0052,1,421.96,65.52
OI00001252,O0000722,P0043,1,45.68,6.13
OI00001253,O0000722,P0001,2,141.41,23.34
OI00001254,O0000723,P0009,1,109.6,0.0
OI00001255,O0000723,P0013,1,100.25,0.0
OI00001256,O0000724,P0027,1,641.98,74.7
OI00001257,O0000724,P0039,1,313.45,22.24
OI00001258,O0000725,P0054,1,133.56,0.0
OI00001259,O0000726,P0039,1,321.81,0.0
OI00001260,O0000726,P0023,2,123.28,0.0
OI00001261,O0000727,P0016,1,123.19,13.02
OI00001262,O0000727,P0017,1,156.69,18.23
OI00001263,O0000728,P0006,1,125.94,0.0
OI00001264,O0000728,P0010,1,156.44,0.0
OI00001265,O0000729,P0034,2,424.52,0.0
OI00001266,O0000729,P0047,1,71.3,0.0
OI00001267,O0000729,P0001,1,146.65,0.0
OI00001268,O0000730,P0013,1,99.11,0.0
OI00001269,O0000730,P0049,1,138.66,0.0
OI00001270,O0000730,P0026,2,84.0,0.0
OI00001271,O0000731,P0009,1,108.56,0.0
OI00001272,O0000732,P0054,1,134.8,0.0
OI00001273,O0000733,P0039,1,315.02,32.8
OI00001274,O0000733,P0053,1,549.29,96.29
OI00001275,O0000734,P0040,1,480.92,0.0
OI00001276,O0000735,P0002,1,83.23,8.14
OI00001277,O0000735,P0001,1,144.4,6.82
OI00001278,O0000736,P0006,2,122.9,0.0
OI00001279,O0000736,P0019,1,654.57,0.0
OI00001280,O0000736,P0038,1,266.68,0.0
OI00001281,O0000737,P0045,1,149.24,0.0
OI00001282,O0000737,P0033,2,421.15,0.0
OI00001283,O0000737,P0024,1,801.64,0.0
OI00001284,O0000738,P0002,1,81.33,5.02
OI00001285,O0000738,P0021,1,82.23,13.08
OI00001286,O0000739,P0003,1,83.87,0.0
OI00001287,O0000740,P0002,1,79.58,4.8
OI00001288,O0000740,P0038,1,266.16,15.49
OI00001289,O0000741,P0005,2,65.38,0.0
OI00001290,O0000742,P0039,1,316.36,23.78
OI00001291,O0000743,P0008,1,88.04,0.0
OI00001292,O0000743,P0048,2,91.24,0.0
OI00001293,O0000744,P0045,1,151.94,0.0
OI00001294,O0000744,P0026,2,85.34,0.0
OI00001295,O0000744,P0038,1,266.26,0.0
OI00001296,O0000744,P0032,1,421.15,0.0
OI00001297,O0000745,P0057,1,156.97,0.0
OI00001298,O0000746,P0032,1,410.55,40.32
OI00001299,O0000747,P0039,1,328.6,56.03
OI00001300,O0000748,P0006,1,123.82,0.0
OI00001301,O0000748,P0038,2,260.8,0.0
OI00001302,O0000749,P0050,1,13.87,0.0
OI00001303,O0000750,P0040,1,490.1,0.0
OI00001304,O0000750,P0049,1,143.32,0.0
OI00001305,O0000750,P0017,1,157.6,0.0
OI00001306,O0000751,P0003,1,83.28,3.75
OI00001307,O0000752,P0045,1,145.46,0.0
OI00001308,O0000753,P0038,1,272.83,0.0
OI00001309,O0000754,P0019,1,656.4,0.0
OI00001310,O0000754,P0022,1,335.42,0.0
OI00001311,O0000755,P0051,1,74.17,5.54
OI00001312,O0000755,P0034,1,429.98,52.96
OI00001313,O0000756,P0022,1,347.02,0.0
OI00001314,O0000757,P0041,1,30.97,4.21
OI00001315,O0000758,P0031,1,28.42,0.0
OI00001316,O0000758,P0003,1,83.08,0.0
OI00001317,O0000759,P0020,1,676.98,0.0
OI00001318,O0000760,P0048,1,93.69,8.09
OI00001319,O0000761,P0013,1,98.1,0.0
OI00001320,O0000762,P0039,1,330.94,0.0
OI00001321,O0000763,P0012,1,29.25,4.59
OI00001322,O0000763,P0051,1,75.44,11.4
OI00001323,O0000764,P0052,1,415.74,0.0
OI00001324,O0000764,P0029,2,283.86,0.0
OI00001325,O0000765,P0038,1,261.38,19.3
OI00001326,O0000766,P0023,1,120.73,0.0
OI00001327,O0000766,P0019,1,676.44,0.0
OI00001328,O0000766,P0045,1,152.67,0.0
OI00001329,O0000767,P0032,1,401.48,0.0
OI00001330,O0000768,P0027,1,628.43,0.0
OI00001331,O0000769,P0004,1,77.0,0.0
OI00001332,O0000769,P0024,2,792.9,0.0
OI00001333,O0000769,P0019,1,673.94,0.0
OI00001334,O0000770,P0013,1,101.66,12.03
OI00001335,O0000770,P0055,1,145.37,8.84
OI00001336,O0000771,P0056,1,365.81,0.0
OI00001337,O0000771,P0003,1,82.54,0.0
OI00001338,O0000772,P0056,1,377.28,0.0
OI00001339,O0000772,P0045,2,147.2,0.0
OI00001340,O0000773,P0008,1,85.61,9.05
OI00001341,O0000773,P0009,1,109.28,5.94
OI00001342,O0000774,P0048,1,95.31,0.0
OI00001343,O0000774,P0051,1,73.2,0.0
OI00001344,O0000775,P0019,1,656.44,0.0
OI00001345,O0000775,P0001,1,145.68,0.0
OI00001346,O0000776,P0013,1,100.25,0.0
OI00001347,O0000777,P0038,1,261.64,0.0
OI00001348,O0000778,P0048,1,91.68,0.0
OI00001349,O0000778,P0019,1,657.8,0.0
OI00001350,O0000779,P0058,2,51.96,0.0
OI00001351,O0000779,P0040,1,486.49,0.0
OI00001352,O0000780,P0046,1,19.14,2.98
OI00001353,O0000781,P0001,1,143.01,14.94
OI00001354,O0000782,P0045,1,151.65,0.0
OI00001355,O0000782,P0006,2,125.0,0.0
OI00001356,O0000782,P0058,1,52.19,0.0
OI00001357,O0000782,P0031,1,28.57,0.0
OI00001358,O0000783,P0019,1,690.24,0.0
OI00001359,O0000783,P0027,1,649.87,0.0
OI00001360,O0000784,P0039,1,330.44,0.0
OI00001361,O0000785,P0001,1,143.65,0.0
OI00001362,O0000786,P0001,1,148.3,11.35
OI00001363,O0000787,P0029,1,285.0,0.0
OI00001364,O0000788,P0013,1,99.56,0.0
OI00001365,O0000788,P0052,1,419.24,0.0
OI00001366,O0000788,P0021,1,81.22,0.0
OI00001367,O0000788,P0040,1,476.16,0.0
OI00001368,O0000789,P0047,1,70.36,0.0
OI00001369,O0000789,P0049,1,141.1,0.0
OI00001370,O0000789,P0038,1,272.36,0.0
OI00001371,O0000789,P0036,1,186.05,0.0
OI00001372,O0000789,P0045,1,150.08,0.0
OI00001373,O0000790,P0029,1,292.06,0.0
OI00001374,O0000791,P0023,2,124.71,0.0
OI00001375,O0000791,P0045,1,151.58,0.0
OI00001376,O0000792,P0043,1,45.4,0.0
OI00001377,O0000792,P0019,1,653.36,0.0
OI00001378,O0000793,P0023,1,119.96,0.0
OI00001379,O0000794,P0011,1,141.34,17.47
OI00001380,O0000794,P0007,1,113.47,7.86
OI00001381,O0000795,P0035,1,282.26,0.0
OI00001382,O0000795,P0003,1,82.89,0.0
OI00001383,O0000796,P0054,1,136.88,0.0
OI00001384,O0000797,P0006,1,124.44,0.0
OI00001385,O0000797,P0046,1,19.64,0.0
OI00001386,O0000798,P0041,1,31.0,0.0
OI00001387,O0000799,P0001,1,144.61,0.0
OI00001388,O0000800,P0027,1,643.99,0.0
OI00001389,O0000801,P0003,2,79.89,0.0
OI00001390,O0000801,P0038,1,275.21,0.0
OI00001391,O0000802,P0024,1,796.03,0.0
OI00001392,O0000803,P0013,1,101.79,0.0
OI00001393,O0000804,P0008,1,84.91,0.0
OI00001394,O0000804,P0003,1,82.31,0.0
OI00001395,O0000805,P0036,1,190.37,30.32
OI00001396,O0000806,P0026,1,86.31,0.0
OI00001397,O0000806,P0016,1,120.67,0.0
OI00001398,O0000807,P0009,1,112.05,6.13
OI00001399,O0000807,P0023,1,123.18,14.31
OI00001400,O0000808,P0009,1,109.24,0.0
OI00001401,O0000808,P0040,1,467.75,0.0
OI00001402,O0000808,P0047,1,68.01,0.0
OI00001403,O0000808,P0039,1,319.16,0.0
OI00001404,O0000809,P0045,1,152.96,0.0
OI00001405,O0000810,P0013,1,103.75,0.0
OI00001406,O0000810,P0049,1,139.04,0.0
OI00001407,O0000810,P0043,1,45.0,0.0
OI00001408,O0000811,P0059,1,63.1,0.0
OI00001409,O0000811,P0045,1,150.35,0.0
OI00001410,O0000811,P0012,2,29.41,0.0
OI00001411,O0000812,P0003,1,80.98,0.0
OI00001412,O0000812,P0008,1,88.21,0.0
OI00001413,O0000813,P0021,1,82.18,0.0
OI00001414,O0000813,P0039,1,324.63,0.0
OI00001415,O0000814,P0031,1,27.54,0.0
OI00001416,O0000815,P0001,1,145.56,16.52
OI00001417,O0000816,P0021,1,85.56,8.64
OI00001418,O0000817,P0038,2,271.5,0.0
OI00001419,O0000817,P0001,1,142.72,0.0
OI00001420,O0000818,P0036,1,187.4,0.0
OI00001421,O0000818,P0056,1,377.04,0.0
OI00001422,O0000819,P0004,1,78.6,0.0
OI00001423,O0000819,P0049,1,143.43,0.0
OI00001424,O0000820,P0036,1,188.94,0.0
OI00001425,O0000820,P0019,1,668.98,0.0
OI00001426,O0000820,P0013,1,102.02,0.0
OI00001427,O0000821,P0060,2,438.07,0.0
OI00001428,O0000821,P0056,1,362.94,0.0
OI00001429,O0000822,P0057,1,164.53,13.96
OI00001430,O0000822,P0003,1,79.49,9.55
OI00001431,O0000823,P0006,2,126.47,0.0
OI00001432,O0000823,P0038,1,266.99,0.0
OI00001433,O0000824,P0040,1,466.05,0.0
OI00001434,O0000825,P0011,1,141.45,22.97
OI00001435,O0000826,P0007,1,111.95,0.0
OI00001436,O0000826,P0057,1,158.04,0.0
OI00001437,O0000826,P0003,1,80.6,0.0
OI00001438,O0000827,P0045,1,153.65,21.64
OI00001439,O0000828,P0045,1,151.06,0.0
OI00001440,O0000829,P0012,1,28.5,0.0
OI00001441,O0000830,P0049,1,140.64,22.37
OI00001442,O0000830,P0041,1,30.6,1.93
OI00001443,O0000830,P0003,1,83.82,4.72
OI00001444,O0000831,P0007,1,108.77,6.26
OI00001445,O0000831,P0005,1,66.62,4.46
OI00001446,O0000832,P0053,1,526.05,0.0
OI00001447,O0000832,P0025,1,626.82,0.0
OI00001448,O0000833,P0005,1,65.8,0.0
OI00001449,O0000834,P0007,1,113.87,0.0
OI00001450,O0000834,P0032,1,414.11,0.0
OI00001451,O0000835,P0059,1,60.54,0.0
OI00001452,O0000835,P0045,1,149.37,0.0
OI00001453,O0000836,P0038,1,274.77,0.0
OI00001454,O0000836,P0027,1,644.28,0.0
OI00001455,O0000837,P0054,1,133.07,21.18
OI00001456,O0000837,P0006,1,123.88,21.54
OI00001457,O0000838,P0054,1,140.32,0.0
OI00001458,O0000839,P0014,1,136.9,10.41
OI00001459,O0000840,P0010,1,158.21,0.0
OI00001460,O0000840,P0008,1,89.05,0.0
OI00001461,O0000841,P0037,2,64.89,0.0
OI00001462,O0000841,P0003,1,82.33,0.0
OI00001463,O0000842,P0020,1,686.56,0.0
OI00001464,O0000843,P0003,2,82.15,0.0
OI00001465,O0000843,P0014,1,133.19,0.0
OI00001466,O0000844,P0045,1,152.13,8.84
OI00001467,O0000845,P0049,1,144.96,0.0
OI00001468,O0000845,P0038,1,268.84,0.0
OI00001469,O0000846,P0049,1,144.6,0.0
OI00001470,O0000847,P0040,1,492.39,70.59
OI00001471,O0000848,P0021,1,84.68,7.15
OI00001472,O0000849,P0027,1,619.03,55.06
OI00001473,O0000850,P0050,1,14.34,0.0
OI00001474,O0000851,P0042,1,127.83,0.0
OI00001475,O0000852,P0003,1,81.25,0.0
OI00001476,O0000852,P0001,1,145.17,0.0
OI00001477,O0000852,P0002,2,79.44,0.0
OI00001478,O0000852,P0053,2,545.26,0.0
OI00001479,O0000853,P0020,1,671.04,43.23
OI00001480,O0000854,P0030,1,252.36,0.0
OI00001481,O0000854,P0033,1,429.26,0.0
OI00001482,O0000854,P0051,1,77.33,0.0
OI00001483,O0000855,P0049,1,139.52,0.0
OI00001484,O0000856,P0027,1,627.61,0.0
OI00001485,O0000857,P0019,1,655.62,0.0
OI00001486,O0000857,P0005,1,68.65,0.0
OI00001487,O0000857,P0056,1,383.71,0.0
OI00001488,O0000858,P0003,1,82.01,0.0
OI00001489,O0000858,P0019,1,654.16,0.0
OI00001490,O0000859,P0030,2,249.74,70.81
OI00001491,O0000859,P0054,1,137.53,11.41
OI00001492,O0000859,P0003,1,80.18,7.2
OI00001493,O0000859,P0032,1,421.34,61.14
OI00001494,O0000860,P0042,1,131.03,0.0
OI00001495,O0000861,P0026,1,82.11,0.0
OI00001496,O0000862,P0008,1,87.72,0.0
OI00001497,O0000863,P0013,1,99.75,15.83
OI00001498,O0000864,P0052,1,415.48,22.94
OI00001499,O0000865,P0054,1,136.84,19.26
OI00001500,O0000866,P0028,1,319.37,0.0
OI00001501,O0000867,P0042,1,134.76,0.0
OI00001502,O0000867,P0013,1,101.29,0.0
OI00001503,O0000868,P0054,1,139.56,0.0
OI00001504,O0000869,P0013,1,101.15,0.0
OI00001505,O0000870,P0004,1,75.35,0.0
OI00001506,O0000871,P0054,1,133.09,0.0
OI00001507,O0000871,P0038,1,276.22,0.0
OI00001508,O0000872,P0043,2,46.19,0.0
OI00001509,O0000872,P0038,1,271.02,0.0
OI00001510,O0000873,P0025,1,627.76,0.0
OI00001511,O0000873,P0001,1,144.76,0.0
OI00001512,O0000874,P0038,1,276.03,21.5
OI00001513,O0000874,P0009,1,108.11,12.13
OI00001514,O0000875,P0014,2,134.06,0.0
OI00001515,O0000875,P0056,1,374.43,0.0
OI00001516,O0000876,P0005,2,68.26,0.0
OI00001517,O0000876,P0008,1,85.04,0.0
OI00001518,O0000877,P0031,1,28.29,0.0
OI00001519,O0000878,P0006,1,127.12,7.83
OI00001520,O0000879,P0003,1,83.3,11.46
OI00001521,O0000880,P0059,1,62.69,0.0
OI00001522,O0000880,P0006,1,125.33,0.0
OI00001523,O0000881,P0006,1,123.85,6.71
OI00001524,O0000882,P0019,1,655.78,0.0
OI00001525,O0000883,P0007,1,111.8,9.4
OI00001526,O0000884,P0055,1,145.83,0.0
OI00001527,O0000885,P0029,1,294.06,36.3
OI00001528,O0000885,P0012,1,29.18,1.31
OI00001529,O0000886,P0032,1,412.85,0.0
OI00001530,O0000887,P0060,2,436.11,0.0
OI00001531,O0000887,P0005,1,65.5,0.0
OI00001532,O0000888,P0049,1,144.85,0.0
OI00001533,O0000889,P0005,1,67.73,0.0
OI00001534,O0000890,P0032,1,416.11,0.0
OI00001535,O0000890,P0019,2,670.12,0.0
OI00001536,O0000890,P0013,2,103.51,0.0
OI00001537,O0000891,P0033,1,435.72,0.0
OI00001538,O0000891,P0050,1,13.89,0.0
OI00001539,O0000892,P0038,1,267.02,30.63
OI00001540,O0000892,P0045,1,146.56,10.05
OI00001541,O0000893,P0043,1,44.39,0.0
OI00001542,O0000894,P0048,1,93.29,0.0
OI00001543,O0000894,P0002,1,82.0,0.0
OI00001544,O0000894,P0039,3,318.9,0.0
OI00001545,O0000895,P0014,1,135.61,0.0
OI00001546,O0000895,P0013,1,100.49,0.0
OI00001547,O0000896,P0020,2,686.43,148.13
OI00001548,O0000896,P0006,1,127.46,12.92
OI00001549,O0000896,P0012,1,28.62,4.88
OI00001550,O0000896,P0048,2,92.57,17.66
OI00001551,O0000897,P0023,1,122.24,0.0
OI00001552,O0000897,P0042,1,131.75,0.0
OI00001553,O0000898,P0032,2,417.44,44.52
OI00001554,O0000898,P0022,1,328.56,19.41
OI00001555,O0000899,P0054,1,138.16,0.0
OI00001556,O0000899,P0001,1,142.57,0.0
OI00001557,O0000900,P0019,2,652.94,211.48
OI00001558,O0000901,P0020,1,665.74,0.0
OI00001559,O0000901,P0049,1,145.45,0.0
OI00001560,O0000902,P0052,1,419.12,0.0
OI00001561,O0000902,P0010,1,156.96,0.0
OI00001562,O0000903,P0003,1,83.1,0.0
OI00001563,O0000903,P0040,1,483.88,0.0
OI00001564,O0000903,P0011,1,138.87,0.0
OI00001565,O0000904,P0041,1,31.04,0.0
OI00001566,O0000904,P0036,1,192.96,0.0
OI00001567,O0000905,P0052,1,416.39,0.0
OI00001568,O0000906,P0019,1,652.53,0.0
OI00001569,O0000907,P0032,1,403.85,0.0
OI00001570,O0000907,P0035,1,282.29,0.0
OI00001571,O0000908,P0013,1,103.93,0.0
OI00001572,O0000909,P0054,1,133.98,0.0
OI00001573,O0000909,P0007,1,110.02,0.0
OI00001574,O0000909,P0058,1,51.92,0.0
OI00001575,O0000910,P0042,1,129.96,20.67
OI00001576,O0000911,P0001,2,141.11,0.0
OI00001577,O0000911,P0046,1,19.55,0.0
OI00001578,O0000911,P0056,1,384.2,0.0
OI00001579,O0000912,P0003,1,81.38,0.0
OI00001580,O0000912,P0040,1,492.16,0.0
OI00001581,O0000913,P0026,1,85.55,0.0
OI00001582,O0000913,P0017,1,150.96,0.0
OI00001583,O0000914,P0032,1,403.26,0.0
OI00001584,O0000915,P0020,1,692.77,0.0
OI00001585,O0000916,P0047,2,70.84,0.0
OI00001586,O0000916,P0007,1,107.45,0.0
OI00001587,O0000917,P0038,1,265.78,0.0
OI00001588,O0000918,P0039,1,326.97,16.32
OI00001589,O0000918,P0032,1,407.56,62.96
OI00001590,O0000919,P0054,1,133.26,0.0
OI00001591,O0000919,P0005,2,68.15,0.0
OI00001592,O0000920,P0003,1,81.3,0.0
OI00001593,O0000921,P0038,1,270.9,0.0
OI00001594,O0000922,P0048,2,94.96,0.0
OI00001595,O0000923,P0048,1,90.32,0.0
OI00001596,O0000923,P0005,1,67.53,0.0
OI00001597,O0000924,P0026,1,85.46,0.0
OI00001598,O0000925,P0057,2,162.14,0.0
OI00001599,O0000926,P0056,1,378.91,0.0
OI00001600,O0000926,P0021,1,85.04,0.0
OI00001601,O0000926,P0004,1,74.49,0.0
OI00001602,O0000926,P0027,1,641.23,0.0
OI00001603,O0000927,P0004,1,75.28,11.81
OI00001604,O0000927,P0054,1,140.75,23.44
OI00001605,O0000927,P0058,1,52.28,6.68
OI00001606,O0000927,P0009,1,111.72,9.95
OI00001607,O0000928,P0003,1,81.39,10.02
OI00001608,O0000928,P0028,1,322.45,56.42
OI00001609,O0000929,P0027,1,628.41,0.0
OI00001610,O0000929,P0038,1,275.12,0.0
OI00001611,O0000929,P0054,1,140.77,0.0
OI00001612,O0000929,P0039,1,330.08,0.0
OI00001613,O0000929,P0007,1,109.08,0.0
OI00001614,O0000930,P0043,1,45.99,6.34
OI00001615,O0000931,P0026,2,83.3,0.0
OI00001616,O0000932,P0001,2,148.85,35.36
OI00001617,O0000932,P0004,1,74.6,9.49
OI00001618,O0000932,P0023,2,124.77,21.62
OI00001619,O0000933,P0006,1,121.59,18.96
OI00001620,O0000934,P0026,1,81.73,8.82
OI00001621,O0000935,P0011,1,142.45,16.0
OI00001622,O0000935,P0020,1,694.4,116.7
OI00001623,O0000936,P0045,1,148.23,0.0
OI00001624,O0000936,P0028,1,317.68,0.0
OI00001625,O0000937,P0028,1,321.6,17.97
OI00001626,O0000938,P0001,1,147.06,0.0
OI00001627,O0000939,P0036,1,189.51,22.05
OI00001628,O0000940,P0032,1,413.89,29.01
OI00001629,O0000941,P0047,2,69.76,0.0
OI00001630,O0000942,P0024,1,781.89,0.0
OI00001631,O0000943,P0019,1,653.19,0.0
OI00001632,O0000943,P0040,1,483.62,0.0
OI00001633,O0000943,P0013,1,101.57,0.0
OI00001634,O0000944,P0046,1,19.13,0.0
OI00001635,O0000945,P0003,1,82.44,4.5
OI00001636,O0000946,P0006,1,123.39,0.0
OI00001637,O0000947,P0013,1,98.05,0.0
OI00001638,O0000947,P0049,1,140.51,0.0
OI00001639,O0000948,P0040,1,469.1,0.0
OI00001640,O0000949,P0056,2,363.55,0.0
OI00001641,O0000949,P0045,1,154.3,0.0
OI00001642,O0000949,P0003,1,82.66,0.0
OI00001643,O0000950,P0042,1,132.39,0.0
OI00001644,O0000950,P0058,1,52.42,0.0
OI00001645,O0000951,P0027,1,622.33,0.0
OI00001646,O0000952,P0059,1,62.87,0.0
OI00001647,O0000952,P0040,1,493.95,0.0
OI00001648,O0000953,P0051,3,75.41,0.0
OI00001649,O0000953,P0023,1,123.58,0.0
OI00001650,O0000954,P0036,1,189.06,0.0
OI00001651,O0000954,P0005,3,67.78,0.0
OI00001652,O0000955,P0009,1,113.45,18.55
OI00001653,O0000955,P0054,1,134.58,20.44
OI00001654,O0000956,P0014,1,136.77,0.0
OI00001655,O0000956,P0055,1,150.46,0.0
OI00001656,O0000956,P0017,1,159.12,0.0
OI00001657,O0000957,P0019,1,681.54,0.0
OI00001658,O0000958,P0034,3,425.92,64.21
OI00001659,O0000959,P0023,1,118.5,0.0
OI00001660,O0000960,P0046,2,19.66,0.0
OI00001661,O0000960,P0019,1,675.41,0.0
OI00001662,O0000961,P0009,1,110.59,5.44
OI00001663,O0000961,P0001,1,146.87,17.91
OI00001664,O0000961,P0030,2,256.83,53.93
OI00001665,O0000962,P0015,1,60.27,0.0
OI00001666,O0000962,P0033,1,438.94,0.0
OI00001667,O0000963,P0055,1,149.0,0.0
OI00001668,O0000964,P0044,1,52.81,0.0
OI00001669,O0000964,P0027,1,632.38,0.0
OI00001670,O0000965,P0057,1,166.05,8.71
OI00001671,O0000965,P0008,1,87.99,12.23
OI00001672,O0000965,P0036,1,196.95,28.29
OI00001673,O0000966,P0009,1,111.55,0.0
OI00001674,O0000967,P0001,1,146.46,8.11
OI00001675,O0000967,P0043,1,45.13,7.96
OI00001676,O0000968,P0006,1,123.88,0.0
OI00001677,O0000969,P0024,1,780.92,68.68
OI00001678,O0000970,P0008,1,86.63,0.0
OI00001679,O0000971,P0056,2,380.4,0.0
OI00001680,O0000972,P0003,2,83.82,0.0
OI00001681,O0000973,P0057,1,166.57,11.23
OI00001682,O0000973,P0009,2,114.28,25.61
OI00001683,O0000974,P0031,1,28.88,0.0
OI00001684,O0000974,P0019,1,658.51,0.0
OI00001685,O0000974,P0060,1,450.08,0.0
OI00001686,O0000974,P0049,1,142.74,0.0
OI00001687,O0000975,P0032,1,409.71,0.0
OI00001688,O0000976,P0040,2,471.07,0.0
OI00001689,O0000976,P0042,2,128.51,0.0
OI00001690,O0000977,P0018,1,359.02,0.0
OI00001691,O0000977,P0050,1,14.62,0.0
OI00001692,O0000978,P0044,1,52.59,7.5
OI00001693,O0000978,P0054,1,133.79,7.78
OI00001694,O0000979,P0015,1,61.43,0.0
OI00001695,O0000980,P0049,1,144.84,6.13
OI00001696,O0000981,P0042,1,132.57,0.0
OI00001697,O0000982,P0020,2,663.73,0.0
OI00001698,O0000982,P0022,1,342.4,0.0
OI00001699,O0000983,P0036,1,189.85,0.0
OI00001700,O0000983,P0019,2,659.39,0.0
OI00001701,O0000983,P0016,1,121.49,0.0
OI00001702,O0000983,P0057,2,157.59,0.0
OI00001703,O0000984,P0013,1,102.86,0.0
OI00001704,O0000984,P0038,1,260.27,0.0
OI00001705,O0000985,P0040,1,476.72,0.0
OI00001706,O0000986,P0023,1,123.92,0.0
OI00001707,O0000986,P0035,1,284.9,0.0
OI00001708,O0000987,P0017,1,151.55,0.0
OI00001709,O0000988,P0016,1,122.85,5.32
OI00001710,O0000988,P0002,1,83.7,6.92
OI00001711,O0000989,P0001,1,147.87,0.0
OI00001712,O0000990,P0060,1,458.09,51.03
OI00001713,O0000991,P0047,1,70.68,0.0
OI00001714,O0000991,P0058,1,51.88,0.0
OI00001715,O0000992,P0043,1,44.34,7.37
OI00001716,O0000992,P0055,1,144.0,11.09
OI00001717,O0000993,P0046,1,19.61,0.0
OI00001718,O0000994,P0036,2,189.77,0.0
OI00001719,O0000994,P0054,1,133.17,0.0
OI00001720,O0000995,P0022,2,345.35,87.85
OI00001721,O0000996,P0006,1,121.59,0.0
OI00001722,O0000996,P0039,1,330.33,0.0
OI00001723,O0000997,P0005,2,68.59,0.0
OI00001724,O0000998,P0041,1,31.27,0.0
OI00001725,O0000999,P0004,1,76.17,0.0
OI00001726,O0001000,P0032,1,405.07,0.0
OI00001727,O0001001,P0002,1,83.32,0.0
OI00001728,O0001001,P0029,1,289.73,0.0
OI00001729,O0001002,P0010,1,164.31,19.61
OI00001730,O0001003,P0039,1,321.19,21.61
OI00001731,O0001003,P0041,1,31.49,4.82
OI00001732,O0001003,P0035,2,288.07,84.53
OI00001733,O0001004,P0001,1,143.59,12.04
OI00001734,O0001004,P0021,1,84.81,5.44
OI00001735,O0001004,P0043,1,45.6,6.09
OI00001736,O0001005,P0042,1,131.75,21.14
OI00001737,O0001005,P0027,2,645.51,160.34
OI00001738,O0001006,P0029,1,290.89,0.0
OI00001739,O0001006,P0019,2,668.7,0.0
OI00001740,O0001006,P0055,1,143.26,0.0
OI00001741,O0001007,P0050,2,14.21,0.0
OI00001742,O0001007,P0015,1,61.88,0.0
OI00001743,O0001007,P0056,1,363.6,0.0
OI00001744,O0001007,P0034,1,415.09,0.0
OI00001745,O0001008,P0054,1,139.16,0.0
OI00001746,O0001008,P0006,1,127.59,0.0
OI00001747,O0001008,P0045,1,149.6,0.0
OI00001748,O0001009,P0052,1,413.72,56.59
OI00001749,O0001009,P0009,1,113.31,20.05
OI00001750,O0001010,P0043,1,46.79,6.64
OI00001751,O0001011,P0059,1,63.58,0.0
OI00001752,O0001012,P0043,1,46.52,0.0
OI00001753,O0001013,P0032,1,418.67,0.0
OI00001754,O0001014,P0038,1,266.96,0.0
OI00001755,O0001015,P0035,1,289.05,0.0
OI00001756,O0001015,P0044,1,55.2,0.0
OI00001757,O0001016,P0035,1,288.07,0.0
OI00001758,O0001016,P0033,1,443.3,0.0
OI00001759,O0001017,P0020,1,660.73,0.0
OI00001760,O0001018,P0054,1,133.6,0.0
OI00001761,O0001019,P0052,1,400.12,0.0
OI00001762,O0001019,P0024,1,793.42,0.0
OI00001763,O0001019,P0036,1,193.15,0.0
OI00001764,O0001020,P0015,1,61.1,0.0
OI00001765,O0001021,P0042,1,130.51,0.0
OI00001766,O0001022,P0001,1,144.62,0.0
OI00001767,O0001023,P0038,1,260.46,0.0
OI00001768,O0001024,P0002,1,80.27,10.71
OI00001769,O0001024,P0048,1,91.66,6.16
OI00001770,O0001025,P0042,2,133.82,0.0
OI00001771,O0001026,P0057,1,159.98,0.0
OI00001772,O0001027,P0024,1,776.99,0.0
OI00001773,O0001028,P0013,2,99.82,13.44
OI00001774,O0001029,P0005,2,68.11,0.0
OI00001775,O0001029,P0037,1,65.18,0.0
OI00001776,O0001029,P0056,1,372.43,0.0
OI00001777,O0001029,P0020,1,681.61,0.0
OI00001778,O0001030,P0047,1,69.45,4.37
OI00001779,O0001031,P0024,2,770.64,0.0
OI00001780,O0001031,P0060,1,450.92,0.0
OI00001781,O0001031,P0020,1,669.07,0.0
OI00001782,O0001032,P0003,2,81.42,24.56
OI00001783,O0001033,P0039,1,326.26,25.67
OI00001784,O0001033,P0019,1,690.94,39.42
OI00001785,O0001034,P0014,1,130.77,0.0
OI00001786,O0001034,P0036,1,191.01,0.0
OI00001787,O0001034,P0045,1,151.93,0.0
OI00001788,O0001034,P0049,3,140.2,0.0
OI00001789,O0001034,P0035,2,281.04,0.0
OI00001790,O0001035,P0033,1,427.71,0.0
OI00001791,O0001035,P0054,1,137.1,0.0
OI00001792,O0001036,P0006,1,122.28,0.0
OI00001793,O0001037,P0047,1,68.17,0.0
OI00001794,O0001038,P0048,1,91.75,7.45
OI00001795,O0001038,P0020,1,678.93,78.59
OI00001796,O0001039,P0016,1,127.38,12.51
OI00001797,O0001039,P0040,1,489.2,40.16
OI00001798,O0001039,P0054,1,136.57,22.25
OI00001799,O0001039,P0035,1,292.41,51.7
OI00001800,O0001040,P0038,1,273.19,23.99
OI00001801,O0001041,P0057,1,165.84,7.28
OI00001802,O0001041,P0042,1,133.93,19.83
OI00001803,O0001041,P0060,1,441.15,76.52
OI00001804,O0001042,P0029,1,297.12,34.54
OI00001805,O0001043,P0003,1,81.51,0.0
OI00001806,O0001044,P0016,1,124.06,0.0
OI00001807,O0001044,P0051,1,73.88,0.0
OI00001808,O0001045,P0033,1,438.33,67.42
OI00001809,O0001045,P0014,1,133.91,18.99
OI00001810,O0001046,P0035,1,283.37,0.0
OI00001811,O0001047,P0003,1,82.58,0.0
OI00001812,O0001048,P0011,1,141.78,0.0
OI00001813,O0001048,P0015,1,62.85,0.0
OI00001814,O0001049,P0007,1,113.04,0.0
OI00001815,O0001049,P0043,1,46.79,0.0
OI00001816,O0001050,P0016,1,122.96,0.0
OI00001817,O0001051,P0008,1,86.98,0.0
OI00001818,O0001051,P0023,2,123.79,0.0
OI00001819,O0001052,P0040,1,476.5,84.16
OI00001820,O0001052,P0055,1,148.05,9.97
OI00001821,O0001052,P0058,1,52.16,2.23
OI00001822,O0001053,P0006,1,125.29,0.0
OI00001823,O0001053,P0049,1,143.05,0.0
OI00001824,O0001053,P0060,1,440.89,0.0
OI00001825,O0001054,P0029,1,286.4,0.0
OI00001826,O0001054,P0004,1,74.5,0.0
OI00001827,O0001055,P0011,2,138.04,0.0
OI00001828,O0001055,P0054,1,138.92,0.0
OI00001829,O0001056,P0021,1,82.11,14.42
OI00001830,O0001056,P0010,1,163.82,7.45
OI00001831,O0001057,P0052,1,415.3,0.0
OI00001832,O0001057,P0059,1,62.26,0.0
OI00001833,O0001057,P0041,1,31.83,0.0
OI00001834,O0001057,P0033,1,438.76,0.0
OI00001835,O0001057,P0017,1,152.26,0.0
OI00001836,O0001058,P0049,2,138.94,45.18
OI00001837,O0001058,P0038,1,266.62,12.73
OI00001838,O0001058,P0051,1,75.62,3.68
OI00001839,O0001059,P0031,2,28.15,0.0
OI00001840,O0001059,P0006,1,126.43,0.0
OI00001841,O0001060,P0023,1,122.62,0.0
OI00001842,O0001060,P0006,2,126.01,0.0
OI00001843,O0001060,P0046,1,19.52,0.0
OI00001844,O0001061,P0001,1,148.06,0.0
OI00001845,O0001062,P0040,1,468.41,0.0
OI00001846,O0001063,P0020,1,669.88,0.0
OI00001847,O0001064,P0018,1,370.6,0.0
OI00001848,O0001065,P0042,1,130.07,0.0
OI00001849,O0001065,P0026,1,83.9,0.0
OI00001850,O0001065,P0045,1,151.01,0.0
OI00001851,O0001066,P0024,1,782.79,0.0
OI00001852,O0001067,P0034,1,424.33,0.0
OI00001853,O0001067,P0060,2,459.58,0.0
OI00001854,O0001067,P0039,1,326.14,0.0
OI00001855,O0001068,P0059,1,60.75,10.17
OI00001856,O0001068,P0016,1,121.76,12.28
OI00001857,O0001068,P0047,1,69.77,4.03
OI00001858,O0001069,P0023,2,123.06,14.28
OI00001859,O0001069,P0048,1,90.46,15.03
OI00001860,O0001069,P0005,1,65.61,3.53
OI00001861,O0001070,P0030,1,256.04,0.0
OI00001862,O0001070,P0032,1,417.69,0.0
OI00001863,O0001071,P0041,1,30.82,2.12
OI00001864,O0001071,P0056,2,370.96,103.16
OI00001865,O0001072,P0038,1,266.19,36.38
OI00001866,O0001072,P0013,2,103.79,14.85
OI00001867,O0001073,P0002,1,80.32,10.07
OI00001868,O0001074,P0019,1,685.64,68.54
OI00001869,O0001074,P0004,1,75.94,7.74
OI00001870,O0001074,P0046,1,18.78,3.3
OI00001871,O0001074,P0056,1,380.53,46.57
OI00001872,O0001075,P0054,1,134.81,0.0
OI00001873,O0001075,P0026,1,82.16,0.0
OI00001874,O0001076,P0054,2,139.11,0.0
OI00001875,O0001077,P0051,1,73.79,0.0
OI00001876,O0001078,P0003,1,82.91,0.0
OI00001877,O0001079,P0029,1,297.62,0.0
OI00001878,O0001080,P0038,1,265.87,0.0
OI00001879,O0001081,P0013,1,102.91,0.0
OI00001880,O0001081,P0036,2,196.98,0.0
OI00001881,O0001081,P0015,1,60.29,0.0
OI00001882,O0001081,P0057,1,161.24,0.0
OI00001883,O0001082,P0032,1,407.03,51.11
OI00001884,O0001082,P0006,1,127.55,20.93
OI00001885,O0001083,P0050,1,14.64,0.0
OI00001886,O0001084,P0006,2,121.96,0.0
OI00001887,O0001084,P0056,1,377.71,0.0
OI00001888,O0001084,P0051,1,75.08,0.0
OI00001889,O0001085,P0022,1,344.9,0.0
OI00001890,O0001085,P0028,1,309.6,0.0
OI00001891,O0001086,P0032,2,403.29,64.46
OI00001892,O0001086,P0014,1,135.43,7.28
OI00001893,O0001087,P0023,1,119.64,0.0
OI00001894,O0001087,P0060,1,439.81,0.0
OI00001895,O0001088,P0046,1,18.69,0.0
OI00001896,O0001088,P0022,1,339.39,0.0
OI00001897,O0001089,P0029,2,296.39,0.0
OI00001898,O0001090,P0023,1,121.87,0.0
OI00001899,O0001090,P0032,1,398.18,0.0
OI00001900,O0001090,P0016,1,124.83,0.0
OI00001901,O0001091,P0006,2,123.65,19.39
OI00001902,O0001091,P0032,1,398.17,43.41
OI00001903,O0001091,P0038,1,261.93,46.3
OI00001904,O0001092,P0016,1,127.06,0.0
OI00001905,O0001092,P0033,1,424.91,0.0
OI00001906,O0001093,P0020,2,696.05,0.0
OI00001907,O0001093,P0024,1,808.94,0.0
OI00001908,O0001094,P0038,1,275.76,28.03
OI00001909,O0001095,P0057,1,162.67,0.0
OI00001910,O0001096,P0040,1,475.03,72.1
OI00001911,O0001097,P0023,1,121.22,13.23
OI00001912,O0001097,P0002,1,83.78,8.72
OI00001913,O0001097,P0006,1,125.53,14.75
OI00001914,O0001098,P0020,1,674.82,0.0
OI00001915,O0001099,P0020,1,663.93,56.34
OI00001916,O0001100,P0035,1,286.58,0.0
OI00001917,O0001101,P0028,2,323.44,26.92
OI00001918,O0001101,P0011,1,141.85,10.14
OI00001919,O0001101,P0005,1,68.54,8.77
OI00001920,O0001102,P0003,1,83.58,9.15
OI00001921,O0001102,P0060,1,448.87,63.56
OI00001922,O0001102,P0049,1,145.73,7.37
OI00001923,O0001103,P0050,2,14.31,1.93
OI00001924,O0001103,P0049,1,141.51,15.06
OI00001925,O0001103,P0041,1,30.3,3.5
OI00001926,O0001104,P0043,2,45.89,14.92
OI00001927,O0001105,P0055,1,147.21,0.0
OI00001928,O0001106,P0019,1,666.59,36.86
OI00001929,O0001107,P0028,2,314.29,0.0
OI00001930,O0001108,P0001,1,145.13,0.0
OI00001931,O0001108,P0016,1,123.7,0.0
OI00001932,O0001108,P0006,1,125.81,0.0
OI00001933,O0001109,P0057,2,159.78,23.81
OI00001934,O0001109,P0041,1,30.38,2.86
OI00001935,O0001110,P0040,1,476.94,0.0
OI00001936,O0001111,P0009,1,113.77,17.85
OI00001937,O0001112,P0017,2,156.36,0.0
OI00001938,O0001112,P0041,1,31.48,0.0
OI00001939,O0001113,P0004,1,76.7,13.15
OI00001940,O0001114,P0023,1,118.74,0.0
OI00001941,O0001115,P0040,1,482.26,0.0
OI00001942,O0001116,P0023,1,123.34,8.31
OI00001943,O0001117,P0024,1,798.25,0.0
OI00001944,O0001117,P0016,1,122.5,0.0
OI00001945,O0001117,P0020,1,672.02,0.0
OI00001946,O0001118,P0012,1,29.51,2.79
OI00001947,O0001118,P0045,1,151.56,18.61
OI00001948,O0001119,P0005,1,65.88,10.45
OI00001949,O0001120,P0039,1,327.46,0.0
OI00001950,O0001120,P0047,1,70.56,0.0
OI00001951,O0001120,P0005,1,65.22,0.0
OI00001952,O0001121,P0039,1,324.13,0.0
OI00001953,O0001122,P0013,1,98.15,7.93
OI00001954,O0001123,P0028,1,315.44,0.0
OI00001955,O0001123,P0050,1,14.1,0.0
OI00001956,O0001124,P0035,2,278.9,51.43
OI00001957,O0001125,P0035,2,280.09,0.0
OI00001958,O0001125,P0016,2,125.43,0.0
OI00001959,O0001126,P0006,1,125.63,17.62
OI00001960,O0001126,P0038,2,274.37,55.6
OI00001961,O0001126,P0055,1,150.18,15.1
OI00001962,O0001126,P0027,1,621.61,65.51
OI00001963,O0001127,P0011,1,143.94,0.0
OI00001964,O0001128,P0039,1,329.89,0.0
OI00001965,O0001129,P0054,2,135.08,0.0
OI00001966,O0001130,P0009,1,111.43,0.0
OI00001967,O0001130,P0058,1,52.32,0.0
OI00001968,O0001130,P0019,1,685.99,0.0
OI00001969,O0001131,P0014,1,133.25,0.0
OI00001970,O0001132,P0052,1,404.45,21.35
OI00001971,O0001133,P0019,1,677.07,68.25
OI00001972,O0001134,P0057,1,165.58,0.0
OI00001973,O0001135,P0047,1,71.76,0.0
OI00001974,O0001135,P0039,1,312.69,0.0
OI00001975,O0001135,P0009,1,110.2,0.0
OI00001976,O0001135,P0042,1,131.1,0.0
OI00001977,O0001136,P0030,2,251.66,51.58
OI00001978,O0001137,P0011,1,140.76,18.23
OI00001979,O0001137,P0014,1,134.7,22.01
OI00001980,O0001137,P0041,2,31.45,5.0
OI00001981,O0001137,P0057,1,157.95,16.48
OI00001982,O0001138,P0028,2,309.85,0.0
OI00001983,O0001138,P0026,2,82.0,0.0
OI00001984,O0001139,P0059,1,60.66,0.0
OI00001985,O0001139,P0054,2,140.1,0.0
OI00001986,O0001140,P0014,2,138.71,0.0
OI00001987,O0001141,P0003,1,83.84,0.0
OI00001988,O0001142,P0021,2,85.27,0.0
OI00001989,O0001142,P0022,1,340.35,0.0
OI00001990,O0001143,P0045,1,150.72,23.4
OI00001991,O0001143,P0038,2,271.83,74.52
OI00001992,O0001144,P0017,3,152.02,45.29
OI00001993,O0001144,P0018,1,372.78,39.59
OI00001994,O0001144,P0045,1,152.45,14.6
OI00001995,O0001145,P0021,1,82.15,0.0
OI00001996,O0001146,P0011,1,137.43,17.28
OI00001997,O0001146,P0009,2,108.03,16.78
OI00001998,O0001146,P0029,1,287.7,11.85
OI00001999,O0001147,P0020,1,663.77,0.0
OI00002000,O0001147,P0036,2,186.69,0.0
OI00002001,O0001148,P0038,1,274.77,0.0
OI00002002,O0001148,P0054,1,138.17,0.0
OI00002003,O0001149,P0020,1,663.39,0.0
OI00002004,O0001150,P0059,1,60.81,3.7
OI00002005,O0001151,P0039,1,322.6,0.0
OI00002006,O0001152,P0011,1,143.44,10.66
OI00002007,O0001152,P0024,1,812.43,60.95
OI00002008,O0001152,P0046,1,19.5,3.08
OI00002009,O0001153,P0020,2,671.93,0.0
OI00002010,O0001153,P0016,1,126.19,0.0
OI00002011,O0001154,P0038,1,272.1,12.54
OI00002012,O0001155,P0007,1,112.31,0.0
OI00002013,O0001156,P0006,1,124.5,12.35
OI00002014,O0001157,P0031,1,27.96,0.0
OI00002015,O0001157,P0052,2,414.76,0.0
OI00002016,O0001158,P0001,1,149.41,9.26
OI00002017,O0001158,P0036,1,189.56,24.65
OI00002018,O0001159,P0046,1,18.64,0.0
OI00002019,O0001160,P0020,1,695.4,0.0
OI00002020,O0001160,P0033,1,441.84,0.0
OI00002021,O0001160,P0017,1,154.35,0.0
OI00002022,O0001161,P0052,1,412.38,0.0
OI00002023,O0001161,P0042,1,128.09,0.0
OI00002024,O0001161,P0032,1,402.4,0.0
OI00002025,O0001162,P0006,1,121.46,13.03
OI00002026,O0001162,P0007,2,113.45,21.42
OI00002027,O0001163,P0028,1,317.24,0.0
OI00002028,O0001164,P0005,1,66.04,0.0
OI00002029,O0001165,P0028,1,322.9,0.0
OI00002030,O0001166,P0022,1,339.83,0.0
OI00002031,O0001167,P0043,1,45.69,0.0
OI00002032,O0001168,P0024,1,771.67,47.09
OI00002033,O0001169,P0013,1,101.97,0.0
OI00002034,O0001169,P0024,1,807.67,0.0
OI00002035,O0001170,P0024,1,811.07,53.3
OI00002036,O0001171,P0021,2,83.92,17.86
OI00002037,O0001171,P0002,1,81.07,12.01
OI00002038,O0001172,P0038,1,265.18,0.0
OI00002039,O0001172,P0019,2,682.38,0.0
OI00002040,O0001173,P0026,1,84.86,0.0
OI00002041,O0001174,P0028,1,320.16,0.0
OI00002042,O0001174,P0035,1,280.03,0.0
OI00002043,O0001174,P0032,1,413.37,0.0
OI00002044,O0001175,P0038,1,269.12,0.0
OI00002045,O0001175,P0034,1,423.65,0.0
OI00002046,O0001176,P0054,1,140.03,0.0
OI00002047,O0001177,P0017,1,153.17,0.0
OI00002048,O0001178,P0046,1,19.58,0.0
OI00002049,O0001178,P0038,2,270.38,0.0
OI00002050,O0001179,P0059,1,63.45,0.0
OI00002051,O0001180,P0023,1,121.36,11.09
OI00002052,O0001180,P0020,1,682.87,42.34
OI00002053,O0001181,P0020,1,679.28,0.0
OI00002054,O0001182,P0038,1,265.78,0.0
OI00002055,O0001182,P0046,1,18.92,0.0
OI00002056,O0001183,P0036,1,189.35,0.0
OI00002057,O0001183,P0024,1,802.36,0.0
OI00002058,O0001183,P0041,1,30.77,0.0
OI00002059,O0001184,P0020,1,672.62,40.74
OI00002060,O0001185,P0052,1,406.57,69.42
OI00002061,O0001185,P0003,1,79.21,7.19
OI00002062,O0001185,P0045,1,151.35,25.56
OI00002063,O0001186,P0021,1,81.79,0.0
OI00002064,O0001187,P0044,2,54.35,0.0
OI00002065,O0001187,P0024,1,794.51,0.0
OI00002066,O0001187,P0060,1,460.58,0.0
OI00002067,O0001188,P0045,2,151.62,0.0
OI00002068,O0001189,P0043,2,44.84,0.0
OI00002069,O0001189,P0032,1,405.03,0.0
OI00002070,O0001190,P0003,1,80.08,0.0
OI00002071,O0001191,P0045,2,152.56,0.0
OI00002072,O0001192,P0039,1,315.19,0.0
OI00002073,O0001192,P0019,1,689.53,0.0
OI00002074,O0001193,P0003,1,80.99,0.0
OI00002075,O0001193,P0042,1,132.75,0.0
OI00002076,O0001194,P0003,3,79.81,0.0
OI00002077,O0001194,P0042,2,131.13,0.0
OI00002078,O0001195,P0038,1,272.0,18.57
OI00002079,O0001196,P0054,2,138.58,0.0
OI00002080,O0001196,P0041,2,31.26,0.0
OI00002081,O0001197,P0044,1,52.6,0.0
OI00002082,O0001197,P0016,1,125.46,0.0
OI00002083,O0001198,P0045,1,148.31,0.0
OI00002084,O0001198,P0010,1,161.51,0.0
OI00002085,O0001198,P0059,1,62.3,0.0
OI00002086,O0001199,P0042,1,127.72,22.27
OI00002087,O0001200,P0016,1,125.27,0.0
OI00002088,O0001201,P0055,1,149.01,0.0
OI00002089,O0001202,P0043,1,46.18,3.87
OI00002090,O0001202,P0057,2,166.48,42.79
OI00002091,O0001203,P0024,1,771.02,0.0
OI00002092,O0001204,P0060,1,443.35,75.95
OI00002093,O0001204,P0057,1,159.46,18.29
OI00002094,O0001204,P0022,1,335.36,53.22
OI00002095,O0001205,P0036,1,188.39,0.0
OI00002096,O0001206,P0050,1,14.29,0.0
OI00002097,O0001206,P0032,1,411.47,0.0
OI00002098,O0001206,P0038,2,265.67,0.0
OI00002099,O0001207,P0050,1,14.2,1.14
OI00002100,O0001207,P0047,1,68.64,4.05
OI00002101,O0001207,P0039,2,317.83,68.0
OI00002102,O0001208,P0041,2,30.54,0.0
OI00002103,O0001208,P0049,1,145.59,0.0
OI00002104,O0001209,P0020,1,677.97,0.0
OI00002105,O0001209,P0005,2,68.78,0.0
OI00002106,O0001209,P0016,1,122.63,0.0
OI00002107,O0001210,P0055,1,150.81,6.89
OI00002108,O0001210,P0042,2,134.2,20.22
OI00002109,O0001210,P0051,1,74.7,8.47
OI00002110,O0001210,P0045,1,151.6,13.28
OI00002111,O0001211,P0016,1,121.75,0.0
OI00002112,O0001212,P0024,1,773.87,0.0
OI00002113,O0001213,P0052,2,409.51,0.0
OI00002114,O0001213,P0016,2,120.25,0.0
OI00002115,O0001214,P0056,1,384.36,0.0
OI00002116,O0001214,P0002,1,78.96,0.0
OI00002117,O0001214,P0045,1,154.2,0.0
OI00002118,O0001215,P0038,1,272.23,24.3
OI00002119,O0001216,P0057,1,158.83,0.0
OI00002120,O0001217,P0045,1,145.45,20.09
OI00002121,O0001217,P0014,1,133.35,19.0
OI00002122,O0001218,P0055,1,149.13,0.0
OI00002123,O0001219,P0030,1,247.21,24.26
OI00002124,O0001219,P0005,1,65.34,7.82
OI00002125,O0001220,P0039,1,312.4,0.0
OI00002126,O0001221,P0014,1,133.66,0.0
OI00002127,O0001221,P0038,1,269.95,0.0
OI00002128,O0001222,P0005,1,65.61,0.0
OI00002129,O0001223,P0001,1,148.16,0.0
OI00002130,O0001223,P0020,1,670.5,0.0
OI00002131,O0001224,P0044,1,53.25,0.0
OI00002132,O0001224,P0026,1,84.27,0.0
OI00002133,O0001225,P0058,1,50.92,7.84
OI00002134,O0001225,P0014,2,136.35,37.12
OI00002135,O0001225,P0044,1,52.55,2.32
OI00002136,O0001226,P0041,1,31.49,5.37
OI00002137,O0001226,P0027,1,620.65,89.04
OI00002138,O0001226,P0040,1,482.55,26.17
OI00002139,O0001226,P0043,1,44.94,2.84
OI00002140,O0001227,P0023,1,121.91,0.0
OI00002141,O0001227,P0013,1,101.35,0.0
OI00002142,O0001227,P0010,1,157.25,0.0
OI00002143,O0001228,P0038,1,260.42,0.0
OI00002144,O0001228,P0004,1,77.67,0.0
OI00002145,O0001229,P0030,1,252.62,32.77
OI00002146,O0001230,P0060,1,444.16,22.64
OI00002147,O0001230,P0027,1,629.17,59.24
OI00002148,O0001230,P0029,1,283.72,15.39
OI00002149,O0001231,P0031,2,28.52,3.63
OI00002150,O0001231,P0038,1,269.7,22.73
OI00002151,O0001232,P0045,1,146.47,0.0
OI00002152,O0001233,P0056,2,374.9,38.69
OI00002153,O0001234,P0041,2,30.57,0.0
OI00002154,O0001234,P0006,1,125.65,0.0
OI00002155,O0001234,P0043,2,45.98,0.0
OI00002156,O0001235,P0049,2,141.08,0.0
OI00002157,O0001235,P0021,2,84.5,0.0
OI00002158,O0001235,P0046,1,19.14,0.0
OI00002159,O0001236,P0057,1,160.17,0.0
OI00002160,O0001236,P0023,2,124.32,0.0
OI00002161,O0001237,P0019,1,668.89,97.31
OI00002162,O0001238,P0056,1,367.14,0.0
OI00002163,O0001239,P0006,1,121.71,10.36
OI00002164,O0001240,P0039,1,317.04,0.0
OI00002165,O0001240,P0005,2,66.74,0.0
OI00002166,O0001240,P0006,2,121.21,0.0
OI00002167,O0001241,P0022,1,330.27,38.21
OI00002168,O0001242,P0046,1,19.03,0.0
OI00002169,O0001243,P0045,1,154.13,0.0
OI00002170,O0001243,P0003,2,83.79,0.0
OI00002171,O0001244,P0019,1,673.73,0.0
OI00002172,O0001244,P0024,1,800.33,0.0
OI00002173,O0001245,P0042,1,132.54,0.0
OI00002174,O0001246,P0021,2,80.61,0.0
OI00002175,O0001247,P0003,2,79.2,0.0
OI00002176,O0001247,P0019,1,652.82,0.0
OI00002177,O0001248,P0052,1,404.43,71.38
OI00002178,O0001248,P0003,1,82.14,6.75
OI00002179,O0001249,P0049,1,143.34,0.0
OI00002180,O0001249,P0025,2,607.86,0.0
OI00002181,O0001250,P0029,2,288.41,0.0
OI00002182,O0001250,P0045,1,153.64,0.0
OI00002183,O0001251,P0054,1,138.69,0.0
OI00002184,O0001251,P0008,1,86.38,0.0
OI00002185,O0001251,P0032,1,402.79,0.0
OI00002186,O0001252,P0050,1,14.31,0.0
OI00002187,O0001253,P0016,1,120.82,0.0
OI00002188,O0001254,P0055,1,144.15,0.0
OI00002189,O0001255,P0057,1,158.07,25.1
OI00002190,O0001256,P0039,1,314.02,18.02
OI00002191,O0001256,P0042,1,130.73,8.72
OI00002192,O0001256,P0001,1,141.18,14.03
OI00002193,O0001257,P0049,1,142.26,0.0
OI00002194,O0001258,P0027,1,646.91,50.0
OI00002195,O0001258,P0033,1,435.93,34.27
OI00002196,O0001259,P0057,1,165.47,0.0
OI00002197,O0001259,P0033,1,422.11,0.0
OI00002198,O0001259,P0001,1,142.27,0.0
OI00002199,O0001259,P0038,1,261.25,0.0
OI00002200,O0001260,P0011,2,138.3,0.0
OI00002201,O0001260,P0055,1,143.45,0.0
OI00002202,O0001261,P0033,1,423.94,0.0
OI00002203,O0001261,P0049,2,139.26,0.0
OI00002204,O0001262,P0005,1,66.41,0.0
OI00002205,O0001262,P0056,1,363.4,0.0
OI00002206,O0001263,P0008,1,88.05,0.0
OI00002207,O0001263,P0024,1,800.06,0.0
OI00002208,O0001263,P0038,1,266.18,0.0
OI00002209,O0001264,P0033,1,438.73,55.91
OI00002210,O0001264,P0037,1,66.68,5.17
OI00002211,O0001265,P0052,1,420.94,0.0
OI00002212,O0001266,P0029,1,291.36,0.0
OI00002213,O0001266,P0055,1,144.46,0.0
OI00002214,O0001266,P0034,1,420.56,0.0
OI00002215,O0001266,P0030,1,260.43,0.0
OI00002216,O0001267,P0043,1,45.6,0.0
OI00002217,O0001268,P0002,1,82.64,0.0
OI00002218,O0001269,P0050,1,14.5,0.0
OI00002219,O0001270,P0005,1,65.62,0.0
OI00002220,O0001270,P0040,1,480.26,0.0
OI00002221,O0001271,P0038,1,262.3,26.55
OI00002222,O0001271,P0053,1,536.62,91.18
OI00002223,O0001271,P0017,1,150.63,18.68
OI00002224,O0001272,P0025,2,633.41,0.0
OI00002225,O0001272,P0024,2,779.61,0.0
OI00002226,O0001273,P0012,1,29.63,0.0
OI00002227,O0001273,P0041,1,31.21,0.0
OI00002228,O0001274,P0036,1,195.25,20.36
OI00002229,O0001274,P0004,1,76.93,10.1
OI00002230,O0001275,P0024,1,801.21,0.0
OI00002231,O0001276,P0035,1,281.5,12.84
OI00002232,O0001277,P0021,1,84.38,0.0
OI00002233,O0001277,P0058,1,51.63,0.0
OI00002234,O0001277,P0049,1,141.26,0.0
OI00002235,O0001277,P0009,1,112.18,0.0
OI00002236,O0001278,P0043,1,46.37,0.0
OI00002237,O0001278,P0060,1,434.08,0.0
OI00002238,O0001279,P0020,1,685.25,102.61
OI00002239,O0001280,P0043,2,45.09,0.0
OI00002240,O0001281,P0045,1,146.53,0.0
OI00002241,O0001281,P0010,1,160.92,0.0
OI00002242,O0001282,P0045,1,146.36,0.0
OI00002243,O0001282,P0060,1,446.82,0.0
OI00002244,O0001283,P0022,2,337.55,0.0
OI00002245,O0001284,P0056,1,372.8,0.0
OI00002246,O0001284,P0049,2,139.03,0.0
OI00002247,O0001285,P0032,1,407.87,0.0
OI00002248,O0001286,P0049,2,140.15,0.0
OI00002249,O0001287,P0035,1,291.31,44.78
OI00002250,O0001287,P0027,1,632.91,71.82
OI00002251,O0001287,P0009,1,110.44,5.79
OI00002252,O0001288,P0022,1,338.85,0.0
OI00002253,O0001289,P0005,1,65.69,6.14
OI00002254,O0001290,P0040,1,474.59,0.0
OI00002255,O0001290,P0060,1,453.35,0.0
OI00002256,O0001291,P0003,1,82.35,10.82
OI00002257,O0001291,P0038,1,274.05,20.25
OI00002258,O0001291,P0048,1,93.41,14.4
OI00002259,O0001292,P0003,2,83.78,0.0
OI00002260,O0001293,P0045,1,151.11,0.0
OI00002261,O0001294,P0045,1,152.93,25.87
OI00002262,O0001294,P0008,1,89.83,11.11
OI00002263,O0001295,P0043,1,44.58,0.0
OI00002264,O0001295,P0024,1,774.14,0.0
OI00002265,O0001295,P0002,2,82.37,0.0
OI00002266,O0001296,P0049,1,144.47,0.0
OI00002267,O0001296,P0043,1,46.07,0.0
OI00002268,O0001297,P0019,1,658.22,0.0
OI00002269,O0001297,P0034,1,417.27,0.0
OI00002270,O0001297,P0010,1,160.31,0.0
OI00002271,O0001298,P0036,1,189.95,0.0
OI00002272,O0001299,P0008,1,85.71,0.0
OI00002273,O0001300,P0002,1,83.32,0.0
OI00002274,O0001300,P0038,1,275.66,0.0
OI00002275,O0001301,P0045,2,149.03,0.0
OI00002276,O0001301,P0039,1,325.73,0.0
OI00002277,O0001301,P0029,1,288.81,0.0
OI00002278,O0001301,P0015,1,60.5,0.0
OI00002279,O0001302,P0001,1,146.51,0.0
OI00002280,O0001302,P0038,2,260.34,0.0
OI00002281,O0001302,P0012,1,28.46,0.0
OI00002282,O0001303,P0045,2,152.12,16.27
OI00002283,O0001303,P0013,1,100.0,17.37
OI00002284,O0001303,P0058,1,52.22,3.84
OI00002285,O0001304,P0005,1,65.29,0.0
OI00002286,O0001305,P0014,1,137.4,21.06
OI00002287,O0001306,P0038,1,268.65,0.0
OI00002288,O0001306,P0023,1,119.6,0.0
OI00002289,O0001307,P0002,1,79.84,0.0
OI00002290,O0001308,P0011,1,139.34,0.0
OI00002291,O0001308,P0006,1,124.78,0.0
OI00002292,O0001308,P0055,1,143.98,0.0
OI00002293,O0001309,P0003,1,83.21,0.0
OI00002294,O0001310,P0024,1,795.95,111.5
OI00002295,O0001311,P0052,2,420.0,80.02
OI00002296,O0001312,P0009,1,110.22,0.0
OI00002297,O0001313,P0057,1,162.23,0.0
OI00002298,O0001313,P0016,1,125.05,0.0
OI00002299,O0001314,P0059,1,60.23,6.28
OI00002300,O0001315,P0002,1,82.23,0.0
OI00002301,O0001316,P0059,1,61.01,0.0
OI00002302,O0001316,P0040,1,486.95,0.0
OI00002303,O0001316,P0019,1,656.4,0.0
OI00002304,O0001317,P0059,1,62.07,0.0
OI00002305,O0001317,P0011,1,139.18,0.0
OI00002306,O0001317,P0033,1,433.14,0.0
OI00002307,O0001318,P0043,1,46.15,0.0
OI00002308,O0001318,P0019,1,652.74,0.0
OI00002309,O0001319,P0026,1,82.17,0.0
OI00002310,O0001319,P0054,1,140.03,0.0
OI00002311,O0001320,P0023,1,121.51,0.0
OI00002312,O0001321,P0008,1,86.95,10.77
OI00002313,O0001321,P0057,2,157.8,35.72
OI00002314,O0001321,P0043,1,46.84,3.15
OI00002315,O0001322,P0009,1,113.35,0.0
OI00002316,O0001323,P0001,1,149.53,0.0
OI00002317,O0001323,P0020,1,696.27,0.0
OI00002318,O0001324,P0055,1,148.56,0.0
OI00002319,O0001325,P0016,1,125.03,0.0
OI00002320,O0001325,P0045,1,146.35,0.0
OI00002321,O0001326,P0038,1,260.34,21.12
OI00002322,O0001327,P0028,1,317.48,0.0
OI00002323,O0001328,P0029,2,293.82,0.0
OI00002324,O0001328,P0003,2,83.62,0.0
OI00002325,O0001328,P0026,1,83.88,0.0
OI00002326,O0001328,P0006,1,123.82,0.0
OI00002327,O0001329,P0027,1,633.33,0.0
OI00002328,O0001329,P0005,1,65.45,0.0
OI00002329,O0001330,P0049,1,145.33,24.46
OI00002330,O0001331,P0038,2,273.6,0.0
OI00002331,O0001331,P0026,1,85.32,0.0
OI00002332,O0001332,P0043,1,47.01,0.0
OI00002333,O0001332,P0045,2,146.39,0.0
OI00002334,O0001333,P0055,1,145.72,0.0
OI00002335,O0001333,P0005,1,67.77,0.0
OI00002336,O0001334,P0037,2,63.52,0.0
OI00002337,O0001334,P0009,1,111.1,0.0
OI00002338,O0001334,P0045,1,146.5,0.0
OI00002339,O0001335,P0001,1,144.11,0.0
OI00002340,O0001335,P0021,1,81.37,0.0
OI00002341,O0001336,P0030,1,247.87,0.0
OI00002342,O0001336,P0001,1,146.5,0.0
OI00002343,O0001337,P0040,1,469.74,48.59
OI00002344,O0001337,P0030,2,249.22,86.48
OI00002345,O0001337,P0007,1,110.44,5.61
OI00002346,O0001337,P0054,1,135.86,16.86
OI00002347,O0001338,P0050,1,14.38,0.0
OI00002348,O0001338,P0002,1,80.23,0.0
OI00002349,O0001339,P0060,1,442.61,65.17
OI00002350,O0001339,P0056,1,371.16,30.02
OI00002351,O0001339,P0024,1,767.47,121.35
OI00002352,O0001339,P0049,1,146.1,14.12
OI00002353,O0001340,P0057,1,165.42,7.43
OI00002354,O0001340,P0011,1,143.75,22.82
OI00002355,O0001341,P0033,1,424.68,73.14
OI00002356,O0001342,P0013,1,100.31,0.0
OI00002357,O0001343,P0030,1,249.14,0.0
OI00002358,O0001344,P0020,1,675.39,63.35
OI00002359,O0001345,P0039,3,313.86,0.0
OI00002360,O0001346,P0003,1,80.9,6.16
OI00002361,O0001347,P0049,1,146.38,0.0
OI00002362,O0001348,P0047,1,69.78,0.0
OI00002363,O0001348,P0040,1,485.09,0.0
OI00002364,O0001348,P0032,1,401.54,0.0
OI00002365,O0001349,P0019,1,670.41,0.0
OI00002366,O0001350,P0037,1,63.39,5.42
OI00002367,O0001350,P0038,1,270.04,16.03
OI00002368,O0001351,P0009,3,109.46,53.48
OI00002369,O0001351,P0054,1,132.98,20.0
OI00002370,O0001352,P0056,2,379.01,0.0
OI00002371,O0001353,P0006,1,122.58,0.0
OI00002372,O0001354,P0023,1,123.9,0.0
OI00002373,O0001355,P0006,1,122.87,0.0
OI00002374,O0001355,P0041,1,30.17,0.0
OI00002375,O0001356,P0056,1,378.85,0.0
OI00002376,O0001357,P0026,1,86.57,0.0
OI00002377,O0001357,P0013,1,101.53,0.0
OI00002378,O0001358,P0019,1,654.58,0.0
OI00002379,O0001359,P0019,1,659.37,0.0
OI00002380,O0001359,P0032,1,412.58,0.0
OI00002381,O0001360,P0055,2,143.98,49.64
OI00002382,O0001360,P0003,1,82.16,14.51
OI00002383,O0001361,P0011,1,141.07,0.0
OI00002384,O0001361,P0038,2,266.84,0.0
OI00002385,O0001362,P0032,1,417.42,66.99
OI00002386,O0001362,P0021,1,83.83,4.49
OI00002387,O0001363,P0003,1,82.35,0.0
OI00002388,O0001364,P0043,1,46.27,0.0
OI00002389,O0001365,P0029,1,289.55,0.0
OI00002390,O0001366,P0041,1,31.06,0.0
OI00002391,O0001367,P0018,1,363.44,27.94
OI00002392,O0001368,P0050,1,14.22,2.23
OI00002393,O0001368,P0056,1,372.42,30.72
OI00002394,O0001369,P0003,1,79.49,0.0
OI00002395,O0001370,P0045,1,151.7,21.76
OI00002396,O0001370,P0001,1,146.62,9.55
OI00002397,O0001371,P0017,1,150.88,0.0
OI00002398,O0001372,P0013,1,99.85,0.0
OI00002399,O0001372,P0016,1,125.5,0.0
OI00002400,O0001373,P0034,1,420.13,70.57
OI00002401,O0001374,P0017,1,155.17,0.0
OI00002402,O0001374,P0039,1,328.29,0.0
OI00002403,O0001375,P0056,1,380.52,0.0
OI00002404,O0001375,P0036,2,193.66,0.0
OI00002405,O0001375,P0055,1,150.05,0.0
OI00002406,O0001376,P0003,1,81.16,6.74
OI00002407,O0001376,P0005,2,67.11,16.17
OI00002408,O0001377,P0010,1,163.72,0.0
OI00002409,O0001378,P0005,1,67.88,0.0
OI00002410,O0001379,P0043,1,45.36,0.0
OI00002411,O0001380,P0029,1,288.65,38.5
OI00002412,O0001380,P0030,1,261.42,16.33
OI00002413,O0001380,P0008,2,86.15,22.65
OI00002414,O0001381,P0038,1,268.38,0.0
OI00002415,O0001382,P0038,2,262.18,44.05
OI00002416,O0001382,P0001,1,147.32,18.18
OI00002417,O0001383,P0019,1,661.81,0.0
OI00002418,O0001384,P0033,1,435.62,0.0
OI00002419,O0001385,P0038,1,273.87,0.0
OI00002420,O0001385,P0033,1,432.07,0.0
OI00002421,O0001386,P0048,1,95.0,0.0
OI00002422,O0001386,P0002,1,80.59,0.0
OI00002423,O0001387,P0016,1,126.4,8.15
OI00002424,O0001387,P0003,1,79.32,4.34
OI00002425,O0001388,P0042,1,130.47,0.0
OI00002426,O0001389,P0020,1,663.28,81.49
OI00002427,O0001389,P0024,1,804.61,105.39
OI00002428,O0001390,P0036,1,186.64,0.0
OI00002429,O0001390,P0011,1,136.91,0.0
OI00002430,O0001391,P0028,1,311.89,0.0
OI00002431,O0001392,P0041,1,30.85,0.0
OI00002432,O0001392,P0020,2,675.87,0.0
OI00002433,O0001393,P0054,1,140.94,0.0
OI00002434,O0001393,P0045,1,153.44,0.0
OI00002435,O0001394,P0050,1,14.13,1.41
OI00002436,O0001394,P0038,1,269.85,18.26
OI00002437,O0001394,P0026,1,84.93,13.86
OI00002438,O0001395,P0045,1,152.03,19.61
OI00002439,O0001395,P0046,2,19.04,1.88
OI00002440,O0001396,P0055,1,149.79,0.0
OI00002441,O0001396,P0049,1,139.73,0.0
OI00002442,O0001397,P0035,1,283.87,0.0
OI00002443,O0001397,P0016,1,125.26,0.0
OI00002444,O0001398,P0027,1,639.74,101.19
OI00002445,O0001399,P0032,1,405.24,0.0
OI00002446,O0001400,P0020,1,671.33,0.0
OI00002447,O0001400,P0028,1,319.73,0.0
OI00002448,O0001400,P0041,1,30.25,0.0
OI00002449,O0001401,P0056,1,372.88,0.0
OI00002450,O0001402,P0042,1,128.35,0.0
OI00002451,O0001402,P0023,1,118.34,0.0
OI00002452,O0001403,P0023,1,123.92,5.34
OI00002453,O0001404,P0024,1,774.72,0.0
OI00002454,O0001405,P0052,1,406.68,0.0
OI00002455,O0001405,P0057,1,159.59,0.0
OI00002456,O0001405,P0047,1,71.67,0.0
OI00002457,O0001406,P0032,2,413.72,0.0
OI00002458,O0001407,P0003,1,83.24,0.0
OI00002459,O0001408,P0004,2,74.31,0.0
OI00002460,O0001409,P0001,1,143.87,0.0
OI00002461,O0001409,P0027,1,634.76,0.0
OI00002462,O0001410,P0050,1,14.55,0.0
OI00002463,O0001411,P0040,1,485.44,0.0
OI00002464,O0001411,P0003,1,79.52,0.0
OI00002465,O0001412,P0020,1,676.97,49.66
OI00002466,O0001413,P0005,1,65.91,0.0
OI00002467,O0001414,P0019,1,655.16,0.0
OI00002468,O0001415,P0038,1,276.07,16.94
OI00002469,O0001416,P0034,1,425.16,0.0
OI00002470,O0001417,P0003,1,79.59,7.31
OI00002471,O0001418,P0039,1,330.91,0.0
OI00002472,O0001419,P0033,2,418.81,51.72
OI00002473,O0001420,P0004,1,77.18,0.0
OI00002474,O0001420,P0045,1,148.35,0.0
OI00002475,O0001420,P0023,3,123.27,0.0
OI00002476,O0001421,P0027,1,633.62,0.0
OI00002477,O0001421,P0004,1,74.51,0.0
OI00002478,O0001421,P0048,1,94.01,0.0
OI00002479,O0001422,P0048,1,91.05,12.76
OI00002480,O0001423,P0058,1,50.62,0.0
OI00002481,O0001423,P0036,1,194.52,0.0
OI00002482,O0001423,P0039,1,325.13,0.0
OI00002483,O0001423,P0005,1,68.41,0.0
OI00002484,O0001424,P0042,1,129.98,18.41
OI00002485,O0001425,P0039,1,330.17,0.0
OI00002486,O0001425,P0046,1,18.8,0.0
OI00002487,O0001426,P0056,1,373.25,0.0
OI00002488,O0001426,P0060,1,437.34,0.0
OI00002489,O0001426,P0015,1,60.55,0.0
OI00002490,O0001427,P0042,1,134.29,17.37
OI00002491,O0001427,P0057,2,164.68,41.95
OI00002492,O0001428,P0060,1,435.39,0.0
OI00002493,O0001429,P0003,1,82.96,0.0
OI00002494,O0001429,P0027,1,634.25,0.0
OI00002495,O0001430,P0006,1,126.98,8.47
OI00002496,O0001431,P0020,1,677.56,0.0
OI00002497,O0001431,P0029,1,285.56,0.0
OI00002498,O0001432,P0051,1,76.97,8.61
OI00002499,O0001432,P0055,1,146.57,6.55
OI00002500,O0001433,P0008,1,88.54,0.0
OI00002501,O0001433,P0054,2,136.1,0.0
OI00002502,O0001434,P0004,1,77.03,13.06
OI00002503,O0001434,P0060,1,446.62,18.83
OI00002504,O0001434,P0006,1,123.33,15.7
OI00002505,O0001435,P0001,1,143.12,0.0
OI00002506,O0001436,P0002,2,83.26,0.0
OI00002507,O0001436,P0040,1,493.38,0.0
OI00002508,O0001437,P0038,1,274.13,0.0
OI00002509,O0001437,P0001,1,148.92,0.0
OI00002510,O0001438,P0016,1,127.24,7.0
OI00002511,O0001439,P0005,1,65.83,0.0
OI00002512,O0001440,P0054,1,140.82,0.0
OI00002513,O0001440,P0004,1,78.34,0.0
OI00002514,O0001440,P0005,1,65.87,0.0
OI00002515,O0001441,P0021,1,82.62,0.0
OI00002516,O0001442,P0022,1,337.35,52.44
OI00002517,O0001442,P0003,1,82.78,10.89
OI00002518,O0001443,P0015,1,62.89,0.0
OI00002519,O0001444,P0005,2,68.29,0.0
OI00002520,O0001445,P0045,1,151.14,0.0
OI00002521,O0001445,P0025,1,602.51,0.0
OI00002522,O0001446,P0045,2,151.15,50.49
OI00002523,O0001446,P0019,1,672.18,92.62
OI00002524,O0001447,P0001,1,145.03,0.0
OI00002525,O0001448,P0047,1,71.19,4.41
OI00002526,O0001449,P0059,1,62.19,0.0
OI00002527,O0001449,P0042,1,132.57,0.0
OI00002528,O0001450,P0016,1,122.2,0.0
OI00002529,O0001450,P0058,1,51.42,0.0
OI00002530,O0001450,P0024,1,786.86,0.0
OI00002531,O0001451,P0014,1,138.27,0.0
OI00002532,O0001452,P0036,1,195.6,0.0
OI00002533,O0001453,P0040,1,474.07,0.0
OI00002534,O0001453,P0023,1,122.08,0.0
OI00002535,O0001453,P0003,1,82.12,0.0
OI00002536,O0001454,P0005,1,68.54,0.0
OI00002537,O0001455,P0030,1,247.61,0.0
OI00002538,O0001455,P0038,1,263.85,0.0
OI00002539,O0001455,P0016,1,122.06,0.0
OI00002540,O0001456,P0038,2,274.66,0.0
OI00002541,O0001456,P0032,1,400.32,0.0
OI00002542,O0001456,P0046,1,18.62,0.0
OI00002543,O0001456,P0053,2,541.63,0.0
OI00002544,O0001456,P0019,1,652.69,0.0
OI00002545,O0001457,P0021,1,84.94,0.0
OI00002546,O0001458,P0016,1,122.52,0.0
OI00002547,O0001459,P0038,1,262.82,0.0
OI00002548,O0001460,P0037,1,66.62,0.0
OI00002549,O0001460,P0026,1,82.59,0.0
OI00002550,O0001461,P0041,1,31.22,3.92
OI00002551,O0001461,P0049,1,141.08,21.99
OI00002552,O0001462,P0050,1,14.14,0.0
OI00002553,O0001462,P0006,1,128.33,0.0
OI00002554,O0001463,P0003,1,80.04,0.0
OI00002555,O0001464,P0033,2,420.11,0.0
OI00002556,O0001464,P0043,1,46.5,0.0
OI00002557,O0001465,P0037,1,65.06,4.47
OI00002558,O0001466,P0001,1,141.55,0.0
OI00002559,O0001467,P0040,1,471.39,0.0
OI00002560,O0001468,P0034,1,421.58,66.01
OI00002561,O0001468,P0032,1,407.9,20.03
OI00002562,O0001469,P0006,2,128.28,0.0
OI00002563,O0001469,P0044,2,55.22,0.0
OI00002564,O0001470,P0004,1,75.49,0.0
OI00002565,O0001471,P0010,2,156.81,0.0
OI00002566,O0001471,P0002,1,83.39,0.0
OI00002567,O0001472,P0041,2,31.18,0.0
OI00002568,O0001472,P0037,1,63.92,0.0
OI00002569,O0001473,P0038,1,268.24,0.0
OI00002570,O0001474,P0037,2,66.17,0.0
OI00002571,O0001474,P0002,1,79.12,0.0
OI00002572,O0001474,P0021,1,84.32,0.0
OI00002573,O0001474,P0038,1,265.15,0.0
OI00002574,O0001475,P0060,1,437.64,0.0
OI00002575,O0001476,P0013,1,100.34,0.0
OI00002576,O0001476,P0009,1,113.58,0.0
OI00002577,O0001476,P0019,1,675.43,0.0
OI00002578,O0001477,P0019,2,666.03,0.0
OI00002579,O0001478,P0013,1,98.16,0.0
OI00002580,O0001478,P0020,1,687.82,0.0
OI00002581,O0001479,P0003,1,82.91,0.0
OI00002582,O0001479,P0052,2,398.78,0.0
OI00002583,O0001480,P0006,1,123.16,7.05
OI00002584,O0001480,P0042,1,133.8,23.54
OI00002585,O0001480,P0001,1,142.14,9.11
OI00002586,O0001481,P0003,1,79.68,0.0
OI00002587,O0001481,P0020,1,674.7,0.0
OI00002588,O0001481,P0004,2,75.4,0.0
OI00002589,O0001481,P0022,1,337.66,0.0
OI00002590,O0001481,P0056,1,367.04,0.0
OI00002591,O0001482,P0056,2,365.38,0.0
OI00002592,O0001483,P0030,1,249.53,0.0
OI00002593,O0001484,P0016,1,124.0,5.15
OI00002594,O0001485,P0024,1,795.72,0.0
OI00002595,O0001485,P0056,1,374.2,0.0
OI00002596,O0001485,P0001,1,147.18,0.0
OI00002597,O0001486,P0026,1,81.99,0.0
OI00002598,O0001486,P0045,2,148.78,0.0
OI00002599,O0001487,P0001,1,142.22,0.0
OI00002600,O0001488,P0031,2,28.19,2.4
OI00002601,O0001489,P0028,1,315.6,0.0
OI00002602,O0001489,P0060,1,444.15,0.0
OI00002603,O0001490,P0024,1,777.6,72.48
OI00002604,O0001490,P0004,1,78.32,8.05
OI00002605,O0001491,P0006,2,128.2,32.21
OI00002606,O0001492,P0022,1,342.84,14.65
OI00002607,O0001492,P0023,2,124.16,21.57
OI00002608,O0001493,P0027,1,643.16,0.0
OI00002609,O0001493,P0004,1,77.46,0.0
OI00002610,O0001494,P0045,2,153.22,0.0
OI00002611,O0001494,P0043,1,47.0,0.0
OI00002612,O0001495,P0054,1,136.28,0.0
OI00002613,O0001495,P0035,1,282.93,0.0
OI00002614,O0001495,P0001,1,142.54,0.0
OI00002615,O0001495,P0013,2,103.86,0.0
OI00002616,O0001496,P0046,1,19.44,0.0
OI00002617,O0001497,P0029,1,300.05,26.03
OI00002618,O0001497,P0019,1,677.91,78.37
OI00002619,O0001498,P0001,2,145.81,17.28
OI00002620,O0001499,P0042,1,129.18,20.74
OI00002621,O0001500,P0038,1,268.02,0.0
OI00002622,O0001500,P0001,1,147.27,0.0
OI00002623,O0001500,P0006,1,123.52,0.0
OI00002624,O0001501,P0008,1,89.68,0.0
OI00002625,O0001501,P0020,1,687.37,0.0
OI00002626,O0001502,P0003,1,82.29,12.48
OI00002627,O0001502,P0036,1,195.65,13.74
OI00002628,O0001503,P0004,1,76.84,3.4
OI00002629,O0001503,P0021,1,85.0,5.17
OI00002630,O0001504,P0006,1,125.54,0.0
OI00002631,O0001504,P0032,1,405.93,0.0
OI00002632,O0001505,P0001,1,142.58,23.2
OI00002633,O0001505,P0054,1,134.84,6.99
OI00002634,O0001506,P0032,1,402.07,0.0
OI00002635,O0001506,P0026,1,83.72,0.0
OI00002636,O0001506,P0008,1,87.67,0.0
OI00002637,O0001507,P0001,1,144.43,0.0
OI00002638,O0001507,P0055,1,146.0,0.0
OI00002639,O0001508,P0052,1,399.55,0.0
OI00002640,O0001509,P0038,2,262.08,0.0
OI00002641,O0001510,P0023,2,124.21,0.0
OI00002642,O0001510,P0038,1,275.05,0.0
OI00002643,O0001510,P0031,1,28.75,0.0
OI00002644,O0001511,P0036,1,189.73,32.92
OI00002645,O0001512,P0011,1,139.4,0.0
OI00002646,O0001512,P0001,2,147.25,0.0
OI00002647,O0001513,P0039,1,317.25,16.87
OI00002648,O0001514,P0001,1,146.63,6.49
OI00002649,O0001514,P0019,1,682.29,93.92
OI00002650,O0001515,P0043,1,44.97,0.0
OI00002651,O0001516,P0014,2,134.01,0.0
OI00002652,O0001517,P0038,1,266.65,43.15
OI00002653,O0001517,P0006,1,123.61,11.12
OI00002654,O0001517,P0050,1,13.84,2.03
OI00002655,O0001518,P0058,1,51.38,0.0
OI00002656,O0001518,P0024,1,795.22,0.0
OI00002657,O0001519,P0058,1,52.77,0.0
OI00002658,O0001520,P0040,1,487.42,23.74
OI00002659,O0001520,P0059,1,63.62,7.13
OI00002660,O0001521,P0056,1,370.74,0.0
OI00002661,O0001521,P0007,1,111.9,0.0
OI00002662,O0001522,P0028,1,318.28,22.84
OI00002663,O0001523,P0003,1,82.13,13.76
OI00002664,O0001523,P0014,1,132.33,19.24
OI00002665,O0001523,P0019,1,661.16,96.43
OI00002666,O0001524,P0023,1,118.89,0.0
OI00002667,O0001524,P0003,2,82.7,0.0
OI00002668,O0001525,P0029,2,299.59,40.99
OI00002669,O0001526,P0058,2,50.05,0.0
OI00002670,O0001526,P0019,1,683.17,0.0
OI00002671,O0001527,P0054,1,141.17,0.0
OI00002672,O0001527,P0058,1,51.93,0.0
OI00002673,O0001527,P0042,2,132.31,0.0
OI00002674,O0001528,P0002,1,80.85,0.0
OI00002675,O0001528,P0033,1,441.51,0.0
OI00002676,O0001529,P0036,1,196.08,9.77
OI00002677,O0001529,P0006,1,127.14,19.02
OI00002678,O0001530,P0006,1,122.93,0.0
OI00002679,O0001531,P0001,1,148.48,0.0
OI00002680,O0001532,P0001,1,145.86,9.94
OI00002681,O0001533,P0022,1,337.5,0.0
OI00002682,O0001533,P0020,1,683.3,0.0
OI00002683,O0001533,P0045,1,152.64,0.0
OI00002684,O0001534,P0037,1,63.73,9.04
OI00002685,O0001534,P0048,1,90.57,7.15
OI00002686,O0001534,P0038,1,266.59,27.93
OI00002687,O0001534,P0013,1,103.15,8.19
OI00002688,O0001534,P0016,1,126.05,20.06
OI00002689,O0001535,P0053,1,532.29,25.45
OI00002690,O0001536,P0052,2,399.87,69.13
OI00002691,O0001537,P0003,1,82.36,8.33
OI00002692,O0001537,P0052,1,414.46,71.4
OI00002693,O0001538,P0042,1,131.33,0.0
OI00002694,O0001539,P0053,1,526.3,0.0
OI00002695,O0001540,P0038,1,275.95,24.38
OI00002696,O0001541,P0048,1,95.05,0.0
OI00002697,O0001542,P0023,1,123.48,0.0
OI00002698,O0001543,P0057,1,157.07,0.0
OI00002699,O0001544,P0003,1,82.86,0.0
OI00002700,O0001545,P0003,1,83.95,0.0
OI00002701,O0001545,P0038,1,273.14,0.0
OI00002702,O0001546,P0042,1,131.18,9.31
OI00002703,O0001546,P0051,1,76.75,9.75
OI00002704,O0001547,P0054,1,141.0,16.52
OI00002705,O0001548,P0044,1,52.46,5.4
OI00002706,O0001548,P0042,1,132.54,19.97
OI00002707,O0001549,P0039,1,328.1,22.38
OI00002708,O0001550,P0016,1,122.99,9.19
OI00002709,O0001550,P0006,1,122.88,20.69
OI00002710,O0001551,P0041,1,31.17,0.0
OI00002711,O0001551,P0033,2,424.13,0.0
OI00002712,O0001551,P0030,1,252.91,0.0
OI00002713,O0001552,P0054,1,135.35,0.0
OI00002714,O0001552,P0003,1,83.86,0.0
OI00002715,O0001552,P0036,1,196.47,0.0
OI00002716,O0001552,P0025,1,618.64,0.0
OI00002717,O0001553,P0059,1,60.23,8.19
OI00002718,O0001554,P0035,1,287.67,24.3
OI00002719,O0001554,P0006,1,121.57,7.41
OI00002720,O0001555,P0030,1,255.05,0.0
OI00002721,O0001555,P0006,1,127.87,0.0
OI00002722,O0001556,P0016,1,121.59,0.0
OI00002723,O0001556,P0005,1,67.25,0.0
OI00002724,O0001557,P0043,2,46.89,0.0
OI00002725,O0001558,P0057,1,164.52,0.0
OI00002726,O0001559,P0028,1,322.86,0.0
OI00002727,O0001560,P0025,2,614.93,73.59
OI00002728,O0001561,P0038,2,266.88,0.0
OI00002729,O0001561,P0006,1,123.36,0.0
OI00002730,O0001562,P0047,2,70.26,18.18
OI00002731,O0001563,P0017,1,152.77,0.0
OI00002732,O0001563,P0056,1,379.57,0.0
OI00002733,O0001564,P0019,1,661.56,0.0
OI00002734,O0001564,P0027,2,629.51,0.0
OI00002735,O0001565,P0056,1,369.68,0.0
OI00002736,O0001566,P0058,2,52.33,9.16
OI00002737,O0001567,P0017,1,153.2,0.0
OI00002738,O0001567,P0019,1,679.4,0.0
OI00002739,O0001568,P0009,2,108.79,0.0
OI00002740,O0001569,P0056,1,384.44,0.0
OI00002741,O0001569,P0011,1,143.61,0.0
OI00002742,O0001570,P0028,1,314.28,24.6
OI00002743,O0001571,P0035,1,294.07,0.0
OI00002744,O0001572,P0013,1,98.56,15.32
OI00002745,O0001572,P0026,1,84.29,5.99
OI00002746,O0001573,P0028,1,311.68,0.0
OI00002747,O0001574,P0012,2,28.5,0.0
OI00002748,O0001575,P0003,1,80.07,7.18
OI00002749,O0001575,P0055,1,150.92,18.81
OI00002750,O0001576,P0038,1,275.34,0.0
OI00002751,O0001577,P0002,1,82.29,9.56
OI00002752,O0001578,P0045,1,150.72,16.43
OI00002753,O0001578,P0020,1,663.89,47.95
OI00002754,O0001578,P0038,1,273.16,22.47
OI00002755,O0001579,P0013,1,99.11,0.0
OI00002756,O0001579,P0023,1,118.02,0.0
OI00002757,O0001580,P0049,2,144.49,0.0
OI00002758,O0001580,P0018,1,374.04,0.0
OI00002759,O0001581,P0020,1,688.21,58.53
OI00002760,O0001582,P0013,1,103.02,0.0
OI00002761,O0001582,P0021,1,83.91,0.0
OI00002762,O0001583,P0033,1,425.72,60.37
OI00002763,O0001583,P0021,2,84.78,27.81
OI00002764,O0001584,P0049,1,139.03,0.0
OI00002765,O0001585,P0059,1,60.43,0.0
OI00002766,O0001586,P0018,1,359.94,0.0
OI00002767,O0001586,P0016,1,120.71,0.0
OI00002768,O0001586,P0029,1,284.17,0.0
OI00002769,O0001587,P0044,1,53.53,0.0
OI00002770,O0001588,P0027,1,647.18,109.07
OI00002771,O0001588,P0049,1,142.77,14.86
OI00002772,O0001589,P0034,1,418.66,37.91
OI00002773,O0001589,P0016,1,121.39,6.45
OI00002774,O0001589,P0059,1,63.68,5.35
OI00002775,O0001590,P0030,2,258.03,36.58
OI00002776,O0001591,P0009,1,112.83,0.0
OI00002777,O0001591,P0002,1,80.91,0.0
OI00002778,O0001591,P0056,1,383.49,0.0
OI00002779,O0001592,P0059,1,63.57,8.76
OI00002780,O0001592,P0021,1,85.2,11.57
OI00002781,O0001593,P0010,1,160.09,17.23
OI00002782,O0001594,P0025,1,635.35,65.53
OI00002783,O0001594,P0007,1,109.57,8.15
OI00002784,O0001595,P0045,1,146.89,0.0
OI00002785,O0001596,P0002,1,80.77,0.0
OI00002786,O0001596,P0036,2,192.64,0.0
OI00002787,O0001596,P0057,1,161.35,0.0
OI00002788,O0001597,P0033,1,418.78,0.0
OI00002789,O0001598,P0018,1,362.86,0.0
OI00002790,O0001599,P0056,1,366.05,0.0
OI00002791,O0001600,P0027,1,653.16,0.0
OI00002792,O0001600,P0003,1,79.43,0.0
OI00002793,O0001600,P0044,1,54.98,0.0
OI00002794,O0001601,P0055,1,150.19,0.0
OI00002795,O0001601,P0050,1,14.45,0.0
OI00002796,O0001602,P0002,1,82.63,0.0
OI00002797,O0001602,P0045,1,149.73,0.0
OI00002798,O0001603,P0055,2,150.94,32.58
OI00002799,O0001603,P0039,1,316.09,13.44
OI00002800,O0001603,P0005,1,68.0,6.98
OI00002801,O0001604,P0017,1,159.41,17.11
OI00002802,O0001604,P0032,1,401.04,59.38
OI00002803,O0001604,P0052,1,411.3,36.03
OI00002804,O0001604,P0057,1,158.19,19.18
OI00002805,O0001605,P0008,1,89.89,0.0
OI00002806,O0001605,P0005,1,65.69,0.0
OI00002807,O0001605,P0016,2,122.28,0.0
OI00002808,O0001606,P0026,1,85.5,0.0
OI00002809,O0001606,P0054,1,135.99,0.0
OI00002810,O0001607,P0024,1,811.24,0.0
OI00002811,O0001607,P0019,1,686.33,0.0
OI00002812,O0001608,P0057,1,163.95,27.44
OI00002813,O0001608,P0060,1,455.83,57.99
OI00002814,O0001608,P0021,2,84.47,21.32
OI00002815,O0001609,P0036,1,186.1,30.86
OI00002816,O0001610,P0012,1,28.45,0.0
OI00002817,O0001610,P0015,2,61.97,0.0
OI00002818,O0001611,P0011,1,141.18,13.25
OI00002819,O0001612,P0042,1,131.48,0.0
OI00002820,O0001613,P0045,1,154.07,17.45
OI00002821,O0001614,P0046,1,19.34,0.0
OI00002822,O0001614,P0027,1,622.93,0.0
OI00002823,O0001615,P0010,2,156.81,0.0
OI00002824,O0001615,P0009,1,109.75,0.0
OI00002825,O0001616,P0057,1,160.87,8.93
OI00002826,O0001617,P0013,1,98.23,0.0
OI00002827,O0001617,P0049,1,141.5,0.0
OI00002828,O0001618,P0035,1,283.67,0.0
OI00002829,O0001619,P0039,1,325.98,28.89
OI00002830,O0001619,P0033,1,431.77,37.52
OI00002831,O0001620,P0049,1,140.56,0.0
OI00002832,O0001620,P0038,2,266.46,0.0
OI00002833,O0001621,P0057,1,163.65,0.0
OI00002834,O0001622,P0032,1,402.67,0.0
OI00002835,O0001623,P0038,1,265.25,46.16
OI00002836,O0001623,P0049,1,146.61,17.17
OI00002837,O0001624,P0002,1,82.47,14.59
OI00002838,O0001624,P0040,1,488.88,76.34
OI00002839,O0001625,P0021,1,83.49,7.5
OI00002840,O0001626,P0049,1,144.87,0.0
OI00002841,O0001626,P0022,1,346.4,0.0
OI00002842,O0001626,P0013,1,103.12,0.0
OI00002843,O0001627,P0011,1,144.36,0.0
OI00002844,O0001628,P0053,1,527.93,24.68
OI00002845,O0001629,P0001,1,142.65,0.0
OI00002846,O0001630,P0039,1,322.22,0.0
OI00002847,O0001631,P0020,1,674.32,42.63
OI00002848,O0001632,P0033,1,434.38,0.0
OI00002849,O0001632,P0043,1,44.87,0.0
OI00002850,O0001633,P0038,2,267.0,0.0
OI00002851,O0001634,P0060,1,437.11,0.0
OI00002852,O0001634,P0045,1,147.59,0.0
OI00002853,O0001635,P0042,1,134.1,0.0
OI00002854,O0001635,P0045,1,154.2,0.0
OI00002855,O0001636,P0030,1,247.76,36.51
OI00002856,O0001637,P0026,2,82.63,0.0
OI00002857,O0001637,P0020,1,666.3,0.0
OI00002858,O0001638,P0045,1,147.59,0.0
OI00002859,O0001639,P0038,1,269.03,0.0
OI00002860,O0001640,P0052,1,406.03,0.0
OI00002861,O0001640,P0056,1,369.94,0.0
OI00002862,O0001641,P0049,1,146.63,7.34
OI00002863,O0001641,P0038,1,274.55,39.45
OI00002864,O0001641,P0019,2,685.8,230.37
OI00002865,O0001641,P0007,1,107.96,16.48
OI00002866,O0001642,P0046,1,19.11,0.0
OI00002867,O0001642,P0056,3,365.59,0.0
OI00002868,O0001643,P0006,1,128.39,0.0
OI00002869,O0001643,P0060,1,451.08,0.0
OI00002870,O0001644,P0033,1,431.54,0.0
OI00002871,O0001644,P0038,1,262.3,0.0
OI00002872,O0001644,P0005,2,66.21,0.0
OI00002873,O0001645,P0006,2,123.24,0.0
OI00002874,O0001645,P0060,1,443.23,0.0
OI00002875,O0001646,P0023,1,121.27,0.0
OI00002876,O0001646,P0039,1,325.1,0.0
OI00002877,O0001647,P0021,2,82.94,0.0
OI00002878,O0001647,P0005,1,67.46,0.0
OI00002879,O0001648,P0032,1,407.23,0.0
OI00002880,O0001649,P0032,1,418.31,40.96
OI00002881,O0001649,P0004,1,74.08,12.81
OI00002882,O0001650,P0038,1,272.99,0.0
OI00002883,O0001650,P0043,1,44.45,0.0
OI00002884,O0001651,P0037,1,64.75,0.0
OI00002885,O0001652,P0023,2,121.36,27.87
OI00002886,O0001652,P0032,2,398.92,63.63
OI00002887,O0001653,P0025,1,623.48,0.0
OI00002888,O0001653,P0038,1,267.47,0.0
OI00002889,O0001653,P0043,1,46.17,0.0
OI00002890,O0001653,P0059,1,62.39,0.0
OI00002891,O0001654,P0022,1,341.16,16.68
OI00002892,O0001654,P0043,1,46.9,4.64
OI00002893,O0001655,P0057,1,159.36,0.0
OI00002894,O0001656,P0057,1,158.39,0.0
OI00002895,O0001657,P0001,1,141.59,0.0
OI00002896,O0001657,P0047,1,68.44,0.0
OI00002897,O0001657,P0049,1,144.1,0.0
OI00002898,O0001658,P0018,1,371.08,0.0
OI00002899,O0001659,P0042,1,130.08,15.86
OI00002900,O0001660,P0005,1,65.81,0.0
OI00002901,O0001660,P0019,1,657.99,0.0
OI00002902,O0001660,P0006,1,124.74,0.0
OI00002903,O0001661,P0045,1,146.18,0.0
OI00002904,O0001661,P0015,1,60.75,0.0
OI00002905,O0001662,P0001,2,146.36,0.0
OI00002906,O0001663,P0019,1,670.51,0.0
OI00002907,O0001664,P0038,1,261.67,0.0
OI00002908,O0001664,P0060,1,446.25,0.0
OI00002909,O0001664,P0049,1,140.53,0.0
OI00002910,O0001665,P0010,1,157.39,23.36
OI00002911,O0001666,P0032,1,399.19,0.0
OI00002912,O0001666,P0059,2,62.56,0.0
OI00002913,O0001667,P0024,1,772.85,87.05
OI00002914,O0001667,P0050,1,14.57,1.82
OI00002915,O0001668,P0045,1,147.15,0.0
OI00002916,O0001668,P0001,1,145.27,0.0
OI00002917,O0001669,P0002,1,83.05,0.0
OI00002918,O0001670,P0049,1,142.37,0.0
OI00002919,O0001670,P0020,1,684.26,0.0
OI00002920,O0001670,P0032,1,405.08,0.0
OI00002921,O0001670,P0033,1,421.45,0.0
OI00002922,O0001670,P0018,1,363.62,0.0
OI00002923,O0001671,P0004,1,75.52,0.0
OI00002924,O0001672,P0023,1,120.82,0.0
OI00002925,O0001672,P0026,2,82.77,0.0
OI00002926,O0001673,P0002,1,81.91,6.1
OI00002927,O0001674,P0007,1,108.87,0.0
OI00002928,O0001674,P0011,1,143.72,0.0
OI00002929,O0001675,P0023,1,121.71,0.0
OI00002930,O0001676,P0026,1,82.03,0.0
OI00002931,O0001677,P0055,1,148.71,25.85
OI00002932,O0001678,P0011,1,140.74,12.91
OI00002933,O0001679,P0027,1,618.6,0.0
OI00002934,O0001680,P0049,1,140.28,13.92
OI00002935,O0001681,P0054,1,136.44,0.0
OI00002936,O0001682,P0037,1,64.91,4.02
OI00002937,O0001683,P0022,1,342.27,0.0
OI00002938,O0001684,P0055,1,149.27,0.0
OI00002939,O0001685,P0043,2,45.97,0.0
OI00002940,O0001685,P0042,1,134.57,0.0
OI00002941,O0001686,P0006,1,123.91,0.0
OI00002942,O0001687,P0054,1,136.13,0.0
OI00002943,O0001688,P0052,1,399.86,0.0
OI00002944,O0001688,P0024,1,782.6,0.0
OI00002945,O0001689,P0038,2,269.37,67.35
OI00002946,O0001689,P0043,1,46.93,5.63
OI00002947,O0001690,P0031,1,28.75,0.0
OI00002948,O0001691,P0045,2,149.17,0.0
OI00002949,O0001691,P0050,1,14.16,0.0
OI00002950,O0001692,P0008,1,86.17,6.95
OI00002951,O0001692,P0031,2,28.85,3.49
OI00002952,O0001693,P0023,1,124.76,0.0
OI00002953,O0001694,P0046,1,19.22,2.75
OI00002954,O0001695,P0039,1,328.26,0.0
OI00002955,O0001696,P0019,2,655.79,0.0
OI00002956,O0001697,P0040,2,481.3,0.0
OI00002957,O0001697,P0024,1,804.22,0.0
OI00002958,O0001698,P0003,1,80.22,0.0
OI00002959,O0001698,P0046,1,19.75,0.0
OI00002960,O0001699,P0004,1,74.12,0.0
OI00002961,O0001700,P0038,1,266.92,0.0
OI00002962,O0001700,P0016,1,123.34,0.0
OI00002963,O0001701,P0032,1,400.7,0.0
OI00002964,O0001702,P0024,1,771.87,0.0
OI00002965,O0001703,P0059,1,60.23,0.0
OI00002966,O0001704,P0056,1,366.04,0.0
OI00002967,O0001704,P0036,1,188.0,0.0
OI00002968,O0001704,P0038,1,263.38,0.0
OI00002969,O0001705,P0019,1,677.56,0.0
OI00002970,O0001706,P0038,1,270.01,0.0
OI00002971,O0001706,P0033,1,419.68,0.0
OI00002972,O0001707,P0005,1,68.35,0.0
OI00002973,O0001708,P0043,2,46.12,0.0
OI00002974,O0001709,P0039,1,328.47,53.23
OI00002975,O0001710,P0057,1,162.74,23.35
OI00002976,O0001711,P0058,1,50.88,0.0
OI00002977,O0001712,P0003,1,81.34,6.82
OI00002978,O0001712,P0039,2,325.27,39.99
OI00002979,O0001713,P0029,1,296.44,0.0
OI00002980,O0001714,P0038,1,273.89,29.85
OI00002981,O0001714,P0056,1,373.48,63.1
OI00002982,O0001715,P0057,1,162.97,0.0
OI00002983,O0001716,P0054,1,135.36,0.0
OI00002984,O0001716,P0039,1,328.29,0.0
OI00002985,O0001717,P0017,1,158.3,22.13
OI00002986,O0001717,P0059,1,62.09,5.24
OI00002987,O0001718,P0020,1,666.73,0.0
OI00002988,O0001718,P0038,1,270.91,0.0
OI00002989,O0001719,P0003,1,81.1,4.65
OI00002990,O0001720,P0038,1,275.36,0.0
OI00002991,O0001720,P0040,2,476.59,0.0
OI00002992,O0001721,P0029,1,285.91,0.0
OI00002993,O0001722,P0054,1,134.19,0.0
OI00002994,O0001722,P0060,1,454.78,0.0
OI00002995,O0001722,P0020,1,665.49,0.0
OI00002996,O0001723,P0006,1,126.18,0.0
OI00002997,O0001724,P0059,1,60.45,0.0
OI00002998,O0001724,P0034,1,427.68,0.0
OI00002999,O0001724,P0038,1,270.89,0.0
OI00003000,O0001725,P0032,1,411.05,0.0
OI00003001,O0001725,P0006,1,123.63,0.0
OI00003002,O0001725,P0002,1,82.5,0.0
OI00003003,O0001725,P0054,1,133.49,0.0
OI00003004,O0001726,P0008,1,86.54,0.0
OI00003005,O0001726,P0006,1,125.96,0.0
OI00003006,O0001726,P0038,1,267.7,0.0
OI00003007,O0001726,P0046,1,19.29,0.0
OI00003008,O0001727,P0032,1,399.32,0.0
OI00003009,O0001727,P0047,1,68.83,0.0
OI00003010,O0001728,P0029,1,298.4,38.23
OI00003011,O0001728,P0007,2,113.52,15.76
OI00003012,O0001728,P0040,1,472.38,71.1
OI00003013,O0001729,P0002,1,83.75,0.0
OI00003014,O0001729,P0058,1,51.74,0.0
OI00003015,O0001729,P0020,1,698.01,0.0
OI00003016,O0001730,P0060,1,460.72,0.0
OI00003017,O0001731,P0039,1,327.32,0.0
OI00003018,O0001732,P0005,1,64.98,0.0
OI00003019,O0001733,P0038,2,260.78,0.0
OI00003020,O0001734,P0024,2,811.93,0.0
OI00003021,O0001735,P0027,1,631.01,0.0
OI00003022,O0001736,P0028,1,318.23,0.0
OI00003023,O0001736,P0030,2,250.55,0.0
OI00003024,O0001737,P0015,2,61.68,21.64
OI00003025,O0001738,P0029,1,286.68,0.0
OI00003026,O0001739,P0048,1,90.18,7.04
OI00003027,O0001740,P0017,1,152.87,0.0
OI00003028,O0001741,P0023,2,120.48,0.0
OI00003029,O0001741,P0008,1,87.86,0.0
OI00003030,O0001741,P0039,1,314.88,0.0
OI00003031,O0001742,P0035,1,281.81,0.0
OI00003032,O0001743,P0038,1,265.37,0.0
OI00003033,O0001744,P0003,1,79.29,12.98
OI00003034,O0001744,P0057,1,163.73,10.71
OI00003035,O0001744,P0002,1,82.37,6.48
OI00003036,O0001745,P0026,1,82.61,0.0
OI00003037,O0001745,P0045,1,151.85,0.0
OI00003038,O0001745,P0057,1,158.28,0.0
OI00003039,O0001746,P0027,1,622.96,0.0
OI00003040,O0001747,P0016,1,121.86,8.3
OI00003041,O0001747,P0045,1,148.95,11.57
OI00003042,O0001748,P0035,1,290.28,15.55
OI00003043,O0001749,P0009,1,108.37,0.0
OI00003044,O0001749,P0060,2,455.73,0.0
OI00003045,O0001750,P0040,1,490.0,0.0
OI00003046,O0001750,P0058,1,52.79,0.0
OI00003047,O0001751,P0003,1,81.21,0.0
OI00003048,O0001751,P0016,1,126.57,0.0
OI00003049,O0001752,P0050,1,14.41,0.0
OI00003050,O0001753,P0048,1,94.3,0.0
OI00003051,O0001754,P0032,1,418.25,0.0
OI00003052,O0001754,P0038,1,272.06,0.0
OI00003053,O0001755,P0001,1,142.88,0.0
OI00003054,O0001756,P0059,1,62.63,0.0
OI00003055,O0001757,P0047,1,70.67,0.0
OI00003056,O0001758,P0040,1,486.22,0.0
OI00003057,O0001758,P0013,1,99.49,0.0
OI00003058,O0001759,P0002,1,82.71,0.0
OI00003059,O0001759,P0055,1,145.74,0.0
OI00003060,O0001760,P0019,1,651.37,0.0
OI00003061,O0001760,P0046,1,18.88,0.0
OI00003062,O0001760,P0029,1,285.76,0.0
OI00003063,O0001761,P0039,1,318.36,0.0
OI00003064,O0001761,P0014,1,137.54,0.0
OI00003065,O0001761,P0047,2,69.05,0.0
OI00003066,O0001762,P0006,1,122.64,0.0
OI00003067,O0001762,P0028,1,314.76,0.0
OI00003068,O0001763,P0033,1,436.77,0.0
OI00003069,O0001763,P0021,1,82.87,0.0
OI00003070,O0001764,P0055,1,148.23,0.0
OI00003071,O0001764,P0013,1,99.5,0.0
OI00003072,O0001765,P0011,1,143.92,0.0
OI00003073,O0001766,P0032,1,413.15,31.15
OI00003074,O0001767,P0015,2,60.01,0.0
OI00003075,O0001767,P0019,1,669.0,0.0
OI00003076,O0001768,P0005,1,67.24,11.07
OI00003077,O0001768,P0018,1,357.85,58.08
OI00003078,O0001769,P0032,3,412.7,0.0
OI00003079,O0001770,P0010,1,164.6,0.0
OI00003080,O0001771,P0004,2,76.17,0.0
OI00003081,O0001771,P0015,2,61.75,0.0
OI00003082,O0001771,P0021,1,84.71,0.0
OI00003083,O0001772,P0007,1,113.24,0.0
OI00003084,O0001773,P0011,1,144.44,20.16
OI00003085,O0001774,P0019,1,673.49,56.44
OI00003086,O0001774,P0031,1,27.85,3.28
OI00003087,O0001775,P0019,2,650.93,126.18
OI00003088,O0001776,P0017,2,155.39,0.0
OI00003089,O0001776,P0019,1,656.54,0.0
OI00003090,O0001777,P0007,1,113.71,0.0
OI00003091,O0001777,P0054,1,136.75,0.0
OI00003092,O0001777,P0037,1,64.48,0.0
OI00003093,O0001778,P0029,1,296.06,0.0
OI00003094,O0001779,P0028,1,327.8,0.0
OI00003095,O0001780,P0026,1,85.07,0.0
OI00003096,O0001780,P0039,1,313.23,0.0
OI00003097,O0001781,P0060,1,460.6,47.18
OI00003098,O0001782,P0041,1,30.92,0.0
OI00003099,O0001782,P0052,2,417.74,0.0
OI00003100,O0001783,P0047,1,68.44,0.0
OI00003101,O0001783,P0016,1,125.93,0.0
OI00003102,O0001784,P0023,1,122.59,0.0
OI00003103,O0001784,P0021,1,84.76,0.0
OI00003104,O0001785,P0060,1,435.8,0.0
OI00003105,O0001785,P0024,1,791.66,0.0
OI00003106,O0001786,P0019,2,662.64,0.0
OI00003107,O0001786,P0002,2,80.92,0.0
OI00003108,O0001787,P0029,2,294.59,0.0
OI00003109,O0001787,P0057,1,166.08,0.0
OI00003110,O0001788,P0007,1,111.29,0.0
OI00003111,O0001789,P0029,1,289.62,0.0
OI00003112,O0001789,P0024,2,783.47,0.0
OI00003113,O0001789,P0033,2,433.66,0.0
OI00003114,O0001790,P0020,1,667.22,116.2
OI00003115,O0001791,P0049,1,142.93,0.0
OI00003116,O0001791,P0004,2,76.93,0.0
OI00003117,O0001792,P0029,1,299.54,0.0
OI00003118,O0001792,P0040,1,484.96,0.0
OI00003119,O0001793,P0019,1,675.64,101.97
OI00003120,O0001793,P0005,1,68.01,3.33
OI00003121,O0001793,P0020,2,672.42,69.71
OI00003122,O0001794,P0060,1,439.94,0.0
OI00003123,O0001794,P0035,1,277.33,0.0
OI00003124,O0001795,P0041,1,31.25,0.0
OI00003125,O0001795,P0046,1,19.41,0.0
OI00003126,O0001795,P0042,1,129.08,0.0
OI00003127,O0001795,P0015,1,61.53,0.0
OI00003128,O0001796,P0024,1,767.91,53.72
OI00003129,O0001797,P0041,1,31.72,4.25
OI00003130,O0001797,P0028,1,309.43,22.13
OI00003131,O0001797,P0030,1,251.08,15.71
OI00003132,O0001798,P0056,1,362.83,55.16
OI00003133,O0001798,P0024,1,773.91,133.16
OI00003134,O0001799,P0021,1,83.0,0.0
OI00003135,O0001799,P0012,2,28.54,0.0
OI00003136,O0001799,P0003,2,79.29,0.0
OI00003137,O0001800,P0003,1,80.04,6.46
OI00003138,O0001801,P0041,1,31.66,5.25
OI00003139,O0001801,P0013,1,102.67,10.31
OI00003140,O0001801,P0032,1,403.46,21.5
OI00003141,O0001802,P0036,1,190.42,13.42
OI00003142,O0001803,P0023,1,119.58,0.0
OI00003143,O0001803,P0045,1,152.84,0.0
OI00003144,O0001804,P0042,1,133.78,0.0
OI00003145,O0001804,P0054,1,133.13,0.0
OI00003146,O0001805,P0056,1,378.98,0.0
OI00003147,O0001805,P0020,1,687.94,0.0
OI00003148,O0001805,P0029,1,286.19,0.0
OI00003149,O0001805,P0044,2,53.14,0.0
OI00003150,O0001806,P0019,1,669.5,0.0
OI00003151,O0001807,P0003,1,81.88,0.0
OI00003152,O0001808,P0038,2,271.33,78.93
OI00003153,O0001808,P0049,1,140.3,11.53
OI00003154,O0001809,P0002,1,82.14,3.93
OI00003155,O0001809,P0036,1,190.58,12.09
OI00003156,O0001810,P0058,1,50.75,3.9
OI00003157,O0001811,P0017,2,156.85,0.0
OI00003158,O0001811,P0006,1,127.57,0.0
OI00003159,O0001812,P0058,2,51.33,0.0
OI00003160,O0001812,P0006,1,127.28,0.0
OI00003161,O0001813,P0002,1,82.0,0.0
OI00003162,O0001813,P0038,1,264.35,0.0
OI00003163,O0001813,P0025,2,619.05,0.0
OI00003164,O0001813,P0027,1,649.54,0.0
OI00003165,O0001814,P0011,1,144.64,0.0
OI00003166,O0001814,P0045,1,149.34,0.0
OI00003167,O0001814,P0020,1,678.93,0.0
OI00003168,O0001815,P0049,1,145.48,0.0
OI00003169,O0001815,P0016,1,120.21,0.0
OI00003170,O0001815,P0015,1,62.1,0.0
OI00003171,O0001816,P0042,1,132.44,0.0
OI00003172,O0001816,P0030,1,254.15,0.0
OI00003173,O0001817,P0038,1,269.56,35.58
OI00003174,O0001817,P0043,1,45.84,6.66
OI00003175,O0001818,P0002,1,82.21,0.0
OI00003176,O0001818,P0029,2,285.32,0.0
OI00003177,O0001819,P0040,1,488.88,0.0
OI00003178,O0001820,P0028,1,326.4,0.0
OI00003179,O0001820,P0023,1,124.88,0.0
OI00003180,O0001821,P0020,1,695.12,0.0
OI00003181,O0001821,P0026,1,84.64,0.0
OI00003182,O0001822,P0011,1,137.09,0.0
OI00003183,O0001822,P0052,1,402.31,0.0
OI00003184,O0001822,P0016,1,120.1,0.0
OI00003185,O0001823,P0003,1,82.61,14.35
OI00003186,O0001824,P0003,1,79.14,0.0
OI00003187,O0001825,P0024,1,787.84,0.0
OI00003188,O0001826,P0019,1,689.61,0.0
OI00003189,O0001826,P0021,1,85.49,0.0
OI00003190,O0001827,P0022,1,329.95,0.0
OI00003191,O0001827,P0036,2,190.59,0.0
OI00003192,O0001828,P0038,1,274.38,14.07
OI00003193,O0001829,P0016,1,122.24,0.0
OI00003194,O0001830,P0009,1,113.99,0.0
OI00003195,O0001831,P0019,1,651.79,0.0
OI00003196,O0001831,P0001,1,141.04,0.0
OI00003197,O0001832,P0003,1,82.23,0.0
OI00003198,O0001833,P0059,1,60.4,0.0
OI00003199,O0001833,P0016,1,121.15,0.0
OI00003200,O0001834,P0013,2,101.39,0.0
OI00003201,O0001835,P0057,1,164.53,0.0
OI00003202,O0001836,P0045,1,148.78,8.84
OI00003203,O0001836,P0020,1,696.65,84.15
OI00003204,O0001837,P0030,1,250.02,0.0
OI00003205,O0001837,P0003,1,83.19,0.0
OI00003206,O0001838,P0030,1,258.67,0.0
OI00003207,O0001838,P0043,1,45.3,0.0
OI00003208,O0001839,P0033,2,439.82,139.42
OI00003209,O0001839,P0006,2,126.14,31.22
OI00003210,O0001839,P0017,1,151.17,23.62
OI00003211,O0001840,P0019,1,659.27,0.0
OI00003212,O0001840,P0054,1,138.41,0.0
OI00003213,O0001840,P0038,1,272.59,0.0
OI00003214,O0001841,P0041,1,30.84,0.0
OI00003215,O0001842,P0019,2,669.58,0.0
OI00003216,O0001842,P0005,1,65.88,0.0
OI00003217,O0001843,P0059,1,63.33,0.0
OI00003218,O0001843,P0056,2,378.84,0.0
OI00003219,O0001844,P0033,1,434.17,0.0
OI00003220,O0001845,P0059,2,60.17,0.0
OI00003221,O0001846,P0055,1,143.89,10.8
OI00003222,O0001846,P0001,1,142.14,9.84
OI00003223,O0001847,P0019,1,656.15,72.6
OI00003224,O0001847,P0024,1,785.38,59.66
OI00003225,O0001848,P0029,2,286.86,0.0
OI00003226,O0001849,P0060,2,435.19,0.0
OI00003227,O0001849,P0019,1,673.62,0.0
OI00003228,O0001849,P0004,1,75.21,0.0
OI00003229,O0001850,P0050,1,14.42,0.0
OI00003230,O0001850,P0021,2,84.63,0.0
OI00003231,O0001851,P0003,2,81.41,0.0
OI00003232,O0001852,P0039,1,329.5,17.15
OI00003233,O0001853,P0019,1,686.48,60.08
OI00003234,O0001854,P0027,1,636.72,0.0
OI00003235,O0001855,P0038,1,272.4,42.17
OI00003236,O0001855,P0009,1,114.14,12.58
OI00003237,O0001856,P0039,1,328.89,0.0
OI00003238,O0001856,P0029,1,287.32,0.0
OI00003239,O0001856,P0020,1,669.45,0.0
OI00003240,O0001856,P0008,1,88.77,0.0
OI00003241,O0001857,P0003,1,79.48,0.0
OI00003242,O0001857,P0017,1,153.56,0.0
OI00003243,O0001857,P0057,1,158.69,0.0
OI00003244,O0001857,P0021,1,85.54,0.0
OI00003245,O0001858,P0042,1,133.74,0.0
OI00003246,O0001859,P0030,1,250.24,15.57
OI00003247,O0001859,P0011,1,139.69,11.89
OI00003248,O0001860,P0038,1,266.64,0.0
OI00003249,O0001861,P0014,2,137.17,0.0
OI00003250,O0001862,P0036,1,193.83,8.33
OI00003251,O0001863,P0039,1,321.24,0.0
OI00003252,O0001863,P0011,1,137.63,0.0
OI00003253,O0001863,P0038,1,268.88,0.0
OI00003254,O0001864,P0055,1,146.0,0.0
OI00003255,O0001864,P0057,1,159.22,0.0
OI00003256,O0001865,P0016,1,122.94,0.0
OI00003257,O0001866,P0028,1,321.86,0.0
OI00003258,O0001866,P0022,2,329.95,0.0
OI00003259,O0001866,P0020,1,695.79,0.0
OI00003260,O0001866,P0029,2,300.03,0.0
OI00003261,O0001866,P0034,1,432.96,0.0
OI00003262,O0001867,P0025,1,609.64,0.0
OI00003263,O0001868,P0028,1,314.74,0.0
OI00003264,O0001868,P0051,1,75.4,0.0
OI00003265,O0001868,P0010,1,160.02,0.0
OI00003266,O0001869,P0043,1,45.07,0.0
OI00003267,O0001870,P0043,2,46.58,0.0
OI00003268,O0001871,P0003,1,80.33,10.56
OI00003269,O0001871,P0023,1,125.11,10.52
OI00003270,O0001871,P0024,1,768.23,37.29
OI00003271,O0001872,P0046,1,18.96,0.0
OI00003272,O0001872,P0024,1,804.36,0.0
OI00003273,O0001873,P0025,1,631.35,0.0
OI00003274,O0001873,P0038,2,267.49,0.0
OI00003275,O0001874,P0003,1,83.6,0.0
OI00003276,O0001874,P0057,2,165.63,0.0
OI00003277,O0001875,P0041,1,30.73,0.0
OI00003278,O0001876,P0042,2,131.53,34.49
OI00003279,O0001876,P0013,1,99.7,13.2
OI00003280,O0001876,P0039,1,331.08,36.49
OI00003281,O0001877,P0028,2,319.78,26.41
OI00003282,O0001878,P0048,1,93.6,0.0
OI00003283,O0001878,P0006,2,128.2,0.0
OI00003284,O0001879,P0056,1,370.56,0.0
OI00003285,O0001880,P0023,1,122.26,0.0
OI00003286,O0001881,P0057,1,158.35,0.0
OI00003287,O0001881,P0050,1,14.5,0.0
OI00003288,O0001882,P0020,2,668.37,0.0
OI00003289,O0001882,P0028,1,315.42,0.0
OI00003290,O0001883,P0027,1,643.31,0.0
OI00003291,O0001883,P0009,1,111.32,0.0
OI00003292,O0001884,P0028,1,317.99,53.35
OI00003293,O0001884,P0020,2,677.9,213.1
OI00003294,O0001884,P0001,1,147.76,22.53
OI00003295,O0001885,P0003,1,79.99,0.0
OI00003296,O0001886,P0038,1,266.45,29.11
OI00003297,O0001887,P0047,1,71.45,0.0
OI00003298,O0001888,P0032,2,419.93,0.0
OI00003299,O0001888,P0013,1,102.61,0.0
OI00003300,O0001888,P0001,1,141.94,0.0
OI00003301,O0001889,P0022,1,336.73,0.0
OI00003302,O0001890,P0045,1,154.07,25.96
OI00003303,O0001890,P0058,1,51.66,2.36
OI00003304,O0001891,P0045,1,149.76,0.0
OI00003305,O0001892,P0006,1,126.64,0.0
OI00003306,O0001892,P0054,2,140.3,0.0
OI00003307,O0001893,P0057,1,160.88,0.0
OI00003308,O0001894,P0016,1,127.14,0.0
OI00003309,O0001894,P0009,1,109.94,0.0
OI00003310,O0001894,P0002,1,83.06,0.0
OI00003311,O0001894,P0041,1,30.52,0.0
OI00003312,O0001895,P0006,1,124.5,0.0
OI00003313,O0001895,P0045,1,145.56,0.0
OI00003314,O0001895,P0040,1,466.86,0.0
OI00003315,O0001895,P0043,1,45.9,0.0
OI00003316,O0001896,P0042,1,131.04,0.0
OI00003317,O0001897,P0032,1,401.8,0.0
OI00003318,O0001897,P0003,1,79.32,0.0
OI00003319,O0001898,P0044,1,53.87,5.31
OI00003320,O0001898,P0019,2,655.55,84.15
OI00003321,O0001899,P0057,1,162.69,0.0
OI00003322,O0001899,P0019,1,676.29,0.0
OI00003323,O0001900,P0006,2,124.66,0.0
OI00003324,O0001901,P0036,1,196.02,0.0
OI00003325,O0001902,P0021,1,81.91,0.0
OI00003326,O0001902,P0020,1,662.24,0.0
OI00003327,O0001903,P0031,1,27.78,0.0
OI00003328,O0001904,P0020,1,697.4,0.0
OI00003329,O0001904,P0056,1,368.84,0.0
OI00003330,O0001905,P0006,1,124.85,15.51
OI00003331,O0001905,P0024,1,782.13,91.17
OI00003332,O0001906,P0055,2,142.82,23.59
OI00003333,O0001906,P0023,1,124.44,14.01
OI00003334,O0001907,P0038,1,269.5,0.0
OI00003335,O0001907,P0041,1,30.68,0.0
OI00003336,O0001908,P0024,1,780.15,0.0
OI00003337,O0001908,P0020,1,680.67,0.0
OI00003338,O0001909,P0023,2,121.65,0.0
OI00003339,O0001909,P0017,1,152.46,0.0
OI00003340,O0001910,P0056,1,384.28,0.0
OI00003341,O0001910,P0029,1,296.48,0.0
OI00003342,O0001911,P0033,2,425.84,0.0
OI00003343,O0001911,P0036,1,190.36,0.0
OI00003344,O0001912,P0002,1,79.51,0.0
OI00003345,O0001912,P0017,1,153.09,0.0
OI00003346,O0001913,P0049,1,142.7,0.0
OI00003347,O0001913,P0032,1,410.51,0.0
OI00003348,O0001914,P0040,1,477.44,0.0
OI00003349,O0001914,P0046,1,19.26,0.0
OI00003350,O0001915,P0026,1,86.05,0.0
OI00003351,O0001916,P0006,2,126.26,0.0
OI00003352,O0001917,P0026,1,82.74,0.0
OI00003353,O0001917,P0032,2,404.23,0.0
OI00003354,O0001918,P0027,1,637.58,0.0
OI00003355,O0001919,P0042,2,129.26,0.0
OI00003356,O0001919,P0039,1,327.95,0.0
OI00003357,O0001920,P0038,1,266.51,0.0
OI00003358,O0001921,P0020,1,660.85,85.43
OI00003359,O0001921,P0040,1,480.46,81.43
OI00003360,O0001922,P0018,3,372.83,0.0
OI00003361,O0001922,P0038,1,272.8,0.0
OI00003362,O0001923,P0024,1,790.21,0.0
OI00003363,O0001923,P0003,1,82.97,0.0
OI00003364,O0001923,P0058,1,51.5,0.0
OI00003365,O0001924,P0004,1,77.15,0.0
OI00003366,O0001925,P0002,2,81.97,0.0
OI00003367,O0001925,P0043,1,44.49,0.0
OI00003368,O0001926,P0017,1,151.57,0.0
OI00003369,O0001927,P0019,2,686.07,0.0
OI00003370,O0001927,P0020,1,664.23,0.0
OI00003371,O0001928,P0009,1,110.8,13.6
OI00003372,O0001928,P0056,2,381.63,115.39
OI00003373,O0001929,P0054,1,135.83,17.88
OI00003374,O0001930,P0059,2,63.49,0.0
OI00003375,O0001931,P0023,1,119.71,20.82
OI00003376,O0001932,P0043,1,46.44,0.0
OI00003377,O0001933,P0060,1,453.03,0.0
OI00003378,O0001934,P0032,1,401.7,0.0
OI00003379,O0001934,P0058,1,49.9,0.0
OI00003380,O0001934,P0015,1,62.05,0.0
OI00003381,O0001935,P0038,1,260.95,0.0
OI00003382,O0001936,P0027,1,642.57,0.0
OI00003383,O0001936,P0006,1,125.06,0.0
OI00003384,O0001937,P0038,2,263.26,0.0
OI00003385,O0001937,P0016,1,126.44,0.0
OI00003386,O0001937,P0040,1,477.54,0.0
OI00003387,O0001938,P0003,1,80.12,0.0
OI00003388,O0001938,P0001,1,148.11,0.0
OI00003389,O0001938,P0022,1,339.66,0.0
OI00003390,O0001939,P0023,1,119.92,0.0
OI00003391,O0001940,P0020,1,695.11,0.0
OI00003392,O0001940,P0005,1,68.07,0.0
OI00003393,O0001941,P0058,1,51.96,0.0
OI00003394,O0001941,P0046,1,19.13,0.0
OI00003395,O0001941,P0001,2,142.67,0.0
OI00003396,O0001941,P0043,1,46.97,0.0
OI00003397,O0001942,P0017,1,151.02,0.0
OI00003398,O0001943,P0036,2,190.78,0.0
OI00003399,O0001944,P0024,1,785.47,0.0
OI00003400,O0001944,P0003,1,83.36,0.0
OI00003401,O0001945,P0020,1,690.76,111.12
OI00003402,O0001946,P0055,1,149.55,0.0
OI00003403,O0001946,P0019,1,658.75,0.0
OI00003404,O0001946,P0045,1,152.67,0.0
OI00003405,O0001947,P0052,1,411.77,0.0
OI00003406,O0001948,P0045,1,151.71,0.0
OI00003407,O0001949,P0030,1,249.63,0.0
OI00003408,O0001949,P0017,1,155.86,0.0
OI00003409,O0001950,P0024,1,784.83,0.0
OI00003410,O0001950,P0009,1,112.4,0.0
OI00003411,O0001951,P0027,1,629.97,0.0
OI00003412,O0001952,P0041,1,30.67,2.78
OI00003413,O0001952,P0009,1,113.46,16.16
OI00003414,O0001953,P0050,1,13.86,0.0
OI00003415,O0001954,P0049,1,142.88,0.0
OI00003416,O0001954,P0002,1,79.9,0.0
OI00003417,O0001955,P0055,1,144.0,9.21
OI00003418,O0001956,P0006,1,121.4,0.0
OI00003419,O0001957,P0026,1,86.09,13.0
OI00003420,O0001957,P0039,1,325.94,33.79
OI00003421,O0001958,P0018,1,360.32,0.0
OI00003422,O0001958,P0017,1,155.18,0.0
OI00003423,O0001959,P0005,1,65.1,0.0
OI00003424,O0001960,P0056,1,367.28,0.0
OI00003425,O0001961,P0057,2,162.54,0.0
OI00003426,O0001961,P0020,1,678.08,0.0
OI00003427,O0001962,P0033,1,427.61,0.0
OI00003428,O0001962,P0005,2,67.94,0.0
OI00003429,O0001962,P0040,1,486.16,0.0
OI00003430,O0001962,P0003,1,80.94,0.0
OI00003431,O0001963,P0056,1,380.54,0.0
OI00003432,O0001963,P0006,2,124.59,0.0
OI00003433,O0001963,P0019,1,661.63,0.0
OI00003434,O0001964,P0032,1,410.33,0.0
OI00003435,O0001964,P0020,1,671.16,0.0
OI00003436,O0001965,P0013,1,103.84,6.61
OI00003437,O0001965,P0014,1,136.88,9.71
OI00003438,O0001966,P0036,1,188.3,0.0
OI00003439,O0001967,P0004,1,75.96,0.0
OI00003440,O0001967,P0039,1,325.0,0.0
OI00003441,O0001968,P0059,1,61.33,0.0
OI00003442,O0001969,P0017,1,152.79,18.33
OI00003443,O0001970,P0027,1,643.1,99.21
OI00003444,O0001970,P0060,1,443.47,33.02
OI00003445,O0001971,P0054,1,133.88,0.0
OI00003446,O0001971,P0003,1,82.29,0.0
OI00003447,O0001972,P0042,2,128.7,30.75
OI00003448,O0001972,P0003,1,83.55,13.77
OI00003449,O0001973,P0004,1,78.05,0.0
OI00003450,O0001973,P0049,1,140.03,0.0
OI00003451,O0001974,P0030,1,250.94,0.0
OI00003452,O0001974,P0041,1,30.92,0.0
OI00003453,O0001975,P0013,1,101.58,0.0
OI00003454,O0001975,P0030,1,258.09,0.0
OI00003455,O0001975,P0031,1,28.95,0.0
OI00003456,O0001975,P0038,1,267.22,0.0
OI00003457,O0001976,P0051,1,75.48,0.0
OI00003458,O0001977,P0040,2,479.53,0.0
OI00003459,O0001978,P0045,1,146.34,0.0
OI00003460,O0001979,P0003,1,80.76,0.0
OI00003461,O0001979,P0028,1,317.1,0.0
OI00003462,O0001980,P0042,1,133.74,0.0
OI00003463,O0001981,P0005,2,66.21,0.0
OI00003464,O0001982,P0055,1,145.47,21.82
OI00003465,O0001982,P0020,1,666.23,39.14
OI00003466,O0001982,P0038,2,272.21,57.86
OI00003467,O0001983,P0054,1,138.6,23.41
OI00003468,O0001984,P0056,1,365.9,0.0
OI00003469,O0001984,P0034,1,419.16,0.0
OI00003470,O0001985,P0011,1,137.39,0.0
OI00003471,O0001986,P0021,1,83.19,0.0
OI00003472,O0001987,P0039,1,318.87,0.0
OI00003473,O0001987,P0012,1,29.12,0.0
OI00003474,O0001987,P0007,1,112.19,0.0
OI00003475,O0001987,P0024,1,812.97,0.0
OI00003476,O0001988,P0056,1,373.81,0.0
OI00003477,O0001988,P0016,1,125.73,0.0
OI00003478,O0001989,P0015,2,61.18,8.35
OI00003479,O0001989,P0057,1,162.28,6.91
OI00003480,O0001990,P0037,1,65.88,5.96
OI00003481,O0001991,P0053,1,550.02,0.0
OI00003482,O0001992,P0005,1,66.82,0.0
OI00003483,O0001992,P0056,1,374.51,0.0
OI00003484,O0001993,P0045,1,145.57,0.0
OI00003485,O0001993,P0049,1,140.33,0.0
OI00003486,O0001994,P0045,1,146.81,0.0
OI00003487,O0001994,P0058,1,50.86,0.0
OI00003488,O0001995,P0035,1,280.66,0.0
OI00003489,O0001995,P0016,1,126.32,0.0
OI00003490,O0001996,P0005,1,64.98,0.0
OI00003491,O0001997,P0011,1,143.64,21.37
OI00003492,O0001997,P0020,1,694.8,31.15
OI00003493,O0001998,P0029,1,290.96,0.0
OI00003494,O0001999,P0049,1,143.51,0.0
OI00003495,O0002000,P0005,1,67.25,9.37
OI00003496,O0002000,P0031,1,27.69,3.46
OI00003497,O0002000,P0023,1,121.31,21.26
OI00003498,O0002001,P0057,1,163.46,0.0
OI00003499,O0002002,P0008,1,86.58,0.0
OI00003500,O0002003,P0030,1,255.74,0.0
OI00003501,O0002003,P0018,1,378.07,0.0
OI00003502,O0002004,P0003,1,81.98,0.0
OI00003503,O0002005,P0003,1,81.97,0.0
OI00003504,O0002005,P0049,1,140.64,0.0
OI00003505,O0002006,P0029,1,299.85,29.95
OI00003506,O0002006,P0040,1,485.49,67.84
OI00003507,O0002007,P0017,1,157.6,0.0
OI00003508,O0002008,P0017,1,157.33,0.0
OI00003509,O0002009,P0017,1,158.27,0.0
OI00003510,O0002009,P0003,1,82.05,0.0
OI00003511,O0002010,P0029,1,293.02,0.0
OI00003512,O0002011,P0012,3,29.7,0.0
OI00003513,O0002011,P0041,1,31.37,0.0
OI00003514,O0002011,P0006,1,128.37,0.0
OI00003515,O0002012,P0044,1,52.76,5.67
OI00003516,O0002013,P0026,1,82.27,0.0
OI00003517,O0002014,P0029,1,287.66,0.0
OI00003518,O0002015,P0020,1,686.46,0.0
OI00003519,O0002016,P0048,1,92.69,0.0
OI00003520,O0002017,P0003,1,82.59,0.0
OI00003521,O0002017,P0054,1,139.92,0.0
OI00003522,O0002018,P0055,1,143.68,0.0
OI00003523,O0002019,P0028,1,327.49,0.0
OI00003524,O0002020,P0032,1,418.91,18.92
OI00003525,O0002020,P0056,2,362.89,88.35
OI00003526,O0002021,P0038,1,266.79,14.0
OI00003527,O0002021,P0050,2,14.52,3.7
OI00003528,O0002021,P0033,1,430.2,31.5
OI00003529,O0002021,P0023,1,125.09,21.65
OI00003530,O0002021,P0001,2,144.22,16.13
OI00003531,O0002022,P0005,1,67.29,9.66
OI00003532,O0002023,P0036,1,191.27,0.0
OI00003533,O0002023,P0001,1,144.57,0.0
OI00003534,O0002023,P0038,2,261.23,0.0
OI00003535,O0002024,P0040,1,493.51,0.0
OI00003536,O0002024,P0050,1,14.55,0.0
OI00003537,O0002025,P0043,2,44.41,0.0
OI00003538,O0002025,P0029,1,296.83,0.0
OI00003539,O0002026,P0016,1,126.44,0.0
OI00003540,O0002027,P0059,1,61.12,7.56
OI00003541,O0002027,P0041,2,31.83,10.76
OI00003542,O0002027,P0006,2,125.26,25.14
OI00003543,O0002028,P0008,1,88.54,6.9
OI00003544,O0002028,P0016,1,122.78,8.33
OI00003545,O0002028,P0003,1,80.57,7.3
OI00003546,O0002028,P0040,1,486.88,69.54
OI00003547,O0002028,P0032,1,402.74,61.5
OI00003548,O0002029,P0011,1,144.43,0.0
OI00003549,O0002030,P0057,1,158.47,7.77
OI00003550,O0002030,P0001,1,146.43,10.16
OI00003551,O0002031,P0022,1,329.16,55.09
OI00003552,O0002031,P0032,1,399.65,60.16
OI00003553,O0002031,P0043,1,46.5,4.75
OI00003554,O0002032,P0019,2,669.05,0.0
OI00003555,O0002032,P0050,1,14.1,0.0
OI00003556,O0002032,P0036,1,197.36,0.0
OI00003557,O0002032,P0043,1,44.31,0.0
OI00003558,O0002033,P0040,1,489.96,0.0
OI00003559,O0002034,P0001,1,141.96,0.0
OI00003560,O0002034,P0049,1,140.59,0.0
OI00003561,O0002035,P0021,1,85.16,0.0
OI00003562,O0002036,P0028,1,327.31,0.0
OI00003563,O0002037,P0006,1,124.51,6.39
OI00003564,O0002038,P0036,1,193.3,0.0
OI00003565,O0002038,P0058,1,50.13,0.0
OI00003566,O0002038,P0046,1,18.74,0.0
OI00003567,O0002039,P0038,2,270.58,39.23
OI00003568,O0002040,P0045,1,147.19,0.0
OI00003569,O0002041,P0045,1,153.51,0.0
OI00003570,O0002041,P0032,1,408.86,0.0
OI00003571,O0002042,P0006,1,122.7,0.0
OI00003572,O0002043,P0022,1,332.16,0.0
OI00003573,O0002044,P0060,1,458.78,0.0
OI00003574,O0002044,P0020,1,696.69,0.0
OI00003575,O0002045,P0041,1,30.73,0.0
OI00003576,O0002045,P0016,1,124.57,0.0
OI00003577,O0002046,P0018,1,363.85,39.81
OI00003578,O0002046,P0030,1,254.87,37.94
OI00003579,O0002047,P0050,1,14.26,1.63
OI00003580,O0002047,P0042,1,134.27,8.2
OI00003581,O0002048,P0022,1,346.57,0.0
OI00003582,O0002048,P0003,1,82.66,0.0
OI00003583,O0002049,P0060,2,452.86,0.0
OI00003584,O0002049,P0034,1,433.05,0.0
OI00003585,O0002050,P0032,1,410.14,51.66
OI00003586,O0002051,P0042,2,127.96,11.39
OI00003587,O0002051,P0049,2,145.17,45.04
OI00003588,O0002052,P0011,1,139.9,0.0
OI00003589,O0002053,P0037,1,66.48,0.0
OI00003590,O0002053,P0039,1,330.41,0.0
OI00003591,O0002054,P0018,1,370.04,0.0
OI00003592,O0002054,P0004,1,75.95,0.0
OI00003593,O0002055,P0003,1,82.35,5.6
OI00003594,O0002056,P0045,3,153.6,0.0
OI00003595,O0002057,P0023,1,119.87,0.0
OI00003596,O0002058,P0023,1,123.71,11.55
OI00003597,O0002059,P0003,1,83.16,0.0
OI00003598,O0002060,P0042,1,128.74,0.0
OI00003599,O0002061,P0039,1,326.93,46.63
OI00003600,O0002061,P0027,2,622.41,132.04
OI00003601,O0002062,P0019,2,654.58,0.0
OI00003602,O0002062,P0014,1,136.48,0.0
OI00003603,O0002063,P0058,1,50.68,0.0
OI00003604,O0002063,P0034,1,414.8,0.0
OI00003605,O0002063,P0032,1,400.04,0.0
OI00003606,O0002064,P0033,1,424.49,0.0
OI00003607,O0002064,P0018,2,370.58,0.0
OI00003608,O0002064,P0038,1,261.6,0.0
OI00003609,O0002064,P0026,1,84.95,0.0
OI00003610,O0002065,P0001,2,147.36,16.33
OI00003611,O0002066,P0008,1,87.47,0.0
OI00003612,O0002066,P0017,1,155.06,0.0
OI00003613,O0002066,P0041,1,31.22,0.0
OI00003614,O0002067,P0028,1,325.57,0.0
OI00003615,O0002067,P0047,1,70.55,0.0
OI00003616,O0002068,P0010,1,157.51,0.0
OI00003617,O0002068,P0017,2,155.52,0.0
OI00003618,O0002068,P0032,1,397.94,0.0
OI00003619,O0002069,P0013,2,100.03,0.0
OI00003620,O0002069,P0005,2,66.49,0.0
OI00003621,O0002070,P0054,1,133.32,0.0
OI00003622,O0002070,P0024,1,766.54,0.0
OI00003623,O0002071,P0001,1,142.93,0.0
OI00003624,O0002071,P0020,1,676.12,0.0
OI00003625,O0002072,P0001,1,147.19,0.0
OI00003626,O0002073,P0052,1,417.55,52.54
OI00003627,O0002074,P0025,1,618.25,33.31
OI00003628,O0002074,P0003,1,80.14,8.12
OI00003629,O0002075,P0010,1,161.95,0.0
OI00003630,O0002076,P0006,2,126.45,15.18
OI00003631,O0002076,P0042,1,134.17,7.13
OI00003632,O0002077,P0014,1,131.23,5.6
OI00003633,O0002077,P0054,1,137.49,17.15
OI00003634,O0002078,P0001,1,141.33,0.0
OI00003635,O0002078,P0003,2,80.62,0.0
OI00003636,O0002078,P0013,2,99.53,0.0
OI00003637,O0002079,P0038,1,264.25,0.0
OI00003638,O0002079,P0004,1,75.76,0.0
OI00003639,O0002080,P0002,1,81.74,0.0
OI00003640,O0002081,P0001,1,148.02,0.0
OI00003641,O0002081,P0002,1,82.06,0.0
OI00003642,O0002081,P0003,2,80.64,0.0
OI00003643,O0002082,P0013,1,102.76,0.0
OI00003644,O0002082,P0022,1,333.77,0.0
OI00003645,O0002082,P0024,1,799.29,0.0
OI00003646,O0002082,P0029,1,283.89,0.0
OI00003647,O0002083,P0045,1,154.21,0.0
OI00003648,O0002083,P0039,1,320.93,0.0
OI00003649,O0002084,P0038,1,263.37,23.6
OI00003650,O0002085,P0001,1,142.56,0.0
OI00003651,O0002086,P0041,1,31.31,0.0
OI00003652,O0002086,P0043,1,46.33,0.0
OI00003653,O0002087,P0033,1,426.59,0.0
OI00003654,O0002087,P0047,1,70.94,0.0
OI00003655,O0002088,P0058,1,50.96,4.19
OI00003656,O0002089,P0013,1,100.54,0.0
OI00003657,O0002090,P0002,1,81.66,0.0
OI00003658,O0002091,P0057,1,166.38,24.21
OI00003659,O0002092,P0029,1,290.29,0.0
OI00003660,O0002092,P0022,1,335.33,0.0
OI00003661,O0002093,P0006,1,121.77,0.0
OI00003662,O0002093,P0046,1,19.37,0.0
OI00003663,O0002094,P0026,1,82.05,0.0
OI00003664,O0002094,P0057,1,166.36,0.0
OI00003665,O0002094,P0027,1,626.53,0.0
OI00003666,O0002095,P0045,1,150.47,11.26
OI00003667,O0002095,P0044,1,53.14,2.66
OI00003668,O0002096,P0060,1,441.82,0.0
OI00003669,O0002097,P0005,1,66.57,0.0
OI00003670,O0002098,P0056,1,380.81,0.0
OI00003671,O0002098,P0022,1,338.76,0.0
OI00003672,O0002098,P0029,1,290.6,0.0
OI00003673,O0002098,P0047,1,68.76,0.0
OI00003674,O0002098,P0018,2,357.02,0.0
OI00003675,O0002099,P0026,1,82.53,0.0
OI00003676,O0002099,P0021,1,84.39,0.0
OI00003677,O0002100,P0030,2,259.69,0.0
OI00003678,O0002100,P0058,1,50.51,0.0
OI00003679,O0002101,P0039,1,327.59,0.0
OI00003680,O0002101,P0026,2,84.9,0.0
OI00003681,O0002101,P0013,2,98.83,0.0
OI00003682,O0002102,P0031,1,27.56,0.0
OI00003683,O0002102,P0001,1,148.24,0.0
OI00003684,O0002103,P0018,1,376.2,0.0
OI00003685,O0002104,P0021,1,81.05,12.16
OI00003686,O0002104,P0009,1,108.31,15.49
OI00003687,O0002105,P0038,1,261.28,0.0
OI00003688,O0002105,P0003,1,82.2,0.0
OI00003689,O0002106,P0016,1,126.85,0.0
OI00003690,O0002106,P0005,2,66.22,0.0
OI00003691,O0002107,P0026,1,84.72,8.02
OI00003692,O0002108,P0003,1,81.46,0.0
OI00003693,O0002109,P0026,1,85.54,0.0
OI00003694,O0002110,P0018,2,361.84,0.0
OI00003695,O0002111,P0029,1,286.55,36.85
OI00003696,O0002111,P0041,1,31.77,4.9
OI00003697,O0002112,P0043,1,45.46,0.0
OI00003698,O0002112,P0060,2,440.15,0.0
OI00003699,O0002113,P0050,1,14.28,0.0
OI00003700,O0002113,P0043,1,45.03,0.0
OI00003701,O0002114,P0042,1,131.45,0.0
OI00003702,O0002114,P0008,1,87.15,0.0
OI00003703,O0002115,P0055,1,144.39,24.47
OI00003704,O0002115,P0045,1,153.49,12.83
OI00003705,O0002116,P0045,1,148.6,0.0
OI00003706,O0002116,P0007,1,109.18,0.0
OI00003707,O0002116,P0038,1,265.03,0.0
OI00003708,O0002116,P0032,2,416.42,0.0
OI00003709,O0002117,P0010,1,160.66,0.0
OI00003710,O0002117,P0042,1,133.0,0.0
OI00003711,O0002117,P0060,1,452.44,0.0
OI00003712,O0002118,P0038,1,261.22,0.0
OI00003713,O0002119,P0045,1,150.89,25.96
OI00003714,O0002120,P0054,1,133.29,0.0
OI00003715,O0002121,P0059,1,62.64,0.0
OI00003716,O0002121,P0023,1,124.99,0.0
OI00003717,O0002122,P0036,1,188.39,0.0
OI00003718,O0002123,P0030,1,259.2,0.0
OI00003719,O0002123,P0003,1,82.55,0.0
OI00003720,O0002124,P0005,1,67.47,0.0
OI00003721,O0002124,P0041,1,31.25,0.0
OI00003722,O0002125,P0041,1,31.53,0.0
OI00003723,O0002125,P0038,2,264.27,0.0
OI00003724,O0002126,P0038,1,273.09,0.0
OI00003725,O0002126,P0016,1,121.09,0.0
OI00003726,O0002126,P0039,2,330.5,0.0
OI00003727,O0002127,P0055,1,144.63,0.0
OI00003728,O0002127,P0013,1,99.26,0.0
OI00003729,O0002128,P0022,1,345.49,23.59
OI00003730,O0002129,P0040,1,488.0,0.0
OI00003731,O0002130,P0044,1,54.66,0.0
OI00003732,O0002130,P0041,2,30.33,0.0
OI00003733,O0002131,P0013,1,100.39,0.0
OI00003734,O0002131,P0029,1,286.07,0.0
OI00003735,O0002132,P0047,1,70.98,0.0
OI00003736,O0002132,P0009,1,110.87,0.0
OI00003737,O0002132,P0030,1,254.08,0.0
OI00003738,O0002133,P0018,1,364.91,0.0
OI00003739,O0002134,P0006,1,123.54,19.69
OI00003740,O0002134,P0032,1,401.88,24.77
OI00003741,O0002134,P0027,1,638.48,27.12
OI00003742,O0002135,P0003,1,80.28,0.0
OI00003743,O0002136,P0023,1,121.89,5.77
OI00003744,O0002136,P0009,1,108.08,14.93
OI00003745,O0002137,P0057,1,162.07,0.0
OI00003746,O0002138,P0003,1,79.29,0.0
OI00003747,O0002138,P0007,1,110.85,0.0
OI00003748,O0002139,P0018,1,371.23,0.0
OI00003749,O0002140,P0060,2,456.41,0.0
OI00003750,O0002140,P0024,1,790.45,0.0
OI00003751,O0002141,P0006,1,126.39,5.76
OI00003752,O0002142,P0045,1,148.79,0.0
OI00003753,O0002142,P0041,1,31.37,0.0
OI00003754,O0002143,P0006,1,124.56,0.0
OI00003755,O0002143,P0028,2,316.43,0.0
OI00003756,O0002144,P0005,1,67.4,9.71
OI00003757,O0002144,P0004,1,76.28,7.02
OI00003758,O0002145,P0016,1,120.66,0.0
OI00003759,O0002146,P0042,1,132.77,0.0
OI00003760,O0002146,P0050,1,14.38,0.0
OI00003761,O0002147,P0009,1,111.24,14.62
OI00003762,O0002147,P0007,1,111.58,19.28
OI00003763,O0002148,P0022,1,347.28,0.0
OI00003764,O0002148,P0011,1,143.08,0.0
OI00003765,O0002149,P0006,2,126.97,0.0
OI00003766,O0002150,P0050,1,14.2,0.0
OI00003767,O0002151,P0050,1,14.09,0.0
OI00003768,O0002151,P0025,1,623.21,0.0
OI00003769,O0002151,P0014,1,132.94,0.0
OI00003770,O0002152,P0054,1,139.89,0.0
OI00003771,O0002153,P0060,1,453.71,0.0
OI00003772,O0002154,P0029,1,294.0,43.01
OI00003773,O0002155,P0004,1,76.88,10.94
OI00003774,O0002155,P0042,1,133.69,12.98
OI00003775,O0002156,P0019,1,687.44,71.07
OI00003776,O0002156,P0060,1,456.13,21.46
OI00003777,O0002157,P0014,2,131.74,0.0
OI00003778,O0002157,P0009,1,111.47,0.0
OI00003779,O0002158,P0011,1,138.49,0.0
OI00003780,O0002158,P0016,1,122.08,0.0
OI00003781,O0002158,P0049,1,139.77,0.0
OI00003782,O0002158,P0039,1,321.24,0.0
OI00003783,O0002159,P0004,2,74.81,0.0
OI00003784,O0002159,P0038,1,268.75,0.0
OI00003785,O0002160,P0038,1,272.43,0.0
OI00003786,O0002161,P0036,1,190.88,0.0
OI00003787,O0002162,P0033,1,427.12,43.68
OI00003788,O0002162,P0032,1,399.36,51.66
OI00003789,O0002162,P0037,1,63.87,9.17
OI00003790,O0002162,P0018,1,374.15,20.55
OI00003791,O0002163,P0021,1,84.08,5.04
OI00003792,O0002164,P0022,1,348.0,0.0
OI00003793,O0002164,P0007,1,113.19,0.0
OI00003794,O0002164,P0054,1,137.8,0.0
OI00003795,O0002165,P0034,1,413.95,46.79
OI00003796,O0002166,P0003,1,81.68,14.42
OI00003797,O0002167,P0010,1,161.36,0.0
OI00003798,O0002168,P0003,1,79.46,0.0
OI00003799,O0002168,P0048,1,94.78,0.0
OI00003800,O0002168,P0005,1,67.37,0.0
OI00003801,O0002168,P0015,1,62.2,0.0
OI00003802,O0002169,P0021,1,83.8,0.0
OI00003803,O0002169,P0013,1,102.37,0.0
OI00003804,O0002169,P0054,1,136.99,0.0
OI00003805,O0002170,P0020,1,665.29,0.0
OI00003806,O0002170,P0035,1,283.77,0.0
OI00003807,O0002171,P0003,2,82.1,0.0
OI00003808,O0002171,P0026,1,86.34,0.0
OI00003809,O0002172,P0038,2,273.6,41.96
OI00003810,O0002172,P0011,1,137.72,11.55
OI00003811,O0002172,P0039,1,327.71,27.83
OI00003812,O0002172,P0040,1,471.95,20.81
OI00003813,O0002173,P0018,2,374.75,50.07
OI00003814,O0002174,P0006,1,124.07,0.0
OI00003815,O0002175,P0060,2,438.03,0.0
OI00003816,O0002176,P0036,1,188.38,0.0
OI00003817,O0002176,P0019,1,661.73,0.0
OI00003818,O0002176,P0059,1,62.67,0.0
OI00003819,O0002177,P0006,1,126.34,7.34
OI00003820,O0002178,P0040,1,477.37,0.0
OI00003821,O0002178,P0016,1,127.22,0.0
OI00003822,O0002179,P0038,2,270.18,0.0
OI00003823,O0002179,P0012,2,28.43,0.0
OI00003824,O0002180,P0046,1,19.61,0.0
OI00003825,O0002181,P0023,1,119.38,0.0
OI00003826,O0002182,P0032,2,416.9,0.0
OI00003827,O0002182,P0049,1,141.91,0.0
OI00003828,O0002183,P0003,1,79.68,0.0
OI00003829,O0002184,P0003,1,81.29,0.0
OI00003830,O0002184,P0023,1,124.52,0.0
OI00003831,O0002185,P0036,1,189.46,21.25
OI00003832,O0002185,P0020,1,688.74,65.9
OI00003833,O0002186,P0009,2,108.5,33.94
OI00003834,O0002186,P0023,1,123.88,5.14
OI00003835,O0002187,P0045,1,146.59,9.64
OI00003836,O0002188,P0011,1,144.1,0.0
OI00003837,O0002188,P0025,1,623.77,0.0
OI00003838,O0002189,P0020,1,674.54,0.0
OI00003839,O0002189,P0006,1,122.68,0.0
OI00003840,O0002190,P0019,1,675.81,0.0
OI00003841,O0002191,P0004,2,76.7,0.0
OI00003842,O0002191,P0026,1,85.78,0.0
OI00003843,O0002191,P0019,1,688.68,0.0
OI00003844,O0002192,P0011,1,142.35,0.0
OI00003845,O0002192,P0041,1,30.35,0.0
OI00003846,O0002193,P0043,1,46.43,0.0
OI00003847,O0002194,P0006,1,121.81,0.0
OI00003848,O0002195,P0023,1,123.69,0.0
OI00003849,O0002196,P0016,2,124.2,28.98
OI00003850,O0002197,P0006,1,126.5,0.0
OI00003851,O0002197,P0004,1,74.98,0.0
OI00003852,O0002197,P0045,1,146.29,0.0
OI00003853,O0002198,P0029,2,287.18,0.0
OI00003854,O0002198,P0028,1,318.66,0.0
OI00003855,O0002199,P0055,1,145.16,0.0
OI00003856,O0002200,P0024,1,776.81,0.0
OI00003857,O0002200,P0002,1,81.64,0.0
OI00003858,O0002200,P0012,1,28.68,0.0
OI00003859,O0002201,P0044,1,54.7,0.0
OI00003860,O0002202,P0003,1,83.27,12.56
OI00003861,O0002203,P0052,1,406.07,0.0
OI00003862,O0002203,P0020,1,675.3,0.0
OI00003863,O0002204,P0059,1,62.03,5.16
OI00003864,O0002204,P0060,2,453.48,148.23
OI00003865,O0002205,P0041,1,30.88,0.0
OI00003866,O0002205,P0003,1,81.82,0.0
OI00003867,O0002205,P0050,1,14.6,0.0
OI00003868,O0002206,P0003,1,81.12,0.0
OI00003869,O0002206,P0043,1,46.77,0.0
OI00003870,O0002206,P0017,1,150.82,0.0
OI00003871,O0002207,P0022,1,339.0,0.0
OI00003872,O0002207,P0056,1,377.61,0.0
OI00003873,O0002207,P0004,1,77.85,0.0
OI00003874,O0002207,P0005,1,68.66,0.0
OI00003875,O0002208,P0032,1,411.89,0.0
OI00003876,O0002209,P0027,1,619.6,0.0
OI00003877,O0002209,P0056,1,377.9,0.0
OI00003878,O0002209,P0025,1,607.64,0.0
OI00003879,O0002209,P0060,1,447.01,0.0
OI00003880,O0002209,P0028,1,319.32,0.0
OI00003881,O0002210,P0041,2,30.15,0.0
OI00003882,O0002211,P0027,1,633.11,89.68
OI00003883,O0002212,P0041,1,30.92,0.0
OI00003884,O0002213,P0041,1,31.44,0.0
OI00003885,O0002214,P0049,1,146.61,0.0
OI00003886,O0002214,P0056,1,377.84,0.0
OI00003887,O0002215,P0016,1,125.66,20.25
OI00003888,O0002216,P0054,1,137.36,7.94
OI00003889,O0002216,P0003,2,82.9,16.1
OI00003890,O0002217,P0003,1,81.06,0.0
OI00003891,O0002217,P0033,1,439.12,0.0
OI00003892,O0002218,P0001,1,143.6,21.61
OI00003893,O0002219,P0047,2,68.88,0.0
OI00003894,O0002220,P0020,1,691.53,0.0
OI00003895,O0002220,P0033,1,443.77,0.0
OI00003896,O0002221,P0051,1,74.74,0.0
OI00003897,O0002221,P0056,2,370.3,0.0
OI00003898,O0002222,P0052,1,400.68,0.0
OI00003899,O0002223,P0043,1,46.75,0.0
OI00003900,O0002223,P0052,2,400.4,0.0
OI00003901,O0002224,P0038,1,267.87,0.0
OI00003902,O0002225,P0009,1,109.97,0.0
OI00003903,O0002225,P0043,1,44.55,0.0
OI00003904,O0002226,P0025,1,620.86,49.95
OI00003905,O0002227,P0023,1,121.29,0.0
OI00003906,O0002228,P0001,1,146.27,0.0
OI00003907,O0002228,P0049,1,140.84,0.0
OI00003908,O0002229,P0052,1,398.77,0.0
OI00003909,O0002230,P0005,1,67.58,0.0
OI00003910,O0002230,P0010,1,158.34,0.0
OI00003911,O0002231,P0056,2,364.18,0.0
OI00003912,O0002232,P0030,1,259.01,0.0
OI00003913,O0002233,P0044,1,52.72,3.79
OI00003914,O0002234,P0013,1,100.19,13.06
OI00003915,O0002234,P0002,1,81.4,7.83
OI00003916,O0002235,P0042,1,134.9,0.0
OI00003917,O0002236,P0038,1,267.36,0.0
OI00003918,O0002237,P0039,1,330.35,0.0
OI00003919,O0002238,P0038,1,271.41,11.64
OI00003920,O0002239,P0043,2,46.53,0.0
OI00003921,O0002240,P0051,1,74.57,6.26
OI00003922,O0002240,P0027,1,624.62,44.4
OI00003923,O0002240,P0038,1,265.91,13.11
OI00003924,O0002241,P0003,1,80.39,0.0
OI00003925,O0002241,P0050,1,13.91,0.0
OI00003926,O0002241,P0035,1,290.17,0.0
OI00003927,O0002242,P0055,1,145.93,0.0
OI00003928,O0002243,P0043,1,44.52,3.32
OI00003929,O0002244,P0056,1,363.25,0.0
OI00003930,O0002245,P0006,2,122.9,33.9
OI00003931,O0002246,P0057,2,157.33,46.04
OI00003932,O0002247,P0022,1,329.95,0.0
OI00003933,O0002248,P0045,2,153.18,0.0
OI00003934,O0002248,P0049,1,138.74,0.0
OI00003935,O0002248,P0030,1,247.27,0.0
OI00003936,O0002249,P0041,1,30.17,0.0
OI00003937,O0002250,P0045,1,152.01,18.2
OI00003938,O0002250,P0003,1,82.67,6.4
OI00003939,O0002251,P0019,2,658.56,0.0
OI00003940,O0002252,P0057,1,160.68,0.0
OI00003941,O0002252,P0001,1,145.53,0.0
OI00003942,O0002253,P0030,1,246.58,0.0
OI00003943,O0002253,P0056,1,376.6,0.0
OI00003944,O0002254,P0003,1,82.35,0.0
OI00003945,O0002255,P0016,1,122.83,0.0
OI00003946,O0002256,P0054,1,133.66,13.4
OI00003947,O0002257,P0024,1,796.89,0.0
OI00003948,O0002258,P0060,1,454.17,0.0
OI00003949,O0002259,P0019,1,664.24,0.0
OI00003950,O0002259,P0054,1,134.62,0.0
OI00003951,O0002260,P0026,2,85.66,0.0
OI00003952,O0002261,P0027,2,621.16,0.0
OI00003953,O0002261,P0005,1,67.86,0.0
OI00003954,O0002262,P0047,1,71.89,0.0
OI00003955,O0002262,P0034,1,428.32,0.0
OI00003956,O0002263,P0046,1,19.33,0.0
OI00003957,O0002264,P0027,1,621.98,0.0
OI00003958,O0002264,P0007,1,107.58,0.0
OI00003959,O0002264,P0005,1,68.0,0.0
OI00003960,O0002265,P0033,1,432.53,0.0
OI00003961,O0002265,P0006,1,124.27,0.0
OI00003962,O0002266,P0060,1,454.25,0.0
OI00003963,O0002267,P0055,1,150.58,0.0
OI00003964,O0002268,P0038,2,269.31,0.0
OI00003965,O0002269,P0004,1,75.31,7.95
OI00003966,O0002270,P0024,1,770.36,0.0
OI00003967,O0002270,P0057,1,163.9,0.0
OI00003968,O0002270,P0041,1,30.45,0.0
OI00003969,O0002271,P0038,1,268.99,0.0
OI00003970,O0002272,P0019,1,683.44,0.0
OI00003971,O0002273,P0023,2,121.1,0.0
OI00003972,O0002274,P0020,1,666.67,113.04
OI00003973,O0002275,P0028,1,320.3,0.0
OI00003974,O0002275,P0030,1,254.72,0.0
OI00003975,O0002276,P0028,1,323.4,0.0
OI00003976,O0002277,P0026,1,82.46,8.24
OI00003977,O0002278,P0030,1,254.26,0.0
OI00003978,O0002279,P0038,2,268.84,0.0
OI00003979,O0002279,P0014,1,137.85,0.0
OI00003980,O0002279,P0041,1,31.76,0.0
OI00003981,O0002280,P0013,2,100.95,11.0
OI00003982,O0002280,P0059,1,62.96,6.61
OI00003983,O0002281,P0050,1,14.61,0.0
OI00003984,O0002282,P0042,1,132.06,0.0
OI00003985,O0002282,P0005,2,65.46,0.0
OI00003986,O0002282,P0004,1,74.7,0.0
OI00003987,O0002283,P0050,1,14.13,2.42
OI00003988,O0002283,P0047,1,69.5,5.48
OI00003989,O0002284,P0018,1,373.33,0.0
OI00003990,O0002284,P0023,1,124.38,0.0
OI00003991,O0002285,P0030,1,250.63,0.0
OI00003992,O0002285,P0036,1,195.6,0.0
OI00003993,O0002286,P0042,2,128.64,24.15
OI00003994,O0002286,P0059,1,63.63,10.0
OI00003995,O0002287,P0008,1,86.51,12.34
OI00003996,O0002288,P0054,1,133.63,12.94
OI00003997,O0002289,P0054,2,141.1,0.0
OI00003998,O0002289,P0050,2,13.93,0.0
OI00003999,O0002289,P0032,1,409.66,0.0
OI00004000,O0002290,P0016,2,122.92,0.0
OI00004001,O0002291,P0002,1,80.59,10.02
OI00004002,O0002292,P0001,1,142.79,0.0
OI00004003,O0002292,P0032,1,402.13,0.0
OI00004004,O0002293,P0002,1,81.42,9.84
OI00004005,O0002294,P0043,1,45.53,2.31
OI00004006,O0002295,P0028,1,326.53,0.0
OI00004007,O0002296,P0037,1,66.84,0.0
OI00004008,O0002296,P0029,1,297.96,0.0
OI00004009,O0002296,P0016,1,126.81,0.0
OI00004010,O0002297,P0021,1,82.96,0.0
OI00004011,O0002298,P0031,1,28.5,0.0
OI00004012,O0002298,P0054,1,136.59,0.0
OI00004013,O0002299,P0054,1,133.66,0.0
OI00004014,O0002300,P0021,1,83.89,0.0
OI00004015,O0002300,P0020,1,661.06,0.0
OI00004016,O0002300,P0027,1,650.16,0.0
OI00004017,O0002301,P0018,1,364.96,53.29
OI00004018,O0002301,P0021,2,82.83,25.37
OI00004019,O0002301,P0032,1,421.07,68.97
OI00004020,O0002302,P0034,1,422.64,0.0
OI00004021,O0002303,P0036,1,187.71,15.46
OI00004022,O0002304,P0052,1,413.72,0.0
OI00004023,O0002305,P0057,1,164.77,0.0
OI00004024,O0002305,P0035,1,284.74,0.0
OI00004025,O0002305,P0030,1,248.93,0.0
OI00004026,O0002305,P0032,1,407.29,0.0
OI00004027,O0002306,P0017,1,155.14,0.0
OI00004028,O0002306,P0035,2,290.22,0.0
OI00004029,O0002306,P0038,1,269.0,0.0
OI00004030,O0002307,P0023,1,121.29,0.0
OI00004031,O0002307,P0025,1,605.6,0.0
OI00004032,O0002307,P0042,2,133.62,0.0
OI00004033,O0002308,P0001,1,143.97,7.04
OI00004034,O0002308,P0032,2,408.82,111.54
OI00004035,O0002308,P0021,1,80.83,10.89
OI00004036,O0002309,P0001,2,148.63,0.0
OI00004037,O0002309,P0033,2,434.95,0.0
OI00004038,O0002309,P0041,1,31.83,0.0
OI00004039,O0002310,P0020,1,683.52,40.76
OI00004040,O0002310,P0038,1,274.53,35.01
OI00004041,O0002311,P0001,1,147.62,0.0
OI00004042,O0002311,P0027,1,645.64,0.0
OI00004043,O0002312,P0007,1,112.81,0.0
OI00004044,O0002313,P0054,1,135.28,0.0
OI00004045,O0002314,P0003,2,79.43,0.0
OI00004046,O0002315,P0057,2,163.22,0.0
OI00004047,O0002316,P0034,1,435.02,0.0
OI00004048,O0002317,P0045,1,152.58,0.0
OI00004049,O0002318,P0016,2,120.03,0.0
OI00004050,O0002318,P0057,1,159.08,0.0
OI00004051,O0002319,P0026,1,81.88,0.0
OI00004052,O0002319,P0038,1,265.73,0.0
OI00004053,O0002319,P0019,1,689.9,0.0
OI00004054,O0002320,P0019,1,658.03,0.0
OI00004055,O0002320,P0052,2,420.37,0.0
OI00004056,O0002321,P0005,1,68.19,0.0
OI00004057,O0002322,P0052,1,408.2,0.0
OI00004058,O0002323,P0014,1,134.77,9.9
OI00004059,O0002323,P0048,1,94.17,7.35
OI00004060,O0002323,P0059,1,61.6,9.74
OI00004061,O0002324,P0017,2,155.05,0.0
OI00004062,O0002324,P0009,1,113.16,0.0
OI00004063,O0002325,P0060,1,440.45,0.0
OI00004064,O0002326,P0026,1,85.24,8.76
OI00004065,O0002327,P0050,1,14.07,0.0
OI00004066,O0002328,P0045,1,150.61,0.0
OI00004067,O0002328,P0032,2,411.97,0.0
OI00004068,O0002328,P0058,2,51.25,0.0
OI00004069,O0002329,P0044,1,53.55,7.71
OI00004070,O0002330,P0055,1,148.87,0.0
OI00004071,O0002330,P0044,1,52.74,0.0
OI00004072,O0002331,P0054,1,137.44,0.0
OI00004073,O0002331,P0040,2,471.08,0.0
OI00004074,O0002332,P0032,1,417.57,0.0
OI00004075,O0002333,P0013,2,100.05,0.0
OI00004076,O0002333,P0016,1,126.12,0.0
OI00004077,O0002334,P0020,2,668.03,188.44
OI00004078,O0002335,P0017,1,158.85,0.0
OI00004079,O0002335,P0006,3,124.22,0.0
OI00004080,O0002335,P0044,1,52.21,0.0
OI00004081,O0002336,P0049,2,145.54,0.0
OI00004082,O0002337,P0003,1,83.24,0.0
OI00004083,O0002338,P0047,2,71.43,0.0
OI00004084,O0002338,P0043,1,46.33,0.0
OI00004085,O0002338,P0049,2,139.85,0.0
OI00004086,O0002339,P0007,1,108.99,0.0
OI00004087,O0002340,P0039,1,331.09,24.52
OI00004088,O0002341,P0019,1,680.01,108.63
OI00004089,O0002342,P0043,1,44.88,0.0
OI00004090,O0002342,P0024,1,774.63,0.0
OI00004091,O0002343,P0052,1,419.16,0.0
OI00004092,O0002344,P0048,1,93.59,0.0
OI00004093,O0002345,P0056,1,378.98,0.0
OI00004094,O0002346,P0024,1,791.82,0.0
OI00004095,O0002346,P0011,1,141.06,0.0
OI00004096,O0002347,P0040,1,473.01,45.62
OI00004097,O0002348,P0046,1,19.15,0.0
OI00004098,O0002349,P0010,1,163.7,26.27
OI00004099,O0002350,P0034,1,423.94,0.0
OI00004100,O0002350,P0045,1,154.08,0.0
OI00004101,O0002351,P0009,1,107.95,0.0
OI00004102,O0002351,P0039,1,319.06,0.0
OI00004103,O0002351,P0010,2,156.21,0.0
OI00004104,O0002352,P0017,1,154.4,0.0
OI00004105,O0002352,P0035,1,287.77,0.0
OI00004106,O0002352,P0051,2,73.15,0.0
OI00004107,O0002353,P0044,1,52.22,0.0
OI00004108,O0002354,P0040,1,472.63,0.0
OI00004109,O0002354,P0052,1,411.02,0.0
OI00004110,O0002354,P0050,1,14.01,0.0
OI00004111,O0002355,P0035,2,288.77,98.19
OI00004112,O0002356,P0016,1,124.27,19.68
OI00004113,O0002357,P0001,3,142.49,55.48
OI00004114,O0002358,P0021,1,83.84,0.0
OI00004115,O0002358,P0016,1,120.84,0.0
OI00004116,O0002359,P0001,1,146.31,0.0
OI00004117,O0002359,P0022,1,344.37,0.0
OI00004118,O0002360,P0005,1,67.96,0.0
OI00004119,O0002361,P0041,1,31.76,0.0
OI00004120,O0002362,P0008,3,85.87,0.0
OI00004121,O0002362,P0024,1,766.45,0.0
OI00004122,O0002363,P0038,1,262.0,0.0
OI00004123,O0002363,P0005,1,65.68,0.0
OI00004124,O0002364,P0025,1,616.39,0.0
OI00004125,O0002364,P0023,2,121.92,0.0
OI00004126,O0002364,P0003,1,83.66,0.0
OI00004127,O0002365,P0033,1,435.22,31.17
OI00004128,O0002365,P0013,1,100.97,16.95
OI00004129,O0002366,P0003,1,79.25,0.0
OI00004130,O0002366,P0020,1,676.63,0.0
OI00004131,O0002366,P0037,1,65.25,0.0
OI00004132,O0002367,P0045,1,154.34,0.0
OI00004133,O0002368,P0052,1,406.31,0.0
OI00004134,O0002369,P0049,1,138.28,11.24
OI00004135,O0002369,P0053,1,530.88,83.78
OI00004136,O0002369,P0006,1,124.15,21.84
OI00004137,O0002370,P0057,1,159.28,0.0
OI00004138,O0002371,P0058,1,51.71,3.37
OI00004139,O0002371,P0032,1,402.41,43.47
OI00004140,O0002372,P0004,1,74.58,0.0
OI00004141,O0002373,P0019,1,682.66,0.0
OI00004142,O0002374,P0038,2,270.06,0.0
OI00004143,O0002375,P0006,1,126.44,8.98
OI00004144,O0002376,P0055,1,146.35,0.0
OI00004145,O0002377,P0003,1,79.24,0.0
OI00004146,O0002377,P0024,2,772.53,0.0
OI00004147,O0002377,P0054,1,137.53,0.0
OI00004148,O0002377,P0022,1,329.61,0.0
OI00004149,O0002378,P0038,1,261.96,0.0
OI00004150,O0002379,P0001,1,147.33,0.0
OI00004151,O0002379,P0023,1,120.82,0.0
OI00004152,O0002380,P0054,2,134.28,0.0
OI00004153,O0002380,P0001,1,149.33,0.0
OI00004154,O0002380,P0039,1,321.58,0.0
OI00004155,O0002381,P0038,1,264.0,0.0
OI00004156,O0002382,P0018,1,366.4,0.0
OI00004157,O0002382,P0023,1,119.86,0.0
OI00004158,O0002382,P0019,2,676.53,0.0
OI00004159,O0002382,P0045,2,149.93,0.0
OI00004160,O0002383,P0006,1,127.2,0.0
OI00004161,O0002384,P0048,1,89.98,0.0
OI00004162,O0002385,P0056,1,368.57,0.0
OI00004163,O0002385,P0034,1,412.81,0.0
OI00004164,O0002385,P0060,1,448.63,0.0
OI00004165,O0002386,P0009,1,112.26,0.0
OI00004166,O0002386,P0040,1,492.93,0.0
OI00004167,O0002387,P0030,1,254.41,0.0
OI00004168,O0002387,P0042,1,132.79,0.0
OI00004169,O0002388,P0045,1,154.38,0.0
OI00004170,O0002389,P0016,2,126.9,0.0
OI00004171,O0002389,P0057,1,158.8,0.0
OI00004172,O0002390,P0043,1,45.48,3.62
OI00004173,O0002390,P0054,1,141.16,19.1
OI00004174,O0002391,P0006,1,124.83,0.0
OI00004175,O0002391,P0059,1,60.78,0.0
OI00004176,O0002392,P0006,1,126.71,0.0
OI00004177,O0002392,P0011,1,136.78,0.0
OI00004178,O0002393,P0057,1,161.5,0.0
OI00004179,O0002393,P0017,1,154.84,0.0
OI00004180,O0002394,P0049,1,140.41,0.0
OI00004181,O0002394,P0044,1,55.01,0.0
OI00004182,O0002394,P0020,1,695.91,0.0
OI00004183,O0002395,P0001,1,147.96,0.0
OI00004184,O0002395,P0040,1,468.13,0.0
OI00004185,O0002396,P0002,1,79.36,0.0
OI00004186,O0002396,P0006,1,127.81,0.0
OI00004187,O0002396,P0018,1,373.54,0.0
OI00004188,O0002397,P0009,1,108.88,0.0
OI00004189,O0002398,P0033,1,442.23,39.96
OI00004190,O0002398,P0001,1,146.59,16.82
OI00004191,O0002399,P0006,1,124.43,0.0
OI00004192,O0002399,P0039,1,313.42,0.0
OI00004193,O0002400,P0001,1,141.95,24.51
OI00004194,O0002400,P0038,1,270.62,21.01
OI00004195,O0002401,P0010,1,161.76,0.0
OI00004196,O0002401,P0053,1,549.33,0.0
OI00004197,O0002402,P0043,2,45.63,15.65
OI00004198,O0002402,P0019,1,664.3,76.04
OI00004199,O0002403,P0059,1,60.55,0.0
OI00004200,O0002404,P0003,2,81.71,0.0
OI00004201,O0002404,P0056,1,374.96,0.0
OI00004202,O0002405,P0038,1,265.61,0.0
OI00004203,O0002405,P0020,1,677.05,0.0
OI00004204,O0002405,P0029,1,292.18,0.0
OI00004205,O0002406,P0036,1,191.67,0.0
OI00004206,O0002406,P0025,1,614.74,0.0
OI00004207,O0002407,P0019,2,666.03,0.0
OI00004208,O0002407,P0032,2,408.7,0.0
OI00004209,O0002407,P0045,1,147.41,0.0
OI00004210,O0002408,P0013,1,101.26,0.0
OI00004211,O0002408,P0055,1,145.41,0.0
OI00004212,O0002408,P0002,1,81.59,0.0
OI00004213,O0002409,P0047,1,70.6,0.0
OI00004214,O0002409,P0003,1,80.15,0.0
OI00004215,O0002409,P0044,1,54.25,0.0
OI00004216,O0002410,P0058,1,51.4,0.0
OI00004217,O0002410,P0016,1,126.73,0.0
OI00004218,O0002411,P0017,1,150.66,0.0
OI00004219,O0002411,P0012,1,29.05,0.0
OI00004220,O0002412,P0011,1,143.76,0.0
OI00004221,O0002413,P0019,1,666.77,95.79
OI00004222,O0002414,P0006,1,123.54,20.48
OI00004223,O0002414,P0008,1,89.98,11.71
OI00004224,O0002414,P0039,1,321.01,19.21
OI00004225,O0002415,P0056,2,376.4,63.4
OI00004226,O0002416,P0016,1,121.33,0.0
OI00004227,O0002417,P0038,1,260.84,15.16
OI00004228,O0002418,P0003,2,80.92,14.09
OI00004229,O0002418,P0042,2,129.8,37.39
OI00004230,O0002419,P0003,1,80.87,4.98
OI00004231,O0002419,P0006,1,125.89,19.74
OI00004232,O0002420,P0019,1,688.63,66.76
OI00004233,O0002420,P0028,1,318.39,35.69
OI00004234,O0002421,P0053,1,524.59,0.0
OI00004235,O0002421,P0006,1,128.57,0.0
OI00004236,O0002421,P0019,1,671.75,0.0
OI00004237,O0002422,P0044,1,52.78,0.0
OI00004238,O0002423,P0024,1,807.26,80.65
OI00004239,O0002423,P0012,1,29.33,4.97
OI00004240,O0002423,P0003,1,79.76,13.73
OI00004241,O0002424,P0021,1,83.64,0.0
OI00004242,O0002424,P0030,1,250.73,0.0
OI00004243,O0002425,P0030,1,258.64,0.0
OI00004244,O0002425,P0013,2,100.94,0.0
OI00004245,O0002426,P0048,1,94.83,10.72
OI00004246,O0002427,P0036,1,188.8,0.0
OI00004247,O0002427,P0048,2,91.82,0.0
OI00004248,O0002427,P0045,1,153.97,0.0
OI00004249,O0002428,P0057,1,158.38,0.0
OI00004250,O0002428,P0017,2,157.93,0.0
OI00004251,O0002429,P0010,1,159.82,0.0
OI00004252,O0002430,P0049,2,142.04,0.0
OI00004253,O0002430,P0019,1,674.56,0.0
OI00004254,O0002431,P0058,1,50.78,0.0
OI00004255,O0002431,P0024,1,767.19,0.0
OI00004256,O0002432,P0045,1,150.02,0.0
OI00004257,O0002432,P0002,1,82.23,0.0
OI00004258,O0002432,P0049,1,141.32,0.0
OI00004259,O0002433,P0032,1,417.67,0.0
OI00004260,O0002434,P0019,1,655.35,0.0
OI00004261,O0002434,P0036,2,187.06,0.0
OI00004262,O0002435,P0051,1,74.42,0.0
OI00004263,O0002435,P0060,1,440.05,0.0
OI00004264,O0002436,P0002,1,81.53,0.0
OI00004265,O0002436,P0006,1,128.29,0.0
OI00004266,O0002437,P0045,1,149.92,0.0
OI00004267,O0002438,P0058,1,49.81,0.0
OI00004268,O0002439,P0041,1,30.25,0.0
OI00004269,O0002439,P0027,2,639.39,0.0
OI00004270,O0002440,P0026,1,84.17,0.0
OI00004271,O0002440,P0001,1,143.52,0.0
OI00004272,O0002441,P0023,1,123.49,16.01
OI00004273,O0002441,P0045,1,150.13,9.34
OI00004274,O0002441,P0052,1,401.96,69.81
OI00004275,O0002441,P0036,1,196.4,27.28
OI00004276,O0002442,P0005,1,68.76,0.0
OI00004277,O0002442,P0042,1,130.9,0.0
OI00004278,O0002442,P0001,1,145.19,0.0
OI00004279,O0002443,P0032,2,407.51,81.74
OI00004280,O0002444,P0029,1,283.9,46.96
OI00004281,O0002445,P0019,1,689.8,50.12
OI00004282,O0002445,P0057,2,161.9,52.67
OI00004283,O0002445,P0020,1,663.3,30.41
OI00004284,O0002445,P0023,1,124.66,20.93
OI00004285,O0002446,P0040,1,470.12,0.0
OI00004286,O0002446,P0038,1,263.14,0.0
OI00004287,O0002447,P0045,2,153.0,0.0
OI00004288,O0002447,P0006,1,121.31,0.0
OI00004289,O0002448,P0045,1,154.4,0.0
OI00004290,O0002449,P0023,1,121.96,0.0
OI00004291,O0002449,P0019,1,686.88,0.0
OI00004292,O0002449,P0039,1,329.89,0.0
OI00004293,O0002450,P0030,1,247.99,0.0
OI00004294,O0002450,P0001,1,144.18,0.0
OI00004295,O0002450,P0055,1,145.61,0.0
OI00004296,O0002451,P0054,2,134.23,0.0
OI00004297,O0002452,P0059,1,62.18,0.0
OI00004298,O0002452,P0057,1,161.01,0.0
OI00004299,O0002452,P0020,1,681.37,0.0
OI00004300,O0002453,P0002,1,82.69,12.74
OI00004301,O0002454,P0021,2,85.09,0.0
OI00004302,O0002454,P0034,1,413.89,0.0
OI00004303,O0002455,P0019,1,661.57,0.0
OI00004304,O0002455,P0020,1,687.15,0.0
OI00004305,O0002456,P0032,1,422.18,0.0
OI00004306,O0002457,P0057,2,165.15,23.57
OI00004307,O0002458,P0027,1,624.09,0.0
OI00004308,O0002459,P0022,1,332.53,0.0
OI00004309,O0002459,P0050,1,13.96,0.0
OI00004310,O0002460,P0042,1,133.44,15.17
OI00004311,O0002460,P0053,2,543.92,80.09
OI00004312,O0002461,P0023,1,118.83,0.0
OI00004313,O0002461,P0047,1,69.61,0.0
OI00004314,O0002461,P0059,1,63.46,0.0
OI00004315,O0002462,P0006,1,121.73,0.0
OI00004316,O0002463,P0046,1,19.02,0.0
OI00004317,O0002463,P0003,1,82.14,0.0
OI00004318,O0002464,P0038,1,260.96,12.04
OI00004319,O0002464,P0003,1,80.85,7.18
OI00004320,O0002465,P0019,2,687.95,0.0
OI00004321,O0002466,P0019,1,684.11,85.8
OI00004322,O0002467,P0057,2,164.38,0.0
OI00004323,O0002468,P0032,1,408.07,0.0
OI00004324,O0002469,P0033,1,432.2,62.22
OI00004325,O0002470,P0038,1,267.3,0.0
OI00004326,O0002471,P0032,1,410.31,0.0
OI00004327,O0002472,P0020,1,698.55,37.42
OI00004328,O0002472,P0010,2,165.0,57.47
OI00004329,O0002472,P0023,1,124.02,8.41
OI00004330,O0002473,P0017,1,157.8,20.88
OI00004331,O0002473,P0019,1,673.52,44.24
OI00004332,O0002474,P0023,1,124.54,5.7
OI00004333,O0002474,P0031,1,27.66,3.49
OI00004334,O0002475,P0039,2,331.09,0.0
OI00004335,O0002476,P0049,1,144.44,0.0
OI00004336,O0002476,P0020,1,682.94,0.0
OI00004337,O0002476,P0041,1,30.21,0.0
OI00004338,O0002476,P0033,1,418.09,0.0
OI00004339,O0002477,P0006,3,127.9,17.49
OI00004340,O0002477,P0029,1,292.78,40.72
OI00004341,O0002478,P0018,1,363.41,0.0
OI00004342,O0002478,P0001,2,142.49,0.0
OI00004343,O0002479,P0007,1,111.72,0.0
OI00004344,O0002480,P0022,1,336.98,26.71
OI00004345,O0002480,P0042,1,132.39,22.97
OI00004346,O0002481,P0049,1,143.74,0.0
OI00004347,O0002482,P0016,1,124.74,0.0
OI00004348,O0002483,P0032,1,421.1,0.0
OI00004349,O0002483,P0049,1,145.31,0.0
OI00004350,O0002484,P0003,1,81.88,0.0
OI00004351,O0002484,P0023,1,121.56,0.0
OI00004352,O0002485,P0003,1,81.45,0.0
OI00004353,O0002486,P0038,2,274.17,0.0
OI00004354,O0002487,P0043,1,44.69,0.0
OI00004355,O0002487,P0032,1,419.59,0.0
OI00004356,O0002488,P0039,1,329.72,21.39
OI00004357,O0002488,P0054,1,132.98,9.44
OI00004358,O0002489,P0042,1,128.77,5.8
OI00004359,O0002489,P0051,1,77.07,9.57
OI00004360,O0002490,P0030,1,251.1,0.0
OI00004361,O0002491,P0026,2,85.0,0.0
OI00004362,O0002491,P0019,1,675.0,0.0
OI00004363,O0002491,P0042,1,133.24,0.0
OI00004364,O0002492,P0032,3,421.54,0.0
OI00004365,O0002493,P0028,1,315.4,0.0
OI00004366,O0002494,P0049,1,144.03,15.17
OI00004367,O0002494,P0042,1,129.62,13.59
OI00004368,O0002495,P0023,1,119.82,0.0
OI00004369,O0002495,P0006,2,127.85,0.0
OI00004370,O0002496,P0046,1,18.8,0.0
OI00004371,O0002496,P0026,2,82.56,0.0
OI00004372,O0002496,P0055,1,144.63,0.0
OI00004373,O0002497,P0003,2,79.72,0.0
OI00004374,O0002498,P0041,1,31.62,5.11
OI00004375,O0002498,P0010,1,157.23,7.68
OI00004376,O0002499,P0046,1,19.11,0.0
OI00004377,O0002500,P0035,1,291.92,29.91
OI00004378,O0002500,P0008,1,88.25,13.4
OI00004379,O0002500,P0003,1,79.38,5.95
OI00004380,O0002500,P0032,1,411.98,42.99
OI00004381,O0002501,P0017,1,156.59,0.0
OI00004382,O0002501,P0012,1,29.06,0.0
OI00004383,O0002501,P0009,1,111.38,0.0
OI00004384,O0002502,P0029,1,293.87,29.95
OI00004385,O0002502,P0020,1,674.54,68.76
OI00004386,O0002503,P0045,1,145.54,0.0
OI00004387,O0002503,P0020,2,680.36,0.0
OI00004388,O0002503,P0039,1,321.3,0.0
OI00004389,O0002504,P0019,2,657.52,0.0
OI00004390,O0002505,P0014,1,137.81,0.0
OI00004391,O0002506,P0049,1,138.3,0.0
OI00004392,O0002506,P0033,1,419.04,0.0
OI00004393,O0002507,P0028,1,321.75,51.85
OI00004394,O0002507,P0038,1,276.15,34.79
OI00004395,O0002507,P0057,1,165.7,14.04
OI00004396,O0002508,P0028,1,326.97,43.81
OI00004397,O0002508,P0004,1,76.23,4.41
OI00004398,O0002508,P0007,1,109.67,6.19
OI00004399,O0002509,P0050,2,14.65,0.0
OI00004400,O0002510,P0041,1,30.75,3.85
OI00004401,O0002510,P0003,1,83.26,13.03
OI00004402,O0002511,P0049,1,144.2,0.0
OI00004403,O0002511,P0009,1,111.78,0.0
OI00004404,O0002511,P0003,2,79.36,0.0
OI00004405,O0002512,P0009,1,113.38,0.0
OI00004406,O0002512,P0022,1,338.31,0.0
OI00004407,O0002512,P0003,1,80.16,0.0
OI00004408,O0002513,P0038,1,261.61,13.58
OI00004409,O0002514,P0005,1,65.84,0.0
OI00004410,O0002514,P0045,1,147.83,0.0
OI00004411,O0002515,P0009,1,108.24,15.79
OI00004412,O0002516,P0049,1,141.64,0.0
OI00004413,O0002516,P0016,1,126.42,0.0
OI00004414,O0002516,P0055,1,150.17,0.0
OI00004415,O0002517,P0021,1,83.15,0.0
OI00004416,O0002518,P0020,2,686.45,0.0
OI00004417,O0002518,P0023,2,122.38,0.0
OI00004418,O0002519,P0016,1,124.44,0.0
OI00004419,O0002520,P0032,1,398.98,49.19
OI00004420,O0002520,P0037,2,66.71,13.11
OI00004421,O0002521,P0052,1,405.13,31.63
OI00004422,O0002521,P0039,2,321.86,61.37
OI00004423,O0002522,P0052,1,409.16,24.65
OI00004424,O0002523,P0041,1,31.66,0.0
OI00004425,O0002523,P0009,1,114.0,0.0
OI00004426,O0002524,P0024,1,810.7,0.0
OI00004427,O0002524,P0027,1,648.96,0.0
OI00004428,O0002525,P0050,1,13.99,1.35
OI00004429,O0002525,P0023,1,124.15,14.54
OI00004430,O0002526,P0021,1,85.32,0.0
OI00004431,O0002526,P0033,1,429.82,0.0
OI00004432,O0002526,P0022,2,332.26,0.0
OI00004433,O0002527,P0010,1,156.04,21.41
OI00004434,O0002528,P0058,1,51.48,0.0
OI00004435,O0002528,P0045,2,147.17,0.0
OI00004436,O0002529,P0028,1,318.2,13.99
OI00004437,O0002530,P0035,1,278.29,0.0
OI00004438,O0002531,P0023,1,118.29,0.0
OI00004439,O0002532,P0006,2,126.76,0.0
OI00004440,O0002533,P0029,1,283.47,0.0
OI00004441,O0002533,P0032,2,405.64,0.0
OI00004442,O0002533,P0035,1,278.17,0.0
OI00004443,O0002534,P0030,1,249.89,0.0
OI00004444,O0002534,P0002,2,81.24,0.0
OI00004445,O0002535,P0048,1,91.08,0.0
OI00004446,O0002535,P0059,1,60.56,0.0
OI00004447,O0002535,P0053,2,534.83,0.0
OI00004448,O0002535,P0042,1,130.34,0.0
OI00004449,O0002536,P0049,1,146.42,0.0
OI00004450,O0002537,P0019,1,666.97,0.0
OI00004451,O0002538,P0041,1,31.23,0.0
OI00004452,O0002539,P0012,1,29.07,1.45
OI00004453,O0002539,P0034,1,424.32,75.01
OI00004454,O0002540,P0030,1,258.51,0.0
OI00004455,O0002540,P0003,1,79.48,0.0
OI00004456,O0002540,P0029,1,290.22,0.0
OI00004457,O0002540,P0005,1,68.16,0.0
OI00004458,O0002540,P0027,1,637.95,0.0
OI00004459,O0002541,P0052,1,414.27,0.0
OI00004460,O0002541,P0003,1,79.43,0.0
OI00004461,O0002542,P0023,1,119.13,0.0
OI00004462,O0002543,P0032,1,405.4,0.0
OI00004463,O0002543,P0004,1,78.03,0.0
OI00004464,O0002544,P0049,1,146.32,0.0
OI00004465,O0002545,P0058,1,51.9,4.59
OI00004466,O0002546,P0049,1,146.35,0.0
OI00004467,O0002546,P0031,1,27.76,0.0
OI00004468,O0002547,P0017,1,158.13,0.0
OI00004469,O0002548,P0049,2,141.15,0.0
OI00004470,O0002548,P0048,1,94.16,0.0
OI00004471,O0002549,P0055,1,150.72,21.12
OI00004472,O0002550,P0036,1,187.45,30.87
OI00004473,O0002550,P0024,1,769.5,58.94
OI00004474,O0002551,P0037,1,65.22,0.0
OI00004475,O0002551,P0045,1,150.72,0.0
OI00004476,O0002552,P0030,1,254.05,0.0
OI00004477,O0002553,P0002,2,79.58,18.55
OI00004478,O0002553,P0045,1,146.97,16.24
OI00004479,O0002554,P0049,1,144.29,13.28
OI00004480,O0002555,P0006,1,126.63,0.0
OI00004481,O0002555,P0003,1,81.78,0.0
OI00004482,O0002556,P0020,1,664.76,0.0
OI00004483,O0002556,P0056,1,362.85,0.0
OI00004484,O0002557,P0036,1,187.25,28.0
OI00004485,O0002557,P0054,1,140.53,22.76
OI00004486,O0002558,P0045,1,147.1,0.0
OI00004487,O0002559,P0032,1,406.66,0.0
OI00004488,O0002559,P0018,1,376.61,0.0
OI00004489,O0002560,P0009,1,112.78,0.0
OI00004490,O0002561,P0056,2,368.78,0.0
OI00004491,O0002561,P0016,1,121.01,0.0
OI00004492,O0002562,P0029,1,296.73,0.0
OI00004493,O0002562,P0045,2,149.49,0.0
OI00004494,O0002562,P0038,1,271.86,0.0
OI00004495,O0002563,P0011,2,141.16,0.0
OI00004496,O0002563,P0009,1,108.17,0.0
OI00004497,O0002564,P0021,1,80.72,10.22
OI00004498,O0002564,P0045,1,147.58,7.6
OI00004499,O0002565,P0006,1,124.93,10.46
OI00004500,O0002566,P0060,1,455.84,0.0
OI00004501,O0002566,P0037,1,63.81,0.0
OI00004502,O0002567,P0058,1,49.81,0.0
OI00004503,O0002568,P0035,2,284.68,0.0
OI00004504,O0002568,P0056,1,380.02,0.0
OI00004505,O0002569,P0039,1,317.69,16.78
OI00004506,O0002570,P0003,1,80.43,4.45
OI00004507,O0002571,P0020,1,675.16,0.0
OI00004508,O0002571,P0060,1,446.06,0.0
OI00004509,O0002571,P0009,1,111.24,0.0
OI00004510,O0002572,P0041,1,31.2,0.0
OI00004511,O0002573,P0045,1,152.33,0.0
OI00004512,O0002574,P0036,1,186.6,0.0
OI00004513,O0002574,P0022,1,342.63,0.0
OI00004514,O0002575,P0029,2,287.97,0.0
OI00004515,O0002576,P0054,1,135.42,0.0
OI00004516,O0002576,P0048,1,94.05,0.0
OI00004517,O0002577,P0011,1,137.55,0.0
OI00004518,O0002578,P0006,1,122.36,18.29
OI00004519,O0002579,P0050,1,14.61,0.0
OI00004520,O0002580,P0028,1,312.59,31.26
OI00004521,O0002581,P0023,2,122.95,0.0
OI00004522,O0002581,P0052,1,421.64,0.0
OI00004523,O0002582,P0045,1,148.22,0.0
OI00004524,O0002582,P0003,1,79.74,0.0
OI00004525,O0002583,P0032,1,419.38,34.18
OI00004526,O0002583,P0025,1,630.42,61.07
OI00004527,O0002584,P0003,1,79.83,0.0
OI00004528,O0002585,P0003,1,80.15,7.53
OI00004529,O0002586,P0049,1,140.23,0.0
OI00004530,O0002587,P0038,1,276.02,0.0
OI00004531,O0002587,P0033,1,430.63,0.0
OI00004532,O0002588,P0017,1,151.47,0.0
OI00004533,O0002588,P0019,1,679.73,0.0
OI00004534,O0002589,P0039,1,328.23,20.42
OI00004535,O0002589,P0016,1,125.26,18.55
OI00004536,O0002590,P0007,1,112.38,11.53
OI00004537,O0002591,P0046,1,18.66,2.31
OI00004538,O0002591,P0012,1,28.34,4.05
OI00004539,O0002592,P0051,2,74.41,0.0
OI00004540,O0002593,P0039,1,323.55,0.0
OI00004541,O0002594,P0017,1,152.1,0.0
OI00004542,O0002594,P0040,2,481.31,0.0
OI00004543,O0002595,P0002,1,79.9,0.0
OI00004544,O0002596,P0039,1,314.48,47.97
OI00004545,O0002597,P0027,1,626.24,0.0
OI00004546,O0002598,P0020,1,670.9,0.0
OI00004547,O0002599,P0042,2,132.56,46.06
OI00004548,O0002599,P0003,1,80.72,14.12
OI00004549,O0002600,P0033,1,424.37,24.83
OI00004550,O0002601,P0057,1,158.78,16.92
OI00004551,O0002602,P0032,1,400.97,0.0
OI00004552,O0002603,P0014,1,136.63,0.0
OI00004553,O0002604,P0036,1,190.14,0.0
OI00004554,O0002605,P0033,1,439.27,0.0
OI00004555,O0002606,P0006,1,126.1,0.0
OI00004556,O0002606,P0033,1,423.34,0.0
OI00004557,O0002607,P0009,1,108.39,0.0
OI00004558,O0002607,P0050,1,14.62,0.0
OI00004559,O0002608,P0019,1,658.47,0.0
OI00004560,O0002609,P0023,1,124.51,11.57
OI00004561,O0002609,P0036,1,193.26,8.25
OI00004562,O0002610,P0032,2,398.28,0.0
OI00004563,O0002610,P0020,1,694.78,0.0
OI00004564,O0002611,P0050,1,14.6,1.3
OI00004565,O0002612,P0038,1,273.65,25.81
OI00004566,O0002612,P0018,1,363.95,25.94
OI00004567,O0002613,P0031,1,27.36,0.0
OI00004568,O0002613,P0003,1,79.97,0.0
OI00004569,O0002614,P0058,1,51.38,0.0
OI00004570,O0002615,P0029,1,285.97,0.0
OI00004571,O0002616,P0039,1,313.94,42.04
OI00004572,O0002616,P0057,1,157.49,21.52
OI00004573,O0002616,P0019,1,673.15,95.74
OI00004574,O0002617,P0006,1,126.78,0.0
OI00004575,O0002618,P0057,1,160.49,0.0
OI00004576,O0002618,P0051,1,75.44,0.0
OI00004577,O0002618,P0006,1,121.44,0.0
OI00004578,O0002619,P0015,1,63.45,10.04
OI00004579,O0002620,P0019,1,671.18,0.0
OI00004580,O0002620,P0057,1,165.98,0.0
OI00004581,O0002620,P0058,1,49.74,0.0
OI00004582,O0002621,P0004,1,74.75,0.0
OI00004583,O0002621,P0023,1,123.57,0.0
OI00004584,O0002622,P0060,1,447.96,0.0
OI00004585,O0002622,P0038,1,276.05,0.0
OI00004586,O0002623,P0039,1,317.08,27.74
OI00004587,O0002624,P0008,1,88.12,14.48
OI00004588,O0002625,P0058,1,50.6,6.9
OI00004589,O0002625,P0029,2,292.1,64.45
OI00004590,O0002626,P0011,1,140.52,0.0
OI00004591,O0002627,P0043,1,44.79,7.92
OI00004592,O0002627,P0029,1,286.34,34.11
OI00004593,O0002628,P0019,1,689.39,90.07
OI00004594,O0002628,P0020,1,683.75,50.94
OI00004595,O0002629,P0059,1,60.48,4.55
OI00004596,O0002629,P0054,1,137.37,11.09
OI00004597,O0002630,P0034,1,418.37,0.0
OI00004598,O0002631,P0003,1,80.9,10.75
OI00004599,O0002631,P0004,1,75.82,3.6
OI00004600,O0002632,P0057,1,157.36,0.0
OI00004601,O0002633,P0026,1,82.76,0.0
OI00004602,O0002634,P0003,1,81.45,0.0
OI00004603,O0002634,P0037,1,63.8,0.0
OI00004604,O0002634,P0053,2,533.27,0.0
OI00004605,O0002635,P0003,1,83.79,13.3
OI00004606,O0002635,P0041,1,30.49,5.36
OI00004607,O0002635,P0038,1,260.68,30.24
OI00004608,O0002635,P0033,1,437.77,32.59
OI00004609,O0002636,P0042,1,131.24,0.0
OI00004610,O0002637,P0035,1,289.65,0.0
OI00004611,O0002638,P0007,1,110.82,5.65
OI00004612,O0002638,P0026,1,83.07,11.52
OI00004613,O0002639,P0018,2,359.93,83.79
OI00004614,O0002640,P0022,1,336.34,0.0
OI00004615,O0002640,P0025,1,616.4,0.0
OI00004616,O0002640,P0021,2,85.38,0.0
OI00004617,O0002641,P0029,1,294.64,0.0
OI00004618,O0002641,P0038,2,261.19,0.0
OI00004619,O0002642,P0021,1,83.63,0.0
OI00004620,O0002642,P0045,1,149.68,0.0
OI00004621,O0002642,P0001,1,149.69,0.0
OI00004622,O0002642,P0055,1,146.83,0.0
OI00004623,O0002643,P0047,1,69.52,0.0
OI00004624,O0002643,P0034,1,420.73,0.0
OI00004625,O0002643,P0020,1,696.9,0.0
OI00004626,O0002644,P0032,1,398.23,0.0
OI00004627,O0002644,P0022,1,340.74,0.0
OI00004628,O0002645,P0033,1,440.75,0.0
OI00004629,O0002645,P0050,1,14.5,0.0
OI00004630,O0002646,P0019,1,651.48,63.72
OI00004631,O0002647,P0022,1,348.16,0.0
OI00004632,O0002648,P0001,1,141.39,0.0
OI00004633,O0002648,P0006,1,127.72,0.0
OI00004634,O0002649,P0023,2,124.0,0.0
OI00004635,O0002649,P0040,1,470.65,0.0
OI00004636,O0002650,P0045,1,148.86,0.0
OI00004637,O0002651,P0013,2,102.49,0.0
OI00004638,O0002651,P0003,1,80.36,0.0
OI00004639,O0002652,P0044,1,52.52,0.0
OI00004640,O0002653,P0027,1,623.93,80.62
OI00004641,O0002654,P0026,2,84.13,19.39
OI00004642,O0002654,P0013,1,103.08,18.06
OI00004643,O0002655,P0007,1,110.99,13.59
OI00004644,O0002655,P0026,2,84.89,21.45
OI00004645,O0002656,P0057,1,162.91,0.0
OI00004646,O0002657,P0044,1,52.46,4.12
OI00004647,O0002657,P0028,1,325.94,48.06
OI00004648,O0002657,P0001,1,148.52,12.56
OI00004649,O0002658,P0029,1,291.45,0.0
OI00004650,O0002658,P0001,2,143.8,0.0
OI00004651,O0002658,P0014,1,137.42,0.0
OI00004652,O0002658,P0042,1,134.23,0.0
OI00004653,O0002659,P0015,1,62.64,0.0
OI00004654,O0002660,P0041,1,30.1,0.0
OI00004655,O0002660,P0007,1,112.98,0.0
OI00004656,O0002660,P0045,1,146.02,0.0
OI00004657,O0002661,P0043,1,44.37,0.0
OI00004658,O0002662,P0006,1,127.27,17.85
OI00004659,O0002662,P0021,1,82.7,10.74
OI00004660,O0002662,P0040,1,483.42,32.96
OI00004661,O0002663,P0041,2,31.1,0.0
OI00004662,O0002663,P0023,1,121.52,0.0
OI00004663,O0002664,P0035,2,291.02,0.0
OI00004664,O0002664,P0001,1,143.15,0.0
OI00004665,O0002664,P0002,1,82.83,0.0
OI00004666,O0002664,P0038,1,271.11,0.0
OI00004667,O0002665,P0044,1,52.88,0.0
OI00004668,O0002665,P0006,2,123.11,0.0
OI00004669,O0002666,P0042,1,130.5,0.0
OI00004670,O0002667,P0050,1,14.0,1.42
OI00004671,O0002667,P0034,1,428.23,47.95
OI00004672,O0002668,P0026,1,86.62,0.0
OI00004673,O0002668,P0013,1,99.96,0.0
OI00004674,O0002669,P0031,1,28.64,3.11
OI00004675,O0002670,P0019,1,680.7,108.18
OI00004676,O0002670,P0015,2,62.76,10.48
OI00004677,O0002671,P0021,2,85.48,0.0
OI00004678,O0002672,P0057,1,166.22,0.0
OI00004679,O0002672,P0046,1,18.66,0.0
OI00004680,O0002673,P0005,1,68.79,0.0
OI00004681,O0002673,P0030,1,251.53,0.0
OI00004682,O0002673,P0060,1,449.5,0.0
OI00004683,O0002674,P0037,2,65.34,10.42
OI00004684,O0002675,P0017,2,159.21,0.0
OI00004685,O0002675,P0051,2,73.29,0.0
OI00004686,O0002675,P0048,1,90.92,0.0
OI00004687,O0002676,P0037,1,63.91,0.0
OI00004688,O0002677,P0056,1,381.67,29.8
OI00004689,O0002677,P0002,1,79.15,5.94
OI00004690,O0002677,P0003,2,83.81,10.02
OI00004691,O0002678,P0043,1,45.69,0.0
OI00004692,O0002678,P0020,1,683.64,0.0
OI00004693,O0002678,P0001,1,142.14,0.0
OI00004694,O0002679,P0007,1,109.81,0.0
OI00004695,O0002680,P0024,1,779.11,0.0
OI00004696,O0002681,P0051,1,76.37,3.34
OI00004697,O0002681,P0028,2,315.97,89.95
OI00004698,O0002681,P0047,1,70.05,6.2
OI00004699,O0002681,P0006,1,126.34,6.06
OI00004700,O0002681,P0056,1,377.62,41.71
OI00004701,O0002682,P0002,1,81.03,9.33
OI00004702,O0002682,P0022,1,344.77,27.38
OI00004703,O0002683,P0009,1,110.63,18.29
OI00004704,O0002684,P0003,1,80.62,0.0
OI00004705,O0002684,P0050,1,14.56,0.0
OI00004706,O0002685,P0030,1,248.65,0.0
OI00004707,O0002686,P0024,1,809.01,0.0
OI00004708,O0002687,P0026,1,82.04,3.82
OI00004709,O0002687,P0002,1,82.51,11.08
OI00004710,O0002687,P0027,1,642.09,54.32
OI00004711,O0002688,P0012,1,28.63,0.0
OI00004712,O0002688,P0054,1,140.29,0.0
OI00004713,O0002689,P0009,1,110.67,0.0
OI00004714,O0002689,P0038,1,260.29,0.0
OI00004715,O0002689,P0001,1,148.62,0.0
OI00004716,O0002689,P0012,1,29.02,0.0
OI00004717,O0002690,P0002,1,82.13,9.99
OI00004718,O0002690,P0017,1,152.97,27.02
OI00004719,O0002691,P0048,1,92.29,13.5
OI00004720,O0002691,P0001,1,149.43,7.94
OI00004721,O0002691,P0023,1,123.14,15.32
OI00004722,O0002692,P0041,2,30.18,0.0
OI00004723,O0002692,P0039,2,330.77,0.0
OI00004724,O0002692,P0027,1,652.09,0.0
OI00004725,O0002693,P0016,1,124.5,0.0
OI00004726,O0002694,P0022,2,347.51,0.0
OI00004727,O0002695,P0059,1,63.8,0.0
OI00004728,O0002696,P0004,2,75.25,0.0
OI00004729,O0002696,P0057,1,162.53,0.0
OI00004730,O0002697,P0019,1,684.05,0.0
OI00004731,O0002698,P0046,1,19.67,0.0
OI00004732,O0002698,P0038,1,271.81,0.0
OI00004733,O0002699,P0054,1,137.96,0.0
OI00004734,O0002699,P0009,1,109.9,0.0
OI00004735,O0002700,P0027,1,628.86,0.0
OI00004736,O0002701,P0029,1,299.42,0.0
OI00004737,O0002702,P0060,1,458.7,0.0
OI00004738,O0002702,P0043,1,45.15,0.0
OI00004739,O0002703,P0055,1,142.94,0.0
OI00004740,O0002703,P0034,1,428.03,0.0
OI00004741,O0002704,P0026,1,85.81,0.0
OI00004742,O0002705,P0055,1,150.8,0.0
OI00004743,O0002705,P0022,1,338.22,0.0
OI00004744,O0002706,P0040,1,483.96,40.55
OI00004745,O0002707,P0013,1,99.01,12.27
OI00004746,O0002707,P0014,1,131.36,20.2
OI00004747,O0002707,P0051,1,74.65,10.41
OI00004748,O0002708,P0004,1,76.39,0.0
OI00004749,O0002708,P0032,1,407.52,0.0
OI00004750,O0002709,P0054,1,133.58,10.37
OI00004751,O0002709,P0050,1,14.48,1.94
OI00004752,O0002709,P0013,1,102.56,9.35
OI00004753,O0002710,P0016,2,121.79,42.42
OI00004754,O0002711,P0045,1,154.34,7.78
OI00004755,O0002711,P0008,2,85.11,20.83
OI00004756,O0002712,P0042,2,129.16,0.0
OI00004757,O0002713,P0033,1,423.08,0.0
OI00004758,O0002713,P0021,1,85.13,0.0
OI00004759,O0002713,P0006,1,126.78,0.0
OI00004760,O0002713,P0024,1,778.96,0.0
OI00004761,O0002714,P0041,1,31.73,0.0
OI00004762,O0002715,P0052,2,423.0,0.0
OI00004763,O0002716,P0010,1,156.51,0.0
OI00004764,O0002716,P0028,1,321.41,0.0
OI00004765,O0002717,P0045,1,152.01,0.0
OI00004766,O0002717,P0017,1,156.92,0.0
OI00004767,O0002718,P0050,1,14.48,0.64
OI00004768,O0002718,P0057,2,160.24,52.87
OI00004769,O0002719,P0043,1,45.89,0.0
OI00004770,O0002719,P0031,1,28.43,0.0
OI00004771,O0002720,P0057,1,164.74,0.0
OI00004772,O0002721,P0038,1,274.56,0.0
OI00004773,O0002722,P0019,1,672.07,0.0
OI00004774,O0002723,P0001,1,141.92,0.0
OI00004775,O0002723,P0002,2,81.86,0.0
OI00004776,O0002724,P0020,1,676.35,0.0
OI00004777,O0002725,P0038,1,261.48,0.0
OI00004778,O0002726,P0032,1,401.78,66.89
OI00004779,O0002726,P0003,1,83.24,7.82
OI00004780,O0002727,P0013,1,98.9,11.38
OI00004781,O0002727,P0056,2,373.91,112.84
OI00004782,O0002728,P0043,1,44.44,0.0
OI00004783,O0002728,P0020,1,687.84,0.0
OI00004784,O0002729,P0033,1,441.13,0.0
OI00004785,O0002729,P0020,2,677.51,0.0
OI00004786,O0002729,P0050,1,14.16,0.0
OI00004787,O0002729,P0009,1,109.79,0.0
OI00004788,O0002730,P0029,2,286.83,0.0
OI00004789,O0002730,P0038,2,265.42,0.0
OI00004790,O0002731,P0033,1,437.43,0.0
OI00004791,O0002731,P0035,1,281.28,0.0
OI00004792,O0002732,P0003,1,79.3,0.0
OI00004793,O0002732,P0040,2,486.95,0.0
OI00004794,O0002732,P0046,1,19.51,0.0
OI00004795,O0002733,P0029,1,283.2,20.2
OI00004796,O0002733,P0045,1,149.2,24.37
OI00004797,O0002734,P0030,2,259.24,61.7
OI00004798,O0002734,P0006,1,128.03,11.51
OI00004799,O0002735,P0005,1,65.15,0.0
OI00004800,O0002736,P0042,1,132.18,0.0
OI00004801,O0002736,P0003,1,80.19,0.0
OI00004802,O0002736,P0029,1,289.39,0.0
OI00004803,O0002737,P0027,1,643.96,0.0
OI00004804,O0002738,P0007,1,113.72,0.0
OI00004805,O0002739,P0009,1,110.68,0.0
OI00004806,O0002739,P0013,2,99.57,0.0
OI00004807,O0002739,P0056,1,372.24,0.0
OI00004808,O0002740,P0038,1,261.27,32.63
OI00004809,O0002741,P0003,1,80.72,0.0
OI00004810,O0002742,P0025,1,612.75,0.0
OI00004811,O0002742,P0011,1,141.04,0.0
OI00004812,O0002742,P0026,1,81.82,0.0
OI00004813,O0002742,P0029,1,289.07,0.0
OI00004814,O0002743,P0015,1,62.68,8.85
OI00004815,O0002743,P0001,1,142.17,25.01
OI00004816,O0002744,P0019,1,671.8,0.0
OI00004817,O0002744,P0032,2,418.44,0.0
OI00004818,O0002745,P0048,1,91.09,0.0
OI00004819,O0002745,P0056,1,375.97,0.0
OI00004820,O0002745,P0049,1,139.87,0.0
OI00004821,O0002746,P0049,1,139.75,0.0
OI00004822,O0002747,P0036,1,196.71,15.7
OI00004823,O0002747,P0016,2,126.93,34.09
OI00004824,O0002747,P0032,2,414.42,130.1
OI00004825,O0002747,P0038,1,264.1,30.08
OI00004826,O0002748,P0045,1,152.55,0.0
OI00004827,O0002748,P0004,3,74.54,0.0
OI00004828,O0002749,P0006,2,128.57,0.0
OI00004829,O0002749,P0001,1,142.66,0.0
OI00004830,O0002750,P0001,1,143.67,0.0
OI00004831,O0002750,P0049,1,144.24,0.0
OI00004832,O0002751,P0032,1,407.44,0.0
OI00004833,O0002752,P0052,1,415.35,28.53
OI00004834,O0002752,P0003,2,81.47,26.43
OI00004835,O0002752,P0040,1,492.88,82.18
OI00004836,O0002753,P0034,1,417.54,0.0
OI00004837,O0002754,P0020,1,675.22,0.0
OI00004838,O0002754,P0024,1,766.91,0.0
OI00004839,O0002754,P0019,1,658.66,0.0
OI00004840,O0002755,P0045,2,146.06,0.0
OI00004841,O0002756,P0054,1,134.24,0.0
OI00004842,O0002756,P0029,2,285.48,0.0
OI00004843,O0002757,P0020,1,696.16,84.35
OI00004844,O0002758,P0059,2,62.5,0.0
OI00004845,O0002759,P0036,2,189.32,0.0
OI00004846,O0002759,P0035,2,278.5,0.0
OI00004847,O0002760,P0050,1,14.51,0.0
OI00004848,O0002761,P0057,1,160.28,0.0
OI00004849,O0002762,P0025,1,636.8,0.0
OI00004850,O0002763,P0029,1,283.3,0.0
OI00004851,O0002764,P0007,1,108.97,17.81
OI00004852,O0002765,P0006,1,124.96,6.66
OI00004853,O0002766,P0059,2,61.87,0.0
OI00004854,O0002767,P0025,1,625.21,0.0
OI00004855,O0002768,P0002,1,79.04,0.0
OI00004856,O0002769,P0013,1,99.24,0.0
OI00004857,O0002770,P0057,1,163.43,0.0
OI00004858,O0002770,P0023,1,120.3,0.0
OI00004859,O0002770,P0020,1,670.45,0.0
OI00004860,O0002771,P0039,2,320.59,0.0
OI00004861,O0002772,P0018,1,376.7,0.0
OI00004862,O0002773,P0039,1,324.0,0.0
OI00004863,O0002774,P0051,1,77.15,10.94
OI00004864,O0002774,P0015,1,63.19,5.24
OI00004865,O0002774,P0003,1,81.86,4.61
OI00004866,O0002775,P0052,1,410.94,0.0
OI00004867,O0002775,P0026,1,84.36,0.0
OI00004868,O0002776,P0033,1,419.1,53.35
OI00004869,O0002776,P0023,2,120.45,30.95
OI00004870,O0002777,P0050,1,14.5,2.51
OI00004871,O0002777,P0032,1,403.08,41.44
OI00004872,O0002778,P0056,1,367.89,0.0
OI00004873,O0002778,P0027,2,646.55,0.0
OI00004874,O0002779,P0031,1,28.75,0.0
OI00004875,O0002780,P0019,1,686.9,0.0
OI00004876,O0002780,P0008,1,86.2,0.0
OI00004877,O0002781,P0058,2,51.45,4.63
OI00004878,O0002781,P0006,1,121.51,8.04
OI00004879,O0002782,P0007,1,109.45,0.0
OI00004880,O0002783,P0057,1,163.54,0.0
OI00004881,O0002784,P0041,1,30.02,0.0
OI00004882,O0002785,P0018,1,359.82,0.0
OI00004883,O0002786,P0054,1,137.97,13.55
OI00004884,O0002787,P0027,2,632.36,0.0
OI00004885,O0002788,P0009,1,113.5,0.0
OI00004886,O0002789,P0013,1,101.0,0.0
OI00004887,O0002789,P0056,1,368.29,0.0
OI00004888,O0002790,P0008,1,85.0,0.0
OI00004889,O0002790,P0038,1,269.73,0.0
OI00004890,O0002790,P0013,1,101.37,0.0
OI00004891,O0002791,P0016,2,120.91,18.66
OI00004892,O0002791,P0013,1,99.07,15.72
OI00004893,O0002792,P0029,1,299.11,0.0
OI00004894,O0002792,P0006,1,126.48,0.0
OI00004895,O0002793,P0041,1,30.51,4.86
OI00004896,O0002794,P0001,1,144.6,0.0
OI00004897,O0002794,P0030,1,249.47,0.0
OI00004898,O0002795,P0045,1,151.45,10.13
OI00004899,O0002795,P0049,1,142.9,8.94
OI00004900,O0002795,P0042,1,127.7,8.74
OI00004901,O0002796,P0046,2,18.83,4.16
OI00004902,O0002796,P0001,1,145.65,10.12
OI00004903,O0002797,P0038,1,263.12,0.0
OI00004904,O0002798,P0030,1,255.16,35.47
OI00004905,O0002799,P0019,1,661.72,104.01
OI00004906,O0002800,P0041,2,31.73,7.44
OI00004907,O0002801,P0029,1,298.78,0.0
OI00004908,O0002802,P0035,1,292.63,18.47
OI00004909,O0002803,P0050,1,14.17,0.0
OI00004910,O0002804,P0027,2,654.77,0.0
OI00004911,O0002805,P0033,1,443.77,0.0
OI00004912,O0002806,P0021,1,84.03,7.17
OI00004913,O0002806,P0013,1,103.87,16.88
OI00004914,O0002807,P0003,2,83.41,0.0
OI00004915,O0002807,P0013,1,98.36,0.0
OI00004916,O0002808,P0040,2,470.45,0.0
OI00004917,O0002808,P0010,1,157.83,0.0
OI00004918,O0002809,P0059,1,63.83,0.0
OI00004919,O0002809,P0054,2,139.05,0.0
OI00004920,O0002810,P0007,1,109.29,0.0
OI00004921,O0002811,P0057,1,166.55,0.0
OI00004922,O0002812,P0018,2,359.78,0.0
OI00004923,O0002812,P0030,2,249.11,0.0
OI00004924,O0002812,P0001,1,144.28,0.0
OI00004925,O0002813,P0044,1,53.39,2.25
OI00004926,O0002813,P0049,1,142.8,19.22
OI00004927,O0002813,P0006,1,125.26,18.22
OI00004928,O0002814,P0042,1,129.46,0.0
OI00004929,O0002815,P0052,1,407.94,0.0
OI00004930,O0002815,P0035,1,280.7,0.0
OI00004931,O0002816,P0059,1,61.52,0.0
OI00004932,O0002817,P0006,1,124.24,0.0
OI00004933,O0002818,P0003,1,83.77,0.0
OI00004934,O0002818,P0043,1,46.45,0.0
OI00004935,O0002819,P0005,1,67.25,7.5
OI00004936,O0002820,P0023,1,122.41,0.0
OI00004937,O0002820,P0056,1,363.01,0.0
OI00004938,O0002820,P0009,1,108.95,0.0
OI00004939,O0002821,P0040,1,491.28,62.35
OI00004940,O0002821,P0005,1,66.22,8.14
OI00004941,O0002822,P0006,1,124.32,0.0
OI00004942,O0002822,P0056,1,366.37,0.0
OI00004943,O0002823,P0021,1,81.29,0.0
OI00004944,O0002824,P0057,1,164.07,15.37
OI00004945,O0002825,P0042,2,134.43,0.0
OI00004946,O0002826,P0052,1,403.72,0.0
OI00004947,O0002827,P0040,2,486.96,152.26
OI00004948,O0002827,P0024,1,804.75,62.14
OI00004949,O0002828,P0024,1,810.38,0.0
OI00004950,O0002828,P0023,1,121.43,0.0
OI00004951,O0002829,P0013,1,101.15,0.0
OI00004952,O0002830,P0059,1,61.19,0.0
OI00004953,O0002831,P0005,1,66.0,0.0
OI00004954,O0002831,P0046,1,18.87,0.0
OI00004955,O0002831,P0002,1,81.19,0.0
OI00004956,O0002832,P0045,1,152.24,0.0
OI00004957,O0002833,P0002,1,81.28,0.0
OI00004958,O0002833,P0015,1,62.61,0.0
OI00004959,O0002834,P0003,2,82.12,0.0
OI00004960,O0002835,P0041,1,31.76,0.0
OI00004961,O0002836,P0039,1,329.59,53.55
OI00004962,O0002836,P0023,2,123.72,29.75
OI00004963,O0002837,P0024,2,804.57,220.38
OI00004964,O0002838,P0038,1,268.77,0.0
OI00004965,O0002838,P0004,1,74.3,0.0
OI00004966,O0002838,P0016,1,122.76,0.0
OI00004967,O0002839,P0001,1,149.34,14.41
OI00004968,O0002840,P0048,1,93.61,0.0
OI00004969,O0002841,P0013,1,101.13,0.0
OI00004970,O0002842,P0029,1,288.17,0.0
OI00004971,O0002843,P0057,1,163.37,0.0
OI00004972,O0002843,P0056,1,373.1,0.0
OI00004973,O0002844,P0007,2,109.55,0.0
OI00004974,O0002844,P0013,2,98.26,0.0
OI00004975,O0002844,P0027,1,626.76,0.0
OI00004976,O0002845,P0057,1,159.95,23.68
OI00004977,O0002845,P0019,2,682.93,149.41
OI00004978,O0002846,P0044,1,54.41,0.0
OI00004979,O0002846,P0039,1,318.05,0.0
OI00004980,O0002847,P0004,1,78.33,0.0
OI00004981,O0002847,P0006,1,126.45,0.0
OI00004982,O0002848,P0045,1,152.71,0.0
OI00004983,O0002849,P0038,2,267.95,87.39
OI00004984,O0002850,P0019,1,650.93,0.0
OI00004985,O0002850,P0038,1,264.42,0.0
OI00004986,O0002851,P0006,1,121.61,0.0
OI00004987,O0002852,P0038,1,271.18,0.0
OI00004988,O0002853,P0026,1,82.29,0.0
OI00004989,O0002854,P0045,1,149.25,0.0
OI00004990,O0002854,P0027,2,649.51,0.0
OI00004991,O0002855,P0032,1,417.92,0.0
OI00004992,O0002855,P0058,2,51.92,0.0
OI00004993,O0002855,P0019,1,653.03,0.0
OI00004994,O0002856,P0045,1,150.14,0.0
OI00004995,O0002856,P0039,1,320.53,0.0
OI00004996,O0002857,P0006,1,123.14,0.0
OI00004997,O0002857,P0013,1,99.79,0.0
OI00004998,O0002858,P0041,1,30.78,0.0
OI00004999,O0002859,P0049,1,141.94,0.0
OI00005000,O0002859,P0041,1,30.06,0.0
OI00005001,O0002859,P0053,1,542.15,0.0
OI00005002,O0002860,P0056,1,365.11,21.92
OI00005003,O0002860,P0036,1,188.38,25.51
OI00005004,O0002860,P0046,1,19.35,0.98
OI00005005,O0002861,P0014,2,138.08,0.0
OI00005006,O0002862,P0010,1,161.9,7.56
OI00005007,O0002862,P0005,1,67.4,10.05
OI00005008,O0002863,P0038,2,263.42,58.68
OI00005009,O0002863,P0003,1,82.19,10.51
OI00005010,O0002864,P0033,1,435.49,0.0
OI00005011,O0002864,P0011,1,136.8,0.0
OI00005012,O0002864,P0006,1,124.81,0.0
OI00005013,O0002865,P0021,2,83.44,0.0
OI00005014,O0002865,P0032,1,418.03,0.0
OI00005015,O0002866,P0045,2,149.84,0.0
OI00005016,O0002867,P0023,1,118.54,0.0
OI00005017,O0002868,P0002,1,80.68,6.63
OI00005018,O0002868,P0023,1,123.15,8.08
OI00005019,O0002869,P0027,2,644.6,72.32
OI00005020,O0002869,P0019,1,658.08,79.01
OI00005021,O0002870,P0041,1,31.48,3.3
OI00005022,O0002871,P0029,1,295.19,0.0
OI00005023,O0002872,P0046,1,18.68,0.0
OI00005024,O0002873,P0048,1,91.91,5.35
OI00005025,O0002873,P0016,1,125.71,12.12
OI00005026,O0002873,P0018,1,373.18,48.06
OI00005027,O0002873,P0041,1,31.44,2.1
OI00005028,O0002874,P0013,1,100.82,13.03
OI00005029,O0002875,P0020,1,680.05,0.0
OI00005030,O0002876,P0043,1,47.02,0.0
OI00005031,O0002877,P0041,1,30.79,0.0
OI00005032,O0002877,P0006,1,121.31,0.0
OI00005033,O0002878,P0013,1,103.84,0.0
OI00005034,O0002879,P0008,1,86.57,13.62
OI00005035,O0002879,P0003,1,83.06,7.52
OI00005036,O0002879,P0039,1,328.64,19.38
OI00005037,O0002879,P0053,1,534.06,65.12
OI00005038,O0002880,P0026,1,85.33,9.07
OI00005039,O0002881,P0032,1,404.99,0.0
OI00005040,O0002881,P0006,1,127.23,0.0
OI00005041,O0002881,P0056,1,367.24,0.0
OI00005042,O0002882,P0026,1,83.31,0.0
OI00005043,O0002883,P0058,2,52.21,0.0
OI00005044,O0002883,P0048,1,95.0,0.0
OI00005045,O0002884,P0015,2,62.25,8.51
OI00005046,O0002884,P0001,1,147.54,24.42
OI00005047,O0002884,P0041,2,31.37,9.33
OI00005048,O0002885,P0045,1,148.17,12.68
OI00005049,O0002885,P0001,2,143.76,49.21
OI00005050,O0002885,P0028,1,317.35,49.25
OI00005051,O0002886,P0002,1,81.25,0.0
OI00005052,O0002886,P0003,1,80.86,0.0
OI00005053,O0002887,P0043,1,46.44,5.0
OI00005054,O0002887,P0054,1,135.72,19.03
OI00005055,O0002888,P0023,1,118.16,0.0
OI00005056,O0002889,P0037,1,65.85,0.0
OI00005057,O0002890,P0020,1,665.96,0.0
OI00005058,O0002891,P0038,1,261.34,0.0
OI00005059,O0002891,P0031,1,28.45,0.0
OI00005060,O0002891,P0020,1,679.65,0.0
OI00005061,O0002892,P0008,1,89.42,9.64
OI00005062,O0002892,P0003,1,80.26,9.92
OI00005063,O0002893,P0037,1,63.87,0.0
OI00005064,O0002894,P0032,1,420.07,0.0
OI00005065,O0002894,P0022,1,336.87,0.0
OI00005066,O0002894,P0048,1,91.07,0.0
OI00005067,O0002895,P0032,1,407.92,29.52
OI00005068,O0002896,P0001,2,146.45,24.03
OI00005069,O0002896,P0026,1,82.11,9.74
OI00005070,O0002897,P0019,1,683.77,0.0
OI00005071,O0002897,P0038,2,272.39,0.0
OI00005072,O0002898,P0013,1,100.1,0.0
OI00005073,O0002898,P0015,1,63.14,0.0
OI00005074,O0002899,P0059,1,61.16,2.52
OI00005075,O0002899,P0017,1,153.68,20.41
OI00005076,O0002900,P0011,1,136.85,0.0
OI00005077,O0002900,P0025,1,633.4,0.0
OI00005078,O0002901,P0040,2,470.07,0.0
OI00005079,O0002901,P0006,1,121.21,0.0
OI00005080,O0002902,P0044,1,54.86,0.0
OI00005081,O0002902,P0026,1,86.14,0.0
OI00005082,O0002903,P0044,1,52.86,0.0
OI00005083,O0002903,P0007,1,109.59,0.0
OI00005084,O0002903,P0001,1,147.28,0.0
OI00005085,O0002904,P0059,2,61.33,12.42
OI00005086,O0002904,P0050,1,14.0,2.23
OI00005087,O0002904,P0045,1,145.86,14.39
OI00005088,O0002905,P0043,1,44.34,0.0
OI00005089,O0002906,P0054,1,138.97,16.47
OI00005090,O0002907,P0046,1,19.01,0.0
OI00005091,O0002907,P0042,1,134.27,0.0
OI00005092,O0002908,P0040,1,490.11,0.0
OI00005093,O0002909,P0003,1,80.57,0.0
OI00005094,O0002910,P0011,1,139.9,0.0
OI00005095,O0002910,P0049,1,140.14,0.0
OI00005096,O0002911,P0032,1,399.93,0.0
OI00005097,O0002911,P0020,1,674.43,0.0
OI00005098,O0002911,P0048,1,90.3,0.0
OI00005099,O0002911,P0026,1,86.06,0.0
OI00005100,O0002912,P0038,1,273.33,0.0
OI00005101,O0002913,P0043,1,46.21,0.0
OI00005102,O0002913,P0045,1,148.91,0.0
OI00005103,O0002914,P0016,1,124.15,0.0
OI00005104,O0002915,P0003,1,83.53,3.58
OI00005105,O0002916,P0021,1,80.69,0.0
OI00005106,O0002916,P0050,1,14.34,0.0
OI00005107,O0002917,P0026,1,83.47,0.0
OI00005108,O0002917,P0023,1,120.09,0.0
OI00005109,O0002918,P0037,1,63.52,0.0
OI00005110,O0002918,P0054,1,139.22,0.0
OI00005111,O0002918,P0038,1,271.18,0.0
OI00005112,O0002919,P0050,1,14.32,2.19
OI00005113,O0002920,P0015,2,59.9,20.8
OI00005114,O0002920,P0034,1,430.6,33.57
OI00005115,O0002921,P0052,1,409.0,36.51
OI00005116,O0002922,P0010,1,161.96,0.0
OI00005117,O0002922,P0030,2,253.07,0.0
OI00005118,O0002923,P0043,1,44.86,0.0
OI00005119,O0002924,P0025,1,621.12,0.0
OI00005120,O0002925,P0039,1,322.88,0.0
OI00005121,O0002926,P0029,2,286.79,29.37
OI00005122,O0002927,P0006,1,121.78,0.0
OI00005123,O0002928,P0019,1,680.21,0.0
OI00005124,O0002929,P0043,1,45.48,0.0
OI00005125,O0002930,P0005,1,67.13,0.0
OI00005126,O0002930,P0057,1,164.31,0.0
OI00005127,O0002931,P0029,1,296.07,19.96
OI00005128,O0002932,P0031,1,27.98,1.82
OI00005129,O0002932,P0032,1,417.76,48.51
OI00005130,O0002933,P0058,2,52.36,8.09
OI00005131,O0002934,P0052,1,402.41,0.0
OI00005132,O0002934,P0027,1,633.48,0.0
OI00005133,O0002935,P0045,2,153.88,0.0
OI00005134,O0002936,P0040,1,493.0,0.0
OI00005135,O0002937,P0002,1,83.31,0.0
OI00005136,O0002937,P0013,1,103.59,0.0
OI00005137,O0002937,P0030,1,254.91,0.0
OI00005138,O0002938,P0004,2,77.77,0.0
OI00005139,O0002939,P0042,2,133.65,0.0
OI00005140,O0002940,P0001,1,149.21,0.0
OI00005141,O0002940,P0027,1,617.61,0.0
OI00005142,O0002941,P0025,1,617.79,44.77
OI00005143,O0002941,P0043,1,44.66,3.42
OI00005144,O0002942,P0005,1,65.47,5.26
OI00005145,O0002943,P0029,1,284.47,0.0
OI00005146,O0002944,P0032,1,408.22,65.29
OI00005147,O0002945,P0060,1,442.16,0.0
OI00005148,O0002945,P0042,2,131.12,0.0
OI00005149,O0002946,P0023,1,121.66,10.63
OI00005150,O0002947,P0005,1,65.96,0.0
OI00005151,O0002948,P0054,1,136.41,0.0
OI00005152,O0002948,P0030,1,249.09,0.0
OI00005153,O0002949,P0041,1,30.08,4.1
OI00005154,O0002950,P0019,1,656.76,0.0
OI00005155,O0002950,P0027,1,624.52,0.0
OI00005156,O0002951,P0021,1,84.19,0.0
OI00005157,O0002951,P0024,1,768.01,0.0
OI00005158,O0002952,P0023,1,120.82,0.0
OI00005159,O0002952,P0033,1,443.48,0.0
OI00005160,O0002952,P0056,1,384.49,0.0
OI00005161,O0002953,P0020,1,694.93,0.0
OI00005162,O0002954,P0055,1,149.03,0.0
OI00005163,O0002955,P0035,1,287.56,43.61
OI00005164,O0002956,P0013,1,100.5,0.0
OI00005165,O0002956,P0038,1,269.41,0.0
OI00005166,O0002956,P0041,1,30.27,0.0
OI00005167,O0002957,P0020,1,671.92,0.0
OI00005168,O0002957,P0013,1,104.02,0.0
OI00005169,O0002958,P0020,1,665.91,0.0
OI00005170,O0002958,P0002,2,79.6,0.0
OI00005171,O0002958,P0043,1,46.11,0.0
OI00005172,O0002959,P0055,1,145.51,0.0
OI00005173,O0002959,P0045,1,152.03,0.0
OI00005174,O0002960,P0055,1,142.59,20.59
OI00005175,O0002960,P0003,1,81.68,5.66
OI00005176,O0002960,P0036,2,193.12,45.67
OI00005177,O0002961,P0005,1,68.08,0.0
OI00005178,O0002961,P0024,1,785.92,0.0
OI00005179,O0002962,P0004,1,77.87,0.0
OI00005180,O0002963,P0022,2,337.38,0.0
OI00005181,O0002964,P0008,1,85.09,6.27
OI00005182,O0002964,P0003,1,82.71,6.48
OI00005183,O0002965,P0005,1,68.8,0.0
OI00005184,O0002966,P0019,1,658.96,0.0
OI00005185,O0002966,P0020,1,676.78,0.0
OI00005186,O0002967,P0024,1,795.87,100.95
OI00005187,O0002967,P0050,1,14.5,1.35
OI00005188,O0002968,P0006,1,128.64,0.0
OI00005189,O0002968,P0041,1,31.03,0.0
OI00005190,O0002968,P0060,1,455.8,0.0
OI00005191,O0002969,P0017,1,152.46,9.55
OI00005192,O0002970,P0021,1,85.53,0.0
OI00005193,O0002971,P0056,1,372.05,0.0
OI00005194,O0002971,P0019,1,655.67,0.0
OI00005195,O0002972,P0009,1,110.37,0.0
OI00005196,O0002973,P0042,1,134.09,0.0
OI00005197,O0002974,P0037,2,64.06,20.56
OI00005198,O0002974,P0058,1,51.78,2.2
OI00005199,O0002975,P0022,1,345.7,0.0
OI00005200,O0002975,P0034,1,418.64,0.0
OI00005201,O0002976,P0051,1,76.74,5.08
OI00005202,O0002976,P0033,1,419.45,40.21
OI00005203,O0002977,P0044,2,52.74,0.0
OI00005204,O0002977,P0034,1,436.47,0.0
OI00005205,O0002978,P0011,1,138.03,0.0
OI00005206,O0002979,P0038,1,269.2,0.0
OI00005207,O0002980,P0013,1,100.08,10.98
OI00005208,O0002980,P0053,1,545.91,51.97
OI00005209,O0002981,P0019,1,687.82,0.0
OI00005210,O0002981,P0040,1,487.72,0.0
OI00005211,O0002982,P0014,1,136.17,0.0
OI00005212,O0002983,P0056,1,364.29,0.0
OI00005213,O0002983,P0022,1,329.39,0.0
OI00005214,O0002983,P0005,1,67.61,0.0
OI00005215,O0002984,P0003,1,81.25,0.0
OI00005216,O0002985,P0008,2,89.81,0.0
OI00005217,O0002986,P0045,1,149.52,0.0
OI00005218,O0002987,P0043,1,44.48,0.0
OI00005219,O0002987,P0024,1,773.77,0.0
OI00005220,O0002988,P0027,1,627.99,0.0
OI00005221,O0002989,P0058,1,52.23,0.0
OI00005222,O0002989,P0006,1,122.53,0.0
OI00005223,O0002990,P0038,1,269.38,0.0
OI00005224,O0002991,P0048,1,92.0,0.0
OI00005225,O0002992,P0029,1,288.38,12.37
OI00005226,O0002993,P0016,2,124.78,0.0
OI00005227,O0002993,P0057,1,161.92,0.0
OI00005228,O0002994,P0038,1,264.52,33.8
OI00005229,O0002994,P0045,1,145.5,18.03
OI00005230,O0002995,P0044,1,53.86,0.0
OI00005231,O0002996,P0057,1,159.02,0.0
OI00005232,O0002997,P0045,1,149.09,0.0
OI00005233,O0002997,P0033,1,418.17,0.0
OI00005234,O0002998,P0038,1,276.18,0.0
OI00005235,O0002998,P0016,1,126.55,0.0
OI00005236,O0002999,P0018,1,373.77,0.0
OI00005237,O0002999,P0003,2,83.79,0.0
OI00005238,O0003000,P0030,1,260.22,0.0
OI00005239,O0003001,P0057,1,164.84,0.0
OI00005240,O0003001,P0039,1,327.13,0.0
OI00005241,O0003001,P0056,1,375.14,0.0
OI00005242,O0003002,P0054,1,138.05,0.0
OI00005243,O0003003,P0042,1,127.36,0.0
OI00005244,O0003004,P0019,2,678.8,0.0
OI00005245,O0003005,P0034,1,435.04,0.0
OI00005246,O0003005,P0052,1,411.12,0.0
OI00005247,O0003005,P0001,1,148.72,0.0
OI00005248,O0003006,P0038,1,274.4,0.0
OI00005249,O0003006,P0039,1,316.67,0.0
OI00005250,O0003007,P0028,2,315.41,0.0
OI00005251,O0003007,P0020,1,673.55,0.0
OI00005252,O0003008,P0060,1,440.09,70.23
OI00005253,O0003008,P0050,1,14.16,1.41
OI00005254,O0003009,P0049,1,139.91,12.18
OI00005255,O0003009,P0023,1,122.93,7.79
OI00005256,O0003010,P0006,1,127.45,0.0
OI00005257,O0003010,P0013,1,100.31,0.0
OI00005258,O0003011,P0050,2,14.28,3.64
OI00005259,O0003012,P0049,1,142.39,0.0
OI00005260,O0003013,P0004,1,77.09,9.04
OI00005261,O0003014,P0032,2,416.13,0.0
OI00005262,O0003014,P0027,1,637.54,0.0
OI00005263,O0003015,P0054,1,133.69,0.0
OI00005264,O0003015,P0003,1,82.74,0.0
OI00005265,O0003016,P0060,1,458.26,67.86
OI00005266,O0003017,P0059,1,63.44,3.1
OI00005267,O0003017,P0040,1,483.1,81.92
OI00005268,O0003018,P0023,2,119.82,0.0
OI00005269,O0003018,P0029,2,292.34,0.0
OI00005270,O0003019,P0025,1,605.47,0.0
OI00005271,O0003020,P0036,1,194.33,0.0
OI00005272,O0003020,P0003,1,81.21,0.0
OI00005273,O0003021,P0058,1,52.79,0.0
OI00005274,O0003022,P0001,1,143.51,0.0
OI00005275,O0003022,P0035,1,290.8,0.0
OI00005276,O0003023,P0049,1,145.09,6.64
OI00005277,O0003024,P0029,1,298.31,28.13
OI00005278,O0003024,P0057,1,166.56,27.41
OI00005279,O0003025,P0013,1,98.57,17.21
OI00005280,O0003026,P0048,1,91.9,14.82
OI00005281,O0003026,P0033,1,432.46,70.57
OI00005282,O0003027,P0050,1,14.48,0.0
OI00005283,O0003027,P0009,1,114.21,0.0
OI00005284,O0003028,P0016,1,124.76,0.0
OI00005285,O0003028,P0027,2,633.69,0.0
OI00005286,O0003028,P0019,1,681.6,0.0
OI00005287,O0003029,P0054,1,134.06,16.09
OI00005288,O0003030,P0003,2,82.08,17.77
OI00005289,O0003031,P0057,1,159.9,0.0
OI00005290,O0003031,P0032,1,418.25,0.0
OI00005291,O0003032,P0005,1,66.91,0.0
OI00005292,O0003032,P0004,1,76.58,0.0
OI00005293,O0003033,P0007,1,113.11,0.0
OI00005294,O0003033,P0034,2,422.46,0.0
OI00005295,O0003034,P0024,1,794.18,0.0
OI00005296,O0003035,P0007,1,111.33,0.0
OI00005297,O0003036,P0009,1,108.56,0.0
OI00005298,O0003037,P0023,1,122.2,0.0
OI00005299,O0003037,P0040,1,479.91,0.0
OI00005300,O0003038,P0033,1,418.85,0.0
OI00005301,O0003038,P0032,2,416.07,0.0
OI00005302,O0003039,P0042,1,127.89,8.83
OI00005303,O0003039,P0055,1,149.06,14.94
OI00005304,O0003040,P0003,2,81.35,0.0
OI00005305,O0003041,P0011,1,141.7,0.0
OI00005306,O0003042,P0032,2,403.48,0.0
OI00005307,O0003043,P0032,1,401.96,0.0
OI00005308,O0003043,P0023,1,124.3,0.0
OI00005309,O0003044,P0019,1,658.26,0.0
OI00005310,O0003044,P0039,1,327.71,0.0
OI00005311,O0003045,P0013,1,101.61,0.0
OI00005312,O0003046,P0057,1,158.37,23.69
OI00005313,O0003047,P0024,1,796.06,138.22
OI00005314,O0003048,P0043,1,45.64,4.9
OI00005315,O0003048,P0026,1,83.4,13.82
OI00005316,O0003048,P0042,2,129.01,37.41
OI00005317,O0003048,P0054,1,134.93,7.38
OI00005318,O0003049,P0041,2,31.02,0.0
OI00005319,O0003050,P0036,1,194.2,0.0
OI00005320,O0003051,P0055,1,150.04,0.0
OI00005321,O0003051,P0038,1,271.93,0.0
OI00005322,O0003051,P0028,1,323.25,0.0
OI00005323,O0003052,P0050,1,14.53,0.0
OI00005324,O0003052,P0014,1,134.44,0.0
OI00005325,O0003053,P0043,1,46.45,0.0
OI00005326,O0003053,P0004,1,76.89,0.0
OI00005327,O0003054,P0045,2,148.55,0.0
OI00005328,O0003054,P0008,1,86.93,0.0
OI00005329,O0003054,P0003,1,82.09,0.0
OI00005330,O0003055,P0003,1,83.34,0.0
OI00005331,O0003055,P0032,1,402.4,0.0
OI00005332,O0003056,P0002,1,80.22,0.0
OI00005333,O0003057,P0023,1,121.94,0.0
OI00005334,O0003058,P0057,1,162.36,19.88
OI00005335,O0003059,P0060,1,459.73,0.0
OI00005336,O0003060,P0029,1,283.34,0.0
OI00005337,O0003060,P0025,1,621.75,0.0
OI00005338,O0003061,P0056,1,366.17,0.0
OI00005339,O0003061,P0047,1,68.11,0.0
OI00005340,O0003062,P0020,2,692.13,101.26
OI00005341,O0003062,P0047,1,70.54,6.48
OI00005342,O0003063,P0003,1,83.64,0.0
OI00005343,O0003063,P0057,1,159.36,0.0
OI00005344,O0003064,P0033,1,439.12,0.0
OI00005345,O0003065,P0049,1,140.98,0.0
OI00005346,O0003066,P0026,1,85.71,0.0
OI00005347,O0003066,P0054,1,135.88,0.0
OI00005348,O0003067,P0048,1,94.83,5.77
OI00005349,O0003067,P0021,1,84.5,7.06
OI00005350,O0003068,P0027,2,620.84,0.0
OI00005351,O0003069,P0033,1,431.96,0.0
OI00005352,O0003069,P0041,2,31.44,0.0
OI00005353,O0003070,P0059,1,62.19,0.0
OI00005354,O0003070,P0023,2,124.99,0.0
OI00005355,O0003070,P0043,1,45.33,0.0
OI00005356,O0003071,P0006,1,127.42,14.85
OI00005357,O0003072,P0059,1,61.04,0.0
OI00005358,O0003073,P0059,1,60.55,4.79
OI00005359,O0003073,P0011,2,140.82,14.6
OI00005360,O0003074,P0003,1,80.59,0.0
OI00005361,O0003074,P0059,1,63.32,0.0
OI00005362,O0003075,P0057,1,164.55,0.0
OI00005363,O0003075,P0003,1,81.16,0.0
OI00005364,O0003076,P0057,1,157.35,16.27
OI00005365,O0003077,P0022,2,329.68,0.0
OI00005366,O0003078,P0003,1,82.81,0.0
OI00005367,O0003079,P0032,1,420.69,22.2
OI00005368,O0003079,P0023,1,119.12,9.76
OI00005369,O0003079,P0013,1,98.45,12.09
OI00005370,O0003080,P0043,1,44.36,0.0
OI00005371,O0003080,P0049,1,144.82,0.0
OI00005372,O0003081,P0017,2,152.86,0.0
OI00005373,O0003082,P0006,1,125.04,0.0
OI00005374,O0003082,P0029,1,293.51,0.0
OI00005375,O0003082,P0036,2,195.17,0.0
OI00005376,O0003082,P0054,1,136.69,0.0
OI00005377,O0003083,P0052,1,416.23,0.0
OI00005378,O0003084,P0007,1,111.1,17.36
OI00005379,O0003084,P0018,1,366.78,31.89
OI00005380,O0003084,P0038,1,267.2,35.55
OI00005381,O0003085,P0003,1,80.59,10.9
OI00005382,O0003085,P0039,1,326.68,16.32
OI00005383,O0003085,P0018,1,363.35,34.58
OI00005384,O0003085,P0015,1,61.85,8.0
OI00005385,O0003086,P0029,1,297.46,0.0
OI00005386,O0003087,P0039,2,323.15,0.0
OI00005387,O0003087,P0026,1,84.22,0.0
OI00005388,O0003087,P0003,1,81.84,0.0
OI00005389,O0003087,P0029,1,293.48,0.0
OI00005390,O0003088,P0001,1,148.01,0.0
OI00005391,O0003089,P0006,1,124.08,0.0
OI00005392,O0003090,P0005,1,65.59,2.72
OI00005393,O0003091,P0021,1,82.66,0.0
OI00005394,O0003092,P0038,2,267.0,0.0
OI00005395,O0003092,P0030,2,256.36,0.0
OI00005396,O0003093,P0046,1,18.61,1.58
OI00005397,O0003093,P0043,1,46.42,3.7
OI00005398,O0003093,P0047,1,70.55,7.58
OI00005399,O0003093,P0057,1,158.98,13.33
OI00005400,O0003094,P0006,1,124.56,0.0
OI00005401,O0003094,P0052,1,421.92,0.0
OI00005402,O0003095,P0032,2,412.6,0.0
OI00005403,O0003095,P0048,1,90.99,0.0
OI00005404,O0003096,P0038,3,275.78,144.76
OI00005405,O0003096,P0045,2,150.31,52.06
OI00005406,O0003097,P0012,1,28.21,0.0
OI00005407,O0003097,P0039,1,324.14,0.0
OI00005408,O0003098,P0005,1,68.9,0.0
OI00005409,O0003098,P0042,1,133.37,0.0
OI00005410,O0003099,P0008,1,88.83,10.71
OI00005411,O0003099,P0018,1,361.04,27.46
OI00005412,O0003100,P0020,2,691.11,0.0
OI00005413,O0003100,P0039,1,329.28,0.0
OI00005414,O0003101,P0006,1,127.92,11.22
OI00005415,O0003102,P0002,1,81.53,0.0
OI00005416,O0003102,P0007,2,112.54,0.0
OI00005417,O0003102,P0027,1,619.32,0.0
OI00005418,O0003102,P0026,1,86.02,0.0
OI00005419,O0003103,P0029,1,291.82,0.0
OI00005420,O0003104,P0035,1,290.62,19.0
OI00005421,O0003105,P0005,1,67.64,0.0
OI00005422,O0003105,P0024,2,805.46,0.0
OI00005423,O0003106,P0005,2,68.21,21.86
OI00005424,O0003106,P0026,3,82.98,35.95
OI00005425,O0003107,P0003,1,80.03,0.0
OI00005426,O0003108,P0002,1,81.36,13.59
OI00005427,O0003109,P0041,1,31.58,5.05
OI00005428,O0003110,P0020,1,693.11,0.0
OI00005429,O0003111,P0059,1,63.39,0.0
OI00005430,O0003111,P0027,1,649.71,0.0
OI00005431,O0003111,P0036,1,189.13,0.0
OI00005432,O0003111,P0013,1,98.51,0.0
OI00005433,O0003112,P0035,1,291.22,0.0
OI00005434,O0003112,P0021,1,81.8,0.0
OI00005435,O0003113,P0038,1,267.41,0.0
OI00005436,O0003113,P0056,1,368.57,0.0
OI00005437,O0003114,P0039,1,319.34,0.0
OI00005438,O0003114,P0007,1,108.83,0.0
OI00005439,O0003115,P0004,1,77.42,3.34
OI00005440,O0003116,P0037,1,64.35,0.0
OI00005441,O0003116,P0036,1,186.53,0.0
OI00005442,O0003116,P0038,2,270.57,0.0
OI00005443,O0003117,P0055,1,144.6,0.0
OI00005444,O0003118,P0001,1,146.21,0.0
OI00005445,O0003118,P0038,1,275.95,0.0
OI00005446,O0003118,P0052,1,414.21,0.0
OI00005447,O0003119,P0019,1,691.11,86.12
OI00005448,O0003120,P0043,1,44.77,0.0
OI00005449,O0003121,P0040,1,471.61,0.0
OI00005450,O0003122,P0020,1,672.41,89.46
OI00005451,O0003122,P0054,1,134.91,21.08
OI00005452,O0003123,P0003,1,82.26,3.42
OI00005453,O0003124,P0039,1,317.29,14.09
OI00005454,O0003124,P0052,2,408.36,65.46
OI00005455,O0003125,P0027,1,631.48,0.0
OI00005456,O0003125,P0005,1,67.01,0.0
OI00005457,O0003125,P0057,1,160.4,0.0
OI00005458,O0003125,P0038,1,274.72,0.0
OI00005459,O0003126,P0026,1,82.76,0.0
OI00005460,O0003127,P0030,1,259.74,0.0
OI00005461,O0003128,P0009,1,113.59,0.0
OI00005462,O0003129,P0017,1,156.79,0.0
OI00005463,O0003129,P0042,2,130.98,0.0
OI00005464,O0003129,P0048,2,93.2,0.0
OI00005465,O0003129,P0054,1,134.99,0.0
OI00005466,O0003130,P0004,1,75.4,0.0
OI00005467,O0003130,P0003,2,80.89,0.0
OI00005468,O0003130,P0012,2,28.99,0.0
OI00005469,O0003131,P0005,1,66.68,0.0
OI00005470,O0003131,P0040,2,492.75,0.0
OI00005471,O0003132,P0041,2,31.21,0.0
OI00005472,O0003133,P0024,1,774.98,95.66
OI00005473,O0003134,P0017,1,153.5,0.0
OI00005474,O0003134,P0040,2,476.59,0.0
OI00005475,O0003135,P0003,1,80.97,0.0
OI00005476,O0003135,P0034,1,419.5,0.0
OI00005477,O0003135,P0038,2,275.08,0.0
OI00005478,O0003136,P0038,1,267.67,0.0
OI00005479,O0003137,P0030,1,252.04,19.11
OI00005480,O0003137,P0024,2,766.12,154.25
OI00005481,O0003137,P0032,1,406.95,65.23
OI00005482,O0003138,P0007,1,109.36,0.0
OI00005483,O0003138,P0024,1,782.17,0.0
OI00005484,O0003139,P0020,2,677.75,0.0
OI00005485,O0003139,P0045,1,148.59,0.0
OI00005486,O0003140,P0040,1,477.52,36.37
OI00005487,O0003140,P0058,1,51.25,4.1
OI00005488,O0003141,P0036,1,190.04,0.0
OI00005489,O0003142,P0009,2,109.4,0.0
OI00005490,O0003142,P0052,1,400.62,0.0
OI00005491,O0003143,P0049,1,140.46,13.19
OI00005492,O0003144,P0003,1,79.51,11.42
OI00005493,O0003144,P0038,1,267.5,18.98
OI00005494,O0003145,P0020,1,683.37,41.19
OI00005495,O0003145,P0038,2,264.93,66.29
OI00005496,O0003145,P0008,1,86.13,14.73
OI00005497,O0003146,P0024,2,785.09,171.57
OI00005498,O0003146,P0046,1,19.63,0.99
OI00005499,O0003147,P0021,1,83.79,0.0
OI00005500,O0003148,P0016,1,121.48,0.0
OI00005501,O0003149,P0015,1,63.32,0.0
OI00005502,O0003149,P0059,1,61.85,0.0
OI00005503,O0003150,P0012,1,28.54,0.0
OI00005504,O0003150,P0038,1,265.66,0.0
OI00005505,O0003151,P0052,1,410.79,0.0
OI00005506,O0003151,P0020,2,664.22,0.0
OI00005507,O0003152,P0003,1,81.34,0.0
OI00005508,O0003153,P0055,1,150.45,0.0
OI00005509,O0003153,P0045,1,154.21,0.0
OI00005510,O0003154,P0051,1,73.04,0.0
OI00005511,O0003154,P0006,2,123.75,0.0
OI00005512,O0003155,P0059,1,63.0,10.56
OI00005513,O0003156,P0023,1,122.24,14.17
OI00005514,O0003157,P0060,1,454.92,0.0
OI00005515,O0003157,P0038,1,264.01,0.0
OI00005516,O0003158,P0002,1,82.55,10.37
OI00005517,O0003159,P0043,1,45.15,4.75
OI00005518,O0003160,P0045,1,145.7,12.75
OI00005519,O0003161,P0005,1,68.2,0.0
OI00005520,O0003161,P0013,1,99.98,0.0
OI00005521,O0003161,P0029,1,296.02,0.0
OI00005522,O0003161,P0016,1,124.23,0.0
OI00005523,O0003161,P0059,1,60.97,0.0
OI00005524,O0003162,P0021,1,84.53,0.0
OI00005525,O0003162,P0023,1,118.17,0.0
OI00005526,O0003162,P0059,1,63.48,0.0
OI00005527,O0003163,P0020,1,669.78,82.43
OI00005528,O0003163,P0042,1,134.49,15.74
OI00005529,O0003163,P0028,1,319.87,43.63
OI00005530,O0003164,P0019,1,679.49,29.16
OI00005531,O0003164,P0020,2,670.92,133.72
OI00005532,O0003165,P0044,1,53.85,2.77
OI00005533,O0003165,P0041,1,30.59,5.32
OI00005534,O0003166,P0050,1,14.63,0.0
OI00005535,O0003167,P0045,1,150.48,0.0
OI00005536,O0003167,P0056,1,376.82,0.0
OI00005537,O0003168,P0058,1,52.53,6.63
OI00005538,O0003168,P0054,1,136.65,15.22
OI00005539,O0003168,P0030,1,258.17,26.24
OI00005540,O0003169,P0016,1,122.72,5.48
OI00005541,O0003170,P0029,1,290.23,0.0
OI00005542,O0003170,P0006,1,122.59,0.0
OI00005543,O0003170,P0024,1,794.61,0.0
OI00005544,O0003171,P0003,1,80.14,0.0
OI00005545,O0003172,P0006,1,126.58,13.92
OI00005546,O0003172,P0030,1,250.18,33.63
OI00005547,O0003172,P0025,1,626.16,78.05
OI00005548,O0003173,P0024,1,777.55,0.0
OI00005549,O0003174,P0010,1,156.49,0.0
OI00005550,O0003175,P0040,2,472.8,0.0
OI00005551,O0003176,P0049,1,140.61,0.0
OI00005552,O0003176,P0044,1,54.47,0.0
OI00005553,O0003177,P0053,1,527.18,0.0
OI00005554,O0003177,P0015,2,62.73,0.0
OI00005555,O0003178,P0016,1,121.92,9.35
OI00005556,O0003178,P0034,1,430.67,27.45
OI00005557,O0003179,P0024,1,796.19,0.0
OI00005558,O0003179,P0030,1,260.52,0.0
OI00005559,O0003180,P0031,1,27.95,0.0
OI00005560,O0003181,P0046,1,19.36,2.33
OI00005561,O0003182,P0018,1,377.76,0.0
OI00005562,O0003182,P0008,1,86.6,0.0
OI00005563,O0003183,P0005,2,65.58,0.0
OI00005564,O0003183,P0029,1,290.52,0.0
OI00005565,O0003184,P0028,1,310.21,0.0
OI00005566,O0003185,P0020,1,698.47,0.0
OI00005567,O0003186,P0045,1,147.46,0.0
OI00005568,O0003187,P0060,1,435.12,36.92
OI00005569,O0003188,P0060,1,458.47,67.76
OI00005570,O0003189,P0049,1,143.61,18.02
OI00005571,O0003190,P0049,1,139.53,0.0
OI00005572,O0003191,P0019,1,679.51,0.0
OI00005573,O0003192,P0021,1,84.86,0.0
OI00005574,O0003192,P0028,1,320.0,0.0
OI00005575,O0003193,P0039,2,321.26,0.0
OI00005576,O0003193,P0002,1,83.43,0.0
OI00005577,O0003194,P0003,2,80.59,0.0
OI00005578,O0003195,P0016,1,126.89,0.0
OI00005579,O0003196,P0004,1,78.24,0.0
OI00005580,O0003196,P0059,2,60.14,0.0
OI00005581,O0003196,P0049,1,141.91,0.0
OI00005582,O0003197,P0019,1,671.43,0.0
OI00005583,O0003197,P0048,1,91.06,0.0
OI00005584,O0003198,P0051,1,77.34,0.0
OI00005585,O0003198,P0003,1,81.58,0.0
OI00005586,O0003199,P0051,1,75.98,0.0
OI00005587,O0003200,P0055,1,142.89,0.0
OI00005588,O0003200,P0059,1,63.7,0.0
OI00005589,O0003201,P0014,1,130.75,0.0
OI00005590,O0003202,P0001,1,142.19,13.83
OI00005591,O0003202,P0023,1,123.62,21.6
OI00005592,O0003203,P0001,1,144.8,11.98
OI00005593,O0003204,P0047,1,68.66,0.0
OI00005594,O0003204,P0045,1,148.46,0.0
OI00005595,O0003204,P0003,1,80.44,0.0
OI00005596,O0003205,P0060,1,454.96,0.0
OI00005597,O0003205,P0013,1,98.77,0.0
OI00005598,O0003206,P0003,1,79.48,0.0
OI00005599,O0003206,P0045,1,152.6,0.0
OI00005600,O0003207,P0025,1,623.55,0.0
OI00005601,O0003208,P0029,1,290.51,0.0
OI00005602,O0003208,P0039,1,314.1,0.0
OI00005603,O0003209,P0043,1,46.05,0.0
OI00005604,O0003210,P0037,1,65.29,0.0
OI00005605,O0003211,P0001,1,149.19,0.0
OI00005606,O0003211,P0036,1,191.77,0.0
OI00005607,O0003212,P0033,1,438.71,0.0
OI00005608,O0003212,P0028,1,325.76,0.0
OI00005609,O0003213,P0036,1,187.72,0.0
OI00005610,O0003213,P0024,1,798.01,0.0
OI00005611,O0003213,P0029,1,285.58,0.0
OI00005612,O0003214,P0040,1,491.4,0.0
OI00005613,O0003214,P0033,2,423.62,0.0
OI00005614,O0003214,P0054,1,134.56,0.0
OI00005615,O0003215,P0007,2,108.16,26.59
OI00005616,O0003216,P0032,2,421.27,137.16
OI00005617,O0003217,P0001,1,148.04,0.0
OI00005618,O0003217,P0030,1,251.9,0.0
OI00005619,O0003217,P0042,1,131.8,0.0
OI00005620,O0003218,P0042,1,130.84,0.0
OI00005621,O0003218,P0001,1,141.76,0.0
OI00005622,O0003219,P0046,1,19.42,0.0
OI00005623,O0003219,P0010,1,159.38,0.0
OI00005624,O0003220,P0033,1,426.73,0.0
OI00005625,O0003221,P0054,1,140.21,0.0
OI00005626,O0003221,P0005,1,67.95,0.0
OI00005627,O0003222,P0054,1,134.21,0.0
OI00005628,O0003222,P0050,1,14.21,0.0
OI00005629,O0003223,P0036,1,196.2,0.0
OI00005630,O0003224,P0043,1,45.46,0.0
OI00005631,O0003224,P0032,1,410.46,0.0
OI00005632,O0003224,P0055,1,144.94,0.0
OI00005633,O0003224,P0042,1,127.51,0.0
OI00005634,O0003225,P0038,1,260.92,0.0
OI00005635,O0003226,P0024,1,783.47,60.21
OI00005636,O0003227,P0001,2,141.42,0.0
OI00005637,O0003228,P0038,2,272.43,70.0
OI00005638,O0003229,P0056,1,368.78,65.26
OI00005639,O0003229,P0024,2,784.82,224.19
OI00005640,O0003229,P0060,1,441.8,46.45
OI00005641,O0003229,P0039,1,312.69,23.34
OI00005642,O0003229,P0020,1,669.03,90.59
OI00005643,O0003230,P0012,1,28.34,0.0
OI00005644,O0003231,P0016,1,120.21,0.0
OI00005645,O0003231,P0018,1,360.36,0.0
OI00005646,O0003232,P0009,1,112.96,16.22
OI00005647,O0003232,P0038,1,268.1,25.23
OI00005648,O0003233,P0041,1,30.09,0.0
OI00005649,O0003233,P0049,1,141.05,0.0
OI00005650,O0003233,P0045,1,146.57,0.0
OI00005651,O0003234,P0028,1,314.63,0.0
OI00005652,O0003234,P0013,1,100.72,0.0
OI00005653,O0003235,P0053,1,543.59,0.0
OI00005654,O0003236,P0016,2,126.04,44.16
OI00005655,O0003237,P0045,1,150.91,17.7
OI00005656,O0003238,P0008,1,89.92,0.0
OI00005657,O0003239,P0032,2,404.47,117.17
OI00005658,O0003240,P0038,1,272.78,0.0
OI00005659,O0003241,P0042,1,132.0,14.84
OI00005660,O0003241,P0005,1,66.65,3.0
OI00005661,O0003241,P0001,1,149.6,17.26
OI00005662,O0003242,P0043,1,45.88,0.0
OI00005663,O0003243,P0004,2,77.04,0.0
OI00005664,O0003244,P0041,1,30.41,0.0
OI00005665,O0003244,P0029,1,290.91,0.0
OI00005666,O0003245,P0037,2,65.01,6.07
OI00005667,O0003245,P0023,2,123.59,27.78
OI00005668,O0003246,P0044,1,52.42,0.0
OI00005669,O0003246,P0041,1,31.03,0.0
OI00005670,O0003247,P0040,1,477.31,0.0
OI00005671,O0003247,P0035,1,293.92,0.0
OI00005672,O0003247,P0006,1,125.12,0.0
OI00005673,O0003248,P0010,1,155.9,0.0
OI00005674,O0003249,P0003,1,79.21,12.38
OI00005675,O0003249,P0018,1,376.6,30.78
OI00005676,O0003250,P0029,1,292.99,0.0
OI00005677,O0003250,P0059,1,61.25,0.0
OI00005678,O0003251,P0032,2,418.01,0.0
OI00005679,O0003251,P0058,1,50.56,0.0
OI00005680,O0003251,P0005,1,67.77,0.0
OI00005681,O0003251,P0041,1,31.53,0.0
OI00005682,O0003252,P0038,1,265.57,0.0
OI00005683,O0003252,P0009,2,110.91,0.0
OI00005684,O0003253,P0016,1,120.49,8.79
OI00005685,O0003253,P0033,1,418.61,31.87
OI00005686,O0003254,P0001,2,146.1,0.0
OI00005687,O0003255,P0011,1,141.34,0.0
OI00005688,O0003256,P0042,1,132.02,0.0
OI00005689,O0003256,P0001,1,149.01,0.0
OI00005690,O0003257,P0004,1,78.29,0.0
OI00005691,O0003257,P0043,1,45.02,0.0
OI00005692,O0003257,P0020,1,698.25,0.0
OI00005693,O0003258,P0021,1,80.81,5.26
OI00005694,O0003258,P0019,2,665.41,153.7
OI00005695,O0003259,P0010,2,160.71,35.8
OI00005696,O0003259,P0028,1,323.11,44.46
OI00005697,O0003260,P0013,1,100.84,12.12
OI00005698,O0003261,P0004,1,77.06,10.13
OI00005699,O0003261,P0024,1,785.67,93.24
OI00005700,O0003262,P0024,1,804.99,0.0
OI00005701,O0003262,P0019,1,662.8,0.0
OI00005702,O0003262,P0057,1,162.09,0.0
OI00005703,O0003262,P0037,1,66.69,0.0
OI00005704,O0003263,P0029,1,293.06,0.0
OI00005705,O0003264,P0023,1,122.88,0.0
OI00005706,O0003264,P0001,2,147.7,0.0
OI00005707,O0003264,P0038,1,263.64,0.0
OI00005708,O0003264,P0049,1,140.57,0.0
OI00005709,O0003264,P0010,2,163.58,0.0
OI00005710,O0003265,P0041,1,31.23,0.0
OI00005711,O0003265,P0057,1,164.69,0.0
OI00005712,O0003266,P0037,1,65.89,0.0
OI00005713,O0003267,P0048,1,94.08,0.0
OI00005714,O0003268,P0024,1,810.65,0.0
OI00005715,O0003269,P0040,1,477.07,81.71
OI00005716,O0003270,P0056,2,380.25,0.0
OI00005717,O0003270,P0045,1,145.83,0.0
OI00005718,O0003270,P0006,2,121.81,0.0
OI00005719,O0003271,P0043,1,45.4,0.0
OI00005720,O0003271,P0003,1,81.77,0.0
OI00005721,O0003271,P0013,1,101.7,0.0
OI00005722,O0003272,P0041,1,31.2,0.0
OI00005723,O0003272,P0024,1,806.33,0.0
OI00005724,O0003272,P0048,1,90.02,0.0
OI00005725,O0003273,P0034,1,425.29,0.0
OI00005726,O0003273,P0006,1,125.62,0.0
OI00005727,O0003274,P0026,1,82.3,13.75
OI00005728,O0003274,P0051,1,73.15,5.59
OI00005729,O0003275,P0046,1,19.33,0.0
OI00005730,O0003275,P0052,1,399.24,0.0
OI00005731,O0003276,P0016,1,125.54,0.0
OI00005732,O0003276,P0040,1,467.05,0.0
OI00005733,O0003276,P0027,2,640.71,0.0
OI00005734,O0003277,P0009,1,108.0,0.0
OI00005735,O0003278,P0038,1,263.45,0.0
OI00005736,O0003278,P0019,1,658.13,0.0
OI00005737,O0003278,P0029,2,285.52,0.0
OI00005738,O0003279,P0056,1,380.61,0.0
OI00005739,O0003279,P0017,1,154.59,0.0
OI00005740,O0003280,P0003,1,82.98,0.0
OI00005741,O0003281,P0056,1,382.59,0.0
OI00005742,O0003281,P0010,2,157.27,0.0
OI00005743,O0003282,P0002,1,82.68,9.45
OI00005744,O0003282,P0005,1,68.27,11.18
OI00005745,O0003283,P0057,1,158.31,0.0
OI00005746,O0003284,P0054,1,140.23,0.0
OI00005747,O0003285,P0006,2,127.18,0.0
OI00005748,O0003286,P0025,1,632.97,0.0
OI00005749,O0003286,P0040,1,476.1,0.0
OI00005750,O0003287,P0029,1,300.48,0.0
OI00005751,O0003288,P0033,1,443.08,0.0
OI00005752,O0003288,P0003,1,79.31,0.0
OI00005753,O0003289,P0029,1,291.03,0.0
OI00005754,O0003290,P0045,1,146.24,8.66
OI00005755,O0003290,P0057,1,159.33,27.03
OI00005756,O0003290,P0006,1,124.29,16.98
OI00005757,O0003291,P0004,1,75.41,0.0
OI00005758,O0003292,P0059,1,60.17,0.0
OI00005759,O0003292,P0018,1,357.77,0.0
OI00005760,O0003293,P0038,1,272.83,0.0
OI00005761,O0003293,P0057,1,159.45,0.0
OI00005762,O0003293,P0019,2,664.62,0.0
OI00005763,O0003294,P0057,1,158.95,17.88
OI00005764,O0003294,P0018,1,362.88,19.96
OI00005765,O0003295,P0015,1,62.65,0.0
OI00005766,O0003296,P0054,1,139.14,0.0
OI00005767,O0003296,P0042,1,128.3,0.0
OI00005768,O0003296,P0058,1,52.3,0.0
OI00005769,O0003297,P0020,1,668.24,57.63
OI00005770,O0003297,P0008,1,89.57,4.89
OI00005771,O0003298,P0023,1,125.18,0.0
OI00005772,O0003298,P0050,1,13.87,0.0
OI00005773,O0003299,P0045,1,145.61,0.0
OI00005774,O0003299,P0030,1,247.95,0.0
OI00005775,O0003300,P0019,1,674.2,0.0
OI00005776,O0003300,P0029,1,296.6,0.0
OI00005777,O0003301,P0043,1,46.41,0.0
OI00005778,O0003302,P0060,1,446.72,0.0
OI00005779,O0003303,P0048,1,91.28,0.0
OI00005780,O0003303,P0049,1,144.98,0.0
OI00005781,O0003304,P0024,1,794.0,130.67
OI00005782,O0003304,P0035,1,287.49,41.83
OI00005783,O0003305,P0029,1,285.44,0.0
OI00005784,O0003305,P0038,1,271.74,0.0
OI00005785,O0003306,P0001,1,144.24,0.0
OI00005786,O0003307,P0032,1,421.63,0.0
OI00005787,O0003307,P0001,2,142.47,0.0
OI00005788,O0003307,P0042,2,133.21,0.0
OI00005789,O0003307,P0006,1,124.48,0.0
OI00005790,O0003308,P0004,1,76.36,0.0
OI00005791,O0003309,P0060,1,459.18,0.0
OI00005792,O0003310,P0018,1,363.7,0.0
OI00005793,O0003311,P0033,1,424.49,0.0
OI00005794,O0003311,P0034,1,424.61,0.0
OI00005795,O0003312,P0060,1,441.87,0.0
OI00005796,O0003312,P0020,1,667.02,0.0
OI00005797,O0003312,P0049,1,143.79,0.0
OI00005798,O0003313,P0038,1,272.59,0.0
OI00005799,O0003314,P0001,1,141.76,6.71
OI00005800,O0003314,P0016,1,123.0,20.03
OI00005801,O0003315,P0030,1,246.65,0.0
OI00005802,O0003316,P0041,1,31.65,4.38
OI00005803,O0003317,P0005,1,68.38,4.25
OI00005804,O0003318,P0006,1,127.65,0.0
OI00005805,O0003319,P0024,1,792.46,0.0
OI00005806,O0003319,P0045,1,149.03,0.0
OI00005807,O0003320,P0057,1,160.73,0.0
OI00005808,O0003320,P0039,1,329.57,0.0
OI00005809,O0003321,P0023,1,121.73,20.99
OI00005810,O0003322,P0042,1,132.48,0.0
OI00005811,O0003322,P0007,1,108.7,0.0
OI00005812,O0003322,P0037,1,65.98,0.0
OI00005813,O0003322,P0016,2,127.11,0.0
OI00005814,O0003323,P0006,1,126.59,9.03
OI00005815,O0003324,P0006,1,122.19,13.3
OI00005816,O0003324,P0009,1,110.34,17.15
OI00005817,O0003325,P0045,1,149.24,0.0
OI00005818,O0003325,P0038,2,263.16,0.0
OI00005819,O0003325,P0020,1,668.23,0.0
OI00005820,O0003326,P0052,1,415.09,70.8
OI00005821,O0003327,P0003,2,81.69,0.0
OI00005822,O0003328,P0059,1,61.75,0.0
OI00005823,O0003329,P0026,1,84.91,0.0
OI00005824,O0003329,P0039,1,316.27,0.0
OI00005825,O0003330,P0012,1,28.04,0.0
OI00005826,O0003330,P0047,1,71.12,0.0
OI00005827,O0003331,P0004,1,76.15,0.0
OI00005828,O0003331,P0039,1,327.61,0.0
OI00005829,O0003332,P0055,1,149.34,19.06
OI00005830,O0003333,P0016,1,124.81,8.13
OI00005831,O0003333,P0045,1,147.74,14.17
OI00005832,O0003333,P0038,1,267.23,25.5
OI00005833,O0003334,P0032,1,402.53,17.28
OI00005834,O0003334,P0033,1,430.09,62.33
OI00005835,O0003334,P0019,1,689.22,79.48
OI00005836,O0003335,P0003,2,83.76,0.0
OI00005837,O0003335,P0013,1,100.03,0.0
OI00005838,O0003336,P0020,2,698.64,0.0
OI00005839,O0003337,P0001,1,143.97,0.0
OI00005840,O0003338,P0059,1,60.51,0.0
OI00005841,O0003339,P0048,1,93.56,0.0
OI00005842,O0003340,P0044,1,55.2,0.0
OI00005843,O0003340,P0057,1,159.19,0.0
OI00005844,O0003341,P0001,1,142.83,0.0
OI00005845,O0003341,P0013,1,98.66,0.0
OI00005846,O0003342,P0003,1,81.38,0.0
OI00005847,O0003342,P0039,1,322.26,0.0
OI00005848,O0003343,P0055,1,146.96,0.0
OI00005849,O0003343,P0013,1,98.41,0.0
OI00005850,O0003344,P0028,1,316.18,49.93
OI00005851,O0003344,P0045,1,146.4,25.74
OI00005852,O0003345,P0021,1,83.72,0.0
OI00005853,O0003345,P0058,1,50.44,0.0
OI00005854,O0003346,P0048,1,90.41,0.0
OI00005855,O0003346,P0038,1,275.29,0.0
OI00005856,O0003347,P0030,1,261.57,24.76
OI00005857,O0003347,P0024,1,766.73,42.55
OI00005858,O0003348,P0049,1,140.11,0.0
OI00005859,O0003349,P0009,1,113.59,0.0
OI00005860,O0003350,P0036,2,194.39,42.41
OI00005861,O0003351,P0033,1,438.94,0.0
OI00005862,O0003352,P0036,1,190.06,31.04
OI00005863,O0003353,P0027,2,640.93,0.0
OI00005864,O0003354,P0049,1,145.21,0.0
OI00005865,O0003354,P0021,1,81.69,0.0
OI00005866,O0003355,P0039,1,314.07,0.0
OI00005867,O0003355,P0038,2,275.82,0.0
OI00005868,O0003355,P0019,1,660.34,0.0
OI00005869,O0003355,P0011,1,143.44,0.0
OI00005870,O0003356,P0038,1,262.08,0.0
OI00005871,O0003357,P0057,1,165.81,0.0
OI00005872,O0003357,P0052,1,403.6,0.0
OI00005873,O0003357,P0031,1,28.37,0.0
OI00005874,O0003357,P0043,1,45.82,0.0
OI00005875,O0003357,P0009,2,110.83,0.0
OI00005876,O0003358,P0004,1,77.89,7.68
OI00005877,O0003359,P0003,1,80.38,0.0
OI00005878,O0003359,P0048,1,92.54,0.0
OI00005879,O0003360,P0033,1,431.81,0.0
OI00005880,O0003360,P0006,2,126.0,0.0
OI00005881,O0003361,P0029,1,292.28,0.0
OI00005882,O0003362,P0056,1,369.74,0.0
OI00005883,O0003362,P0038,1,267.46,0.0
OI00005884,O0003363,P0033,1,428.51,0.0
OI00005885,O0003363,P0006,1,124.84,0.0
OI00005886,O0003364,P0006,1,121.93,13.85
OI00005887,O0003364,P0040,1,473.06,68.66
OI00005888,O0003364,P0014,1,137.69,19.57
OI00005889,O0003365,P0057,2,157.54,41.0
OI00005890,O0003366,P0029,1,283.24,0.0
OI00005891,O0003367,P0058,1,49.78,0.0
OI00005892,O0003367,P0002,1,82.69,0.0
OI00005893,O0003368,P0029,1,283.57,0.0
OI00005894,O0003368,P0019,1,661.37,0.0
OI00005895,O0003369,P0056,1,365.67,0.0
OI00005896,O0003370,P0040,1,480.53,36.18
OI00005897,O0003371,P0003,1,81.74,0.0
OI00005898,O0003371,P0021,1,82.92,0.0
OI00005899,O0003371,P0031,2,28.84,0.0
OI00005900,O0003372,P0039,1,328.35,0.0
OI00005901,O0003373,P0022,1,329.1,32.33
OI00005902,O0003374,P0004,1,78.1,0.0
OI00005903,O0003375,P0037,1,63.42,0.0
OI00005904,O0003375,P0042,1,130.47,0.0
OI00005905,O0003376,P0020,1,673.02,0.0
OI00005906,O0003376,P0021,1,84.56,0.0
OI00005907,O0003376,P0048,2,93.96,0.0
OI00005908,O0003377,P0001,1,146.27,0.0
OI00005909,O0003377,P0020,1,691.62,0.0
OI00005910,O0003378,P0040,1,490.87,0.0
OI00005911,O0003379,P0016,1,120.86,5.5
OI00005912,O0003380,P0012,1,28.93,3.0
OI00005913,O0003380,P0040,1,471.48,42.9
OI00005914,O0003380,P0044,1,53.28,4.75
OI00005915,O0003380,P0053,1,524.5,61.76
OI00005916,O0003381,P0030,2,251.71,0.0
OI00005917,O0003381,P0050,1,14.57,0.0
OI00005918,O0003381,P0043,2,46.64,0.0
OI00005919,O0003382,P0009,2,108.59,32.19
OI00005920,O0003383,P0020,1,691.6,44.51
OI00005921,O0003384,P0042,1,128.94,0.0
OI00005922,O0003384,P0021,1,83.26,0.0
OI00005923,O0003384,P0056,1,373.46,0.0
OI00005924,O0003385,P0010,1,161.64,17.23
OI00005925,O0003385,P0048,1,92.83,7.28
OI00005926,O0003385,P0020,1,683.88,106.11
OI00005927,O0003386,P0001,1,144.16,16.97
OI00005928,O0003386,P0038,1,264.41,33.21
OI00005929,O0003387,P0002,1,83.11,0.0
OI00005930,O0003387,P0016,1,127.34,0.0
OI00005931,O0003388,P0045,1,152.79,22.56
OI00005932,O0003389,P0034,1,436.71,0.0
OI00005933,O0003390,P0001,1,146.02,0.0
OI00005934,O0003390,P0017,1,153.14,0.0
OI00005935,O0003391,P0038,1,272.26,0.0
OI00005936,O0003391,P0059,1,60.87,0.0
OI00005937,O0003392,P0035,1,284.0,0.0
OI00005938,O0003392,P0013,1,100.64,0.0
OI00005939,O0003393,P0023,1,119.53,8.11
OI00005940,O0003394,P0022,1,343.84,0.0
OI00005941,O0003395,P0054,1,137.63,0.0
OI00005942,O0003396,P0038,2,263.19,0.0
OI00005943,O0003397,P0023,1,124.7,0.0
OI00005944,O0003397,P0010,1,163.95,0.0
OI00005945,O0003397,P0032,1,398.39,0.0
OI00005946,O0003398,P0050,1,14.6,0.0
OI00005947,O0003398,P0006,1,122.55,0.0
OI00005948,O0003398,P0054,1,137.81,0.0
OI00005949,O0003399,P0042,1,133.55,0.0
OI00005950,O0003399,P0039,1,315.33,0.0
OI00005951,O0003399,P0056,1,362.62,0.0
OI00005952,O0003400,P0001,1,147.61,0.0
OI00005953,O0003401,P0046,2,19.4,0.0
OI00005954,O0003402,P0038,1,264.54,0.0
OI00005955,O0003403,P0020,1,699.1,61.58
OI00005956,O0003403,P0006,1,125.76,21.72
OI00005957,O0003404,P0015,1,62.24,0.0
OI00005958,O0003405,P0054,1,133.08,0.0
OI00005959,O0003406,P0027,1,626.44,0.0
OI00005960,O0003407,P0054,1,137.44,0.0
OI00005961,O0003408,P0003,1,82.31,0.0
OI00005962,O0003409,P0044,1,54.89,0.0
OI00005963,O0003410,P0049,1,146.77,16.13
OI00005964,O0003410,P0054,1,135.43,23.93
OI00005965,O0003411,P0046,1,18.75,2.01
OI00005966,O0003412,P0003,1,79.82,0.0
OI00005967,O0003412,P0020,2,673.91,0.0
OI00005968,O0003413,P0056,1,378.45,0.0
OI00005969,O0003414,P0016,1,120.46,10.36
OI00005970,O0003414,P0013,1,102.08,8.27
OI00005971,O0003414,P0052,1,414.56,49.43
OI00005972,O0003415,P0013,1,100.18,0.0
OI00005973,O0003416,P0014,1,131.41,18.89
OI00005974,O0003417,P0047,1,70.64,3.58
OI00005975,O0003417,P0056,1,366.27,34.54
OI00005976,O0003418,P0011,1,142.83,0.0
OI00005977,O0003419,P0001,1,142.62,0.0
OI00005978,O0003419,P0006,1,122.88,0.0
OI00005979,O0003419,P0038,1,275.08,0.0
OI00005980,O0003420,P0001,1,146.77,0.0
OI00005981,O0003420,P0060,1,435.76,0.0
OI00005982,O0003421,P0019,1,669.11,0.0
OI00005983,O0003421,P0049,1,144.56,0.0
OI00005984,O0003422,P0009,1,108.27,15.88
OI00005985,O0003422,P0010,1,160.05,18.68
OI00005986,O0003423,P0039,1,318.0,0.0
OI00005987,O0003423,P0060,1,450.22,0.0
OI00005988,O0003424,P0058,2,50.36,0.0
OI00005989,O0003424,P0003,2,82.49,0.0
OI00005990,O0003425,P0045,2,152.36,47.06
OI00005991,O0003425,P0037,1,64.51,5.43
OI00005992,O0003426,P0013,1,100.28,12.47
OI00005993,O0003427,P0045,1,150.99,0.0
OI00005994,O0003428,P0051,1,77.01,0.0
OI00005995,O0003428,P0033,1,439.92,0.0
OI00005996,O0003428,P0036,1,189.99,0.0
OI00005997,O0003429,P0052,1,412.26,56.11
OI00005998,O0003429,P0023,1,120.97,12.51
OI00005999,O0003429,P0037,1,63.39,6.33
OI00006000,O0003430,P0018,1,377.35,0.0
OI00006001,O0003430,P0045,1,149.63,0.0
OI00006002,O0003430,P0006,1,121.72,0.0
OI00006003,O0003430,P0038,2,260.67,0.0
OI00006004,O0003431,P0040,1,479.26,0.0
OI00006005,O0003432,P0050,1,14.56,0.0
OI00006006,O0003433,P0021,1,82.75,0.0
OI00006007,O0003433,P0019,1,689.26,0.0
OI00006008,O0003434,P0021,2,82.81,0.0
OI00006009,O0003434,P0042,1,134.66,0.0
OI00006010,O0003435,P0012,1,29.35,4.45
OI00006011,O0003436,P0047,2,69.24,0.0
OI00006012,O0003437,P0023,1,120.08,0.0
OI00006013,O0003437,P0043,1,44.87,0.0
OI00006014,O0003438,P0016,1,123.47,0.0
OI00006015,O0003438,P0006,2,127.89,0.0
OI00006016,O0003439,P0039,1,325.5,0.0
OI00006017,O0003439,P0060,1,448.46,0.0
OI00006018,O0003439,P0006,1,126.35,0.0
OI00006019,O0003440,P0022,1,341.95,0.0
OI00006020,O0003440,P0021,1,83.88,0.0
OI00006021,O0003441,P0047,1,69.07,8.6
OI00006022,O0003441,P0059,2,63.62,9.05
OI00006023,O0003442,P0056,1,374.6,0.0
OI00006024,O0003443,P0002,1,81.64,9.62
OI00006025,O0003444,P0023,1,125.23,13.71
OI00006026,O0003444,P0050,1,14.25,1.15
OI00006027,O0003444,P0003,1,81.93,6.72
OI00006028,O0003445,P0056,1,364.29,0.0
OI00006029,O0003445,P0030,1,259.2,0.0
OI00006030,O0003446,P0040,1,484.07,0.0
OI00006031,O0003447,P0022,1,335.48,0.0
OI00006032,O0003447,P0043,1,44.76,0.0
OI00006033,O0003448,P0056,1,377.65,0.0
OI00006034,O0003448,P0038,1,271.55,0.0
OI00006035,O0003449,P0044,1,53.19,0.0
OI00006036,O0003450,P0045,1,149.31,24.19
OI00006037,O0003451,P0028,1,327.57,0.0
OI00006038,O0003452,P0018,1,357.33,0.0
OI00006039,O0003452,P0043,1,46.13,0.0
OI00006040,O0003452,P0002,1,83.34,0.0
OI00006041,O0003453,P0045,1,147.23,0.0
OI00006042,O0003453,P0060,2,441.05,0.0
OI00006043,O0003453,P0038,1,273.69,0.0
OI00006044,O0003453,P0032,1,408.71,0.0
OI00006045,O0003454,P0057,1,163.35,11.35
OI00006046,O0003454,P0029,1,289.23,30.71
OI00006047,O0003454,P0015,1,60.29,4.93
OI00006048,O0003454,P0038,1,261.26,44.11
OI00006049,O0003455,P0026,1,86.57,0.0
OI00006050,O0003455,P0059,1,60.33,0.0
OI00006051,O0003456,P0036,1,187.71,0.0
OI00006052,O0003457,P0051,1,77.5,6.18
OI00006053,O0003458,P0030,1,252.23,25.46
OI00006054,O0003458,P0015,1,62.38,8.96
OI00006055,O0003459,P0017,1,158.97,0.0
OI00006056,O0003460,P0056,1,380.24,0.0
OI00006057,O0003460,P0057,1,160.12,0.0
OI00006058,O0003461,P0051,2,77.53,0.0
OI00006059,O0003461,P0057,1,164.89,0.0
OI00006060,O0003462,P0057,2,158.82,18.33
OI00006061,O0003462,P0043,1,46.0,8.05
OI00006062,O0003462,P0038,2,262.44,88.47
OI00006063,O0003463,P0001,1,145.61,17.36
OI00006064,O0003464,P0054,1,137.76,13.7
OI00006065,O0003465,P0006,1,126.53,0.0
OI00006066,O0003466,P0002,1,80.37,0.0
OI00006067,O0003467,P0020,1,672.47,0.0
OI00006068,O0003468,P0036,1,195.56,19.77
OI00006069,O0003469,P0046,1,19.52,2.15
OI00006070,O0003470,P0013,1,103.31,0.0
OI00006071,O0003471,P0043,2,45.43,0.0
OI00006072,O0003471,P0005,1,67.57,0.0
OI00006073,O0003472,P0006,1,123.26,0.0
OI00006074,O0003472,P0043,1,46.97,0.0
OI00006075,O0003472,P0001,1,146.84,0.0
OI00006076,O0003473,P0054,1,133.33,0.0
OI00006077,O0003473,P0043,1,46.35,0.0
OI00006078,O0003474,P0006,1,121.74,0.0
OI00006079,O0003474,P0010,1,162.11,0.0
OI00006080,O0003475,P0023,1,125.07,0.0
OI00006081,O0003475,P0049,1,140.12,0.0
OI00006082,O0003475,P0003,1,79.65,0.0
OI00006083,O0003475,P0046,1,19.13,0.0
OI00006084,O0003476,P0023,2,120.8,24.87
OI00006085,O0003477,P0001,1,149.28,13.39
OI00006086,O0003477,P0033,1,427.44,39.64
OI00006087,O0003477,P0013,1,102.31,12.87
OI00006088,O0003478,P0039,1,313.13,20.39
OI00006089,O0003478,P0059,1,60.58,9.79
OI00006090,O0003478,P0016,1,126.23,7.9
OI00006091,O0003479,P0038,1,270.72,20.69
OI00006092,O0003479,P0055,1,148.69,23.59
OI00006093,O0003480,P0002,1,81.84,0.0
OI00006094,O0003481,P0028,1,326.95,0.0
OI00006095,O0003481,P0040,1,493.84,0.0
OI00006096,O0003482,P0056,1,367.09,32.06
OI00006097,O0003482,P0019,1,679.99,67.59
OI00006098,O0003483,P0013,1,101.68,6.4
OI00006099,O0003484,P0023,1,122.8,0.0
OI00006100,O0003485,P0006,1,126.46,15.16
OI00006101,O0003485,P0005,1,66.68,8.12
OI00006102,O0003486,P0047,1,70.68,0.0
OI00006103,O0003486,P0058,1,51.78,0.0
OI00006104,O0003487,P0034,1,428.57,0.0
OI00006105,O0003487,P0041,1,31.7,0.0
OI00006106,O0003487,P0050,1,14.57,0.0
OI00006107,O0003487,P0001,1,146.47,0.0
OI00006108,O0003488,P0019,2,661.39,73.57
OI00006109,O0003489,P0060,1,434.2,48.43
OI00006110,O0003489,P0015,1,60.31,3.87
OI00006111,O0003489,P0043,1,45.86,4.32
OI00006112,O0003490,P0019,1,665.47,0.0
OI00006113,O0003490,P0060,1,441.07,0.0
OI00006114,O0003491,P0041,1,30.56,5.26
OI00006115,O0003491,P0032,1,405.42,29.04
OI00006116,O0003492,P0026,2,83.69,0.0
OI00006117,O0003492,P0003,1,80.4,0.0
OI00006118,O0003492,P0047,1,70.3,0.0
OI00006119,O0003492,P0006,1,124.55,0.0
OI00006120,O0003493,P0014,1,137.28,0.0
OI00006121,O0003493,P0057,1,161.87,0.0
OI00006122,O0003494,P0050,2,14.01,0.0
OI00006123,O0003495,P0060,1,460.64,39.99
OI00006124,O0003495,P0039,1,329.65,35.15
OI00006125,O0003496,P0004,1,74.13,0.0
OI00006126,O0003496,P0003,1,81.16,0.0
OI00006127,O0003497,P0024,1,777.48,0.0
OI00006128,O0003498,P0038,1,271.53,45.32
OI00006129,O0003499,P0020,1,692.75,0.0
OI00006130,O0003500,P0006,1,128.32,0.0
OI00006131,O0003501,P0024,1,785.75,0.0
OI00006132,O0003502,P0003,1,82.51,8.1
OI00006133,O0003502,P0041,1,31.69,5.47
OI00006134,O0003503,P0045,2,147.72,18.58
OI00006135,O0003504,P0035,1,289.85,0.0
OI00006136,O0003504,P0020,2,685.26,0.0
OI00006137,O0003505,P0058,1,51.9,0.0
OI00006138,O0003506,P0019,1,652.35,60.51
OI00006139,O0003506,P0056,1,381.64,22.51
OI00006140,O0003506,P0042,1,127.93,15.55
OI00006141,O0003507,P0036,1,190.45,15.31
OI00006142,O0003507,P0059,1,61.6,7.53
OI00006143,O0003507,P0009,1,110.38,18.46
OI00006144,O0003507,P0050,2,13.84,4.36
OI00006145,O0003507,P0045,1,146.31,12.1
OI00006146,O0003508,P0029,1,286.1,0.0
OI00006147,O0003508,P0038,1,262.07,0.0
OI00006148,O0003509,P0024,1,809.63,95.62
OI00006149,O0003510,P0054,1,136.4,0.0
OI00006150,O0003511,P0029,1,296.43,13.25
OI00006151,O0003512,P0050,1,13.8,0.0
OI00006152,O0003512,P0042,1,127.91,0.0
OI00006153,O0003512,P0019,1,679.66,0.0
OI00006154,O0003513,P0007,2,109.2,22.54
OI00006155,O0003513,P0056,2,382.72,57.07
OI00006156,O0003514,P0029,1,295.59,0.0
OI00006157,O0003514,P0048,1,93.81,0.0
OI00006158,O0003515,P0020,1,676.82,0.0
OI00006159,O0003515,P0040,2,465.92,0.0
OI00006160,O0003515,P0048,1,91.34,0.0
OI00006161,O0003516,P0021,1,85.21,0.0
OI00006162,O0003516,P0041,1,31.75,0.0
OI00006163,O0003517,P0006,1,127.55,0.0
OI00006164,O0003517,P0043,1,45.47,0.0
OI00006165,O0003518,P0023,1,120.49,0.0
OI00006166,O0003518,P0044,1,53.61,0.0
OI00006167,O0003519,P0018,1,364.61,0.0
OI00006168,O0003519,P0045,1,151.23,0.0
OI00006169,O0003519,P0042,1,131.33,0.0
OI00006170,O0003520,P0022,1,333.41,37.14
OI00006171,O0003520,P0013,1,102.98,11.93
OI00006172,O0003521,P0028,1,328.24,0.0
OI00006173,O0003522,P0049,1,144.28,0.0
OI00006174,O0003522,P0037,1,65.79,0.0
OI00006175,O0003522,P0001,1,142.36,0.0
OI00006176,O0003523,P0023,1,123.56,16.79
OI00006177,O0003524,P0017,1,154.27,0.0
OI00006178,O0003524,P0056,1,376.2,0.0
OI00006179,O0003525,P0050,1,14.24,0.0
OI00006180,O0003525,P0055,1,144.24,0.0
OI00006181,O0003526,P0023,1,122.24,0.0
OI00006182,O0003526,P0051,2,73.11,0.0
OI00006183,O0003527,P0055,1,146.32,0.0
OI00006184,O0003528,P0044,1,53.85,0.0
OI00006185,O0003528,P0059,1,63.7,0.0
OI00006186,O0003529,P0024,1,804.91,0.0
OI00006187,O0003530,P0012,1,29.19,0.0
OI00006188,O0003531,P0021,1,82.03,10.98
OI00006189,O0003532,P0003,1,82.63,0.0
OI00006190,O0003533,P0041,1,31.43,3.6
OI00006191,O0003534,P0015,1,62.57,0.0
OI00006192,O0003534,P0017,1,159.32,0.0
OI00006193,O0003535,P0014,1,130.78,13.67
OI00006194,O0003535,P0023,1,121.88,13.6
OI00006195,O0003535,P0007,1,107.79,13.11
OI00006196,O0003536,P0036,1,188.72,0.0
OI00006197,O0003536,P0002,1,79.0,0.0
OI00006198,O0003536,P0022,1,337.72,0.0
OI00006199,O0003537,P0001,2,144.93,50.77
OI00006200,O0003537,P0038,1,266.14,25.1
OI00006201,O0003538,P0047,1,69.8,12.25
OI00006202,O0003538,P0038,1,264.06,24.48
OI00006203,O0003538,P0049,1,144.14,21.83
OI00006204,O0003539,P0033,1,427.69,58.86
OI00006205,O0003539,P0015,1,63.27,3.42
OI00006206,O0003540,P0057,1,165.18,0.0
OI00006207,O0003540,P0038,1,263.55,0.0
OI00006208,O0003540,P0040,1,475.17,0.0
OI00006209,O0003541,P0013,1,103.03,0.0
OI00006210,O0003542,P0060,2,458.5,0.0
OI00006211,O0003542,P0027,1,636.29,0.0
OI00006212,O0003543,P0023,1,123.37,0.0
OI00006213,O0003543,P0050,1,14.28,0.0
OI00006214,O0003544,P0019,1,674.16,0.0
OI00006215,O0003545,P0052,1,406.72,0.0
OI00006216,O0003546,P0053,2,546.37,0.0
OI00006217,O0003546,P0048,2,94.59,0.0
OI00006218,O0003547,P0036,2,187.77,28.07
OI00006219,O0003548,P0054,1,139.08,14.49
OI00006220,O0003548,P0009,1,109.29,10.66
OI00006221,O0003549,P0048,1,90.32,0.0
OI00006222,O0003550,P0034,2,419.98,0.0
OI00006223,O0003550,P0035,1,279.0,0.0
OI00006224,O0003550,P0018,1,359.11,0.0
OI00006225,O0003550,P0001,1,146.81,0.0
OI00006226,O0003551,P0027,1,634.57,37.38
OI00006227,O0003551,P0023,1,121.9,19.05
OI00006228,O0003552,P0021,1,83.21,0.0
OI00006229,O0003552,P0003,2,79.22,0.0
OI00006230,O0003553,P0010,1,156.56,23.79
OI00006231,O0003554,P0046,1,18.86,0.0
OI00006232,O0003555,P0019,1,681.59,45.91
OI00006233,O0003556,P0037,1,64.11,0.0
OI00006234,O0003557,P0039,1,320.93,13.6
OI00006235,O0003557,P0038,1,274.82,13.07
OI00006236,O0003558,P0032,1,403.18,46.6
OI00006237,O0003559,P0013,1,99.02,12.34
OI00006238,O0003560,P0016,1,123.24,0.0
OI00006239,O0003560,P0020,1,662.83,0.0
OI00006240,O0003561,P0040,2,478.05,71.42
OI00006241,O0003561,P0026,1,82.09,7.31
OI00006242,O0003562,P0041,1,31.68,2.98
OI00006243,O0003562,P0048,1,92.31,5.42
OI00006244,O0003562,P0054,1,136.07,19.14
OI00006245,O0003563,P0001,2,143.22,0.0
OI00006246,O0003564,P0020,1,673.99,79.99
OI00006247,O0003564,P0019,1,677.09,38.85
OI00006248,O0003565,P0013,1,103.0,0.0
OI00006249,O0003566,P0016,1,122.47,0.0
OI00006250,O0003567,P0045,1,149.77,0.0
OI00006251,O0003567,P0004,1,77.22,0.0
OI00006252,O0003568,P0003,2,80.29,0.0
OI00006253,O0003569,P0001,1,143.58,0.0
OI00006254,O0003569,P0006,1,122.31,0.0
OI00006255,O0003569,P0057,1,165.58,0.0
OI00006256,O0003570,P0003,2,81.66,0.0
OI00006257,O0003570,P0045,1,149.66,0.0
OI00006258,O0003570,P0049,1,143.18,0.0
OI00006259,O0003571,P0043,1,46.45,3.66
OI00006260,O0003571,P0050,1,14.5,0.9
OI00006261,O0003571,P0041,1,30.76,3.63
OI00006262,O0003572,P0059,1,62.76,0.0
OI00006263,O0003572,P0036,1,190.8,0.0
OI00006264,O0003573,P0019,1,681.21,0.0
OI00006265,O0003573,P0028,1,319.8,0.0
OI00006266,O0003574,P0024,2,770.04,263.55
OI00006267,O0003574,P0027,2,634.88,202.56
OI00006268,O0003574,P0060,1,450.79,40.86
OI00006269,O0003575,P0016,1,127.22,8.12
OI00006270,O0003576,P0017,2,153.86,21.78
OI00006271,O0003576,P0038,1,264.8,27.8
OI00006272,O0003576,P0043,1,45.64,6.19
OI00006273,O0003577,P0017,2,151.3,0.0
OI00006274,O0003578,P0020,1,673.61,0.0
OI00006275,O0003579,P0038,2,262.18,0.0
OI00006276,O0003580,P0027,1,654.13,93.75
OI00006277,O0003581,P0045,1,154.08,0.0
OI00006278,O0003582,P0001,1,142.81,18.6
OI00006279,O0003582,P0049,1,140.72,10.89
OI00006280,O0003583,P0057,1,157.22,0.0
OI00006281,O0003583,P0010,1,160.96,0.0
OI00006282,O0003584,P0014,2,130.98,0.0
OI00006283,O0003584,P0056,1,378.53,0.0
OI00006284,O0003585,P0007,1,110.68,0.0
OI00006285,O0003585,P0054,1,135.34,0.0
OI00006286,O0003585,P0038,1,264.6,0.0
OI00006287,O0003586,P0011,1,143.05,11.03
OI00006288,O0003587,P0010,1,158.37,0.0
OI00006289,O0003588,P0023,1,119.13,0.0
OI00006290,O0003589,P0054,1,140.69,0.0
OI00006291,O0003589,P0057,1,158.61,0.0
OI00006292,O0003590,P0041,1,31.7,0.0
OI00006293,O0003590,P0019,1,665.8,0.0
OI00006294,O0003591,P0003,2,83.57,0.0
OI00006295,O0003591,P0001,1,146.59,0.0
OI00006296,O0003591,P0051,1,76.71,0.0
OI00006297,O0003592,P0039,1,328.02,0.0
OI00006298,O0003593,P0004,1,74.31,6.21
OI00006299,O0003594,P0013,1,102.82,0.0
OI00006300,O0003595,P0060,1,444.25,53.37
OI00006301,O0003596,P0055,1,147.97,0.0
OI00006302,O0003597,P0009,2,113.35,23.79
OI00006303,O0003597,P0013,1,98.34,8.02
OI00006304,O0003597,P0022,1,337.79,59.11
OI00006305,O0003597,P0057,1,161.45,21.37
OI00006306,O0003598,P0045,1,154.08,0.0
OI00006307,O0003599,P0049,2,140.63,0.0
OI00006308,O0003600,P0050,1,13.81,0.0
OI00006309,O0003601,P0020,1,671.6,0.0
OI00006310,O0003601,P0039,1,320.04,0.0
OI00006311,O0003602,P0010,1,164.33,0.0
OI00006312,O0003602,P0042,1,131.69,0.0
OI00006313,O0003602,P0025,1,600.69,0.0
OI00006314,O0003603,P0054,1,137.56,0.0
OI00006315,O0003604,P0030,1,247.85,13.57
OI00006316,O0003604,P0029,1,299.58,35.4
OI00006317,O0003605,P0051,1,74.33,0.0
OI00006318,O0003605,P0060,1,450.81,0.0
OI00006319,O0003606,P0048,1,90.41,0.0
OI00006320,O0003606,P0008,1,88.42,0.0
OI00006321,O0003607,P0030,1,257.35,0.0
OI00006322,O0003607,P0008,1,87.11,0.0
OI00006323,O0003608,P0003,2,81.08,0.0
OI00006324,O0003609,P0019,1,678.61,72.19
OI00006325,O0003610,P0002,1,78.98,0.0
OI00006326,O0003610,P0008,1,85.03,0.0
OI00006327,O0003611,P0050,1,14.49,0.0
OI00006328,O0003611,P0038,1,261.48,0.0
OI00006329,O0003612,P0007,1,110.39,0.0
OI00006330,O0003612,P0035,2,286.2,0.0
OI00006331,O0003613,P0045,1,149.08,0.0
OI00006332,O0003613,P0028,2,312.82,0.0
OI00006333,O0003614,P0045,1,154.32,18.11
OI00006334,O0003615,P0049,1,146.56,0.0
OI00006335,O0003615,P0055,1,148.86,0.0
OI00006336,O0003616,P0016,2,127.19,0.0
OI00006337,O0003616,P0036,1,189.45,0.0
OI00006338,O0003617,P0002,1,81.04,0.0
OI00006339,O0003618,P0019,1,669.45,0.0
OI00006340,O0003619,P0033,1,419.49,54.16
OI00006341,O0003620,P0023,2,124.12,0.0
OI00006342,O0003621,P0043,1,46.26,0.0
OI00006343,O0003621,P0038,2,261.11,0.0
OI00006344,O0003622,P0013,1,103.47,6.01
OI00006345,O0003622,P0032,1,402.15,40.47
OI00006346,O0003623,P0058,1,52.09,3.11
OI00006347,O0003623,P0001,1,141.77,21.39
OI00006348,O0003624,P0024,1,800.18,0.0
OI00006349,O0003624,P0060,2,442.8,0.0
OI00006350,O0003625,P0008,1,87.61,0.0
OI00006351,O0003625,P0052,1,413.22,0.0
OI00006352,O0003625,P0033,1,418.04,0.0
OI00006353,O0003625,P0038,1,273.34,0.0
OI00006354,O0003626,P0006,2,126.66,0.0
OI00006355,O0003627,P0003,1,80.89,0.0
OI00006356,O0003628,P0018,1,372.07,0.0
OI00006357,O0003628,P0016,1,126.39,0.0
OI00006358,O0003629,P0022,1,332.66,0.0
OI00006359,O0003629,P0029,1,298.34,0.0
OI00006360,O0003629,P0038,1,263.39,0.0
OI00006361,O0003629,P0020,1,676.66,0.0
OI00006362,O0003629,P0045,1,149.62,0.0
OI00006363,O0003630,P0024,1,793.18,0.0
OI00006364,O0003631,P0014,1,134.09,0.0
OI00006365,O0003632,P0010,1,161.49,0.0
OI00006366,O0003633,P0039,1,321.96,0.0
OI00006367,O0003634,P0035,1,286.54,0.0
OI00006368,O0003634,P0023,1,122.69,0.0
OI00006369,O0003635,P0016,1,121.01,0.0
OI00006370,O0003635,P0040,1,480.98,0.0
OI00006371,O0003636,P0003,1,80.74,0.0
OI00006372,O0003637,P0004,1,76.36,0.0
OI00006373,O0003637,P0056,1,366.88,0.0
OI00006374,O0003638,P0045,1,153.41,0.0
OI00006375,O0003639,P0054,1,133.24,0.0
OI00006376,O0003639,P0057,1,163.35,0.0
OI00006377,O0003640,P0007,1,108.49,0.0
OI00006378,O0003640,P0029,1,283.95,0.0
OI00006379,O0003641,P0045,1,148.77,0.0
OI00006380,O0003642,P0043,1,45.18,0.0
OI00006381,O0003643,P0056,1,379.2,0.0
OI00006382,O0003644,P0018,1,365.09,0.0
OI00006383,O0003644,P0003,1,80.37,0.0
OI00006384,O0003644,P0029,1,284.73,0.0
OI00006385,O0003645,P0049,1,138.79,0.0
OI00006386,O0003645,P0018,1,367.35,0.0
OI00006387,O0003645,P0020,1,695.6,0.0
OI00006388,O0003646,P0001,1,144.15,21.02
OI00006389,O0003647,P0030,1,255.3,0.0
OI00006390,O0003647,P0003,1,81.92,0.0
OI00006391,O0003647,P0017,1,152.36,0.0
OI00006392,O0003647,P0038,1,265.23,0.0
OI00006393,O0003648,P0058,1,52.72,0.0
OI00006394,O0003648,P0056,1,365.76,0.0
OI00006395,O0003649,P0059,1,63.84,6.31
OI00006396,O0003650,P0006,1,122.48,0.0
OI00006397,O0003651,P0027,1,655.07,0.0
OI00006398,O0003651,P0059,1,62.53,0.0
OI00006399,O0003651,P0006,1,124.07,0.0
OI00006400,O0003651,P0041,1,30.01,0.0
OI00006401,O0003652,P0045,1,146.02,0.0
OI00006402,O0003653,P0005,2,67.05,0.0
OI00006403,O0003654,P0038,1,269.38,45.3
OI00006404,O0003654,P0024,2,788.92,101.15
OI00006405,O0003654,P0019,2,663.72,83.62
OI00006406,O0003655,P0010,1,159.51,0.0
OI00006407,O0003655,P0001,1,147.99,0.0
OI00006408,O0003655,P0029,1,283.6,0.0
OI00006409,O0003656,P0020,1,683.42,110.73
OI00006410,O0003657,P0016,2,122.26,33.57
OI00006411,O0003658,P0051,1,75.7,0.0
OI00006412,O0003658,P0006,2,128.22,0.0
OI00006413,O0003659,P0054,1,135.84,0.0
OI00006414,O0003659,P0030,1,258.0,0.0
OI00006415,O0003660,P0009,1,110.32,0.0
OI00006416,O0003660,P0040,1,489.24,0.0
OI00006417,O0003661,P0028,1,324.47,0.0
OI00006418,O0003661,P0022,1,344.03,0.0
OI00006419,O0003661,P0006,1,126.93,0.0
OI00006420,O0003662,P0041,1,31.11,2.75
OI00006421,O0003662,P0018,1,365.51,50.45
OI00006422,O0003662,P0039,1,328.98,32.99
OI00006423,O0003662,P0055,1,142.92,19.31
OI00006424,O0003662,P0057,1,158.71,24.56
OI00006425,O0003663,P0010,1,163.48,23.36
OI00006426,O0003664,P0006,1,121.44,21.3
OI00006427,O0003665,P0002,1,80.96,4.8
OI00006428,O0003666,P0058,1,50.61,0.0
OI00006429,O0003666,P0026,1,82.31,0.0
OI00006430,O0003667,P0034,1,431.47,0.0
OI00006431,O0003668,P0036,1,190.49,0.0
OI00006432,O0003668,P0003,1,81.04,0.0
OI00006433,O0003668,P0032,1,414.15,0.0
OI00006434,O0003668,P0058,1,52.3,0.0
OI00006435,O0003668,P0054,1,136.66,0.0
OI00006436,O0003669,P0003,1,80.9,13.42
OI00006437,O0003669,P0055,1,145.35,24.35
OI00006438,O0003670,P0058,1,50.27,0.0
OI00006439,O0003670,P0038,2,267.75,0.0
OI00006440,O0003671,P0002,1,80.76,0.0
OI00006441,O0003671,P0060,1,450.18,0.0
OI00006442,O0003672,P0001,1,142.44,0.0
OI00006443,O0003672,P0029,1,293.64,0.0
OI00006444,O0003673,P0003,1,80.56,0.0
OI00006445,O0003673,P0022,1,333.95,0.0
OI00006446,O0003673,P0024,1,797.55,0.0
OI00006447,O0003674,P0042,2,132.4,0.0
OI00006448,O0003675,P0038,1,274.11,26.39
OI00006449,O0003676,P0040,2,467.25,0.0
OI00006450,O0003677,P0030,2,247.36,0.0
OI00006451,O0003678,P0024,1,797.15,105.76
OI00006452,O0003679,P0017,2,151.14,0.0
OI00006453,O0003680,P0045,1,149.51,22.74
OI00006454,O0003680,P0035,1,292.36,20.74
OI00006455,O0003681,P0033,1,424.37,0.0
OI00006456,O0003682,P0039,1,315.68,28.61
OI00006457,O0003682,P0020,1,684.54,111.98
OI00006458,O0003683,P0006,1,123.7,0.0
OI00006459,O0003684,P0045,1,154.4,9.81
OI00006460,O0003685,P0045,1,147.65,0.0
OI00006461,O0003685,P0038,1,275.99,0.0
OI00006462,O0003685,P0046,1,18.91,0.0
OI00006463,O0003686,P0025,1,612.58,0.0
OI00006464,O0003687,P0001,1,145.92,9.06
OI00006465,O0003688,P0038,1,268.55,0.0
OI00006466,O0003689,P0011,1,144.4,22.09
OI00006467,O0003689,P0050,1,13.81,0.57
OI00006468,O0003690,P0054,1,136.83,0.0
OI00006469,O0003691,P0036,2,193.28,0.0
OI00006470,O0003691,P0047,1,71.06,0.0
OI00006471,O0003691,P0040,1,466.58,0.0
OI00006472,O0003692,P0011,2,142.3,0.0
OI00006473,O0003693,P0018,1,377.29,0.0
OI00006474,O0003694,P0019,1,669.16,0.0
OI00006475,O0003694,P0060,1,456.32,0.0
OI00006476,O0003694,P0033,1,428.46,0.0
OI00006477,O0003695,P0040,1,475.55,0.0
OI00006478,O0003696,P0027,1,643.02,0.0
OI00006479,O0003696,P0008,1,85.34,0.0
OI00006480,O0003697,P0042,1,128.63,0.0
OI00006481,O0003697,P0041,1,30.96,0.0
OI00006482,O0003698,P0038,1,264.47,0.0
OI00006483,O0003698,P0011,1,140.77,0.0
OI00006484,O0003699,P0038,1,261.03,0.0
OI00006485,O0003700,P0058,1,52.03,0.0
OI00006486,O0003700,P0012,1,28.55,0.0
OI00006487,O0003701,P0029,1,300.15,0.0
OI00006488,O0003702,P0017,2,150.55,21.32
OI00006489,O0003703,P0034,1,415.06,56.74
OI00006490,O0003703,P0051,1,73.17,6.48
OI00006491,O0003703,P0003,1,83.32,5.42
OI00006492,O0003704,P0026,1,86.03,0.0
OI00006493,O0003704,P0044,1,53.72,0.0
OI00006494,O0003704,P0018,1,366.52,0.0
OI00006495,O0003705,P0011,1,141.19,8.63
OI00006496,O0003706,P0028,1,316.96,0.0
OI00006497,O0003706,P0016,2,125.59,0.0
OI00006498,O0003706,P0003,2,80.61,0.0
OI00006499,O0003707,P0008,1,87.01,5.62
OI00006500,O0003708,P0038,2,268.27,0.0
OI00006501,O0003709,P0057,1,160.24,0.0
OI00006502,O0003709,P0003,1,80.88,0.0
OI00006503,O0003709,P0024,1,808.47,0.0
OI00006504,O0003710,P0058,1,51.88,0.0
OI00006505,O0003711,P0024,2,786.41,216.77
OI00006506,O0003711,P0004,1,74.2,5.27
OI00006507,O0003712,P0017,1,151.46,0.0
OI00006508,O0003712,P0029,1,293.88,0.0
OI00006509,O0003712,P0057,1,166.42,0.0
OI00006510,O0003712,P0023,1,124.06,0.0
OI00006511,O0003713,P0056,1,375.44,0.0
OI00006512,O0003713,P0043,1,44.65,0.0
OI00006513,O0003713,P0006,1,127.7,0.0
OI00006514,O0003714,P0008,2,85.03,16.73
OI00006515,O0003715,P0057,1,160.56,0.0
OI00006516,O0003715,P0042,1,134.26,0.0
OI00006517,O0003715,P0027,1,637.73,0.0
OI00006518,O0003716,P0020,1,670.22,73.92
OI00006519,O0003716,P0045,1,146.6,19.38
OI00006520,O0003716,P0032,1,405.97,51.91
OI00006521,O0003717,P0054,2,134.04,21.18
OI00006522,O0003717,P0001,2,142.11,44.28
OI00006523,O0003718,P0032,1,403.76,26.29
OI00006524,O0003719,P0012,1,28.02,3.73
OI00006525,O0003719,P0042,1,130.17,20.97
OI00006526,O0003719,P0043,1,46.67,7.05
OI00006527,O0003720,P0003,1,83.53,0.0
OI00006528,O0003721,P0060,1,446.53,0.0
OI00006529,O0003721,P0020,1,686.71,0.0
OI00006530,O0003721,P0012,1,28.76,0.0
OI00006531,O0003722,P0036,1,189.99,23.25
OI00006532,O0003723,P0045,2,147.87,0.0
OI00006533,O0003724,P0035,1,292.53,0.0
OI00006534,O0003724,P0019,1,678.92,0.0
OI00006535,O0003725,P0013,1,99.01,0.0
OI00006536,O0003725,P0033,1,427.67,0.0
OI00006537,O0003726,P0003,1,80.71,0.0
OI00006538,O0003726,P0011,1,140.97,0.0
OI00006539,O0003727,P0011,1,142.26,24.49
OI00006540,O0003728,P0048,2,92.73,0.0
OI00006541,O0003728,P0058,2,51.64,0.0
OI00006542,O0003729,P0044,2,54.34,0.0
OI00006543,O0003730,P0022,2,332.53,0.0
OI00006544,O0003730,P0030,2,247.33,0.0
OI00006545,O0003731,P0006,1,128.37,8.02
OI00006546,O0003732,P0006,1,123.28,12.68
OI00006547,O0003732,P0009,1,109.42,5.51
OI00006548,O0003732,P0059,2,61.7,18.85
OI00006549,O0003733,P0007,1,108.4,0.0
OI00006550,O0003734,P0057,1,165.25,15.65
OI00006551,O0003735,P0038,1,264.12,0.0
OI00006552,O0003736,P0013,1,99.29,0.0
OI00006553,O0003736,P0057,1,158.37,0.0
OI00006554,O0003737,P0022,1,347.93,50.33
OI00006555,O0003738,P0058,1,50.95,3.83
OI00006556,O0003739,P0003,1,82.42,0.0
OI00006557,O0003739,P0036,1,192.58,0.0
OI00006558,O0003740,P0011,2,141.45,0.0
OI00006559,O0003740,P0048,2,94.26,0.0
OI00006560,O0003740,P0055,2,149.49,0.0
OI00006561,O0003741,P0043,1,46.38,0.0
OI00006562,O0003741,P0028,1,326.18,0.0
OI00006563,O0003742,P0055,1,146.74,0.0
OI00006564,O0003743,P0055,1,142.73,0.0
OI00006565,O0003744,P0005,1,65.87,11.39
OI00006566,O0003745,P0058,1,52.56,7.07
OI00006567,O0003746,P0001,1,142.16,0.0
OI00006568,O0003747,P0035,1,284.68,0.0
OI00006569,O0003748,P0038,1,271.22,0.0
OI00006570,O0003749,P0057,1,161.9,0.0
OI00006571,O0003750,P0002,1,79.46,0.0
OI00006572,O0003750,P0021,2,81.51,0.0
OI00006573,O0003751,P0016,1,120.61,0.0
OI00006574,O0003752,P0023,1,125.15,0.0
OI00006575,O0003753,P0029,1,293.57,0.0
OI00006576,O0003753,P0006,1,121.97,0.0
OI00006577,O0003753,P0023,1,118.97,0.0
OI00006578,O0003754,P0021,1,80.7,0.0
OI00006579,O0003755,P0046,1,18.64,0.0
OI00006580,O0003755,P0024,1,770.01,0.0
OI00006581,O0003756,P0038,1,261.71,0.0
OI00006582,O0003757,P0054,1,137.84,0.0
OI00006583,O0003757,P0043,1,45.32,0.0
OI00006584,O0003758,P0015,1,61.62,9.78
OI00006585,O0003759,P0034,1,430.54,0.0
OI00006586,O0003759,P0016,1,124.44,0.0
OI00006587,O0003759,P0055,1,147.98,0.0
OI00006588,O0003760,P0017,1,156.35,22.02
OI00006589,O0003761,P0059,1,62.0,0.0
OI00006590,O0003761,P0043,1,45.47,0.0
OI00006591,O0003762,P0007,1,113.12,0.0
OI00006592,O0003763,P0054,1,139.94,0.0
OI00006593,O0003764,P0025,1,627.08,0.0
OI00006594,O0003765,P0033,1,421.84,0.0
OI00006595,O0003766,P0038,1,262.94,0.0
OI00006596,O0003767,P0060,1,451.98,29.59
OI00006597,O0003768,P0051,1,75.92,0.0
OI00006598,O0003769,P0054,1,140.55,21.79
OI00006599,O0003769,P0022,1,329.19,23.13
OI00006600,O0003770,P0029,1,299.25,0.0
OI00006601,O0003771,P0024,1,789.77,0.0
OI00006602,O0003771,P0003,2,81.78,0.0
OI00006603,O0003772,P0054,1,136.54,21.7
OI00006604,O0003772,P0020,1,691.02,93.76
OI00006605,O0003773,P0001,1,149.27,0.0
OI00006606,O0003774,P0020,1,690.74,0.0
OI00006607,O0003774,P0058,1,50.81,0.0
OI00006608,O0003775,P0034,2,435.76,0.0
OI00006609,O0003775,P0024,2,775.49,0.0
OI00006610,O0003775,P0041,1,30.55,0.0
OI00006611,O0003776,P0029,1,287.93,0.0
OI00006612,O0003776,P0049,1,140.83,0.0
OI00006613,O0003777,P0047,1,70.92,9.52
OI00006614,O0003777,P0055,1,149.22,11.08
OI00006615,O0003778,P0060,1,439.21,36.05
OI00006616,O0003779,P0056,1,375.86,0.0
OI00006617,O0003780,P0043,1,45.52,0.0
OI00006618,O0003780,P0015,1,62.87,0.0
OI00006619,O0003780,P0018,1,364.44,0.0
OI00006620,O0003781,P0028,1,317.91,0.0
OI00006621,O0003782,P0021,1,84.03,0.0
OI00006622,O0003783,P0020,2,662.68,0.0
OI00006623,O0003783,P0006,1,122.77,0.0
OI00006624,O0003783,P0019,1,665.33,0.0
OI00006625,O0003784,P0022,1,334.7,0.0
OI00006626,O0003784,P0054,1,138.5,0.0
OI00006627,O0003784,P0028,1,327.95,0.0
OI00006628,O0003785,P0017,1,152.77,25.79
OI00006629,O0003786,P0021,1,82.55,0.0
OI00006630,O0003786,P0032,1,412.0,0.0
OI00006631,O0003787,P0011,1,141.25,0.0
OI00006632,O0003787,P0037,1,64.05,0.0
OI00006633,O0003788,P0005,1,68.58,0.0
OI00006634,O0003789,P0050,1,13.85,0.0
OI00006635,O0003790,P0057,1,165.99,0.0
OI00006636,O0003790,P0001,1,146.5,0.0
OI00006637,O0003791,P0003,2,82.75,10.52
OI00006638,O0003791,P0049,1,138.84,24.26
OI00006639,O0003792,P0047,1,68.78,0.0
OI00006640,O0003793,P0042,1,130.33,0.0
OI00006641,O0003794,P0043,2,44.32,8.76
OI00006642,O0003794,P0027,1,629.57,58.26
OI00006643,O0003794,P0001,2,147.51,23.2
OI00006644,O0003795,P0031,1,27.77,0.0
OI00006645,O0003796,P0024,1,799.1,0.0
OI00006646,O0003797,P0032,1,399.39,0.0
OI00006647,O0003797,P0038,1,271.93,0.0
OI00006648,O0003798,P0058,1,50.67,7.86
OI00006649,O0003799,P0006,1,128.38,16.38
OI00006650,O0003800,P0005,1,68.74,0.0
OI00006651,O0003800,P0042,1,129.57,0.0
OI00006652,O0003801,P0045,1,150.83,7.67
OI00006653,O0003801,P0017,1,150.85,25.68
OI00006654,O0003802,P0004,1,78.18,0.0
OI00006655,O0003802,P0045,1,150.03,0.0
OI00006656,O0003802,P0036,1,196.45,0.0
OI00006657,O0003802,P0059,1,61.27,0.0
OI00006658,O0003802,P0003,1,83.82,0.0
OI00006659,O0003803,P0050,1,14.39,0.0
OI00006660,O0003804,P0055,1,145.91,0.0
OI00006661,O0003804,P0013,2,98.46,0.0
OI00006662,O0003805,P0056,1,368.66,0.0
OI00006663,O0003806,P0032,1,415.47,0.0
OI00006664,O0003806,P0031,1,28.49,0.0
OI00006665,O0003807,P0014,1,130.95,11.71
OI00006666,O0003807,P0050,1,14.56,1.05
OI00006667,O0003807,P0042,1,134.59,5.8
OI00006668,O0003807,P0045,2,148.76,31.12
OI00006669,O0003807,P0046,1,18.79,1.39
OI00006670,O0003808,P0043,1,47.02,0.0
OI00006671,O0003809,P0026,1,83.26,12.94
OI00006672,O0003810,P0005,1,67.51,8.96
OI00006673,O0003810,P0015,1,62.44,3.96
OI00006674,O0003811,P0020,2,677.54,0.0
OI00006675,O0003812,P0032,1,410.86,20.98
OI00006676,O0003813,P0042,1,129.17,9.12
OI00006677,O0003813,P0032,1,402.96,23.97
OI00006678,O0003814,P0019,1,689.46,51.43
OI00006679,O0003814,P0049,1,144.49,21.47
OI00006680,O0003814,P0020,1,677.37,49.72
OI00006681,O0003814,P0026,1,82.77,6.03
OI00006682,O0003814,P0059,1,60.24,5.58
OI00006683,O0003815,P0001,1,143.27,0.0
OI00006684,O0003815,P0047,1,71.13,0.0
OI00006685,O0003816,P0044,2,52.25,0.0
OI00006686,O0003816,P0003,1,79.62,0.0
OI00006687,O0003817,P0027,1,620.91,0.0
OI00006688,O0003817,P0042,1,128.43,0.0
OI00006689,O0003818,P0041,1,30.2,0.0
OI00006690,O0003819,P0024,2,774.91,0.0
OI00006691,O0003820,P0023,2,118.55,0.0
OI00006692,O0003820,P0059,1,61.54,0.0
OI00006693,O0003821,P0045,1,146.9,19.31
OI00006694,O0003821,P0002,1,80.03,12.71
OI00006695,O0003822,P0023,1,118.47,0.0
OI00006696,O0003823,P0026,1,85.83,11.94
OI00006697,O0003823,P0057,2,161.95,22.36
OI00006698,O0003823,P0030,1,256.31,18.85
OI00006699,O0003824,P0038,1,265.38,44.94
OI00006700,O0003824,P0059,1,62.88,5.94
OI00006701,O0003825,P0005,1,66.67,0.0
OI00006702,O0003826,P0019,1,672.44,0.0
OI00006703,O0003827,P0038,2,274.72,0.0
OI00006704,O0003828,P0036,1,193.39,24.15
OI00006705,O0003829,P0051,1,77.03,0.0
OI00006706,O0003830,P0005,1,67.74,0.0
OI00006707,O0003831,P0013,1,101.37,0.0
OI00006708,O0003831,P0045,1,153.95,0.0
OI00006709,O0003832,P0042,1,127.73,18.84
OI00006710,O0003833,P0041,1,30.06,0.0
OI00006711,O0003833,P0056,1,372.29,0.0
OI00006712,O0003834,P0042,1,127.65,0.0
OI00006713,O0003834,P0045,1,153.42,0.0
OI00006714,O0003835,P0029,2,289.99,0.0
OI00006715,O0003835,P0060,1,460.77,0.0
OI00006716,O0003835,P0020,1,674.72,0.0
OI00006717,O0003836,P0003,1,81.56,0.0
OI00006718,O0003836,P0048,1,91.53,0.0
OI00006719,O0003837,P0031,1,28.07,0.0
OI00006720,O0003838,P0028,2,325.17,113.11
OI00006721,O0003839,P0008,1,86.14,0.0
OI00006722,O0003839,P0049,1,141.34,0.0
OI00006723,O0003839,P0020,1,659.46,0.0
OI00006724,O0003840,P0018,1,373.99,0.0
OI00006725,O0003840,P0034,1,413.81,0.0
OI00006726,O0003841,P0043,1,46.32,5.49
OI00006727,O0003842,P0002,1,79.06,0.0
OI00006728,O0003842,P0035,2,286.1,0.0
OI00006729,O0003842,P0058,1,49.76,0.0
OI00006730,O0003843,P0009,1,113.75,0.0
OI00006731,O0003844,P0033,2,442.59,0.0
OI00006732,O0003845,P0006,1,127.94,0.0
OI00006733,O0003846,P0040,1,481.85,48.13
OI00006734,O0003846,P0032,1,413.36,57.97
OI00006735,O0003846,P0001,1,146.33,24.28
OI00006736,O0003847,P0003,1,83.94,0.0
OI00006737,O0003848,P0004,1,75.84,0.0
OI00006738,O0003849,P0056,1,377.15,0.0
OI00006739,O0003849,P0021,1,83.09,0.0
OI00006740,O0003850,P0045,1,150.91,15.89
OI00006741,O0003850,P0023,1,119.6,15.39
OI00006742,O0003851,P0044,2,52.33,0.0
OI00006743,O0003852,P0029,1,288.84,0.0
OI00006744,O0003852,P0022,2,333.19,0.0
OI00006745,O0003853,P0003,2,81.64,0.0
OI00006746,O0003853,P0038,1,275.9,0.0
OI00006747,O0003853,P0054,1,134.28,0.0
OI00006748,O0003854,P0038,1,265.66,0.0
OI00006749,O0003854,P0007,1,109.97,0.0
OI00006750,O0003854,P0041,1,30.02,0.0
OI00006751,O0003854,P0004,1,74.57,0.0
OI00006752,O0003855,P0044,2,54.04,0.0
OI00006753,O0003856,P0032,1,400.0,0.0
OI00006754,O0003856,P0049,1,138.88,0.0
OI00006755,O0003857,P0005,2,67.71,0.0
OI00006756,O0003858,P0001,1,144.19,0.0
OI00006757,O0003858,P0026,1,82.71,0.0
OI00006758,O0003859,P0054,1,140.37,0.0
OI00006759,O0003860,P0021,1,81.72,0.0
OI00006760,O0003860,P0038,2,272.47,0.0
OI00006761,O0003861,P0048,1,91.73,0.0
OI00006762,O0003861,P0039,1,316.84,0.0
OI00006763,O0003862,P0024,1,789.82,0.0
OI00006764,O0003863,P0016,1,123.91,0.0
OI00006765,O0003864,P0003,1,79.79,0.0
OI00006766,O0003864,P0038,1,274.3,0.0
OI00006767,O0003864,P0040,1,488.04,0.0
OI00006768,O0003864,P0054,1,138.74,0.0
OI00006769,O0003865,P0040,1,484.91,0.0
OI00006770,O0003866,P0052,1,404.75,54.87
OI00006771,O0003866,P0038,2,265.15,79.5
OI00006772,O0003866,P0013,1,101.46,4.75
OI00006773,O0003867,P0010,1,157.01,0.0
OI00006774,O0003868,P0019,1,681.43,0.0
OI00006775,O0003868,P0009,1,110.63,0.0
OI00006776,O0003868,P0031,1,27.77,0.0
OI00006777,O0003869,P0003,1,82.23,0.0
OI00006778,O0003870,P0021,1,81.11,0.0
OI00006779,O0003870,P0016,1,124.88,0.0
OI00006780,O0003870,P0060,1,457.66,0.0
OI00006781,O0003871,P0008,1,88.23,0.0
OI00006782,O0003872,P0039,1,327.97,45.94
OI00006783,O0003872,P0003,1,83.27,6.17
OI00006784,O0003873,P0001,1,142.88,0.0
OI00006785,O0003874,P0012,1,29.64,0.0
OI00006786,O0003874,P0043,1,46.92,0.0
OI00006787,O0003874,P0020,1,677.05,0.0
OI00006788,O0003875,P0006,1,123.05,12.05
OI00006789,O0003876,P0024,2,773.87,168.2
OI00006790,O0003877,P0036,1,189.55,0.0
OI00006791,O0003878,P0060,1,435.84,36.4
OI00006792,O0003879,P0019,2,672.47,0.0
OI00006793,O0003879,P0002,1,79.56,0.0
OI00006794,O0003879,P0003,1,79.54,0.0
OI00006795,O0003880,P0037,1,66.78,3.76
OI00006796,O0003880,P0014,1,135.89,23.13
OI00006797,O0003881,P0003,2,81.43,0.0
OI00006798,O0003881,P0054,1,135.15,0.0
OI00006799,O0003882,P0006,1,124.98,0.0
OI00006800,O0003883,P0020,1,659.87,0.0
OI00006801,O0003883,P0019,2,667.3,0.0
OI00006802,O0003883,P0037,2,66.95,0.0
OI00006803,O0003884,P0038,1,265.15,20.46
OI00006804,O0003885,P0057,1,164.05,0.0
OI00006805,O0003886,P0026,2,81.71,27.49
OI00006806,O0003887,P0003,1,81.64,0.0
OI00006807,O0003887,P0014,1,134.78,0.0
OI00006808,O0003888,P0032,2,411.12,144.6
OI00006809,O0003888,P0057,1,163.31,19.68
OI00006810,O0003888,P0045,1,151.81,18.99
OI00006811,O0003889,P0031,1,28.34,0.0
OI00006812,O0003889,P0057,1,162.48,0.0
OI00006813,O0003889,P0040,1,482.38,0.0
OI00006814,O0003890,P0019,1,673.86,47.08
OI00006815,O0003890,P0042,2,130.25,20.33
OI00006816,O0003891,P0043,2,45.34,0.0
OI00006817,O0003891,P0017,1,155.58,0.0
OI00006818,O0003892,P0042,1,127.3,0.0
OI00006819,O0003893,P0017,1,153.29,0.0
OI00006820,O0003893,P0038,1,272.18,0.0
OI00006821,O0003894,P0003,1,83.21,0.0
OI00006822,O0003895,P0011,2,138.1,0.0
OI00006823,O0003896,P0020,1,698.54,35.84
OI00006824,O0003897,P0039,2,328.28,0.0
OI00006825,O0003897,P0010,1,158.37,0.0
OI00006826,O0003897,P0060,1,446.66,0.0
OI00006827,O0003898,P0024,1,806.79,0.0
OI00006828,O0003898,P0016,1,120.42,0.0
OI00006829,O0003898,P0002,1,80.29,0.0
OI00006830,O0003899,P0045,1,150.37,0.0
OI00006831,O0003899,P0036,1,191.3,0.0
OI00006832,O0003900,P0004,1,76.4,4.79
OI00006833,O0003901,P0056,1,368.22,0.0
OI00006834,O0003902,P0056,1,367.98,0.0
OI00006835,O0003903,P0033,1,426.08,0.0
OI00006836,O0003903,P0019,2,671.98,0.0
OI00006837,O0003904,P0020,1,677.49,47.92
OI00006838,O0003904,P0010,1,160.99,10.18
OI00006839,O0003905,P0007,2,110.34,29.63
OI00006840,O0003906,P0043,2,44.29,0.0
OI00006841,O0003906,P0054,1,141.11,0.0
OI00006842,O0003907,P0059,1,62.35,5.98
OI00006843,O0003908,P0054,1,138.73,23.32
OI00006844,O0003908,P0017,1,151.43,24.89
OI00006845,O0003909,P0039,1,321.76,0.0
OI00006846,O0003909,P0003,1,80.17,0.0
OI00006847,O0003910,P0038,2,269.57,87.15
OI00006848,O0003910,P0013,2,99.44,30.86
OI00006849,O0003911,P0002,1,79.01,0.0
OI00006850,O0003911,P0019,1,653.88,0.0
OI00006851,O0003911,P0014,2,138.0,0.0
OI00006852,O0003912,P0029,1,292.4,0.0
OI00006853,O0003913,P0007,1,110.89,0.0
OI00006854,O0003914,P0005,1,67.04,0.0
OI00006855,O0003915,P0041,1,30.07,0.0
OI00006856,O0003916,P0043,1,46.27,0.0
OI00006857,O0003917,P0052,1,409.6,0.0
OI00006858,O0003917,P0020,1,662.14,0.0
OI00006859,O0003918,P0029,1,294.44,28.48
OI00006860,O0003918,P0024,1,811.22,40.39
OI00006861,O0003919,P0045,1,150.74,0.0
OI00006862,O0003920,P0039,2,317.75,103.97
OI00006863,O0003921,P0024,1,778.77,65.4
OI00006864,O0003922,P0038,2,270.98,0.0
OI00006865,O0003922,P0054,1,135.13,0.0
OI00006866,O0003923,P0042,1,133.86,0.0
OI00006867,O0003923,P0036,1,195.38,0.0
OI00006868,O0003923,P0049,1,138.37,0.0
OI00006869,O0003924,P0048,1,94.07,0.0
OI00006870,O0003924,P0010,1,156.1,0.0
OI00006871,O0003925,P0024,2,810.71,0.0
OI00006872,O0003925,P0031,1,28.23,0.0
OI00006873,O0003926,P0042,2,131.34,0.0
OI00006874,O0003926,P0048,1,92.21,0.0
OI00006875,O0003927,P0038,1,266.45,0.0
OI00006876,O0003928,P0027,1,634.46,0.0
OI00006877,O0003929,P0003,1,81.08,9.83
OI00006878,O0003930,P0002,1,83.04,0.0
OI00006879,O0003931,P0027,1,623.61,0.0
OI00006880,O0003932,P0057,1,162.38,9.48
OI00006881,O0003933,P0038,1,273.23,0.0
OI00006882,O0003933,P0029,1,295.13,0.0
OI00006883,O0003933,P0034,2,412.42,0.0
OI00006884,O0003934,P0041,1,31.23,4.02
OI00006885,O0003935,P0020,1,664.56,0.0
OI00006886,O0003936,P0004,1,75.13,0.0
OI00006887,O0003937,P0017,1,152.27,0.0
OI00006888,O0003938,P0050,2,14.35,0.0
OI00006889,O0003938,P0038,1,273.38,0.0
OI00006890,O0003938,P0024,1,786.97,0.0
OI00006891,O0003939,P0023,2,119.55,0.0
OI00006892,O0003939,P0001,1,143.41,0.0
OI00006893,O0003940,P0006,1,124.95,0.0
OI00006894,O0003941,P0058,1,50.77,0.0
OI00006895,O0003941,P0001,1,141.96,0.0
OI00006896,O0003941,P0034,1,420.78,0.0
OI00006897,O0003942,P0043,2,44.3,0.0
OI00006898,O0003942,P0028,2,324.56,0.0
OI00006899,O0003943,P0013,2,104.01,0.0
OI00006900,O0003944,P0006,1,125.79,0.0
OI00006901,O0003945,P0003,1,81.57,0.0
OI00006902,O0003945,P0006,1,124.3,0.0
OI00006903,O0003945,P0038,1,273.91,0.0
OI00006904,O0003946,P0060,1,458.71,0.0
OI00006905,O0003947,P0058,1,50.38,5.27
OI00006906,O0003948,P0001,2,142.35,0.0
OI00006907,O0003948,P0054,2,138.42,0.0
OI00006908,O0003948,P0060,1,439.04,0.0
OI00006909,O0003949,P0002,2,80.4,27.75
OI00006910,O0003949,P0003,1,81.58,6.2
OI00006911,O0003950,P0019,1,676.67,0.0
OI00006912,O0003950,P0060,1,458.44,0.0
OI00006913,O0003951,P0041,1,31.24,4.59
OI00006914,O0003952,P0019,1,667.78,0.0
OI00006915,O0003952,P0018,1,375.45,0.0
OI00006916,O0003953,P0038,1,267.36,0.0
OI00006917,O0003953,P0013,1,103.12,0.0
OI00006918,O0003953,P0019,1,680.35,0.0
OI00006919,O0003953,P0003,1,79.71,0.0
OI00006920,O0003954,P0057,1,166.05,0.0
OI00006921,O0003954,P0023,2,123.36,0.0
OI00006922,O0003955,P0049,1,145.9,0.0
OI00006923,O0003956,P0059,1,63.5,0.0
OI00006924,O0003956,P0029,2,290.56,0.0
OI00006925,O0003957,P0029,1,296.78,0.0
OI00006926,O0003958,P0024,1,791.26,36.89
OI00006927,O0003959,P0049,1,141.54,19.19
OI00006928,O0003960,P0034,1,421.57,57.23
OI00006929,O0003960,P0038,1,265.88,21.77
OI00006930,O0003961,P0036,1,192.52,0.0
OI00006931,O0003962,P0038,1,275.12,14.65
OI00006932,O0003962,P0032,1,413.95,60.41
OI00006933,O0003963,P0040,1,466.58,0.0
OI00006934,O0003964,P0033,1,424.51,0.0
OI00006935,O0003964,P0051,1,75.6,0.0
OI00006936,O0003965,P0029,1,296.61,0.0
OI00006937,O0003965,P0041,1,31.6,0.0
OI00006938,O0003966,P0038,1,273.28,0.0
OI00006939,O0003967,P0057,1,165.44,0.0
OI00006940,O0003968,P0057,1,164.27,0.0
OI00006941,O0003968,P0045,1,151.63,0.0
OI00006942,O0003969,P0014,1,137.01,0.0
OI00006943,O0003969,P0009,1,110.33,0.0
OI00006944,O0003969,P0045,1,152.16,0.0
OI00006945,O0003970,P0001,1,147.86,0.0
OI00006946,O0003970,P0005,1,67.24,0.0
OI00006947,O0003971,P0049,1,140.24,8.58
OI00006948,O0003972,P0003,2,79.48,22.12
OI00006949,O0003973,P0059,1,63.11,8.56
OI00006950,O0003974,P0029,1,284.01,24.96
OI00006951,O0003974,P0020,1,685.49,45.44
OI00006952,O0003975,P0047,1,68.99,0.0
OI00006953,O0003976,P0016,1,123.4,0.0
OI00006954,O0003977,P0006,2,128.46,0.0
OI00006955,O0003977,P0021,1,82.28,0.0
OI00006956,O0003978,P0056,1,380.44,0.0
OI00006957,O0003978,P0043,1,46.1,0.0
OI00006958,O0003979,P0020,1,658.57,0.0
OI00006959,O0003979,P0036,2,191.78,0.0
OI00006960,O0003980,P0057,1,163.01,0.0
OI00006961,O0003980,P0039,2,322.94,0.0
OI00006962,O0003981,P0023,1,121.3,18.09
OI00006963,O0003981,P0001,1,142.13,16.65
OI00006964,O0003981,P0045,1,151.95,24.54
OI00006965,O0003982,P0029,1,285.55,0.0
OI00006966,O0003983,P0001,1,144.5,0.0
OI00006967,O0003983,P0016,1,122.93,0.0
OI00006968,O0003984,P0015,1,61.28,0.0
OI00006969,O0003984,P0011,1,140.79,0.0
OI00006970,O0003985,P0029,2,292.43,58.86
OI00006971,O0003985,P0045,2,151.44,28.5
OI00006972,O0003985,P0024,1,809.3,57.11
OI00006973,O0003986,P0054,1,139.56,0.0
OI00006974,O0003986,P0041,1,31.67,0.0
OI00006975,O0003987,P0042,1,134.46,0.0
OI00006976,O0003987,P0007,1,108.07,0.0
OI00006977,O0003988,P0038,1,269.27,0.0
OI00006978,O0003989,P0029,2,300.68,72.19
OI00006979,O0003989,P0006,1,123.61,7.16
OI00006980,O0003990,P0047,1,69.01,0.0
OI00006981,O0003990,P0039,1,327.64,0.0
OI00006982,O0003991,P0027,1,651.59,0.0
OI00006983,O0003991,P0020,1,664.28,0.0
OI00006984,O0003992,P0056,1,382.61,0.0
OI00006985,O0003992,P0027,2,635.55,0.0
OI00006986,O0003992,P0029,1,298.38,0.0
OI00006987,O0003993,P0029,1,292.3,0.0
OI00006988,O0003994,P0004,1,75.94,0.0
OI00006989,O0003995,P0023,2,120.48,0.0
OI00006990,O0003995,P0045,1,152.89,0.0
OI00006991,O0003996,P0032,1,414.95,0.0
OI00006992,O0003996,P0002,1,82.72,0.0
OI00006993,O0003997,P0032,1,415.53,0.0
OI00006994,O0003997,P0011,1,143.64,0.0
OI00006995,O0003998,P0039,1,314.47,53.37
OI00006996,O0003998,P0042,1,131.59,20.91
OI00006997,O0003998,P0045,1,146.38,6.35
OI00006998,O0003999,P0012,1,28.59,0.0
OI00006999,O0003999,P0038,1,273.11,0.0
OI00007000,O0004000,P0043,2,45.49,0.0
OI00007001,O0004001,P0042,1,129.3,0.0
OI00007002,O0004002,P0003,1,81.46,0.0
OI00007003,O0004003,P0030,1,251.84,41.84
OI00007004,O0004004,P0027,1,652.07,54.64
OI00007005,O0004005,P0017,1,152.19,0.0
OI00007006,O0004006,P0038,2,269.84,31.78
OI00007007,O0004006,P0018,1,358.76,33.26
OI00007008,O0004007,P0036,2,187.8,0.0
OI00007009,O0004007,P0002,1,79.3,0.0
OI00007010,O0004008,P0018,1,361.2,26.26
OI00007011,O0004008,P0013,1,102.3,6.25
OI00007012,O0004008,P0050,1,13.82,1.65
OI00007013,O0004009,P0019,1,666.66,88.11
OI00007014,O0004009,P0022,1,334.48,54.61
OI00007015,O0004009,P0042,1,133.37,13.02
OI00007016,O0004009,P0007,1,109.84,10.06
OI00007017,O0004009,P0055,1,144.67,19.73
OI00007018,O0004010,P0043,2,46.88,0.0
OI00007019,O0004011,P0017,2,150.96,28.82
OI00007020,O0004011,P0003,1,83.26,12.17
OI00007021,O0004012,P0038,1,272.18,43.49
OI00007022,O0004013,P0039,1,331.44,0.0
OI00007023,O0004014,P0019,1,681.62,0.0
OI00007024,O0004014,P0001,1,143.92,0.0
OI00007025,O0004014,P0003,1,80.74,0.0
OI00007026,O0004015,P0037,1,66.52,0.0
OI00007027,O0004015,P0002,1,83.23,0.0
OI00007028,O0004016,P0040,1,487.95,0.0
OI00007029,O0004016,P0019,1,656.52,0.0
OI00007030,O0004017,P0001,1,147.99,9.41
OI00007031,O0004017,P0029,1,287.4,22.96
OI00007032,O0004017,P0026,1,82.92,12.87
OI00007033,O0004017,P0050,1,14.18,0.78
OI00007034,O0004018,P0040,1,481.01,0.0
OI00007035,O0004019,P0010,1,156.67,0.0
OI00007036,O0004019,P0059,2,60.16,0.0
OI00007037,O0004019,P0001,1,142.76,0.0
OI00007038,O0004020,P0006,1,122.23,19.54
OI00007039,O0004021,P0032,1,419.14,33.45
OI00007040,O0004021,P0057,1,161.36,8.56
OI00007041,O0004022,P0042,1,130.23,10.07
OI00007042,O0004022,P0023,1,123.49,19.9
OI00007043,O0004023,P0003,1,83.17,0.0
OI00007044,O0004023,P0046,1,18.85,0.0
OI00007045,O0004024,P0026,1,83.52,4.15
OI00007046,O0004024,P0005,1,65.81,5.98
OI00007047,O0004025,P0006,1,126.58,0.0
OI00007048,O0004025,P0057,1,161.83,0.0
OI00007049,O0004025,P0026,1,84.01,0.0
OI00007050,O0004025,P0016,1,122.09,0.0
OI00007051,O0004026,P0055,1,144.49,0.0
OI00007052,O0004027,P0001,3,147.11,0.0
OI00007053,O0004028,P0044,1,52.57,0.0
OI00007054,O0004029,P0031,1,28.04,0.0
OI00007055,O0004030,P0039,1,330.73,0.0
OI00007056,O0004030,P0019,1,682.0,0.0
OI00007057,O0004031,P0017,1,150.77,7.17
OI00007058,O0004031,P0033,1,440.48,38.02
OI00007059,O0004032,P0036,2,188.74,0.0
OI00007060,O0004033,P0026,1,82.26,0.0
OI00007061,O0004034,P0029,1,286.67,0.0
OI00007062,O0004035,P0013,2,98.13,0.0
OI00007063,O0004036,P0049,1,139.93,21.19
OI00007064,O0004036,P0039,1,322.62,18.0
OI00007065,O0004036,P0060,1,438.58,70.44
OI00007066,O0004037,P0056,1,383.56,0.0
OI00007067,O0004038,P0020,1,692.71,0.0
OI00007068,O0004038,P0045,1,152.24,0.0
OI00007069,O0004038,P0056,1,369.55,0.0
OI00007070,O0004039,P0018,1,369.1,0.0
OI00007071,O0004040,P0009,1,113.34,6.18
OI00007072,O0004040,P0041,1,30.72,1.3
OI00007073,O0004040,P0006,2,122.09,23.84
OI00007074,O0004041,P0001,1,145.26,0.0
OI00007075,O0004041,P0056,1,362.66,0.0
OI00007076,O0004041,P0023,1,118.76,0.0
OI00007077,O0004042,P0043,2,45.31,9.67
OI00007078,O0004042,P0046,1,19.74,3.2
OI00007079,O0004043,P0058,1,50.77,0.0
OI00007080,O0004044,P0050,1,14.4,0.0
OI00007081,O0004044,P0049,1,141.13,0.0
OI00007082,O0004045,P0032,1,417.83,0.0
OI00007083,O0004045,P0021,1,85.35,0.0
OI00007084,O0004045,P0028,2,310.52,0.0
OI00007085,O0004046,P0030,1,251.7,23.66
OI00007086,O0004046,P0003,1,80.77,9.07
OI00007087,O0004047,P0041,1,31.05,0.0
OI00007088,O0004048,P0022,2,329.37,33.93
OI00007089,O0004048,P0016,1,126.48,10.3
OI00007090,O0004048,P0003,1,80.92,10.09
OI00007091,O0004048,P0055,1,143.37,19.75
OI00007092,O0004048,P0001,1,145.76,13.39
OI00007093,O0004049,P0029,1,288.0,14.96
OI00007094,O0004050,P0039,1,318.56,0.0
OI00007095,O0004050,P0055,1,147.4,0.0
OI00007096,O0004051,P0029,1,288.23,0.0
OI00007097,O0004051,P0045,1,147.74,0.0
OI00007098,O0004052,P0013,2,103.21,0.0
OI00007099,O0004053,P0017,1,154.8,18.97
OI00007100,O0004053,P0056,1,374.92,19.46
OI00007101,O0004054,P0055,1,150.16,7.62
OI00007102,O0004055,P0059,1,61.24,0.0
OI00007103,O0004055,P0011,1,144.09,0.0
OI00007104,O0004056,P0002,2,83.22,13.01
OI00007105,O0004057,P0052,1,421.52,0.0
OI00007106,O0004057,P0021,2,85.11,0.0
OI00007107,O0004058,P0004,1,74.16,0.0
OI00007108,O0004059,P0049,1,142.38,0.0
OI00007109,O0004060,P0023,1,120.41,0.0
OI00007110,O0004061,P0019,2,667.67,0.0
OI00007111,O0004061,P0031,1,28.05,0.0
OI00007112,O0004061,P0026,2,85.48,0.0
OI00007113,O0004061,P0030,1,252.88,0.0
OI00007114,O0004062,P0002,2,83.39,0.0
OI00007115,O0004063,P0016,1,126.64,15.98
OI00007116,O0004063,P0005,1,66.06,6.21
OI00007117,O0004064,P0006,1,128.63,0.0
OI00007118,O0004065,P0036,1,195.59,26.19
OI00007119,O0004066,P0060,2,456.13,0.0
OI00007120,O0004067,P0030,1,256.84,0.0
OI00007121,O0004068,P0001,1,149.65,9.74
OI00007122,O0004068,P0016,1,124.73,21.35
OI00007123,O0004068,P0043,1,45.09,3.39
OI00007124,O0004069,P0042,1,132.56,0.0
OI00007125,O0004070,P0043,1,44.54,0.0
OI00007126,O0004071,P0056,1,381.18,0.0
OI00007127,O0004072,P0011,1,141.51,0.0
OI00007128,O0004072,P0038,1,267.81,0.0
OI00007129,O0004073,P0018,1,361.33,0.0
OI00007130,O0004074,P0039,1,328.94,0.0
OI00007131,O0004075,P0054,2,133.64,0.0
OI00007132,O0004075,P0059,1,63.8,0.0
OI00007133,O0004076,P0026,1,85.08,13.73
OI00007134,O0004076,P0019,1,662.57,49.19
OI00007135,O0004077,P0039,1,322.77,0.0
OI00007136,O0004078,P0032,1,415.86,0.0
OI00007137,O0004079,P0040,1,479.5,0.0
OI00007138,O0004079,P0039,1,318.91,0.0
OI00007139,O0004080,P0038,2,268.37,0.0
OI00007140,O0004080,P0027,1,624.41,0.0
OI00007141,O0004081,P0038,1,271.86,0.0
OI00007142,O0004081,P0006,1,121.94,0.0
OI00007143,O0004082,P0041,1,30.36,0.0
OI00007144,O0004083,P0016,2,126.1,0.0
OI00007145,O0004084,P0020,1,690.45,0.0
OI00007146,O0004084,P0017,1,153.38,0.0
OI00007147,O0004084,P0040,1,467.76,0.0
OI00007148,O0004085,P0058,1,52.69,5.05
OI00007149,O0004086,P0055,1,144.25,22.08
OI00007150,O0004086,P0029,1,298.78,52.22
OI00007151,O0004087,P0058,1,50.56,6.28
OI00007152,O0004088,P0047,1,69.92,0.0
OI00007153,O0004088,P0023,1,120.72,0.0
OI00007154,O0004089,P0045,1,146.67,13.62
OI00007155,O0004090,P0026,1,83.9,6.52
OI00007156,O0004090,P0041,1,31.7,2.33
OI00007157,O0004090,P0049,1,141.59,22.23
OI00007158,O0004090,P0023,1,120.65,15.96
OI00007159,O0004090,P0045,1,150.0,23.24
OI00007160,O0004091,P0033,1,425.83,0.0
OI00007161,O0004091,P0059,1,60.62,0.0
OI00007162,O0004092,P0010,1,161.08,0.0
OI00007163,O0004092,P0055,2,145.25,0.0
OI00007164,O0004093,P0023,1,118.0,0.0
OI00007165,O0004093,P0016,2,122.06,0.0
OI00007166,O0004093,P0038,1,271.05,0.0
OI00007167,O0004093,P0033,2,435.9,0.0
OI00007168,O0004094,P0057,1,157.13,0.0
OI00007169,O0004094,P0056,1,372.13,0.0
OI00007170,O0004095,P0021,1,83.01,0.0
OI00007171,O0004096,P0047,2,71.62,0.0
OI00007172,O0004096,P0046,1,18.63,0.0
OI00007173,O0004097,P0005,2,68.21,0.0
OI00007174,O0004097,P0017,1,156.81,0.0
OI00007175,O0004098,P0045,1,154.06,0.0
OI00007176,O0004098,P0015,1,63.1,0.0
OI00007177,O0004098,P0041,1,31.62,0.0
OI00007178,O0004099,P0050,2,14.43,0.0
OI00007179,O0004099,P0049,1,139.28,0.0
OI00007180,O0004100,P0038,1,273.1,0.0
OI00007181,O0004100,P0020,1,693.2,0.0
OI00007182,O0004101,P0043,1,46.95,0.0
OI00007183,O0004101,P0032,1,406.81,0.0
OI00007184,O0004102,P0049,1,140.55,0.0
OI00007185,O0004103,P0033,1,430.22,0.0
OI00007186,O0004104,P0020,1,681.54,0.0
OI00007187,O0004105,P0053,1,540.9,0.0
OI00007188,O0004106,P0049,1,145.02,0.0
OI00007189,O0004106,P0001,1,149.52,0.0
OI00007190,O0004107,P0003,1,83.23,0.0
OI00007191,O0004108,P0010,1,161.32,0.0
OI00007192,O0004108,P0013,2,101.03,0.0
OI00007193,O0004109,P0006,1,128.4,10.55
OI00007194,O0004109,P0023,1,120.49,18.21
OI00007195,O0004109,P0038,1,263.37,18.93
OI00007196,O0004110,P0024,1,794.88,0.0
OI00007197,O0004111,P0006,1,126.46,0.0
OI00007198,O0004112,P0006,1,125.13,0.0
OI00007199,O0004113,P0003,1,82.42,0.0
OI00007200,O0004113,P0029,1,287.25,0.0
OI00007201,O0004114,P0022,1,343.54,50.5
OI00007202,O0004114,P0029,1,291.21,45.68
OI00007203,O0004115,P0058,1,50.59,0.0
OI00007204,O0004115,P0006,1,124.73,0.0
OI00007205,O0004116,P0015,1,62.28,7.34
OI00007206,O0004116,P0016,1,123.81,14.85
OI00007207,O0004117,P0030,1,256.16,0.0
OI00007208,O0004117,P0046,1,19.09,0.0
OI00007209,O0004118,P0003,1,79.96,0.0
OI00007210,O0004119,P0049,1,142.19,0.0
OI00007211,O0004119,P0010,1,163.0,0.0
OI00007212,O0004119,P0004,1,74.59,0.0
OI00007213,O0004119,P0034,1,421.51,0.0
OI00007214,O0004120,P0054,1,135.89,10.67
OI00007215,O0004120,P0038,1,267.55,19.93
OI00007216,O0004121,P0049,1,146.46,0.0
OI00007217,O0004121,P0020,2,683.52,0.0
OI00007218,O0004122,P0057,1,156.97,0.0
OI00007219,O0004122,P0003,2,82.29,0.0
OI00007220,O0004123,P0040,1,474.77,0.0
OI00007221,O0004124,P0049,1,145.11,0.0
OI00007222,O0004124,P0023,1,124.24,0.0
OI00007223,O0004124,P0032,1,405.25,0.0
OI00007224,O0004125,P0001,1,145.95,0.0
OI00007225,O0004126,P0006,1,126.24,6.4
OI00007226,O0004126,P0050,1,14.21,1.19
OI00007227,O0004127,P0051,1,76.07,8.51
OI00007228,O0004128,P0038,1,261.75,0.0
OI00007229,O0004129,P0010,1,163.19,0.0
OI00007230,O0004129,P0057,1,160.17,0.0
OI00007231,O0004130,P0033,1,428.88,0.0
OI00007232,O0004131,P0054,1,140.53,0.0
OI00007233,O0004132,P0041,1,31.73,0.0
OI00007234,O0004133,P0037,1,63.97,0.0
OI00007235,O0004134,P0050,1,14.08,0.0
OI00007236,O0004135,P0021,1,83.25,0.0
OI00007237,O0004135,P0039,1,318.26,0.0
OI00007238,O0004136,P0043,1,46.79,0.0
OI00007239,O0004137,P0004,2,78.61,0.0
OI00007240,O0004137,P0005,2,66.79,0.0
OI00007241,O0004138,P0004,1,75.33,3.84
OI00007242,O0004138,P0039,1,327.94,34.75
OI00007243,O0004138,P0003,1,80.04,3.79
OI00007244,O0004139,P0039,1,316.71,0.0
OI00007245,O0004139,P0021,1,83.94,0.0
OI00007246,O0004139,P0056,1,381.69,0.0
OI00007247,O0004140,P0023,1,118.62,0.0
OI00007248,O0004140,P0040,1,481.83,0.0
OI00007249,O0004141,P0046,1,19.04,0.0
OI00007250,O0004142,P0039,1,322.79,49.69
OI00007251,O0004143,P0020,2,681.65,0.0
OI00007252,O0004143,P0009,1,111.86,0.0
OI00007253,O0004144,P0003,1,80.3,0.0
OI00007254,O0004145,P0003,1,81.26,0.0
OI00007255,O0004146,P0054,2,139.02,47.18
OI00007256,O0004146,P0056,1,366.86,29.08
OI00007257,O0004146,P0013,1,100.88,8.39
OI00007258,O0004147,P0011,2,142.09,0.0
OI00007259,O0004147,P0027,1,646.84,0.0
OI00007260,O0004148,P0045,1,147.59,14.32
OI00007261,O0004149,P0040,1,493.26,0.0
OI00007262,O0004149,P0004,1,76.81,0.0
OI00007263,O0004149,P0052,1,421.83,0.0
OI00007264,O0004150,P0051,2,76.89,0.0
OI00007265,O0004150,P0049,1,144.39,0.0
OI00007266,O0004151,P0017,1,158.32,0.0
OI00007267,O0004152,P0028,1,319.34,0.0
OI00007268,O0004153,P0003,1,82.73,0.0
OI00007269,O0004154,P0036,1,196.96,29.89
OI00007270,O0004154,P0001,2,141.38,23.58
OI00007271,O0004154,P0042,1,130.71,11.24
OI00007272,O0004155,P0011,1,142.33,0.0
OI00007273,O0004156,P0021,1,82.49,0.0
OI00007274,O0004157,P0029,1,300.63,0.0
OI00007275,O0004158,P0045,1,145.74,25.7
OI00007276,O0004158,P0039,1,315.71,47.55
OI00007277,O0004158,P0023,2,119.52,39.76
OI00007278,O0004159,P0053,1,535.14,0.0
OI00007279,O0004160,P0048,2,95.24,0.0
OI00007280,O0004161,P0057,1,157.63,0.0
OI00007281,O0004162,P0032,1,417.1,37.42
OI00007282,O0004162,P0012,2,29.4,8.49
OI00007283,O0004162,P0047,2,70.75,20.48
OI00007284,O0004163,P0016,1,123.1,0.0
OI00007285,O0004164,P0042,1,134.55,13.86
OI00007286,O0004164,P0004,1,75.53,7.12
OI00007287,O0004165,P0033,1,435.19,0.0
OI00007288,O0004165,P0035,1,282.15,0.0
OI00007289,O0004166,P0039,1,322.73,14.29
OI00007290,O0004166,P0060,1,453.17,61.68
OI00007291,O0004167,P0023,1,121.99,0.0
OI00007292,O0004168,P0016,1,125.02,9.48
OI00007293,O0004168,P0001,2,145.93,49.57
OI00007294,O0004169,P0042,1,130.01,0.0
OI00007295,O0004170,P0041,1,31.73,2.82
OI00007296,O0004170,P0003,1,81.45,8.45
OI00007297,O0004170,P0028,2,327.66,64.77
OI00007298,O0004171,P0009,1,111.96,0.0
OI00007299,O0004172,P0039,1,316.42,0.0
OI00007300,O0004172,P0052,1,401.83,0.0
OI00007301,O0004173,P0032,1,407.14,0.0
OI00007302,O0004174,P0050,1,13.98,0.0
OI00007303,O0004174,P0029,1,284.78,0.0
OI00007304,O0004174,P0047,1,69.67,0.0
OI00007305,O0004175,P0058,2,52.3,0.0
OI00007306,O0004176,P0010,1,155.77,13.34
OI00007307,O0004176,P0049,1,139.42,15.91
OI00007308,O0004176,P0028,1,315.79,42.37
OI00007309,O0004177,P0024,1,780.03,0.0
OI00007310,O0004177,P0041,2,30.73,0.0
OI00007311,O0004177,P0015,1,60.92,0.0
OI00007312,O0004178,P0005,1,65.6,8.55
OI00007313,O0004179,P0003,2,80.72,0.0
OI00007314,O0004179,P0036,1,195.73,0.0
OI00007315,O0004180,P0043,2,44.29,0.0
OI00007316,O0004180,P0016,1,124.79,0.0
OI00007317,O0004180,P0055,1,145.83,0.0
OI00007318,O0004181,P0045,1,150.47,0.0
OI00007319,O0004181,P0028,1,312.16,0.0
OI00007320,O0004182,P0025,1,611.73,67.28
OI00007321,O0004183,P0022,2,333.09,110.01
OI00007322,O0004184,P0007,1,109.56,0.0
OI00007323,O0004185,P0040,1,489.41,31.18
OI00007324,O0004185,P0028,1,310.63,23.68
OI00007325,O0004186,P0033,1,428.84,0.0
OI00007326,O0004186,P0024,1,767.82,0.0
OI00007327,O0004187,P0048,1,92.54,0.0
OI00007328,O0004188,P0009,1,110.73,0.0
OI00007329,O0004188,P0003,1,80.49,0.0
OI00007330,O0004189,P0032,1,415.34,0.0
OI00007331,O0004189,P0045,2,148.36,0.0
OI00007332,O0004190,P0054,1,139.15,0.0
OI00007333,O0004191,P0056,1,384.2,0.0
OI00007334,O0004192,P0041,2,31.23,9.76
OI00007335,O0004192,P0056,1,370.49,59.23
OI00007336,O0004192,P0038,1,266.21,30.45
OI00007337,O0004192,P0022,1,340.04,52.92
OI00007338,O0004193,P0047,1,71.97,0.0
OI00007339,O0004194,P0024,1,773.38,0.0
OI00007340,O0004194,P0006,1,122.94,0.0
OI00007341,O0004195,P0037,1,66.31,0.0
OI00007342,O0004196,P0020,1,681.72,112.82
OI00007343,O0004196,P0015,1,61.26,5.84
OI00007344,O0004196,P0013,1,98.28,10.05
OI00007345,O0004197,P0026,2,85.06,0.0
OI00007346,O0004198,P0034,1,433.42,0.0
OI00007347,O0004198,P0050,1,14.46,0.0
OI00007348,O0004199,P0045,1,150.95,0.0
OI00007349,O0004199,P0059,1,60.39,0.0
OI00007350,O0004200,P0057,1,157.83,15.43
OI00007351,O0004200,P0033,1,434.41,38.94
OI00007352,O0004201,P0053,2,528.44,0.0
OI00007353,O0004201,P0024,1,793.95,0.0
OI00007354,O0004202,P0004,1,77.36,13.4
OI00007355,O0004202,P0008,1,86.81,5.7
OI00007356,O0004203,P0057,1,165.91,27.98
OI00007357,O0004203,P0024,1,799.68,69.02
OI00007358,O0004204,P0030,2,250.52,0.0
OI00007359,O0004204,P0038,2,261.06,0.0
OI00007360,O0004205,P0052,1,410.9,0.0
OI00007361,O0004205,P0024,1,772.55,0.0
OI00007362,O0004206,P0019,1,654.23,0.0
OI00007363,O0004206,P0049,1,144.51,0.0
OI00007364,O0004207,P0057,1,159.74,0.0
OI00007365,O0004207,P0023,1,121.78,0.0
OI00007366,O0004208,P0013,2,99.43,0.0
OI00007367,O0004209,P0042,1,130.47,0.0
OI00007368,O0004209,P0023,1,123.21,0.0
OI00007369,O0004210,P0038,1,261.41,14.51
OI00007370,O0004211,P0030,1,259.04,0.0
OI00007371,O0004211,P0008,1,86.96,0.0
OI00007372,O0004211,P0060,2,448.08,0.0
OI00007373,O0004212,P0044,1,52.85,0.0
OI00007374,O0004212,P0015,2,61.97,0.0
OI00007375,O0004212,P0058,1,49.81,0.0
OI00007376,O0004213,P0057,2,159.62,0.0
OI00007377,O0004213,P0006,1,127.43,0.0
OI00007378,O0004214,P0009,1,109.81,13.41
OI00007379,O0004214,P0042,1,134.73,21.88
OI00007380,O0004214,P0003,1,79.35,3.75
OI00007381,O0004215,P0023,1,117.99,0.0
OI00007382,O0004216,P0055,1,145.42,0.0
OI00007383,O0004216,P0024,1,786.84,0.0
OI00007384,O0004216,P0010,1,164.5,0.0
OI00007385,O0004217,P0048,1,94.39,12.26
OI00007386,O0004217,P0045,1,151.21,25.28
OI00007387,O0004218,P0030,1,255.5,0.0
OI00007388,O0004219,P0045,1,146.51,6.56
OI00007389,O0004219,P0060,1,436.97,42.65
OI00007390,O0004220,P0043,2,46.84,0.0
OI00007391,O0004220,P0038,1,275.71,0.0
OI00007392,O0004221,P0045,2,149.78,0.0
OI00007393,O0004221,P0055,1,144.8,0.0
OI00007394,O0004222,P0040,1,485.98,0.0
OI00007395,O0004223,P0038,1,263.76,0.0
OI00007396,O0004224,P0060,1,438.52,0.0
OI00007397,O0004224,P0049,1,146.69,0.0
OI00007398,O0004225,P0020,1,661.35,49.69
OI00007399,O0004226,P0042,1,129.52,22.44
OI00007400,O0004226,P0021,1,82.32,10.91
OI00007401,O0004227,P0056,1,384.24,0.0
OI00007402,O0004227,P0035,1,290.07,0.0
OI00007403,O0004228,P0013,1,99.9,0.0
OI00007404,O0004229,P0048,1,93.45,5.02
OI00007405,O0004229,P0026,1,83.9,10.84
OI00007406,O0004230,P0060,1,441.21,0.0
OI00007407,O0004230,P0006,2,125.13,0.0
OI00007408,O0004231,P0025,1,621.83,0.0
OI00007409,O0004232,P0054,1,133.3,0.0
OI00007410,O0004233,P0023,1,121.86,0.0
OI00007411,O0004234,P0003,1,80.47,0.0
OI00007412,O0004235,P0022,1,347.17,0.0
OI00007413,O0004236,P0005,1,68.35,0.0
OI00007414,O0004236,P0058,1,50.82,0.0
OI00007415,O0004236,P0024,1,809.46,0.0
OI00007416,O0004237,P0043,1,44.34,0.0
OI00007417,O0004238,P0030,1,252.94,23.98
OI00007418,O0004239,P0053,1,547.91,55.59
OI00007419,O0004239,P0033,1,432.51,38.2
OI00007420,O0004239,P0003,1,83.29,10.39
OI00007421,O0004240,P0037,1,63.44,6.1
OI00007422,O0004241,P0056,1,379.91,0.0
OI00007423,O0004242,P0029,1,300.3,0.0
OI00007424,O0004242,P0043,1,46.8,0.0
OI00007425,O0004243,P0038,1,262.38,0.0
OI00007426,O0004244,P0043,1,44.92,0.0
OI00007427,O0004245,P0021,2,85.28,0.0
OI00007428,O0004245,P0029,1,293.8,0.0
OI00007429,O0004246,P0006,1,125.15,0.0
OI00007430,O0004246,P0019,2,660.63,0.0
OI00007431,O0004247,P0005,1,66.0,0.0
OI00007432,O0004248,P0039,1,330.65,0.0
OI00007433,O0004248,P0004,1,75.22,0.0
OI00007434,O0004249,P0006,1,123.65,18.77
OI00007435,O0004249,P0026,2,82.46,14.92
OI00007436,O0004249,P0032,1,408.41,54.38
OI00007437,O0004250,P0039,1,329.61,0.0
OI00007438,O0004250,P0035,1,289.7,0.0
OI00007439,O0004251,P0039,1,319.91,38.24
OI00007440,O0004251,P0021,1,83.07,14.48
OI00007441,O0004252,P0017,1,157.55,0.0
OI00007442,O0004252,P0013,1,99.12,0.0
OI00007443,O0004253,P0058,1,49.83,0.0
OI00007444,O0004253,P0008,1,88.08,0.0
OI00007445,O0004253,P0025,1,602.53,0.0
OI00007446,O0004254,P0028,1,310.59,32.26
OI00007447,O0004254,P0021,1,82.5,5.78
OI00007448,O0004255,P0013,1,99.33,0.0
OI00007449,O0004256,P0004,2,75.64,22.52
OI00007450,O0004257,P0030,1,259.02,0.0
OI00007451,O0004257,P0009,1,109.71,0.0
OI00007452,O0004258,P0029,1,293.17,41.61
OI00007453,O0004259,P0043,1,44.37,0.0
OI00007454,O0004259,P0006,1,123.48,0.0
OI00007455,O0004260,P0006,1,122.19,0.0
OI00007456,O0004260,P0056,1,378.91,0.0
OI00007457,O0004260,P0005,2,67.99,0.0
OI00007458,O0004261,P0031,1,28.31,0.0
OI00007459,O0004262,P0006,2,124.12,0.0
OI00007460,O0004262,P0001,2,144.27,0.0
OI00007461,O0004263,P0046,1,19.33,0.0
OI00007462,O0004264,P0057,1,160.43,0.0
OI00007463,O0004264,P0059,1,61.12,0.0
OI00007464,O0004265,P0045,1,146.53,0.0
OI00007465,O0004265,P0060,1,450.13,0.0
OI00007466,O0004265,P0043,2,46.89,0.0
OI00007467,O0004266,P0055,1,144.95,8.78
OI00007468,O0004267,P0041,1,31.58,0.0
OI00007469,O0004268,P0004,1,75.76,3.17
OI00007470,O0004268,P0019,1,651.74,102.06
OI00007471,O0004269,P0016,2,123.45,0.0
OI00007472,O0004270,P0059,1,61.57,0.0
OI00007473,O0004270,P0003,1,79.76,0.0
OI00007474,O0004271,P0016,1,123.33,0.0
OI00007475,O0004271,P0020,1,691.18,0.0
OI00007476,O0004272,P0029,1,296.57,0.0
OI00007477,O0004272,P0020,2,661.23,0.0
OI00007478,O0004272,P0059,1,62.48,0.0
OI00007479,O0004273,P0024,1,802.38,0.0
OI00007480,O0004274,P0007,1,113.46,0.0
OI00007481,O0004274,P0049,2,140.39,0.0
OI00007482,O0004275,P0029,2,284.52,97.31
OI00007483,O0004275,P0053,2,540.96,141.09
OI00007484,O0004276,P0041,1,30.98,0.0
OI00007485,O0004277,P0011,1,143.46,0.0
OI00007486,O0004278,P0038,2,268.53,0.0
OI00007487,O0004278,P0002,1,79.18,0.0
OI00007488,O0004279,P0016,2,122.68,41.31
OI00007489,O0004280,P0035,1,282.4,0.0
OI00007490,O0004281,P0029,1,291.93,0.0
OI00007491,O0004282,P0007,1,109.41,0.0
OI00007492,O0004283,P0037,1,63.7,0.0
OI00007493,O0004283,P0006,1,121.77,0.0
OI00007494,O0004284,P0035,1,287.45,0.0
OI00007495,O0004284,P0045,1,151.32,0.0
OI00007496,O0004285,P0006,1,125.34,21.78
OI00007497,O0004286,P0045,1,152.7,0.0
OI00007498,O0004287,P0038,2,270.82,0.0
OI00007499,O0004288,P0039,1,318.82,0.0
OI00007500,O0004288,P0019,2,664.17,0.0
OI00007501,O0004289,P0042,1,132.02,0.0
OI00007502,O0004290,P0045,1,152.87,0.0
OI00007503,O0004291,P0051,1,74.74,0.0
OI00007504,O0004291,P0021,1,81.97,0.0
OI00007505,O0004292,P0031,1,27.62,0.0
OI00007506,O0004292,P0003,1,79.29,0.0
OI00007507,O0004293,P0038,1,272.19,0.0
OI00007508,O0004294,P0001,1,141.52,0.0
OI00007509,O0004294,P0036,1,191.96,0.0
OI00007510,O0004295,P0050,1,13.86,0.0
OI00007511,O0004296,P0013,1,102.52,8.36
OI00007512,O0004296,P0060,1,439.12,52.7
OI00007513,O0004297,P0020,2,677.18,0.0
OI00007514,O0004298,P0038,1,267.77,0.0
OI00007515,O0004299,P0005,1,67.73,8.81
OI00007516,O0004300,P0041,1,30.35,0.0
OI00007517,O0004300,P0038,2,272.95,0.0
OI00007518,O0004301,P0059,1,62.16,0.0
OI00007519,O0004301,P0001,1,147.15,0.0
OI00007520,O0004302,P0031,1,27.87,0.0
OI00007521,O0004302,P0029,1,299.69,0.0
OI00007522,O0004302,P0003,1,83.32,0.0
OI00007523,O0004303,P0007,1,111.14,0.0
OI00007524,O0004303,P0041,1,30.22,0.0
OI00007525,O0004304,P0022,1,338.53,56.81
OI00007526,O0004305,P0001,1,147.09,0.0
OI00007527,O0004305,P0023,1,119.19,0.0
OI00007528,O0004306,P0051,1,73.96,8.36
OI00007529,O0004307,P0056,2,373.54,0.0
OI00007530,O0004308,P0032,2,398.75,75.46
OI00007531,O0004308,P0003,1,83.77,13.66
OI00007532,O0004309,P0047,1,69.26,0.0
OI00007533,O0004310,P0038,1,274.27,0.0
OI00007534,O0004311,P0004,2,76.71,0.0
OI00007535,O0004311,P0017,1,154.91,0.0
OI00007536,O0004311,P0049,2,141.1,0.0
OI00007537,O0004312,P0016,2,122.16,0.0
OI00007538,O0004312,P0017,2,158.37,0.0
OI00007539,O0004313,P0059,1,62.32,8.55
OI00007540,O0004314,P0060,1,435.64,0.0
OI00007541,O0004314,P0025,1,621.75,0.0
OI00007542,O0004314,P0043,1,44.88,0.0
OI00007543,O0004315,P0059,1,60.39,0.0
OI00007544,O0004316,P0045,1,150.79,0.0
OI00007545,O0004317,P0004,1,74.75,0.0
OI00007546,O0004317,P0014,1,137.78,0.0
OI00007547,O0004318,P0040,2,471.21,0.0
OI00007548,O0004318,P0017,2,155.24,0.0
OI00007549,O0004318,P0029,1,284.77,0.0
OI00007550,O0004318,P0016,1,122.52,0.0
OI00007551,O0004319,P0037,1,65.64,0.0
OI00007552,O0004320,P0001,1,142.76,0.0
OI00007553,O0004320,P0041,2,31.71,0.0
OI00007554,O0004321,P0024,1,807.43,0.0
OI00007555,O0004322,P0050,1,13.95,0.0
OI00007556,O0004322,P0036,1,194.63,0.0
OI00007557,O0004323,P0002,1,80.51,0.0
OI00007558,O0004323,P0001,1,147.61,0.0
OI00007559,O0004324,P0006,1,126.75,9.48
OI00007560,O0004324,P0038,1,270.68,12.45
OI00007561,O0004324,P0045,1,152.12,25.52
OI00007562,O0004325,P0035,1,293.03,0.0
OI00007563,O0004326,P0004,1,77.4,3.97
OI00007564,O0004326,P0024,1,773.53,97.36
OI00007565,O0004327,P0020,1,675.43,0.0
OI00007566,O0004328,P0037,1,65.51,7.14
OI00007567,O0004329,P0043,1,44.49,6.52
OI00007568,O0004329,P0035,1,284.45,47.56
OI00007569,O0004330,P0036,1,195.29,13.94
OI00007570,O0004330,P0047,1,68.43,6.92
OI00007571,O0004330,P0038,1,270.0,36.17
OI00007572,O0004331,P0001,1,148.35,0.0
OI00007573,O0004332,P0009,1,110.49,17.0
OI00007574,O0004333,P0044,1,52.33,0.0
OI00007575,O0004334,P0020,1,690.01,0.0
OI00007576,O0004334,P0007,1,112.01,0.0
OI00007577,O0004335,P0039,1,326.56,31.86
OI00007578,O0004336,P0007,1,113.05,0.0
OI00007579,O0004336,P0032,1,415.79,0.0
OI00007580,O0004337,P0020,2,675.44,0.0
OI00007581,O0004338,P0030,1,248.86,0.0
OI00007582,O0004338,P0032,1,412.36,0.0
OI00007583,O0004339,P0048,1,90.47,0.0
OI00007584,O0004340,P0035,1,277.63,0.0
OI00007585,O0004341,P0024,2,788.42,0.0
OI00007586,O0004341,P0042,1,127.62,0.0
OI00007587,O0004341,P0054,1,139.98,0.0
OI00007588,O0004341,P0003,2,83.65,0.0
OI00007589,O0004341,P0023,2,123.9,0.0
OI00007590,O0004342,P0054,2,140.91,0.0
OI00007591,O0004343,P0023,1,124.72,0.0
OI00007592,O0004344,P0040,1,480.75,78.02
OI00007593,O0004345,P0005,1,65.06,0.0
OI00007594,O0004345,P0009,1,112.74,0.0
OI00007595,O0004346,P0045,2,147.56,0.0
OI00007596,O0004346,P0015,1,62.03,0.0
OI00007597,O0004347,P0051,1,74.9,9.49
OI00007598,O0004348,P0038,1,269.15,39.81
OI00007599,O0004348,P0045,1,147.59,9.41
OI00007600,O0004349,P0005,1,67.92,0.0
OI00007601,O0004350,P0003,2,79.24,0.0
OI00007602,O0004351,P0003,1,80.34,0.0
OI00007603,O0004351,P0024,1,812.57,0.0
OI00007604,O0004351,P0043,1,44.29,0.0
OI00007605,O0004352,P0013,1,98.09,0.0
OI00007606,O0004353,P0045,1,146.66,0.0
OI00007607,O0004353,P0038,2,262.93,0.0
OI00007608,O0004354,P0047,1,71.79,8.5
OI00007609,O0004355,P0009,1,112.74,0.0
OI00007610,O0004356,P0014,1,131.85,0.0
OI00007611,O0004356,P0013,2,102.75,0.0
OI00007612,O0004356,P0019,1,682.04,0.0
OI00007613,O0004356,P0030,1,250.72,0.0
OI00007614,O0004357,P0042,1,131.73,0.0
OI00007615,O0004357,P0052,2,421.5,0.0
OI00007616,O0004357,P0029,1,283.76,0.0
OI00007617,O0004358,P0006,1,127.87,0.0
OI00007618,O0004359,P0027,1,629.5,0.0
OI00007619,O0004360,P0042,1,131.75,0.0
OI00007620,O0004361,P0054,1,133.25,0.0
OI00007621,O0004362,P0040,1,486.65,62.1
OI00007622,O0004362,P0049,1,146.75,7.07
OI00007623,O0004363,P0013,1,103.98,0.0
OI00007624,O0004363,P0027,1,621.0,0.0
OI00007625,O0004364,P0030,1,259.91,40.39
OI00007626,O0004364,P0021,1,85.28,8.67
OI00007627,O0004365,P0013,1,101.44,16.13
OI00007628,O0004365,P0057,1,157.48,21.48
OI00007629,O0004366,P0049,1,139.27,7.45
OI00007630,O0004366,P0019,1,655.63,27.81
OI00007631,O0004367,P0038,1,269.09,44.83
OI00007632,O0004367,P0028,1,324.66,49.32
OI00007633,O0004368,P0007,1,111.34,8.52
OI00007634,O0004368,P0019,1,659.31,29.68
OI00007635,O0004369,P0038,2,274.7,0.0
OI00007636,O0004369,P0056,1,382.32,0.0
OI00007637,O0004370,P0045,1,150.93,0.0
OI00007638,O0004370,P0003,1,80.83,0.0
OI00007639,O0004371,P0060,1,445.94,0.0
OI00007640,O0004371,P0024,2,784.46,0.0
OI00007641,O0004372,P0019,2,664.13,229.86
OI00007642,O0004373,P0057,1,164.94,0.0
OI00007643,O0004374,P0049,1,141.02,0.0
OI00007644,O0004374,P0045,1,151.05,0.0
OI00007645,O0004375,P0006,1,127.76,10.53
OI00007646,O0004375,P0012,1,28.57,4.93
OI00007647,O0004375,P0003,1,80.71,12.25
OI00007648,O0004376,P0014,1,136.84,7.24
OI00007649,O0004376,P0011,1,141.89,17.25
OI00007650,O0004376,P0003,1,81.48,12.57
OI00007651,O0004377,P0005,2,68.17,0.0
OI00007652,O0004377,P0054,1,135.41,0.0
OI00007653,O0004378,P0038,1,269.22,0.0
OI00007654,O0004378,P0032,1,420.02,0.0
OI00007655,O0004379,P0006,1,124.67,0.0
OI00007656,O0004379,P0041,2,30.42,0.0
OI00007657,O0004380,P0015,1,62.79,0.0
OI00007658,O0004381,P0060,1,438.45,0.0
OI00007659,O0004381,P0053,1,541.31,0.0
OI00007660,O0004382,P0032,1,398.13,0.0
OI00007661,O0004383,P0038,1,260.74,42.89
OI00007662,O0004384,P0039,1,321.98,0.0
OI00007663,O0004384,P0019,1,662.24,0.0
OI00007664,O0004384,P0001,1,146.3,0.0
OI00007665,O0004384,P0027,1,637.99,0.0
OI00007666,O0004385,P0020,1,685.38,63.2
OI00007667,O0004386,P0052,1,408.23,57.56
OI00007668,O0004386,P0016,1,126.75,13.96
OI00007669,O0004387,P0023,1,118.22,0.0
OI00007670,O0004387,P0026,1,84.99,0.0
OI00007671,O0004388,P0006,1,125.02,0.0
OI00007672,O0004388,P0024,1,809.42,0.0
OI00007673,O0004389,P0029,1,290.52,49.56
OI00007674,O0004390,P0039,1,323.84,0.0
OI00007675,O0004391,P0013,2,98.66,0.0
OI00007676,O0004392,P0001,1,142.53,0.0
OI00007677,O0004392,P0058,1,50.73,0.0
OI00007678,O0004393,P0045,1,147.29,0.0
OI00007679,O0004394,P0050,1,14.32,0.0
OI00007680,O0004394,P0002,2,81.49,0.0
OI00007681,O0004394,P0004,1,78.13,0.0
OI00007682,O0004395,P0032,1,412.77,43.93
OI00007683,O0004396,P0002,1,82.94,0.0
OI00007684,O0004396,P0050,1,14.64,0.0
OI00007685,O0004397,P0015,1,62.83,0.0
OI00007686,O0004397,P0025,1,634.82,0.0
OI00007687,O0004398,P0043,1,45.84,0.0
OI00007688,O0004399,P0008,2,88.17,10.94
OI00007689,O0004400,P0016,1,123.62,0.0
OI00007690,O0004400,P0020,1,673.26,0.0
OI00007691,O0004400,P0003,1,80.45,0.0
OI00007692,O0004400,P0052,1,423.05,0.0
OI00007693,O0004401,P0006,1,121.68,0.0
OI00007694,O0004401,P0019,1,660.29,0.0
OI00007695,O0004402,P0040,1,492.97,0.0
OI00007696,O0004402,P0038,1,273.63,0.0
OI00007697,O0004402,P0031,1,28.25,0.0
OI00007698,O0004403,P0004,1,78.43,11.12
OI00007699,O0004403,P0003,1,80.16,13.07
OI00007700,O0004403,P0025,1,601.6,35.65
OI00007701,O0004403,P0033,1,440.83,58.39
OI00007702,O0004404,P0003,1,81.21,0.0
OI00007703,O0004404,P0033,1,423.85,0.0
OI00007704,O0004405,P0011,1,138.91,0.0
OI00007705,O0004406,P0049,2,139.71,0.0
OI00007706,O0004407,P0005,1,65.39,0.0
OI00007707,O0004408,P0027,1,631.72,0.0
OI00007708,O0004408,P0004,1,74.23,0.0
OI00007709,O0004409,P0054,1,138.24,7.33
OI00007710,O0004409,P0024,1,795.88,114.45
OI00007711,O0004410,P0057,2,166.18,0.0
OI00007712,O0004411,P0009,1,110.18,19.4
OI00007713,O0004412,P0004,2,77.44,0.0
OI00007714,O0004412,P0050,1,14.16,0.0
OI00007715,O0004413,P0010,2,164.36,0.0
OI00007716,O0004413,P0015,1,61.31,0.0
OI00007717,O0004413,P0034,1,431.02,0.0
OI00007718,O0004414,P0003,1,81.48,0.0
OI00007719,O0004415,P0001,1,142.8,0.0
OI00007720,O0004415,P0038,1,270.89,0.0
OI00007721,O0004415,P0056,1,365.43,0.0
OI00007722,O0004416,P0024,1,774.44,0.0
OI00007723,O0004416,P0005,1,68.71,0.0
OI00007724,O0004416,P0056,2,371.16,0.0
OI00007725,O0004417,P0003,1,79.81,0.0
OI00007726,O0004417,P0054,2,134.76,0.0
OI00007727,O0004417,P0042,1,132.28,0.0
OI00007728,O0004418,P0021,1,82.28,0.0
OI00007729,O0004418,P0049,1,141.89,0.0
OI00007730,O0004419,P0050,1,14.51,0.0
OI00007731,O0004420,P0033,1,420.51,0.0
OI00007732,O0004420,P0008,1,87.41,0.0
OI00007733,O0004421,P0056,1,367.63,51.4
OI00007734,O0004421,P0019,1,661.87,58.99
OI00007735,O0004422,P0022,2,337.99,0.0
OI00007736,O0004422,P0041,1,30.12,0.0
OI00007737,O0004422,P0042,1,130.1,0.0
OI00007738,O0004423,P0019,1,679.21,0.0
OI00007739,O0004423,P0002,1,80.85,0.0
OI00007740,O0004423,P0004,1,76.56,0.0
OI00007741,O0004424,P0017,1,154.34,0.0
OI00007742,O0004425,P0003,1,80.63,0.0
OI00007743,O0004426,P0006,2,121.22,0.0
OI00007744,O0004426,P0005,1,68.25,0.0
OI00007745,O0004427,P0021,1,84.79,5.2
OI00007746,O0004427,P0002,1,79.52,3.7
OI00007747,O0004428,P0019,1,670.12,111.72
OI00007748,O0004429,P0002,1,82.7,0.0
OI00007749,O0004429,P0019,1,661.45,0.0
OI00007750,O0004429,P0003,2,83.16,0.0
OI00007751,O0004429,P0024,2,776.95,0.0
OI00007752,O0004430,P0021,1,81.25,0.0
OI00007753,O0004430,P0041,1,30.55,0.0
OI00007754,O0004431,P0018,1,371.69,0.0
OI00007755,O0004432,P0059,2,63.46,0.0
OI00007756,O0004432,P0002,1,78.98,0.0
OI00007757,O0004432,P0050,1,14.39,0.0
OI00007758,O0004433,P0025,1,629.59,0.0
OI00007759,O0004433,P0057,1,162.23,0.0
OI00007760,O0004434,P0057,2,166.46,0.0
OI00007761,O0004434,P0029,1,296.42,0.0
OI00007762,O0004435,P0025,1,605.58,0.0
OI00007763,O0004435,P0041,1,30.17,0.0
OI00007764,O0004435,P0032,1,407.12,0.0
OI00007765,O0004436,P0047,1,71.5,0.0
OI00007766,O0004436,P0059,1,63.43,0.0
OI00007767,O0004437,P0056,1,374.0,0.0
OI00007768,O0004438,P0060,3,449.65,122.93
OI00007769,O0004439,P0005,1,65.26,0.0
OI00007770,O0004439,P0043,1,44.7,0.0
OI00007771,O0004439,P0045,1,149.57,0.0
OI00007772,O0004440,P0020,1,684.63,95.43
OI00007773,O0004440,P0059,1,63.82,8.4
OI00007774,O0004440,P0030,1,256.81,22.4
OI00007775,O0004441,P0040,1,478.52,0.0
OI00007776,O0004442,P0042,1,127.97,0.0
OI00007777,O0004443,P0023,1,119.6,17.88
OI00007778,O0004443,P0036,1,190.27,22.12
OI00007779,O0004444,P0057,1,158.22,0.0
OI00007780,O0004445,P0011,2,139.01,38.14
OI00007781,O0004445,P0008,1,86.51,14.51
OI00007782,O0004446,P0019,2,676.93,0.0
OI00007783,O0004447,P0032,1,400.81,0.0
OI00007784,O0004448,P0023,1,124.66,0.0
OI00007785,O0004449,P0030,1,257.06,44.92
OI00007786,O0004450,P0034,1,421.51,30.83
OI00007787,O0004451,P0019,1,686.31,0.0
OI00007788,O0004451,P0055,1,150.55,0.0
OI00007789,O0004451,P0003,1,83.91,0.0
OI00007790,O0004452,P0058,1,52.32,5.34
OI00007791,O0004452,P0021,1,82.59,8.77
OI00007792,O0004453,P0038,2,276.24,0.0
OI00007793,O0004454,P0029,1,295.11,0.0
OI00007794,O0004455,P0046,1,19.1,0.0
OI00007795,O0004456,P0019,1,675.25,0.0
OI00007796,O0004457,P0032,1,404.14,24.42
OI00007797,O0004457,P0017,1,155.48,17.7
OI00007798,O0004458,P0024,1,776.47,0.0
OI00007799,O0004458,P0056,1,364.41,0.0
OI00007800,O0004459,P0049,1,142.27,0.0
OI00007801,O0004459,P0042,1,133.36,0.0
OI00007802,O0004460,P0020,1,694.31,40.28
OI00007803,O0004461,P0040,1,471.15,0.0
OI00007804,O0004462,P0011,2,141.75,34.0
OI00007805,O0004463,P0018,1,366.77,0.0
OI00007806,O0004463,P0045,1,148.82,0.0
OI00007807,O0004463,P0005,1,67.18,0.0
OI00007808,O0004464,P0011,2,140.95,0.0
OI00007809,O0004464,P0029,1,289.77,0.0
OI00007810,O0004464,P0038,1,262.47,0.0
OI00007811,O0004465,P0023,1,123.44,0.0
OI00007812,O0004466,P0042,1,128.66,0.0
OI00007813,O0004466,P0040,2,478.32,0.0
OI00007814,O0004467,P0022,1,334.74,47.44
OI00007815,O0004467,P0036,2,188.01,18.26
OI00007816,O0004468,P0021,1,85.17,0.0
OI00007817,O0004469,P0004,1,75.72,0.0
OI00007818,O0004469,P0001,1,146.81,0.0
OI00007819,O0004470,P0003,1,81.61,0.0
OI00007820,O0004471,P0035,2,291.42,0.0
OI00007821,O0004472,P0038,1,272.08,33.51
OI00007822,O0004473,P0021,1,81.97,0.0
OI00007823,O0004473,P0057,1,160.54,0.0
OI00007824,O0004473,P0040,1,487.33,0.0
OI00007825,O0004474,P0038,1,264.86,0.0
OI00007826,O0004474,P0011,1,143.87,0.0
OI00007827,O0004475,P0022,1,329.62,0.0
OI00007828,O0004475,P0045,1,152.57,0.0
OI00007829,O0004475,P0042,1,128.82,0.0
OI00007830,O0004475,P0058,1,50.12,0.0
OI00007831,O0004476,P0006,1,126.84,0.0
OI00007832,O0004477,P0042,1,127.73,0.0
OI00007833,O0004478,P0041,1,30.8,0.0
OI00007834,O0004479,P0001,1,144.05,0.0
OI00007835,O0004480,P0054,1,139.01,10.6
OI00007836,O0004481,P0031,2,27.79,0.0
OI00007837,O0004481,P0043,1,46.36,0.0
OI00007838,O0004481,P0050,1,14.19,0.0
OI00007839,O0004482,P0034,1,436.32,50.73
OI00007840,O0004483,P0039,1,315.97,0.0
OI00007841,O0004483,P0045,2,152.61,0.0
OI00007842,O0004484,P0034,1,420.64,0.0
OI00007843,O0004485,P0034,1,415.69,73.02
OI00007844,O0004485,P0024,1,806.04,88.47
OI00007845,O0004486,P0033,1,435.02,0.0
OI00007846,O0004487,P0056,1,368.33,0.0
OI00007847,O0004487,P0058,1,51.04,0.0
OI00007848,O0004488,P0054,1,136.64,0.0
OI00007849,O0004489,P0032,1,414.59,0.0
OI00007850,O0004489,P0042,1,134.18,0.0
OI00007851,O0004490,P0001,1,142.41,0.0
OI00007852,O0004491,P0039,1,326.77,20.31
OI00007853,O0004491,P0007,1,108.36,9.17
OI00007854,O0004492,P0020,1,683.58,0.0
OI00007855,O0004493,P0005,1,65.23,0.0
OI00007856,O0004494,P0047,1,69.3,0.0
OI00007857,O0004494,P0019,1,660.4,0.0
OI00007858,O0004495,P0002,1,80.46,0.0
OI00007859,O0004495,P0032,1,413.58,0.0
OI00007860,O0004496,P0059,1,63.79,0.0
OI00007861,O0004497,P0056,1,374.63,0.0
OI00007862,O0004498,P0046,1,19.28,2.03
OI00007863,O0004498,P0022,1,334.31,49.61
OI00007864,O0004499,P0039,1,326.76,0.0
OI00007865,O0004500,P0055,1,148.47,0.0
OI00007866,O0004501,P0027,1,653.67,0.0
OI00007867,O0004502,P0054,1,133.3,11.9
OI00007868,O0004502,P0020,1,660.05,94.06
OI00007869,O0004503,P0018,2,376.66,0.0
OI00007870,O0004503,P0002,1,79.15,0.0
OI00007871,O0004504,P0017,1,159.08,18.32
OI00007872,O0004505,P0027,1,630.48,91.74
OI00007873,O0004505,P0019,1,673.89,114.72
OI00007874,O0004506,P0042,1,129.79,0.0
OI00007875,O0004507,P0040,2,466.92,0.0
OI00007876,O0004508,P0011,1,140.14,0.0
OI00007877,O0004508,P0038,1,262.79,0.0
OI00007878,O0004508,P0023,1,123.82,0.0
OI00007879,O0004509,P0019,2,679.96,0.0
OI00007880,O0004509,P0001,2,141.02,0.0
OI00007881,O0004510,P0011,1,142.03,12.34
OI00007882,O0004511,P0025,1,623.29,79.18
OI00007883,O0004512,P0036,1,193.85,0.0
OI00007884,O0004513,P0005,1,67.76,0.0
OI00007885,O0004513,P0024,2,803.06,0.0
OI00007886,O0004513,P0013,1,103.33,0.0
OI00007887,O0004514,P0025,1,631.06,0.0
OI00007888,O0004515,P0018,1,358.14,27.05
OI00007889,O0004516,P0042,1,135.06,0.0
OI00007890,O0004517,P0011,1,136.55,7.82
OI00007891,O0004518,P0058,1,49.75,0.0
OI00007892,O0004518,P0014,1,132.19,0.0
OI00007893,O0004519,P0060,1,446.23,47.51
OI00007894,O0004519,P0049,2,144.19,37.44
OI00007895,O0004520,P0045,2,151.3,45.76
OI00007896,O0004520,P0002,1,83.12,10.24
OI00007897,O0004521,P0040,1,485.62,51.71
OI00007898,O0004521,P0049,2,139.73,25.0
OI00007899,O0004522,P0033,1,433.03,0.0
OI00007900,O0004523,P0020,1,687.43,87.19
OI00007901,O0004523,P0030,1,253.28,42.33
OI00007902,O0004524,P0060,1,435.61,0.0
OI00007903,O0004525,P0030,1,248.54,40.5
OI00007904,O0004525,P0001,1,144.55,12.64
OI00007905,O0004526,P0045,1,151.3,0.0
OI00007906,O0004527,P0054,1,140.08,13.12
OI00007907,O0004528,P0019,1,665.97,34.05
OI00007908,O0004528,P0039,1,327.06,22.07
OI00007909,O0004528,P0023,1,118.29,17.16
OI00007910,O0004529,P0005,1,66.37,5.99
OI00007911,O0004530,P0004,1,75.16,0.0
OI00007912,O0004530,P0036,1,192.83,0.0
OI00007913,O0004531,P0005,1,65.78,0.0
OI00007914,O0004532,P0023,1,122.98,0.0
OI00007915,O0004533,P0020,2,683.44,84.25
OI00007916,O0004534,P0052,1,416.4,0.0
OI00007917,O0004534,P0020,1,682.63,0.0
OI00007918,O0004534,P0018,1,361.54,0.0
OI00007919,O0004535,P0002,1,81.91,0.0
OI00007920,O0004536,P0024,1,812.35,0.0
OI00007921,O0004537,P0037,1,66.12,0.0
OI00007922,O0004538,P0039,2,325.75,0.0
OI00007923,O0004538,P0019,1,671.13,0.0
OI00007924,O0004538,P0027,1,635.05,0.0
OI00007925,O0004538,P0024,1,778.92,0.0
OI00007926,O0004539,P0058,1,51.62,0.0
OI00007927,O0004540,P0003,1,83.66,0.0
OI00007928,O0004541,P0039,1,325.87,0.0
OI00007929,O0004542,P0050,1,14.57,0.0
OI00007930,O0004543,P0038,1,270.98,0.0
OI00007931,O0004544,P0059,1,62.91,4.76
OI00007932,O0004544,P0060,1,436.67,27.37
OI00007933,O0004545,P0020,1,695.1,107.28
OI00007934,O0004546,P0020,2,697.97,0.0
OI00007935,O0004546,P0060,1,444.82,0.0
OI00007936,O0004546,P0027,1,638.13,0.0
OI00007937,O0004547,P0046,1,19.2,0.0
OI00007938,O0004548,P0054,1,134.39,0.0
OI00007939,O0004549,P0038,1,262.89,0.0
OI00007940,O0004550,P0042,1,133.18,0.0
OI00007941,O0004551,P0041,1,30.49,0.0
OI00007942,O0004551,P0019,1,679.11,0.0
OI00007943,O0004552,P0007,1,110.4,12.09
OI00007944,O0004552,P0001,1,142.75,19.52
OI00007945,O0004553,P0005,1,66.76,0.0
OI00007946,O0004553,P0055,1,144.25,0.0
OI00007947,O0004553,P0020,1,667.68,0.0
OI00007948,O0004553,P0016,1,122.19,0.0
OI00007949,O0004554,P0038,1,267.1,0.0
OI00007950,O0004554,P0035,1,277.87,0.0
OI00007951,O0004554,P0003,1,81.25,0.0
OI00007952,O0004554,P0045,1,151.03,0.0
OI00007953,O0004554,P0019,1,682.41,0.0
OI00007954,O0004555,P0057,1,164.88,0.0
OI00007955,O0004555,P0046,1,18.68,0.0
OI00007956,O0004556,P0001,1,143.25,0.0
OI00007957,O0004556,P0028,1,324.91,0.0
OI00007958,O0004556,P0006,1,123.47,0.0
OI00007959,O0004557,P0003,1,82.44,12.99
OI00007960,O0004557,P0031,1,28.03,2.71
OI00007961,O0004558,P0048,1,91.01,15.05
OI00007962,O0004559,P0020,1,696.76,0.0
OI00007963,O0004559,P0038,1,266.88,0.0
OI00007964,O0004560,P0021,1,85.04,0.0
OI00007965,O0004561,P0029,1,296.47,0.0
OI00007966,O0004562,P0046,1,19.59,0.0
OI00007967,O0004562,P0007,1,110.26,0.0
OI00007968,O0004563,P0038,1,270.44,0.0
OI00007969,O0004563,P0020,1,696.27,0.0
OI00007970,O0004564,P0048,1,93.05,14.99
OI00007971,O0004565,P0026,1,83.49,5.57
OI00007972,O0004566,P0024,1,790.96,81.91
OI00007973,O0004567,P0038,1,273.1,0.0
OI00007974,O0004567,P0010,1,155.79,0.0
OI00007975,O0004568,P0006,2,123.13,17.56
OI00007976,O0004568,P0032,2,419.06,127.01
OI00007977,O0004568,P0038,1,269.13,16.78
OI00007978,O0004569,P0016,1,121.17,11.61
OI00007979,O0004569,P0005,1,65.68,10.16
OI00007980,O0004570,P0043,1,45.52,4.34
OI00007981,O0004570,P0044,1,53.78,7.32
OI00007982,O0004571,P0019,1,689.33,0.0
OI00007983,O0004571,P0042,2,132.26,0.0
OI00007984,O0004572,P0054,1,138.78,13.78
OI00007985,O0004573,P0045,2,150.61,0.0
OI00007986,O0004573,P0029,1,288.44,0.0
OI00007987,O0004574,P0041,1,30.6,0.0
OI00007988,O0004575,P0006,1,126.19,0.0
OI00007989,O0004576,P0009,1,111.73,0.0
OI00007990,O0004576,P0023,1,124.51,0.0
OI00007991,O0004577,P0011,1,137.9,0.0
OI00007992,O0004577,P0036,1,192.83,0.0
OI00007993,O0004578,P0003,1,83.78,0.0
OI00007994,O0004578,P0038,2,270.87,0.0
OI00007995,O0004578,P0036,2,186.69,0.0
OI00007996,O0004579,P0032,2,414.44,0.0
OI00007997,O0004579,P0043,1,45.54,0.0
OI00007998,O0004580,P0041,1,30.76,0.0
OI00007999,O0004581,P0042,1,129.5,0.0
OI00008000,O0004581,P0019,1,672.62,0.0
OI00008001,O0004582,P0026,1,83.89,0.0
OI00008002,O0004582,P0011,2,143.52,0.0
OI00008003,O0004582,P0012,1,29.54,0.0
OI00008004,O0004582,P0024,1,787.27,0.0
OI00008005,O0004583,P0001,1,144.28,0.0
OI00008006,O0004584,P0023,1,121.72,0.0
OI00008007,O0004584,P0029,1,284.94,0.0
OI00008008,O0004584,P0045,2,151.13,0.0
OI00008009,O0004584,P0024,2,768.51,0.0
OI00008010,O0004585,P0009,1,109.56,0.0
OI00008011,O0004585,P0019,1,668.38,0.0
OI00008012,O0004585,P0027,2,618.54,0.0
OI00008013,O0004586,P0016,1,123.51,0.0
OI00008014,O0004586,P0006,2,125.45,0.0
OI00008015,O0004586,P0001,1,143.07,0.0
OI00008016,O0004587,P0021,1,80.9,9.53
OI00008017,O0004588,P0001,1,147.86,25.48
OI00008018,O0004589,P0057,1,161.04,0.0
OI00008019,O0004590,P0024,1,792.18,0.0
OI00008020,O0004590,P0026,1,85.5,0.0
OI00008021,O0004590,P0003,1,81.98,0.0
OI00008022,O0004590,P0041,1,30.7,0.0
OI00008023,O0004591,P0038,1,260.35,0.0
OI00008024,O0004592,P0035,2,289.17,63.56
OI00008025,O0004592,P0057,1,159.97,9.1
OI00008026,O0004593,P0033,1,431.05,0.0
OI00008027,O0004593,P0010,1,162.43,0.0
OI00008028,O0004594,P0042,1,127.96,9.66
OI00008029,O0004594,P0050,1,14.37,1.1
OI00008030,O0004595,P0003,1,83.46,5.84
OI00008031,O0004595,P0023,2,119.48,10.73
OI00008032,O0004595,P0045,1,149.76,25.58
OI00008033,O0004596,P0032,1,417.69,0.0
OI00008034,O0004597,P0003,1,83.91,0.0
OI00008035,O0004598,P0059,2,61.56,10.52
OI00008036,O0004599,P0050,1,14.22,0.0
OI00008037,O0004600,P0029,1,292.63,43.2
OI00008038,O0004600,P0038,1,274.29,15.76
OI00008039,O0004601,P0057,1,163.73,0.0
OI00008040,O0004601,P0060,1,456.48,0.0
OI00008041,O0004602,P0055,1,144.68,0.0
OI00008042,O0004603,P0004,1,76.74,12.22
OI00008043,O0004603,P0033,1,424.41,64.47
OI00008044,O0004604,P0001,2,148.15,0.0
OI00008045,O0004605,P0014,1,131.24,0.0
OI00008046,O0004606,P0012,1,28.43,0.0
OI00008047,O0004606,P0056,1,373.36,0.0
OI00008048,O0004607,P0053,1,539.36,0.0
OI00008049,O0004608,P0020,1,691.51,84.67
OI00008050,O0004609,P0054,1,138.88,0.0
OI00008051,O0004609,P0049,2,138.55,0.0
OI00008052,O0004610,P0035,1,285.58,0.0
OI00008053,O0004611,P0008,1,85.49,0.0
OI00008054,O0004612,P0045,2,151.07,0.0
OI00008055,O0004612,P0001,1,147.66,0.0
OI00008056,O0004613,P0028,1,325.38,28.93
OI00008057,O0004613,P0042,1,134.12,10.13
OI00008058,O0004614,P0049,1,141.57,0.0
OI00008059,O0004614,P0046,1,19.2,0.0
OI00008060,O0004615,P0059,1,62.37,3.32
OI00008061,O0004616,P0019,1,686.71,0.0
OI00008062,O0004617,P0030,1,247.98,43.41
OI00008063,O0004617,P0024,1,782.39,123.67
OI00008064,O0004617,P0015,1,61.95,2.92
OI00008065,O0004618,P0042,1,133.11,9.44
OI00008066,O0004619,P0008,2,89.36,0.0
OI00008067,O0004619,P0024,1,786.68,0.0
OI00008068,O0004620,P0043,1,45.65,5.36
OI00008069,O0004620,P0054,1,134.73,13.54
OI00008070,O0004620,P0017,1,151.91,16.88
OI00008071,O0004621,P0008,1,89.96,0.0
OI00008072,O0004621,P0026,1,85.4,0.0
OI00008073,O0004622,P0003,1,81.98,0.0
OI00008074,O0004622,P0017,1,153.65,0.0
OI00008075,O0004622,P0057,1,163.87,0.0
OI00008076,O0004623,P0005,1,67.1,0.0
OI00008077,O0004624,P0016,2,121.26,0.0
OI00008078,O0004625,P0038,1,267.55,26.78
OI00008079,O0004626,P0057,1,165.31,0.0
OI00008080,O0004627,P0009,1,109.34,0.0
OI00008081,O0004627,P0013,1,98.61,0.0
OI00008082,O0004627,P0045,2,146.82,0.0
OI00008083,O0004627,P0025,1,620.88,0.0
OI00008084,O0004628,P0016,1,122.97,0.0
OI00008085,O0004629,P0031,2,28.52,0.0
OI00008086,O0004629,P0003,1,79.6,0.0
OI00008087,O0004630,P0016,1,127.3,0.0
OI00008088,O0004631,P0055,1,147.85,0.0
OI00008089,O0004631,P0048,1,90.61,0.0
OI00008090,O0004631,P0040,2,486.3,0.0
OI00008091,O0004632,P0046,1,19.24,0.0
OI00008092,O0004632,P0003,1,83.36,0.0
OI00008093,O0004633,P0044,1,55.12,0.0
OI00008094,O0004633,P0055,2,149.47,0.0
OI00008095,O0004633,P0045,1,148.85,0.0
OI00008096,O0004634,P0003,1,79.75,0.0
OI00008097,O0004635,P0057,1,165.33,0.0
OI00008098,O0004636,P0001,1,146.11,0.0
OI00008099,O0004637,P0006,1,126.91,0.0
OI00008100,O0004637,P0002,1,82.45,0.0
OI00008101,O0004637,P0012,1,29.37,0.0
OI00008102,O0004638,P0022,1,339.72,0.0
OI00008103,O0004638,P0020,1,678.62,0.0
OI00008104,O0004638,P0003,2,81.81,0.0
OI00008105,O0004639,P0009,1,107.85,0.0
OI00008106,O0004639,P0049,1,142.25,0.0
OI00008107,O0004640,P0017,2,154.23,0.0
OI00008108,O0004640,P0052,1,419.58,0.0
OI00008109,O0004640,P0009,1,111.98,0.0
OI00008110,O0004641,P0043,1,46.3,4.16
OI00008111,O0004641,P0015,1,62.19,7.24
OI00008112,O0004642,P0040,1,487.54,0.0
OI00008113,O0004643,P0033,1,422.38,0.0
OI00008114,O0004644,P0042,1,129.29,0.0
OI00008115,O0004644,P0030,1,260.77,0.0
OI00008116,O0004645,P0005,1,67.91,8.91
OI00008117,O0004645,P0032,1,398.48,66.39
OI00008118,O0004646,P0010,1,164.67,0.0
OI00008119,O0004647,P0006,1,127.61,16.23
OI00008120,O0004647,P0041,2,30.01,5.94
OI00008121,O0004648,P0002,1,82.6,10.1
OI00008122,O0004649,P0037,1,66.49,0.0
OI00008123,O0004650,P0038,2,274.22,0.0
OI00008124,O0004650,P0002,1,79.82,0.0
OI00008125,O0004651,P0060,1,435.33,0.0
OI00008126,O0004651,P0019,1,669.88,0.0
OI00008127,O0004651,P0043,1,46.57,0.0
OI00008128,O0004652,P0024,1,810.29,0.0
OI00008129,O0004653,P0036,2,188.7,0.0
OI00008130,O0004654,P0001,1,143.75,0.0
OI00008131,O0004655,P0007,2,111.54,0.0
OI00008132,O0004655,P0041,1,31.46,0.0
OI00008133,O0004655,P0028,1,315.54,0.0
OI00008134,O0004656,P0038,1,269.05,0.0
OI00008135,O0004657,P0003,1,81.96,14.42
OI00008136,O0004658,P0013,1,100.51,0.0
OI00008137,O0004659,P0035,1,278.81,0.0
OI00008138,O0004660,P0024,1,767.64,0.0
OI00008139,O0004660,P0045,1,145.48,0.0
OI00008140,O0004661,P0042,1,129.32,0.0
OI00008141,O0004662,P0027,1,635.86,0.0
OI00008142,O0004662,P0004,1,76.79,0.0
OI00008143,O0004663,P0038,2,262.8,77.43
OI00008144,O0004664,P0057,1,160.12,0.0
OI00008145,O0004665,P0001,1,146.44,0.0
OI00008146,O0004666,P0004,1,76.18,0.0
OI00008147,O0004666,P0038,1,273.94,0.0
OI00008148,O0004667,P0032,2,418.55,0.0
OI00008149,O0004667,P0001,1,143.51,0.0
OI00008150,O0004668,P0043,1,45.26,0.0
OI00008151,O0004668,P0022,1,329.07,0.0
OI00008152,O0004669,P0055,1,145.83,0.0
OI00008153,O0004670,P0056,1,364.63,33.11
OI00008154,O0004671,P0038,1,269.08,0.0
OI00008155,O0004672,P0003,1,80.13,0.0
OI00008156,O0004673,P0023,1,124.81,0.0
OI00008157,O0004674,P0057,1,165.76,0.0
OI00008158,O0004674,P0042,1,133.4,0.0
OI00008159,O0004675,P0018,1,375.51,0.0
OI00008160,O0004675,P0033,1,425.31,0.0
OI00008161,O0004676,P0032,1,398.99,0.0
OI00008162,O0004677,P0019,1,680.65,89.4
OI00008163,O0004678,P0013,1,98.07,13.48
OI00008164,O0004679,P0033,1,435.91,0.0
OI00008165,O0004679,P0049,2,142.65,0.0
OI00008166,O0004679,P0026,1,84.61,0.0
OI00008167,O0004680,P0023,1,124.31,0.0
OI00008168,O0004680,P0026,1,82.18,0.0
OI00008169,O0004681,P0041,2,30.78,0.0
OI00008170,O0004682,P0038,1,274.26,19.27
OI00008171,O0004682,P0057,1,159.21,26.79
OI00008172,O0004683,P0015,1,60.03,0.0
OI00008173,O0004684,P0006,1,122.08,0.0
OI00008174,O0004685,P0038,1,269.26,0.0
OI00008175,O0004685,P0058,1,51.59,0.0
OI00008176,O0004685,P0043,1,45.72,0.0
OI00008177,O0004686,P0035,1,293.8,0.0
OI00008178,O0004686,P0057,2,164.47,0.0
OI00008179,O0004686,P0059,1,63.29,0.0
OI00008180,O0004687,P0026,1,82.78,0.0
OI00008181,O0004687,P0018,1,359.15,0.0
OI00008182,O0004687,P0003,1,79.69,0.0
OI00008183,O0004688,P0060,1,450.56,0.0
OI00008184,O0004689,P0057,1,161.93,27.17
OI00008185,O0004689,P0060,1,457.88,47.93
OI00008186,O0004690,P0056,1,372.83,0.0
OI00008187,O0004690,P0060,1,438.47,0.0
OI00008188,O0004691,P0011,1,137.55,0.0
OI00008189,O0004691,P0036,1,196.95,0.0
OI00008190,O0004691,P0021,1,84.63,0.0
OI00008191,O0004692,P0041,1,30.38,0.0
OI00008192,O0004692,P0038,1,272.73,0.0
OI00008193,O0004693,P0060,1,439.0,22.32
OI00008194,O0004693,P0009,1,111.31,18.35
OI00008195,O0004694,P0040,1,477.37,0.0
OI00008196,O0004695,P0032,1,414.75,0.0
OI00008197,O0004695,P0028,1,312.27,0.0
OI00008198,O0004695,P0023,1,120.79,0.0
OI00008199,O0004696,P0020,1,683.55,0.0
OI00008200,O0004697,P0045,1,153.24,0.0
OI00008201,O0004698,P0020,2,684.25,69.98
OI00008202,O0004698,P0045,1,152.5,25.52
OI00008203,O0004699,P0017,1,157.09,25.65
OI00008204,O0004699,P0039,1,326.54,27.88
OI00008205,O0004699,P0057,1,158.09,27.68
OI00008206,O0004700,P0057,2,158.46,0.0
OI00008207,O0004700,P0026,1,86.02,0.0
OI00008208,O0004701,P0003,1,82.63,8.6
OI00008209,O0004702,P0040,1,483.26,0.0
OI00008210,O0004703,P0007,2,107.73,37.5
OI00008211,O0004703,P0038,2,264.16,76.57
OI00008212,O0004704,P0032,1,408.91,0.0
OI00008213,O0004704,P0038,1,274.69,0.0
OI00008214,O0004705,P0025,2,636.46,213.32
OI00008215,O0004706,P0020,1,672.97,0.0
OI00008216,O0004707,P0019,2,656.77,141.68
OI00008217,O0004708,P0057,2,164.16,21.98
OI00008218,O0004709,P0010,2,161.33,39.87
OI00008219,O0004709,P0032,1,410.07,50.67
OI00008220,O0004710,P0045,1,153.92,25.76
OI00008221,O0004710,P0041,2,31.11,4.24
OI00008222,O0004711,P0034,1,425.4,0.0
OI00008223,O0004712,P0034,1,422.55,0.0
OI00008224,O0004712,P0048,2,90.42,0.0
OI00008225,O0004712,P0023,1,124.81,0.0
OI00008226,O0004713,P0003,2,81.77,0.0
OI00008227,O0004714,P0003,1,80.07,0.0
OI00008228,O0004715,P0056,1,381.88,67.45
OI00008229,O0004715,P0058,1,52.15,4.64
OI00008230,O0004716,P0054,1,133.75,16.75
OI00008231,O0004717,P0032,1,398.77,0.0
OI00008232,O0004718,P0036,1,196.31,0.0
OI00008233,O0004718,P0045,2,151.28,0.0
OI00008234,O0004719,P0049,2,140.98,0.0
OI00008235,O0004720,P0009,2,108.37,0.0
OI00008236,O0004721,P0024,1,807.33,0.0
OI00008237,O0004721,P0025,1,628.57,0.0
OI00008238,O0004722,P0057,1,159.97,0.0
OI00008239,O0004723,P0009,1,110.98,0.0
OI00008240,O0004723,P0014,1,134.49,0.0
OI00008241,O0004724,P0016,1,124.76,0.0
OI00008242,O0004725,P0024,2,800.62,0.0
OI00008243,O0004726,P0013,1,103.38,0.0
OI00008244,O0004727,P0029,1,292.16,47.28
OI00008245,O0004727,P0039,1,325.85,35.0
OI00008246,O0004727,P0006,1,127.71,9.07
OI00008247,O0004728,P0024,1,809.89,0.0
OI00008248,O0004729,P0001,1,142.13,0.0
OI00008249,O0004730,P0034,1,424.85,42.0
OI00008250,O0004731,P0050,1,14.44,0.86
OI00008251,O0004732,P0049,1,144.14,0.0
OI00008252,O0004732,P0046,1,18.71,0.0
OI00008253,O0004733,P0002,1,83.12,0.0
OI00008254,O0004734,P0057,1,161.88,0.0
OI00008255,O0004735,P0049,1,145.28,21.2
OI00008256,O0004735,P0003,1,80.12,8.93
OI00008257,O0004736,P0003,1,80.25,6.67
OI00008258,O0004736,P0054,1,135.8,23.91
OI00008259,O0004737,P0033,2,436.07,0.0
OI00008260,O0004737,P0051,1,76.14,0.0
OI00008261,O0004737,P0040,1,473.06,0.0
OI00008262,O0004738,P0027,1,641.3,79.87
OI00008263,O0004738,P0006,1,122.74,20.57
OI00008264,O0004739,P0055,1,148.1,25.77
OI00008265,O0004740,P0060,1,457.31,72.27
OI00008266,O0004740,P0030,1,247.63,29.48
OI00008267,O0004741,P0057,1,158.19,0.0
OI00008268,O0004742,P0040,1,479.61,52.44
OI00008269,O0004742,P0038,1,275.17,41.16
OI00008270,O0004743,P0042,1,130.65,0.0
OI00008271,O0004743,P0005,2,65.52,0.0
OI00008272,O0004743,P0056,2,366.96,0.0
OI00008273,O0004744,P0014,1,134.94,0.0
OI00008274,O0004744,P0019,1,689.19,0.0
OI00008275,O0004745,P0042,1,130.68,7.0
OI00008276,O0004746,P0005,1,68.06,0.0
OI00008277,O0004747,P0024,1,778.12,0.0
OI00008278,O0004748,P0035,1,279.48,0.0
OI00008279,O0004749,P0004,1,77.89,11.76
OI00008280,O0004749,P0045,2,146.3,35.36
OI00008281,O0004750,P0038,1,270.84,0.0
OI00008282,O0004751,P0057,1,160.54,0.0
OI00008283,O0004751,P0016,1,121.28,0.0
OI00008284,O0004752,P0035,2,279.95,84.32
OI00008285,O0004752,P0027,1,622.24,100.17
OI00008286,O0004753,P0037,2,65.78,0.0
OI00008287,O0004754,P0051,1,73.56,9.8
OI00008288,O0004754,P0036,1,188.91,27.65
OI00008289,O0004755,P0038,1,267.54,0.0
OI00008290,O0004755,P0033,1,431.75,0.0
OI00008291,O0004756,P0052,1,413.61,0.0
OI00008292,O0004756,P0055,2,150.18,0.0
OI00008293,O0004757,P0006,2,127.36,23.23
OI00008294,O0004758,P0031,2,27.92,0.0
OI00008295,O0004759,P0039,1,329.84,49.83
OI00008296,O0004760,P0038,1,273.23,0.0
OI00008297,O0004761,P0038,1,273.68,17.89
OI00008298,O0004761,P0001,1,143.2,21.54
OI00008299,O0004762,P0057,1,161.84,0.0
OI00008300,O0004762,P0004,1,74.73,0.0
OI00008301,O0004763,P0023,1,118.74,0.0
OI00008302,O0004763,P0016,1,127.4,0.0
OI00008303,O0004764,P0011,1,142.3,9.64
OI00008304,O0004765,P0035,1,287.57,0.0
OI00008305,O0004766,P0020,1,668.97,0.0
OI00008306,O0004766,P0046,2,18.67,0.0
OI00008307,O0004766,P0035,1,286.14,0.0
OI00008308,O0004767,P0039,1,327.34,0.0
OI00008309,O0004767,P0019,2,658.81,0.0
OI00008310,O0004767,P0034,1,423.57,0.0
OI00008311,O0004768,P0032,1,409.44,29.69
OI00008312,O0004768,P0003,2,82.17,16.26
OI00008313,O0004769,P0040,1,493.78,0.0
OI00008314,O0004770,P0045,1,154.15,21.8
OI00008315,O0004770,P0052,2,408.91,124.38
OI00008316,O0004771,P0044,3,55.11,12.73
OI00008317,O0004771,P0009,1,111.89,15.9
OI00008318,O0004772,P0050,2,14.33,0.0
OI00008319,O0004772,P0049,1,138.52,0.0
OI00008320,O0004773,P0052,2,421.61,0.0
OI00008321,O0004774,P0023,1,121.69,16.3
OI00008322,O0004774,P0027,1,637.0,101.89
OI00008323,O0004774,P0024,1,788.35,60.44
OI00008324,O0004775,P0003,1,83.85,0.0
OI00008325,O0004775,P0001,1,147.89,0.0
OI00008326,O0004776,P0009,2,107.83,0.0
OI00008327,O0004776,P0036,1,186.44,0.0
OI00008328,O0004777,P0006,1,127.11,0.0
OI00008329,O0004777,P0013,1,99.43,0.0
OI00008330,O0004778,P0013,2,101.59,0.0
OI00008331,O0004778,P0032,1,412.56,0.0
OI00008332,O0004779,P0008,1,85.12,0.0
OI00008333,O0004779,P0044,1,55.02,0.0
OI00008334,O0004780,P0054,1,133.21,0.0
OI00008335,O0004780,P0001,1,147.32,0.0
OI00008336,O0004780,P0006,2,126.46,0.0
OI00008337,O0004781,P0054,2,140.18,0.0
OI00008338,O0004782,P0015,2,60.29,19.8
OI00008339,O0004782,P0038,1,263.65,24.28
OI00008340,O0004783,P0051,1,76.95,9.31
OI00008341,O0004783,P0016,1,126.63,21.0
OI00008342,O0004784,P0042,1,133.25,14.52
OI00008343,O0004785,P0035,2,279.45,0.0
OI00008344,O0004786,P0001,2,146.36,0.0
OI00008345,O0004786,P0038,1,269.12,0.0
OI00008346,O0004787,P0004,1,76.43,11.79
OI00008347,O0004788,P0013,2,99.67,0.0
OI00008348,O0004788,P0035,1,288.75,0.0
OI00008349,O0004788,P0038,1,264.19,0.0
OI00008350,O0004789,P0023,1,119.17,0.0
OI00008351,O0004789,P0045,1,153.6,0.0
OI00008352,O0004789,P0004,1,77.16,0.0
OI00008353,O0004790,P0013,1,103.43,5.17
OI00008354,O0004791,P0045,1,149.92,0.0
OI00008355,O0004791,P0028,1,321.57,0.0
OI00008356,O0004792,P0023,1,124.55,0.0
OI00008357,O0004792,P0029,2,292.5,0.0
OI00008358,O0004792,P0020,1,662.68,0.0
OI00008359,O0004793,P0030,2,249.8,78.67
OI00008360,O0004794,P0024,1,770.99,0.0
OI00008361,O0004795,P0042,1,132.05,0.0
OI00008362,O0004795,P0033,1,425.51,0.0
OI00008363,O0004796,P0001,1,147.93,0.0
OI00008364,O0004797,P0039,2,312.67,0.0
OI00008365,O0004798,P0028,1,321.6,0.0
OI00008366,O0004799,P0023,1,122.93,0.0
OI00008367,O0004800,P0003,1,83.93,0.0
OI00008368,O0004800,P0046,1,19.03,0.0
OI00008369,O0004801,P0048,1,92.5,0.0
OI00008370,O0004802,P0047,2,71.41,16.51
OI00008371,O0004803,P0012,2,29.5,0.0
OI00008372,O0004804,P0043,1,46.18,3.24
OI00008373,O0004805,P0036,1,186.4,21.6
OI00008374,O0004806,P0042,1,129.58,0.0
OI00008375,O0004807,P0027,1,655.72,0.0
OI00008376,O0004808,P0024,1,768.11,0.0
OI00008377,O0004809,P0018,2,375.78,0.0
OI00008378,O0004810,P0060,1,451.0,0.0
OI00008379,O0004810,P0058,1,50.69,0.0
OI00008380,O0004811,P0003,1,79.24,0.0
OI00008381,O0004812,P0006,1,126.23,6.38
OI00008382,O0004812,P0058,1,51.04,7.34
OI00008383,O0004813,P0042,2,134.79,0.0
OI00008384,O0004813,P0003,1,81.33,0.0
OI00008385,O0004814,P0010,1,160.65,0.0
OI00008386,O0004815,P0054,2,136.11,0.0
OI00008387,O0004816,P0026,2,84.59,0.0
OI00008388,O0004816,P0038,2,274.84,0.0
OI00008389,O0004817,P0028,1,325.57,39.8
OI00008390,O0004817,P0043,1,46.7,6.15
OI00008391,O0004818,P0045,1,148.12,0.0
OI00008392,O0004818,P0042,1,134.6,0.0
OI00008393,O0004818,P0032,1,402.66,0.0
OI00008394,O0004819,P0035,1,279.08,0.0
OI00008395,O0004819,P0013,1,102.47,0.0
OI00008396,O0004820,P0007,1,112.29,0.0
OI00008397,O0004820,P0020,1,674.78,0.0
OI00008398,O0004821,P0013,2,102.75,0.0
OI00008399,O0004822,P0025,1,636.4,58.39
OI00008400,O0004822,P0029,2,295.94,58.53
OI00008401,O0004823,P0042,1,128.76,0.0
OI00008402,O0004823,P0001,1,148.18,0.0
OI00008403,O0004824,P0042,1,130.24,0.0
OI00008404,O0004825,P0002,1,80.66,0.0
OI00008405,O0004826,P0045,1,146.15,0.0
OI00008406,O0004827,P0054,1,138.15,0.0
OI00008407,O0004828,P0013,1,99.22,0.0
OI00008408,O0004828,P0027,1,650.06,0.0
OI00008409,O0004829,P0006,1,123.53,0.0
OI00008410,O0004830,P0041,2,31.6,0.0
OI00008411,O0004831,P0032,1,410.9,0.0
OI00008412,O0004831,P0052,1,422.72,0.0
OI00008413,O0004832,P0003,1,81.03,0.0
OI00008414,O0004832,P0020,1,691.09,0.0
OI00008415,O0004833,P0060,1,446.96,71.52
OI00008416,O0004833,P0001,1,145.1,13.89
OI00008417,O0004833,P0045,1,151.86,23.74
OI00008418,O0004834,P0051,1,74.33,7.35
OI00008419,O0004834,P0046,1,18.93,1.07
OI00008420,O0004834,P0038,2,276.01,47.39
OI00008421,O0004835,P0050,1,14.62,0.0
OI00008422,O0004835,P0017,1,152.34,0.0
OI00008423,O0004836,P0029,1,285.86,0.0
OI00008424,O0004837,P0021,1,85.45,0.0
OI00008425,O0004837,P0038,1,265.46,0.0
OI00008426,O0004837,P0049,1,143.4,0.0
OI00008427,O0004838,P0002,1,83.02,0.0
OI00008428,O0004838,P0018,1,358.68,0.0
OI00008429,O0004839,P0052,2,401.15,0.0
OI00008430,O0004839,P0028,1,309.73,0.0
OI00008431,O0004840,P0039,2,327.68,0.0
OI00008432,O0004841,P0057,2,162.88,0.0
OI00008433,O0004841,P0049,1,145.98,0.0
OI00008434,O0004841,P0022,1,339.95,0.0
OI00008435,O0004842,P0038,2,266.72,0.0
OI00008436,O0004842,P0048,2,90.73,0.0
OI00008437,O0004843,P0044,1,52.65,0.0
OI00008438,O0004843,P0023,2,122.04,0.0
OI00008439,O0004843,P0001,1,148.1,0.0
OI00008440,O0004844,P0043,1,45.76,4.55
OI00008441,O0004844,P0049,2,142.51,18.72
OI00008442,O0004845,P0032,1,401.91,0.0
OI00008443,O0004846,P0038,1,264.44,25.66
OI00008444,O0004846,P0020,1,658.86,71.32
OI00008445,O0004847,P0038,1,261.84,0.0
OI00008446,O0004847,P0019,2,669.57,0.0
OI00008447,O0004848,P0059,1,62.0,0.0
OI00008448,O0004848,P0039,1,326.15,0.0
OI00008449,O0004849,P0039,1,329.48,0.0
OI00008450,O0004849,P0045,1,148.51,0.0
OI00008451,O0004850,P0034,1,434.15,0.0
OI00008452,O0004850,P0019,1,656.58,0.0
OI00008453,O0004850,P0012,1,28.93,0.0
OI00008454,O0004851,P0029,1,284.38,0.0
OI00008455,O0004851,P0059,1,60.55,0.0
OI00008456,O0004852,P0039,1,325.32,0.0
OI00008457,O0004853,P0013,1,99.25,0.0
OI00008458,O0004853,P0042,2,130.12,0.0
OI00008459,O0004854,P0043,1,45.33,0.0
OI00008460,O0004854,P0032,2,410.56,0.0
OI00008461,O0004854,P0017,1,158.73,0.0
OI00008462,O0004854,P0050,1,14.57,0.0
OI00008463,O0004855,P0020,1,668.74,84.58
OI00008464,O0004855,P0057,1,157.39,19.14
OI00008465,O0004856,P0038,2,266.78,0.0
OI00008466,O0004856,P0020,1,679.27,0.0
OI00008467,O0004857,P0006,1,128.54,0.0
OI00008468,O0004857,P0005,1,67.91,0.0
OI00008469,O0004857,P0045,2,148.57,0.0
OI00008470,O0004858,P0032,1,409.48,35.94
OI00008471,O0004859,P0009,1,109.64,0.0
OI00008472,O0004859,P0012,1,28.21,0.0
OI00008473,O0004860,P0053,1,523.03,0.0
OI00008474,O0004861,P0023,1,122.37,0.0
OI00008475,O0004862,P0019,1,664.09,30.86
OI00008476,O0004862,P0006,1,122.49,14.26
OI00008477,O0004863,P0001,1,142.94,0.0
OI00008478,O0004864,P0023,2,120.31,0.0
OI00008479,O0004865,P0022,1,333.26,0.0
OI00008480,O0004865,P0040,1,475.36,0.0
OI00008481,O0004866,P0001,1,145.19,0.0
OI00008482,O0004866,P0029,1,294.67,0.0
OI00008483,O0004866,P0019,1,678.45,0.0
OI00008484,O0004867,P0019,1,662.39,96.06
OI00008485,O0004867,P0038,1,271.7,11.5
OI00008486,O0004868,P0027,1,620.15,0.0
OI00008487,O0004868,P0053,1,534.02,0.0
OI00008488,O0004868,P0026,1,84.26,0.0
OI00008489,O0004869,P0001,1,146.09,22.53
OI00008490,O0004870,P0023,2,122.97,43.41
OI00008491,O0004871,P0058,2,52.65,0.0
OI00008492,O0004872,P0020,1,698.43,0.0
OI00008493,O0004872,P0039,2,320.84,0.0
OI00008494,O0004873,P0032,1,401.42,57.54
OI00008495,O0004874,P0032,1,409.5,0.0
OI00008496,O0004874,P0045,2,148.08,0.0
OI00008497,O0004874,P0053,1,553.6,0.0
OI00008498,O0004875,P0041,1,30.03,0.0
OI00008499,O0004876,P0021,2,82.53,0.0
OI00008500,O0004876,P0037,1,64.22,0.0
OI00008501,O0004877,P0034,2,412.47,0.0
OI00008502,O0004877,P0001,2,146.4,0.0
OI00008503,O0004877,P0003,1,81.97,0.0
OI00008504,O0004878,P0054,1,135.29,15.92
OI00008505,O0004879,P0045,1,147.67,21.14
OI00008506,O0004880,P0048,1,94.23,0.0
OI00008507,O0004880,P0038,1,273.47,0.0
OI00008508,O0004881,P0045,1,146.21,0.0
OI00008509,O0004881,P0059,1,62.36,0.0
OI00008510,O0004882,P0054,1,137.33,7.49
OI00008511,O0004882,P0004,1,77.16,7.99
OI00008512,O0004883,P0009,1,110.23,0.0
OI00008513,O0004883,P0003,1,79.64,0.0
OI00008514,O0004884,P0041,2,30.92,0.0
OI00008515,O0004885,P0038,1,273.88,34.02
OI00008516,O0004886,P0023,1,118.99,0.0
OI00008517,O0004887,P0011,1,143.4,0.0
OI00008518,O0004887,P0041,1,31.05,0.0
OI00008519,O0004887,P0043,1,46.84,0.0
OI00008520,O0004887,P0060,1,451.76,0.0
OI00008521,O0004888,P0043,1,45.56,0.0
OI00008522,O0004888,P0050,1,14.03,0.0
OI00008523,O0004888,P0022,1,337.34,0.0
OI00008524,O0004889,P0014,1,135.96,0.0
OI00008525,O0004889,P0003,1,80.95,0.0
OI00008526,O0004890,P0058,1,51.44,0.0
OI00008527,O0004890,P0006,1,124.5,0.0
OI00008528,O0004891,P0024,1,810.26,126.61
OI00008529,O0004892,P0020,1,687.22,0.0
OI00008530,O0004892,P0041,1,31.05,0.0
OI00008531,O0004893,P0060,1,438.65,0.0
OI00008532,O0004893,P0021,1,84.35,0.0
OI00008533,O0004894,P0005,2,65.75,0.0
OI00008534,O0004895,P0043,1,45.44,0.0
OI00008535,O0004896,P0030,1,261.62,45.77
OI00008536,O0004896,P0057,1,159.15,14.31
OI00008537,O0004896,P0045,1,153.75,12.13
OI00008538,O0004897,P0045,1,147.84,0.0
OI00008539,O0004898,P0038,1,266.83,0.0
OI00008540,O0004898,P0047,2,71.38,0.0
OI00008541,O0004899,P0016,1,125.04,6.94
OI00008542,O0004899,P0049,2,143.52,44.98
OI00008543,O0004899,P0003,1,83.83,4.45
OI00008544,O0004900,P0048,2,94.85,26.18
OI00008545,O0004901,P0041,2,30.56,0.0
OI00008546,O0004902,P0040,1,487.54,0.0
OI00008547,O0004902,P0049,2,145.88,0.0
OI00008548,O0004903,P0058,1,52.26,7.03
OI00008549,O0004904,P0003,1,83.71,0.0
OI00008550,O0004904,P0029,1,284.13,0.0
OI00008551,O0004905,P0031,1,28.27,0.0
OI00008552,O0004905,P0024,1,806.96,0.0
OI00008553,O0004906,P0047,1,69.13,0.0
OI00008554,O0004906,P0043,1,45.46,0.0
OI00008555,O0004907,P0038,1,273.49,22.35
OI00008556,O0004908,P0032,1,405.2,0.0
OI00008557,O0004909,P0057,1,163.73,19.77
OI00008558,O0004910,P0054,1,134.16,18.63
OI00008559,O0004910,P0059,1,63.49,3.23
OI00008560,O0004910,P0003,1,80.59,4.75
OI00008561,O0004911,P0046,1,19.62,0.0
OI00008562,O0004912,P0001,1,146.1,7.71
OI00008563,O0004913,P0037,1,63.38,5.22
OI00008564,O0004914,P0011,1,141.34,0.0
OI00008565,O0004914,P0055,1,147.47,0.0
OI00008566,O0004915,P0045,1,147.43,0.0
OI00008567,O0004916,P0025,2,626.45,0.0
OI00008568,O0004916,P0043,1,44.42,0.0
OI00008569,O0004917,P0041,1,31.33,0.0
OI00008570,O0004917,P0054,1,134.51,0.0
OI00008571,O0004918,P0024,1,774.51,0.0
OI00008572,O0004919,P0017,1,155.16,0.0
OI00008573,O0004920,P0014,1,130.82,15.47
OI00008574,O0004921,P0041,1,31.28,0.0
OI00008575,O0004922,P0055,1,148.34,0.0
OI00008576,O0004922,P0059,1,61.74,0.0
OI00008577,O0004922,P0049,1,142.2,0.0
OI00008578,O0004923,P0033,1,441.02,0.0
OI00008579,O0004923,P0050,1,14.05,0.0
OI00008580,O0004924,P0020,1,675.34,112.72
OI00008581,O0004924,P0013,1,100.25,8.29
OI00008582,O0004925,P0052,1,401.87,58.33
OI00008583,O0004926,P0032,1,400.72,0.0
OI00008584,O0004927,P0036,1,189.32,20.4
OI00008585,O0004927,P0046,1,19.22,1.2
OI00008586,O0004927,P0048,1,93.63,5.58
OI00008587,O0004928,P0006,2,122.11,0.0
OI00008588,O0004929,P0026,1,82.18,0.0
OI00008589,O0004930,P0035,1,281.37,23.92
OI00008590,O0004931,P0003,1,81.37,0.0
OI00008591,O0004932,P0014,1,138.4,0.0
OI00008592,O0004932,P0033,2,422.55,0.0
OI00008593,O0004933,P0058,1,51.74,0.0
OI00008594,O0004933,P0023,1,121.08,0.0
OI00008595,O0004934,P0049,1,140.32,0.0
OI00008596,O0004934,P0022,1,340.84,0.0
OI00008597,O0004935,P0018,1,365.86,47.11
OI00008598,O0004936,P0023,1,123.43,0.0
OI00008599,O0004936,P0055,1,144.37,0.0
OI00008600,O0004937,P0038,1,272.51,0.0
OI00008601,O0004937,P0028,2,312.69,0.0
OI00008602,O0004938,P0042,1,133.49,0.0
OI00008603,O0004938,P0058,2,52.33,0.0
OI00008604,O0004938,P0006,1,123.87,0.0
OI00008605,O0004938,P0056,1,370.97,0.0
OI00008606,O0004939,P0027,1,627.07,68.32
OI00008607,O0004939,P0046,1,19.15,1.13
OI00008608,O0004940,P0028,1,327.67,46.45
OI00008609,O0004940,P0013,1,99.12,6.72
OI00008610,O0004940,P0001,1,147.09,24.6
OI00008611,O0004940,P0019,2,662.17,155.41
OI00008612,O0004941,P0042,1,131.41,0.0
OI00008613,O0004941,P0023,1,118.75,0.0
OI00008614,O0004942,P0051,1,77.08,0.0
OI00008615,O0004942,P0049,1,138.96,0.0
OI00008616,O0004942,P0058,1,51.73,0.0
OI00008617,O0004943,P0038,1,263.02,0.0
OI00008618,O0004944,P0038,1,272.67,0.0
OI00008619,O0004944,P0030,1,247.06,0.0
OI00008620,O0004945,P0043,1,46.6,3.55
OI00008621,O0004946,P0048,1,92.55,0.0
OI00008622,O0004947,P0041,1,30.19,0.0
OI00008623,O0004947,P0027,3,634.93,0.0
OI00008624,O0004948,P0037,2,64.53,0.0
OI00008625,O0004948,P0022,1,337.42,0.0
OI00008626,O0004948,P0001,1,141.34,0.0
OI00008627,O0004949,P0023,1,122.51,0.0
OI00008628,O0004949,P0047,1,69.07,0.0
OI00008629,O0004949,P0001,1,148.44,0.0
OI00008630,O0004950,P0022,1,348.13,22.41
OI00008631,O0004951,P0043,1,46.21,4.28
OI00008632,O0004952,P0044,1,52.93,0.0
OI00008633,O0004953,P0003,1,79.78,0.0
OI00008634,O0004953,P0024,1,780.33,0.0
OI00008635,O0004953,P0038,1,266.35,0.0
OI00008636,O0004953,P0043,1,47.0,0.0
OI00008637,O0004954,P0002,1,79.22,0.0
OI00008638,O0004954,P0057,2,164.84,0.0
OI00008639,O0004954,P0054,1,134.6,0.0
OI00008640,O0004955,P0039,1,325.27,0.0
OI00008641,O0004956,P0051,1,76.69,9.98
OI00008642,O0004957,P0038,2,262.56,0.0
OI00008643,O0004957,P0054,1,135.44,0.0
OI00008644,O0004958,P0047,1,71.15,0.0
OI00008645,O0004958,P0005,1,66.18,0.0
OI00008646,O0004959,P0057,1,160.54,0.0
OI00008647,O0004959,P0009,1,111.06,0.0
OI00008648,O0004960,P0041,1,30.39,0.0
OI00008649,O0004961,P0048,1,92.0,0.0
OI00008650,O0004961,P0056,1,367.43,0.0
OI00008651,O0004962,P0025,1,618.56,0.0
OI00008652,O0004962,P0046,1,18.96,0.0
OI00008653,O0004963,P0010,2,160.31,0.0
OI00008654,O0004963,P0027,2,651.24,0.0
OI00008655,O0004963,P0003,1,83.27,0.0
OI00008656,O0004964,P0011,2,142.03,0.0
OI00008657,O0004964,P0001,2,143.37,0.0
OI00008658,O0004965,P0006,1,121.72,10.32
OI00008659,O0004965,P0003,1,82.73,11.79
OI00008660,O0004965,P0033,1,432.94,26.76
OI00008661,O0004966,P0032,1,399.4,0.0
OI00008662,O0004966,P0007,1,111.02,0.0
OI00008663,O0004967,P0029,1,294.09,13.87
OI00008664,O0004968,P0053,1,539.98,0.0
OI00008665,O0004968,P0020,1,688.46,0.0
OI00008666,O0004968,P0023,1,121.03,0.0
OI00008667,O0004969,P0060,1,447.89,65.94
OI00008668,O0004969,P0003,1,82.09,5.8
OI00008669,O0004970,P0058,1,51.28,0.0
OI00008670,O0004971,P0043,1,44.35,0.0
OI00008671,O0004971,P0013,1,98.33,0.0
OI00008672,O0004971,P0009,1,113.35,0.0
OI00008673,O0004972,P0016,1,122.65,0.0
OI00008674,O0004973,P0040,1,480.29,0.0
OI00008675,O0004974,P0045,1,145.87,0.0
OI00008676,O0004975,P0017,1,158.81,0.0
OI00008677,O0004976,P0005,1,68.46,0.0
OI00008678,O0004977,P0043,1,44.64,0.0
OI00008679,O0004978,P0027,2,647.32,205.87
OI00008680,O0004979,P0001,1,146.5,0.0
OI00008681,O0004980,P0020,1,663.88,0.0
OI00008682,O0004981,P0050,1,14.14,0.0
OI00008683,O0004981,P0035,1,279.66,0.0
OI00008684,O0004982,P0017,1,151.61,0.0
OI00008685,O0004983,P0040,1,490.17,0.0
OI00008686,O0004983,P0056,1,375.99,0.0
OI00008687,O0004983,P0054,1,140.43,0.0
OI00008688,O0004984,P0038,1,274.22,0.0
OI00008689,O0004985,P0003,2,80.92,0.0
OI00008690,O0004985,P0038,1,265.08,0.0
OI00008691,O0004986,P0040,1,491.72,0.0
OI00008692,O0004986,P0028,1,325.81,0.0
OI00008693,O0004987,P0030,1,254.49,43.17
OI00008694,O0004988,P0003,1,80.67,12.24
OI00008695,O0004988,P0036,1,195.3,31.69
OI00008696,O0004989,P0038,1,262.53,24.48
OI00008697,O0004989,P0023,2,119.37,29.59
OI00008698,O0004990,P0004,1,76.46,0.0
OI00008699,O0004990,P0022,1,342.21,0.0
OI00008700,O0004990,P0057,2,166.6,0.0
OI00008701,O0004991,P0029,2,296.83,0.0
OI00008702,O0004991,P0027,1,622.73,0.0
OI00008703,O0004992,P0024,1,800.83,0.0
OI00008704,O0004992,P0041,1,30.98,0.0
OI00008705,O0004993,P0043,1,45.7,0.0
OI00008706,O0004994,P0042,1,134.2,0.0
OI00008707,O0004994,P0039,1,319.15,0.0
OI00008708,O0004995,P0019,2,676.02,214.95
OI00008709,O0004995,P0041,1,30.46,3.47
OI00008710,O0004996,P0041,1,31.5,5.42
OI00008711,O0004996,P0006,1,122.8,18.3
OI00008712,O0004996,P0020,1,684.75,88.49
OI00008713,O0004997,P0046,1,18.75,0.0
OI00008714,O0004997,P0002,2,80.81,0.0
OI00008715,O0004998,P0055,1,146.93,0.0
OI00008716,O0004998,P0059,1,63.2,0.0
OI00008717,O0004999,P0029,1,285.34,0.0
OI00008718,O0004999,P0041,1,30.8,0.0
OI00008719,O0005000,P0019,1,667.44,0.0
OI00008720,O0005001,P0043,1,46.42,0.0
OI00008721,O0005001,P0003,1,81.81,0.0
OI00008722,O0005001,P0039,2,325.74,0.0
OI00008723,O0005001,P0015,1,61.21,0.0
OI00008724,O0005001,P0047,1,71.07,0.0
OI00008725,O0005002,P0017,1,152.65,13.3
OI00008726,O0005003,P0010,1,156.87,0.0
OI00008727,O0005003,P0042,1,129.31,0.0
OI00008728,O0005003,P0029,1,296.7,0.0
OI00008729,O0005004,P0011,1,140.71,24.87
OI00008730,O0005004,P0026,1,83.0,12.35
OI00008731,O0005005,P0039,1,317.46,0.0
OI00008732,O0005005,P0045,1,150.12,0.0
OI00008733,O0005005,P0036,1,194.01,0.0
OI00008734,O0005006,P0014,1,137.01,0.0
OI00008735,O0005006,P0021,1,80.8,0.0
OI00008736,O0005007,P0004,1,77.83,3.67
OI00008737,O0005008,P0031,1,27.47,0.0
OI00008738,O0005008,P0060,1,460.31,0.0
OI00008739,O0005009,P0058,1,49.86,0.0
OI00008740,O0005010,P0045,1,147.13,21.9
OI00008741,O0005010,P0046,1,19.65,1.0
OI00008742,O0005011,P0023,1,118.06,0.0
OI00008743,O0005011,P0041,2,31.6,0.0
OI00008744,O0005011,P0040,1,468.88,0.0
OI00008745,O0005012,P0032,1,405.41,0.0
OI00008746,O0005013,P0004,2,76.19,0.0
OI00008747,O0005013,P0051,1,76.95,0.0
OI00008748,O0005013,P0029,1,293.13,0.0
OI00008749,O0005013,P0049,2,145.99,0.0
OI00008750,O0005014,P0046,1,18.68,3.2
OI00008751,O0005014,P0029,1,291.59,12.66
OI00008752,O0005015,P0053,2,537.2,0.0
OI00008753,O0005015,P0028,1,326.86,0.0
OI00008754,O0005016,P0059,2,62.83,0.0
OI00008755,O0005016,P0050,1,14.56,0.0
OI00008756,O0005017,P0017,1,153.1,21.39
OI00008757,O0005017,P0008,1,85.64,5.56
OI00008758,O0005017,P0020,1,671.63,70.97
OI00008759,O0005018,P0011,1,139.48,0.0
OI00008760,O0005019,P0038,1,271.37,0.0
OI00008761,O0005019,P0020,1,669.54,0.0
OI00008762,O0005020,P0005,1,68.33,0.0
OI00008763,O0005021,P0013,1,98.54,0.0
OI00008764,O0005022,P0052,1,409.89,49.65
OI00008765,O0005023,P0040,2,481.92,93.32
OI00008766,O0005024,P0054,1,135.96,0.0
OI00008767,O0005024,P0046,1,19.6,0.0
OI00008768,O0005025,P0006,1,127.52,0.0
OI00008769,O0005026,P0007,2,109.4,0.0
OI00008770,O0005026,P0030,2,260.28,0.0
OI00008771,O0005026,P0029,1,292.75,0.0
OI00008772,O0005026,P0019,1,690.34,0.0
OI00008773,O0005027,P0011,2,140.98,0.0
OI00008774,O0005027,P0042,1,127.96,0.0
OI00008775,O0005028,P0011,2,140.51,0.0
OI00008776,O0005028,P0016,1,122.51,0.0
OI00008777,O0005029,P0020,2,673.0,0.0
OI00008778,O0005030,P0013,1,99.57,11.17
OI00008779,O0005031,P0040,1,478.1,0.0
OI00008780,O0005032,P0013,1,101.35,0.0
OI00008781,O0005032,P0045,1,146.94,0.0
OI00008782,O0005033,P0019,1,670.92,0.0
OI00008783,O0005034,P0007,1,108.07,0.0
OI00008784,O0005035,P0013,2,101.54,0.0
OI00008785,O0005035,P0032,2,404.51,0.0
OI00008786,O0005035,P0038,1,260.27,0.0
OI00008787,O0005035,P0012,2,29.36,0.0
OI00008788,O0005036,P0056,2,370.46,0.0
OI00008789,O0005036,P0026,1,84.26,0.0
OI00008790,O0005037,P0025,1,618.49,0.0
OI00008791,O0005037,P0010,1,162.57,0.0
OI00008792,O0005038,P0005,1,65.13,0.0
OI00008793,O0005038,P0049,1,140.67,0.0
OI00008794,O0005039,P0009,1,114.33,0.0
OI00008795,O0005040,P0003,1,80.21,0.0
OI00008796,O0005041,P0006,1,122.28,0.0
OI00008797,O0005042,P0055,2,150.64,26.03
OI00008798,O0005042,P0045,2,148.91,22.14
OI00008799,O0005043,P0030,1,257.74,0.0
OI00008800,O0005043,P0013,1,98.61,0.0
OI00008801,O0005044,P0030,1,257.82,0.0
OI00008802,O0005044,P0054,1,135.27,0.0
OI00008803,O0005045,P0042,1,127.64,0.0
OI00008804,O0005045,P0024,1,795.37,0.0
OI00008805,O0005045,P0049,2,140.89,0.0
OI00008806,O0005046,P0019,1,667.07,0.0
OI00008807,O0005047,P0038,2,273.21,0.0
OI00008808,O0005047,P0011,1,139.26,0.0
OI00008809,O0005048,P0003,1,83.12,0.0
OI00008810,O0005048,P0036,1,196.65,0.0
OI00008811,O0005049,P0055,1,144.4,0.0
OI00008812,O0005049,P0014,1,133.82,0.0
OI00008813,O0005050,P0043,1,46.59,7.65
OI00008814,O0005050,P0033,2,439.07,98.7
OI00008815,O0005051,P0038,1,270.29,0.0
OI00008816,O0005052,P0056,1,368.49,0.0
OI00008817,O0005052,P0059,1,62.3,0.0
OI00008818,O0005052,P0040,1,484.91,0.0
OI00008819,O0005052,P0021,2,83.62,0.0
OI00008820,O0005053,P0003,1,83.93,0.0
OI00008821,O0005053,P0047,1,70.49,0.0
OI00008822,O0005053,P0023,1,123.77,0.0
OI00008823,O0005054,P0016,1,124.49,6.38
OI00008824,O0005054,P0059,1,63.25,3.38
OI00008825,O0005054,P0034,2,430.24,66.87
OI00008826,O0005055,P0036,1,195.48,0.0
OI00008827,O0005056,P0045,1,148.33,7.24
OI00008828,O0005057,P0030,2,261.3,0.0
OI00008829,O0005058,P0032,1,406.82,70.0
OI00008830,O0005058,P0054,1,137.37,6.59
OI00008831,O0005059,P0019,1,672.15,0.0
OI00008832,O0005059,P0005,1,68.73,0.0
OI00008833,O0005060,P0004,2,75.34,0.0
OI00008834,O0005060,P0012,1,28.09,0.0
OI00008835,O0005061,P0011,1,136.25,0.0
OI00008836,O0005062,P0040,1,471.51,0.0
OI00008837,O0005062,P0029,1,299.64,0.0
OI00008838,O0005063,P0018,1,361.11,0.0
OI00008839,O0005064,P0044,1,55.25,0.0
OI00008840,O0005064,P0006,1,128.48,0.0
OI00008841,O0005065,P0059,1,61.79,0.0
OI00008842,O0005066,P0055,1,149.7,0.0
OI00008843,O0005066,P0007,1,109.85,0.0
OI00008844,O0005067,P0038,1,270.93,33.37
OI00008845,O0005068,P0045,1,151.67,0.0
OI00008846,O0005068,P0016,1,123.39,0.0
OI00008847,O0005069,P0045,1,145.7,11.25
OI00008848,O0005069,P0010,1,156.69,21.38
OI00008849,O0005070,P0032,1,417.72,28.65
OI00008850,O0005071,P0057,1,164.39,0.0
OI00008851,O0005072,P0040,1,479.68,0.0
OI00008852,O0005073,P0033,1,425.14,0.0
OI00008853,O0005074,P0010,1,160.67,0.0
OI00008854,O0005074,P0003,1,83.83,0.0
OI00008855,O0005075,P0006,2,124.18,0.0
OI00008856,O0005076,P0054,1,133.54,9.63
OI00008857,O0005076,P0003,1,79.38,12.62
OI00008858,O0005077,P0040,1,479.78,0.0
OI00008859,O0005077,P0010,1,157.5,0.0
OI00008860,O0005078,P0011,2,137.01,31.04
OI00008861,O0005079,P0020,1,686.96,0.0
OI00008862,O0005079,P0057,2,165.26,0.0
OI00008863,O0005079,P0049,1,142.27,0.0
OI00008864,O0005080,P0026,1,85.78,0.0
OI00008865,O0005081,P0023,2,120.2,33.97
OI00008866,O0005082,P0042,1,132.72,0.0
OI00008867,O0005082,P0041,1,30.82,0.0
OI00008868,O0005083,P0007,1,113.75,0.0
OI00008869,O0005083,P0060,1,437.14,0.0
OI00008870,O0005084,P0006,2,121.93,0.0
OI00008871,O0005084,P0008,1,86.16,0.0
OI00008872,O0005085,P0048,1,94.37,11.96
OI00008873,O0005085,P0039,1,321.82,52.86
OI00008874,O0005085,P0038,1,266.32,36.17
OI00008875,O0005086,P0038,1,273.37,0.0
OI00008876,O0005087,P0034,1,434.97,0.0
OI00008877,O0005088,P0049,1,142.86,0.0
OI00008878,O0005089,P0025,1,631.7,0.0
OI00008879,O0005089,P0030,2,251.99,0.0
OI00008880,O0005089,P0007,1,111.97,0.0
OI00008881,O0005090,P0059,1,61.51,6.05
OI00008882,O0005090,P0001,1,147.89,16.82
OI00008883,O0005091,P0042,2,131.56,0.0
OI00008884,O0005092,P0016,1,123.11,10.5
OI00008885,O0005092,P0032,1,418.8,24.86
OI00008886,O0005093,P0003,2,81.82,15.45
OI00008887,O0005094,P0032,1,413.6,0.0
OI00008888,O0005094,P0045,1,152.75,0.0
OI00008889,O0005094,P0022,1,333.65,0.0
OI00008890,O0005094,P0002,1,81.04,0.0
OI00008891,O0005095,P0050,1,14.41,0.98
OI00008892,O0005096,P0043,1,46.85,0.0
OI00008893,O0005096,P0023,1,118.36,0.0
OI00008894,O0005096,P0006,1,123.97,0.0
OI00008895,O0005097,P0009,1,111.37,15.49
OI00008896,O0005097,P0032,1,413.65,18.59
OI00008897,O0005097,P0016,1,122.44,14.65
OI00008898,O0005098,P0013,1,100.08,0.0
OI00008899,O0005099,P0057,1,162.27,0.0
OI00008900,O0005099,P0023,2,124.73,0.0
OI00008901,O0005100,P0009,1,111.46,0.0
OI00008902,O0005100,P0003,2,80.55,0.0
OI00008903,O0005101,P0020,1,668.8,0.0
OI00008904,O0005101,P0032,1,407.45,0.0
OI00008905,O0005101,P0040,1,480.13,0.0
OI00008906,O0005102,P0028,1,321.67,0.0
OI00008907,O0005102,P0057,3,160.47,0.0
OI00008908,O0005102,P0041,1,31.32,0.0
OI00008909,O0005103,P0003,1,80.78,13.52
OI00008910,O0005104,P0038,1,272.2,0.0
OI00008911,O0005104,P0042,1,131.84,0.0
OI00008912,O0005104,P0054,1,136.92,0.0
OI00008913,O0005105,P0014,1,135.16,10.43
OI00008914,O0005106,P0005,1,65.45,0.0
OI00008915,O0005106,P0004,1,74.66,0.0
OI00008916,O0005106,P0032,2,420.3,0.0
OI00008917,O0005107,P0019,1,651.92,0.0
OI00008918,O0005107,P0001,1,148.2,0.0
OI00008919,O0005108,P0059,1,61.47,0.0
OI00008920,O0005109,P0029,2,297.3,0.0
OI00008921,O0005110,P0048,1,95.1,0.0
OI00008922,O0005110,P0025,1,628.3,0.0
OI00008923,O0005111,P0023,1,122.52,0.0
OI00008924,O0005111,P0006,2,125.79,0.0
OI00008925,O0005112,P0001,1,143.9,0.0
OI00008926,O0005113,P0038,2,274.1,93.99
OI00008927,O0005114,P0058,1,51.41,0.0
OI00008928,O0005115,P0035,1,287.02,47.34
OI00008929,O0005116,P0016,2,126.05,0.0
OI00008930,O0005116,P0057,1,163.63,0.0
OI00008931,O0005117,P0056,1,376.8,16.72
OI00008932,O0005117,P0011,1,140.93,12.43
OI00008933,O0005118,P0036,1,191.57,0.0
OI00008934,O0005118,P0016,1,126.53,0.0
OI00008935,O0005119,P0041,1,30.74,0.0
OI00008936,O0005119,P0042,1,130.89,0.0
OI00008937,O0005120,P0006,1,122.92,0.0
OI00008938,O0005120,P0020,1,678.76,0.0
OI00008939,O0005121,P0023,1,123.13,0.0
OI00008940,O0005121,P0060,1,458.77,0.0
OI00008941,O0005122,P0017,1,154.53,0.0
OI00008942,O0005122,P0049,1,140.98,0.0
OI00008943,O0005123,P0009,1,110.65,10.2
OI00008944,O0005123,P0044,1,52.67,7.22
OI00008945,O0005123,P0038,1,271.21,17.75
OI00008946,O0005124,P0032,2,411.1,0.0
OI00008947,O0005124,P0027,1,655.17,0.0
OI00008948,O0005125,P0009,2,113.38,0.0
OI00008949,O0005125,P0034,2,411.31,0.0
OI00008950,O0005126,P0042,1,132.97,15.41
OI00008951,O0005126,P0032,1,400.5,70.65
OI00008952,O0005127,P0050,3,14.37,0.0
OI00008953,O0005128,P0009,2,110.55,0.0
OI00008954,O0005129,P0038,1,263.79,0.0
OI00008955,O0005129,P0045,1,147.51,0.0
OI00008956,O0005130,P0056,1,368.99,0.0
OI00008957,O0005130,P0003,1,80.37,0.0
OI00008958,O0005131,P0035,2,283.5,0.0
OI00008959,O0005132,P0017,1,153.95,0.0
OI00008960,O0005133,P0056,1,372.33,0.0
OI00008961,O0005133,P0003,1,81.19,0.0
OI00008962,O0005133,P0032,1,420.23,0.0
OI00008963,O0005133,P0036,1,191.45,0.0
OI00008964,O0005134,P0045,1,145.5,0.0
OI00008965,O0005135,P0012,1,29.57,4.79
OI00008966,O0005136,P0022,1,332.13,0.0
OI00008967,O0005136,P0035,1,286.11,0.0
OI00008968,O0005137,P0025,2,615.18,0.0
OI00008969,O0005138,P0036,2,189.28,0.0
OI00008970,O0005138,P0056,1,367.01,0.0
OI00008971,O0005139,P0038,1,274.44,0.0
OI00008972,O0005139,P0060,1,439.15,0.0
OI00008973,O0005139,P0056,1,362.94,0.0
OI00008974,O0005140,P0007,1,109.84,13.65
OI00008975,O0005141,P0014,3,137.0,0.0
OI00008976,O0005142,P0013,1,102.2,0.0
OI00008977,O0005142,P0054,1,136.92,0.0
OI00008978,O0005142,P0038,1,265.57,0.0
OI00008979,O0005143,P0020,1,692.24,0.0
OI00008980,O0005144,P0001,1,148.74,0.0
OI00008981,O0005145,P0021,1,82.15,0.0
OI00008982,O0005146,P0042,1,129.47,0.0
OI00008983,O0005147,P0060,1,441.34,48.35
OI00008984,O0005147,P0059,1,61.82,8.66
OI00008985,O0005148,P0038,1,269.63,0.0
OI00008986,O0005149,P0045,1,148.76,0.0
OI00008987,O0005150,P0060,1,435.66,0.0
OI00008988,O0005150,P0034,1,416.36,0.0
OI00008989,O0005150,P0003,1,82.1,0.0
OI00008990,O0005151,P0056,1,383.77,0.0
OI00008991,O0005152,P0049,1,138.43,0.0
OI00008992,O0005152,P0054,1,135.6,0.0
OI00008993,O0005152,P0059,1,60.98,0.0
OI00008994,O0005153,P0018,1,371.21,0.0
OI00008995,O0005153,P0041,1,30.47,0.0
OI00008996,O0005153,P0036,2,189.46,0.0
OI00008997,O0005153,P0025,1,601.51,0.0
OI00008998,O0005154,P0024,1,768.77,0.0
OI00008999,O0005154,P0033,1,421.72,0.0
OI00009000,O0005155,P0057,1,158.78,0.0
OI00009001,O0005156,P0038,1,268.21,0.0
OI00009002,O0005156,P0001,1,144.12,0.0
OI00009003,O0005157,P0032,2,417.04,0.0
OI00009004,O0005157,P0049,1,141.32,0.0
OI00009005,O0005158,P0001,1,141.51,0.0
OI00009006,O0005158,P0006,1,121.74,0.0
OI00009007,O0005159,P0057,1,162.39,26.19
OI00009008,O0005159,P0053,1,548.52,37.74
OI00009009,O0005160,P0003,1,82.82,0.0
OI00009010,O0005161,P0019,2,672.7,0.0
OI00009011,O0005161,P0056,1,372.18,0.0
OI00009012,O0005162,P0005,2,65.12,14.66
OI00009013,O0005162,P0060,1,459.19,31.92
OI00009014,O0005163,P0032,1,403.58,63.38
OI00009015,O0005164,P0045,1,149.26,0.0
OI00009016,O0005165,P0014,1,137.76,0.0
OI00009017,O0005165,P0049,1,141.7,0.0
OI00009018,O0005166,P0032,1,416.4,0.0
OI00009019,O0005167,P0022,1,346.1,0.0
OI00009020,O0005167,P0025,1,628.88,0.0
OI00009021,O0005168,P0025,1,624.94,0.0
OI00009022,O0005168,P0001,1,147.58,0.0
OI00009023,O0005168,P0019,1,668.3,0.0
OI00009024,O0005169,P0022,1,345.24,0.0
OI00009025,O0005169,P0044,1,54.57,0.0
OI00009026,O0005170,P0058,1,49.91,0.0
OI00009027,O0005171,P0028,1,327.99,0.0
OI00009028,O0005172,P0017,1,156.6,0.0
OI00009029,O0005172,P0002,1,79.83,0.0
OI00009030,O0005173,P0025,1,628.06,0.0
OI00009031,O0005174,P0022,1,348.13,0.0
OI00009032,O0005175,P0018,1,358.85,0.0
OI00009033,O0005176,P0006,1,121.19,0.0
OI00009034,O0005177,P0046,1,19.75,0.0
OI00009035,O0005178,P0002,1,82.14,0.0
OI00009036,O0005179,P0052,1,400.96,0.0
OI00009037,O0005180,P0019,1,662.97,55.73
OI00009038,O0005181,P0031,1,28.24,2.85
OI00009039,O0005182,P0036,1,192.42,0.0
OI00009040,O0005182,P0041,1,30.01,0.0
OI00009041,O0005182,P0054,1,135.02,0.0
OI00009042,O0005182,P0034,1,414.43,0.0
OI00009043,O0005183,P0001,1,141.85,0.0
OI00009044,O0005183,P0003,1,80.91,0.0
OI00009045,O0005184,P0043,1,45.33,0.0
OI00009046,O0005184,P0029,2,297.19,0.0
OI00009047,O0005185,P0040,1,474.29,29.15
OI00009048,O0005186,P0027,1,643.28,0.0
OI00009049,O0005186,P0038,1,263.49,0.0
OI00009050,O0005186,P0019,1,674.29,0.0
OI00009051,O0005187,P0060,1,458.15,0.0
OI00009052,O0005188,P0055,2,147.96,29.82
OI00009053,O0005189,P0060,1,456.37,61.07
OI00009054,O0005189,P0020,1,692.17,72.26
OI00009055,O0005190,P0040,1,489.17,49.3
OI00009056,O0005190,P0016,1,121.73,20.37
OI00009057,O0005190,P0027,1,655.38,58.76
OI00009058,O0005191,P0038,1,272.9,0.0
OI00009059,O0005191,P0039,1,325.78,0.0
OI00009060,O0005192,P0001,1,141.93,0.0
OI00009061,O0005192,P0051,1,75.29,0.0
OI00009062,O0005193,P0059,1,61.04,0.0
OI00009063,O0005194,P0006,2,125.62,0.0
OI00009064,O0005194,P0002,2,81.26,0.0
OI00009065,O0005195,P0039,1,325.63,0.0
OI00009066,O0005195,P0038,1,271.32,0.0
OI00009067,O0005196,P0031,1,28.48,0.0
OI00009068,O0005196,P0036,1,188.47,0.0
OI00009069,O0005197,P0056,1,379.48,22.47
OI00009070,O0005198,P0023,1,123.1,0.0
OI00009071,O0005199,P0039,1,316.14,29.27
OI00009072,O0005199,P0025,1,625.82,33.68
OI00009073,O0005200,P0009,1,111.46,0.0
OI00009074,O0005200,P0047,1,71.03,0.0
OI00009075,O0005200,P0039,1,319.84,0.0
OI00009076,O0005201,P0011,1,143.3,0.0
OI00009077,O0005202,P0003,1,79.18,6.43
OI00009078,O0005203,P0039,1,312.55,0.0
OI00009079,O0005204,P0009,1,112.86,0.0
OI00009080,O0005204,P0043,1,45.93,0.0
OI00009081,O0005205,P0023,1,122.42,0.0
OI00009082,O0005206,P0037,1,64.82,0.0
OI00009083,O0005206,P0011,1,143.29,0.0
OI00009084,O0005206,P0002,1,82.79,0.0
OI00009085,O0005207,P0016,2,122.98,0.0
OI00009086,O0005208,P0056,2,380.66,46.08
OI00009087,O0005208,P0021,1,82.96,14.08
OI00009088,O0005209,P0045,1,149.36,0.0
OI00009089,O0005209,P0032,1,420.14,0.0
OI00009090,O0005209,P0038,1,266.34,0.0
OI00009091,O0005210,P0060,1,446.93,0.0
OI00009092,O0005210,P0041,2,31.74,0.0
OI00009093,O0005211,P0024,1,796.48,0.0
OI00009094,O0005211,P0019,1,677.45,0.0
OI00009095,O0005212,P0003,1,80.53,0.0
OI00009096,O0005213,P0020,1,673.37,0.0
OI00009097,O0005213,P0018,1,356.99,0.0
OI00009098,O0005213,P0024,1,783.31,0.0
OI00009099,O0005213,P0013,1,103.34,0.0
OI00009100,O0005214,P0045,1,150.68,15.2
OI00009101,O0005215,P0055,1,150.98,0.0
OI00009102,O0005216,P0024,1,791.72,0.0
OI00009103,O0005217,P0029,1,295.33,0.0
OI00009104,O0005218,P0058,1,51.53,7.39
OI00009105,O0005218,P0001,1,144.46,20.65
OI00009106,O0005219,P0003,1,80.75,4.9
OI00009107,O0005219,P0034,1,431.14,36.11
OI00009108,O0005220,P0015,2,60.22,0.0
OI00009109,O0005220,P0013,1,104.03,0.0
OI00009110,O0005221,P0030,1,260.61,41.86
OI00009111,O0005221,P0057,1,163.45,15.5
OI00009112,O0005222,P0020,1,698.53,0.0
OI00009113,O0005222,P0049,1,146.55,0.0
OI00009114,O0005223,P0027,1,644.77,0.0
OI00009115,O0005223,P0045,1,149.31,0.0
OI00009116,O0005223,P0028,1,324.84,0.0
OI00009117,O0005224,P0057,1,164.24,19.71
OI00009118,O0005224,P0050,1,13.97,1.64
OI00009119,O0005225,P0055,1,143.09,16.76
OI00009120,O0005225,P0021,1,81.98,13.04
OI00009121,O0005226,P0006,1,127.66,8.46
OI00009122,O0005227,P0056,1,366.4,0.0
OI00009123,O0005227,P0001,1,146.16,0.0
OI00009124,O0005228,P0030,1,256.08,0.0
OI00009125,O0005229,P0023,1,123.07,0.0
OI00009126,O0005229,P0003,1,82.22,0.0
OI00009127,O0005230,P0032,1,418.81,0.0
OI00009128,O0005230,P0026,1,82.57,0.0
OI00009129,O0005231,P0003,1,81.32,0.0
OI00009130,O0005232,P0020,1,697.62,0.0
OI00009131,O0005233,P0053,1,526.4,0.0
OI00009132,O0005234,P0033,1,428.13,0.0
OI00009133,O0005235,P0051,1,75.8,0.0
OI00009134,O0005235,P0002,1,80.9,0.0
OI00009135,O0005235,P0019,1,680.64,0.0
OI00009136,O0005236,P0056,1,380.06,0.0
OI00009137,O0005237,P0043,1,46.37,0.0
OI00009138,O0005238,P0003,2,79.64,11.91
OI00009139,O0005238,P0019,1,687.67,70.96
OI00009140,O0005239,P0019,1,657.76,82.58
OI00009141,O0005239,P0056,1,378.28,55.19
OI00009142,O0005240,P0009,1,108.2,7.62
OI00009143,O0005241,P0052,2,419.12,0.0
OI00009144,O0005241,P0003,1,83.62,0.0
OI00009145,O0005242,P0013,2,101.06,0.0
OI00009146,O0005242,P0044,1,52.92,0.0
OI00009147,O0005243,P0039,1,324.69,0.0
OI00009148,O0005243,P0030,1,253.41,0.0
OI00009149,O0005244,P0018,1,361.91,43.75
OI00009150,O0005245,P0022,1,331.32,0.0
OI00009151,O0005246,P0038,1,275.65,38.04
OI00009152,O0005247,P0043,1,46.67,0.0
OI00009153,O0005248,P0001,1,141.7,0.0
OI00009154,O0005248,P0021,2,83.5,0.0
OI00009155,O0005249,P0026,1,84.06,6.99
OI00009156,O0005249,P0050,2,14.4,3.7
OI00009157,O0005249,P0056,1,372.41,28.38
OI00009158,O0005250,P0003,1,81.15,0.0
OI00009159,O0005250,P0005,1,66.44,0.0
OI00009160,O0005251,P0001,2,142.33,0.0
OI00009161,O0005251,P0014,1,134.04,0.0
OI00009162,O0005252,P0054,1,138.11,0.0
OI00009163,O0005252,P0038,1,263.73,0.0
OI00009164,O0005253,P0021,1,84.64,6.59
OI00009165,O0005254,P0058,1,51.08,6.7
OI00009166,O0005254,P0023,1,121.85,15.15
OI00009167,O0005255,P0039,1,316.54,0.0
OI00009168,O0005256,P0047,1,71.48,0.0
OI00009169,O0005257,P0005,1,67.76,0.0
OI00009170,O0005257,P0058,1,51.23,0.0
OI00009171,O0005258,P0006,2,124.71,32.51
OI00009172,O0005258,P0019,2,664.44,160.11
OI00009173,O0005259,P0054,2,137.2,12.1
OI00009174,O0005259,P0037,1,64.04,6.17
OI00009175,O0005259,P0043,2,44.74,4.28
OI00009176,O0005260,P0018,1,371.91,0.0
OI00009177,O0005261,P0003,1,83.41,0.0
OI00009178,O0005262,P0002,1,79.74,13.2
OI00009179,O0005263,P0021,1,85.54,0.0
OI00009180,O0005263,P0057,1,165.49,0.0
OI00009181,O0005264,P0003,2,83.49,0.0
OI00009182,O0005264,P0047,2,70.29,0.0
OI00009183,O0005264,P0024,1,786.89,0.0
OI00009184,O0005265,P0055,1,149.83,0.0
OI00009185,O0005265,P0001,1,142.05,0.0
OI00009186,O0005266,P0001,1,148.21,0.0
OI00009187,O0005266,P0054,1,140.77,0.0
OI00009188,O0005267,P0016,2,122.04,0.0
OI00009189,O0005267,P0005,1,68.65,0.0
OI00009190,O0005268,P0001,1,142.0,0.0
OI00009191,O0005269,P0050,1,14.48,1.77
OI00009192,O0005270,P0003,1,79.57,0.0
OI00009193,O0005270,P0029,1,286.53,0.0
OI00009194,O0005271,P0022,1,332.74,0.0
OI00009195,O0005271,P0056,1,379.72,0.0
OI00009196,O0005271,P0033,1,426.23,0.0
OI00009197,O0005271,P0001,1,144.8,0.0
OI00009198,O0005272,P0023,1,121.76,0.0
OI00009199,O0005273,P0006,1,128.64,14.22
OI00009200,O0005274,P0012,1,28.73,0.0
OI00009201,O0005275,P0042,1,132.69,0.0
OI00009202,O0005276,P0019,1,685.02,114.93
OI00009203,O0005276,P0021,1,83.39,13.28
OI00009204,O0005276,P0013,1,98.1,5.82
OI00009205,O0005277,P0013,1,100.06,12.34
OI00009206,O0005277,P0054,1,139.06,17.42
OI00009207,O0005278,P0040,1,475.39,0.0
OI00009208,O0005278,P0014,2,134.22,0.0
OI00009209,O0005279,P0023,1,119.2,0.0
OI00009210,O0005280,P0049,1,141.41,0.0
OI00009211,O0005281,P0029,1,283.78,0.0
OI00009212,O0005281,P0016,1,126.68,0.0
OI00009213,O0005281,P0022,1,345.49,0.0
OI00009214,O0005281,P0032,1,405.24,0.0
OI00009215,O0005282,P0032,1,410.63,64.45
OI00009216,O0005283,P0006,1,124.27,6.37
OI00009217,O0005283,P0047,1,69.49,3.84
OI00009218,O0005284,P0040,1,489.23,0.0
OI00009219,O0005285,P0024,1,776.52,0.0
OI00009220,O0005285,P0027,1,626.93,0.0
OI00009221,O0005285,P0043,1,46.17,0.0
OI00009222,O0005285,P0045,1,154.0,0.0
OI00009223,O0005286,P0020,1,682.12,0.0
OI00009224,O0005287,P0006,1,126.29,0.0
OI00009225,O0005287,P0043,2,45.0,0.0
OI00009226,O0005288,P0008,1,89.62,0.0
OI00009227,O0005288,P0028,1,325.19,0.0
OI00009228,O0005288,P0060,1,456.01,0.0
OI00009229,O0005288,P0021,1,81.03,0.0
OI00009230,O0005289,P0047,2,71.47,0.0
OI00009231,O0005289,P0060,1,441.71,0.0
OI00009232,O0005290,P0038,1,275.11,0.0
OI00009233,O0005291,P0040,1,485.04,0.0
OI00009234,O0005291,P0003,1,82.58,0.0
OI00009235,O0005292,P0046,1,18.82,0.0
OI00009236,O0005292,P0059,1,60.96,0.0
OI00009237,O0005293,P0038,1,269.81,0.0
OI00009238,O0005294,P0003,1,83.0,0.0
OI00009239,O0005295,P0021,1,83.04,0.0
OI00009240,O0005296,P0006,1,124.15,21.53
OI00009241,O0005296,P0056,1,379.7,51.6
OI00009242,O0005297,P0026,1,86.2,0.0
OI00009243,O0005297,P0036,1,194.28,0.0
OI00009244,O0005298,P0024,1,802.29,51.39
OI00009245,O0005298,P0055,1,149.11,13.96
OI00009246,O0005299,P0058,1,51.68,0.0
OI00009247,O0005300,P0008,1,88.69,10.45
OI00009248,O0005300,P0003,2,80.16,7.71
OI00009249,O0005301,P0016,1,127.29,0.0
OI00009250,O0005301,P0027,1,637.28,0.0
OI00009251,O0005301,P0057,1,162.35,0.0
OI00009252,O0005302,P0042,1,132.26,0.0
OI00009253,O0005303,P0023,1,121.46,15.82
OI00009254,O0005304,P0039,1,315.88,0.0
OI00009255,O0005304,P0027,1,628.11,0.0
OI00009256,O0005304,P0046,1,18.84,0.0
OI00009257,O0005305,P0041,1,31.56,0.0
OI00009258,O0005305,P0037,1,67.12,0.0
OI00009259,O0005306,P0001,1,148.21,0.0
OI00009260,O0005306,P0048,1,94.98,0.0
OI00009261,O0005307,P0017,2,155.86,44.88
OI00009262,O0005307,P0051,1,74.28,6.54
OI00009263,O0005308,P0001,1,144.78,0.0
OI00009264,O0005309,P0045,1,146.9,0.0
OI00009265,O0005310,P0016,1,124.9,0.0
OI00009266,O0005310,P0057,1,162.13,0.0
OI00009267,O0005310,P0021,1,84.54,0.0
OI00009268,O0005311,P0054,2,134.74,32.45
OI00009269,O0005311,P0002,3,83.78,30.47
OI00009270,O0005311,P0027,2,637.62,70.2
OI00009271,O0005312,P0003,1,81.15,13.09
OI00009272,O0005312,P0058,1,50.06,5.91
OI00009273,O0005312,P0024,1,770.82,99.9
OI00009274,O0005313,P0009,1,111.69,6.62
OI00009275,O0005314,P0019,1,666.25,0.0
OI00009276,O0005315,P0028,1,319.82,21.3
OI00009277,O0005315,P0038,1,266.91,40.78
OI00009278,O0005315,P0057,2,157.48,28.66
OI00009279,O0005316,P0056,1,371.3,0.0
OI00009280,O0005316,P0045,1,150.73,0.0
OI00009281,O0005317,P0002,1,80.11,6.78
OI00009282,O0005317,P0021,2,84.1,8.59
OI00009283,O0005318,P0021,2,84.44,7.27
OI00009284,O0005319,P0018,1,376.28,0.0
OI00009285,O0005320,P0018,1,367.81,0.0
OI00009286,O0005320,P0040,1,469.3,0.0
OI00009287,O0005320,P0027,1,647.62,0.0
OI00009288,O0005320,P0006,1,123.79,0.0
OI00009289,O0005321,P0023,1,122.3,16.29
OI00009290,O0005321,P0024,1,798.59,36.44
OI00009291,O0005322,P0043,1,46.51,0.0
OI00009292,O0005322,P0041,1,31.83,0.0
OI00009293,O0005323,P0038,2,274.93,28.04
OI00009294,O0005324,P0040,1,492.09,51.26
OI00009295,O0005325,P0003,1,80.37,14.04
OI00009296,O0005325,P0057,1,160.58,15.13
OI00009297,O0005326,P0027,1,641.11,0.0
OI00009298,O0005326,P0049,1,138.57,0.0
OI00009299,O0005327,P0056,2,377.73,0.0
OI00009300,O0005328,P0016,1,121.43,0.0
OI00009301,O0005329,P0043,1,45.43,7.46
OI00009302,O0005330,P0006,1,121.2,0.0
OI00009303,O0005330,P0021,2,82.31,0.0
OI00009304,O0005330,P0019,3,660.52,0.0
OI00009305,O0005330,P0049,1,140.86,0.0
OI00009306,O0005331,P0038,1,263.35,0.0
OI00009307,O0005332,P0045,1,149.62,0.0
OI00009308,O0005332,P0001,1,148.46,0.0
OI00009309,O0005332,P0012,1,29.53,0.0
OI00009310,O0005333,P0031,1,28.27,1.24
OI00009311,O0005333,P0046,1,19.08,2.72
OI00009312,O0005334,P0023,1,121.61,0.0
OI00009313,O0005335,P0037,1,63.63,8.78
OI00009314,O0005335,P0045,1,148.21,18.8
OI00009315,O0005335,P0058,1,51.38,8.94
OI00009316,O0005335,P0051,1,76.35,11.26
OI00009317,O0005336,P0007,1,109.84,0.0
OI00009318,O0005336,P0057,1,166.45,0.0
OI00009319,O0005337,P0026,1,84.98,14.91
OI00009320,O0005337,P0009,1,112.12,12.35
OI00009321,O0005338,P0020,1,692.74,0.0
OI00009322,O0005338,P0019,2,660.77,0.0
OI00009323,O0005339,P0022,1,331.05,52.18
OI00009324,O0005340,P0060,1,457.01,69.27
OI00009325,O0005340,P0040,1,487.59,31.01
OI00009326,O0005340,P0014,2,131.02,33.92
OI00009327,O0005341,P0023,1,124.97,0.0
OI00009328,O0005342,P0003,1,80.88,0.0
OI00009329,O0005342,P0016,1,126.2,0.0
OI00009330,O0005343,P0038,3,264.76,122.14
OI00009331,O0005343,P0029,1,291.87,16.98
OI00009332,O0005344,P0023,1,120.42,0.0
OI00009333,O0005344,P0053,1,547.48,0.0
OI00009334,O0005345,P0008,1,88.48,4.72
OI00009335,O0005346,P0023,1,120.65,0.0
OI00009336,O0005346,P0020,2,669.39,0.0
OI00009337,O0005347,P0019,1,652.83,0.0
OI00009338,O0005347,P0003,1,83.51,0.0
OI00009339,O0005348,P0043,1,46.67,0.0
OI00009340,O0005349,P0045,2,148.52,0.0
OI00009341,O0005350,P0017,1,152.96,0.0
OI00009342,O0005351,P0050,1,14.29,1.65
OI00009343,O0005352,P0038,1,273.35,0.0
OI00009344,O0005352,P0059,1,62.16,0.0
OI00009345,O0005352,P0027,1,642.32,0.0
OI00009346,O0005353,P0049,1,142.51,0.0
OI00009347,O0005353,P0028,2,309.88,0.0
OI00009348,O0005354,P0039,2,322.19,0.0
OI00009349,O0005355,P0039,1,318.54,0.0
OI00009350,O0005355,P0004,1,74.53,0.0
OI00009351,O0005355,P0051,1,76.03,0.0
OI00009352,O0005356,P0052,1,411.64,0.0
OI00009353,O0005356,P0048,2,90.05,0.0
OI00009354,O0005357,P0038,1,261.15,0.0
OI00009355,O0005357,P0008,2,89.6,0.0
OI00009356,O0005357,P0043,1,46.72,0.0
OI00009357,O0005358,P0038,1,274.11,0.0
OI00009358,O0005358,P0052,2,412.42,0.0
OI00009359,O0005358,P0003,1,79.34,0.0
OI00009360,O0005358,P0055,2,145.7,0.0
OI00009361,O0005359,P0013,1,99.01,0.0
OI00009362,O0005359,P0042,1,128.29,0.0
OI00009363,O0005360,P0003,1,82.37,0.0
OI00009364,O0005361,P0032,1,400.75,0.0
OI00009365,O0005361,P0037,1,64.98,0.0
OI00009366,O0005361,P0020,1,662.89,0.0
OI00009367,O0005362,P0045,1,154.34,0.0
OI00009368,O0005362,P0036,1,196.33,0.0
OI00009369,O0005362,P0037,1,63.55,0.0
OI00009370,O0005363,P0002,2,81.05,0.0
OI00009371,O0005364,P0019,1,652.8,0.0
OI00009372,O0005364,P0010,1,156.92,0.0
OI00009373,O0005365,P0032,1,418.86,53.6
OI00009374,O0005366,P0014,1,132.77,0.0
OI00009375,O0005367,P0021,1,83.77,0.0
OI00009376,O0005368,P0009,1,109.21,0.0
OI00009377,O0005369,P0045,1,147.54,24.53
OI00009378,O0005370,P0039,1,328.99,0.0
OI00009379,O0005370,P0045,1,149.22,0.0
OI00009380,O0005371,P0003,1,79.66,12.99
OI00009381,O0005371,P0054,1,134.16,10.67
OI00009382,O0005372,P0020,1,676.55,0.0
OI00009383,O0005372,P0024,1,790.36,0.0
OI00009384,O0005372,P0039,1,314.6,0.0
OI00009385,O0005373,P0038,1,268.81,0.0
OI00009386,O0005373,P0034,1,412.35,0.0
OI00009387,O0005374,P0032,1,408.47,35.91
OI00009388,O0005375,P0032,1,403.6,0.0
OI00009389,O0005375,P0016,1,124.43,0.0
OI00009390,O0005376,P0013,1,99.11,0.0
OI00009391,O0005377,P0036,1,187.54,0.0
OI00009392,O0005377,P0052,1,413.84,0.0
OI00009393,O0005378,P0023,1,125.1,7.92
OI00009394,O0005378,P0019,1,690.21,106.15
OI00009395,O0005378,P0001,1,145.63,18.05
OI00009396,O0005379,P0056,1,370.28,0.0
OI00009397,O0005380,P0023,2,120.56,21.07
OI00009398,O0005380,P0039,1,316.45,35.27
OI00009399,O0005381,P0054,2,136.36,0.0
OI00009400,O0005382,P0004,1,77.99,0.0
OI00009401,O0005383,P0016,1,126.03,0.0
OI00009402,O0005383,P0056,1,365.06,0.0
OI00009403,O0005384,P0054,1,139.1,12.03
OI00009404,O0005384,P0016,1,120.06,7.28
OI00009405,O0005385,P0003,1,81.6,8.47
OI00009406,O0005385,P0041,1,30.62,4.82
OI00009407,O0005386,P0013,1,103.08,0.0
OI00009408,O0005386,P0001,1,144.58,0.0
OI00009409,O0005387,P0003,1,79.95,0.0
OI00009410,O0005387,P0040,1,492.03,0.0
OI00009411,O0005388,P0030,1,260.18,0.0
OI00009412,O0005388,P0054,1,136.56,0.0
OI00009413,O0005388,P0032,2,409.28,0.0
OI00009414,O0005388,P0025,1,622.69,0.0
OI00009415,O0005389,P0038,1,263.92,0.0
OI00009416,O0005389,P0005,1,68.1,0.0
OI00009417,O0005390,P0020,1,692.51,109.96
OI00009418,O0005391,P0021,1,80.66,13.34
OI00009419,O0005392,P0043,1,44.49,0.0
OI00009420,O0005392,P0054,2,138.23,0.0
OI00009421,O0005393,P0024,1,799.67,112.67
OI00009422,O0005393,P0006,2,126.8,33.5
OI00009423,O0005393,P0020,1,665.18,90.02
OI00009424,O0005394,P0047,1,70.64,0.0
OI00009425,O0005395,P0001,1,148.16,0.0
OI00009426,O0005396,P0030,1,249.2,38.51
OI00009427,O0005397,P0045,1,148.34,6.41
OI00009428,O0005398,P0057,1,163.5,20.68
OI00009429,O0005399,P0009,1,110.61,17.02
OI00009430,O0005399,P0046,1,18.88,0.91
OI00009431,O0005400,P0016,1,121.69,0.0
OI00009432,O0005401,P0055,1,147.36,19.5
OI00009433,O0005401,P0029,1,293.32,48.97
OI00009434,O0005402,P0035,2,294.16,0.0
OI00009435,O0005402,P0037,1,64.45,0.0
OI00009436,O0005402,P0031,2,27.67,0.0
OI00009437,O0005403,P0016,1,124.54,0.0
OI00009438,O0005404,P0056,2,384.1,0.0
OI00009439,O0005405,P0047,1,68.05,0.0
OI00009440,O0005406,P0027,1,639.16,87.81
OI00009441,O0005407,P0002,1,83.02,0.0
OI00009442,O0005407,P0060,1,459.93,0.0
OI00009443,O0005408,P0003,1,80.84,0.0
OI00009444,O0005408,P0057,1,162.95,0.0
OI00009445,O0005409,P0042,1,130.71,9.04
OI00009446,O0005409,P0056,1,382.52,48.92
OI00009447,O0005409,P0001,1,149.68,11.86
OI00009448,O0005409,P0059,1,61.08,7.67
OI00009449,O0005410,P0001,1,148.84,0.0
OI00009450,O0005410,P0038,1,260.84,0.0
OI00009451,O0005410,P0036,1,189.6,0.0
OI00009452,O0005410,P0042,1,132.93,0.0
OI00009453,O0005411,P0048,1,93.14,0.0
OI00009454,O0005411,P0033,1,425.56,0.0
OI00009455,O0005412,P0045,1,146.74,0.0
OI00009456,O0005413,P0016,1,124.6,0.0
OI00009457,O0005414,P0023,1,124.64,0.0
OI00009458,O0005414,P0003,1,80.8,0.0
OI00009459,O0005415,P0007,1,109.03,0.0
OI00009460,O0005415,P0033,1,427.08,0.0
OI00009461,O0005415,P0038,1,271.66,0.0
OI00009462,O0005416,P0032,1,400.89,0.0
OI00009463,O0005417,P0003,2,79.24,0.0
OI00009464,O0005418,P0038,1,273.89,0.0
OI00009465,O0005419,P0023,1,121.21,0.0
OI00009466,O0005419,P0001,1,142.21,0.0
OI00009467,O0005420,P0044,2,54.2,0.0
OI00009468,O0005420,P0046,1,19.54,0.0
OI00009469,O0005421,P0013,1,100.49,17.83
OI00009470,O0005421,P0005,1,67.84,7.86
OI00009471,O0005421,P0021,1,82.75,8.07
OI00009472,O0005422,P0003,1,80.16,11.67
OI00009473,O0005423,P0019,1,659.87,0.0
OI00009474,O0005423,P0005,1,64.98,0.0
OI00009475,O0005423,P0006,1,125.57,0.0
OI00009476,O0005424,P0057,2,159.5,0.0
OI00009477,O0005424,P0019,1,672.39,0.0
OI00009478,O0005425,P0003,1,80.15,0.0
OI00009479,O0005426,P0045,1,150.32,0.0
OI00009480,O0005426,P0016,1,123.64,0.0
OI00009481,O0005426,P0003,1,80.48,0.0
OI00009482,O0005427,P0021,1,81.61,11.04
OI00009483,O0005428,P0051,1,75.22,0.0
OI00009484,O0005429,P0057,1,161.9,28.14
OI00009485,O0005430,P0045,1,148.45,23.45
OI00009486,O0005430,P0035,1,287.31,23.8
OI00009487,O0005431,P0017,1,151.86,0.0
OI00009488,O0005431,P0032,1,410.93,0.0
OI00009489,O0005432,P0020,1,664.64,0.0
OI00009490,O0005433,P0031,1,29.0,0.0
OI00009491,O0005434,P0022,2,341.97,0.0
OI00009492,O0005435,P0020,2,691.38,0.0
OI00009493,O0005436,P0029,1,295.99,18.86
OI00009494,O0005436,P0003,1,80.37,8.55
OI00009495,O0005437,P0015,1,60.76,5.37
OI00009496,O0005438,P0045,1,152.96,0.0
OI00009497,O0005439,P0046,1,19.09,0.0
OI00009498,O0005439,P0057,1,165.17,0.0
OI00009499,O0005440,P0024,1,786.46,73.43
OI00009500,O0005441,P0002,1,82.79,0.0
OI00009501,O0005442,P0003,2,82.21,0.0
OI00009502,O0005443,P0010,1,160.32,0.0
OI00009503,O0005443,P0039,1,320.37,0.0
OI00009504,O0005444,P0033,1,431.94,62.82
OI00009505,O0005444,P0038,2,272.68,44.63
OI00009506,O0005445,P0048,1,92.9,0.0
OI00009507,O0005446,P0058,1,51.69,0.0
OI00009508,O0005446,P0036,1,197.27,0.0
OI00009509,O0005447,P0049,1,142.24,0.0
OI00009510,O0005447,P0003,1,80.16,0.0
OI00009511,O0005448,P0036,1,186.39,0.0
OI00009512,O0005449,P0024,2,801.62,0.0
OI00009513,O0005450,P0003,1,79.88,0.0
OI00009514,O0005450,P0039,1,312.79,0.0
OI00009515,O0005451,P0041,1,31.03,0.0
OI00009516,O0005452,P0033,1,419.45,0.0
OI00009517,O0005453,P0033,1,426.0,58.34
OI00009518,O0005454,P0015,1,63.07,0.0
OI00009519,O0005455,P0045,1,151.97,0.0
OI00009520,O0005455,P0006,1,128.54,0.0
OI00009521,O0005455,P0042,1,132.33,0.0
OI00009522,O0005456,P0024,1,793.24,0.0
OI00009523,O0005456,P0029,2,291.89,0.0
OI00009524,O0005457,P0038,1,275.37,0.0
OI00009525,O0005458,P0016,1,124.32,11.57
OI00009526,O0005459,P0044,1,54.82,0.0
OI00009527,O0005460,P0043,2,45.91,0.0
OI00009528,O0005461,P0039,1,326.74,0.0
OI00009529,O0005461,P0022,1,338.98,0.0
OI00009530,O0005462,P0017,1,151.14,21.33
OI00009531,O0005462,P0038,1,273.23,39.13
OI00009532,O0005463,P0026,1,83.09,0.0
OI00009533,O0005464,P0052,2,422.3,67.83
OI00009534,O0005465,P0019,1,672.34,68.99
OI00009535,O0005465,P0008,1,86.39,14.44
OI00009536,O0005465,P0002,1,81.39,14.24
OI00009537,O0005466,P0019,1,685.88,79.92
OI00009538,O0005466,P0035,1,293.34,32.34
OI00009539,O0005467,P0006,1,121.47,0.0
OI00009540,O0005468,P0060,1,455.16,48.32
OI00009541,O0005468,P0054,1,139.61,24.79
OI00009542,O0005469,P0038,1,265.41,44.87
OI00009543,O0005470,P0028,1,316.17,0.0
OI00009544,O0005470,P0039,2,316.06,0.0
OI00009545,O0005471,P0056,1,382.46,0.0
OI00009546,O0005471,P0013,2,98.09,0.0
OI00009547,O0005472,P0042,1,134.42,9.75
OI00009548,O0005473,P0045,1,148.38,0.0
OI00009549,O0005474,P0003,1,83.43,0.0
OI00009550,O0005475,P0017,1,154.35,12.69
OI00009551,O0005475,P0030,1,259.96,13.84
OI00009552,O0005476,P0032,1,411.98,0.0
OI00009553,O0005476,P0038,1,260.42,0.0
OI00009554,O0005477,P0034,2,414.26,0.0
OI00009555,O0005477,P0041,1,30.39,0.0
OI00009556,O0005478,P0059,1,62.62,11.12
OI00009557,O0005479,P0013,2,104.03,22.35
OI00009558,O0005480,P0056,1,377.27,0.0
OI00009559,O0005480,P0048,1,92.02,0.0
OI00009560,O0005480,P0043,1,46.67,0.0
OI00009561,O0005481,P0040,1,474.9,0.0
OI00009562,O0005482,P0039,2,314.04,99.61
OI00009563,O0005483,P0023,1,122.11,10.56
OI00009564,O0005483,P0011,1,141.41,18.23
OI00009565,O0005483,P0031,1,28.75,3.23
OI00009566,O0005484,P0038,1,266.98,0.0
OI00009567,O0005485,P0029,1,300.59,0.0
OI00009568,O0005486,P0005,1,66.15,11.81
OI00009569,O0005487,P0036,1,194.07,0.0
OI00009570,O0005487,P0009,1,110.32,0.0
OI00009571,O0005487,P0008,2,87.34,0.0
OI00009572,O0005488,P0016,1,124.81,8.24
OI00009573,O0005489,P0020,1,675.43,0.0
OI00009574,O0005490,P0042,1,130.03,12.11
OI00009575,O0005491,P0015,1,62.92,0.0
OI00009576,O0005491,P0006,1,125.53,0.0
OI00009577,O0005491,P0038,1,263.06,0.0
OI00009578,O0005492,P0023,1,118.85,0.0
OI00009579,O0005492,P0054,1,134.91,0.0
OI00009580,O0005493,P0004,2,77.99,21.87
OI00009581,O0005494,P0050,1,13.99,0.0
OI00009582,O0005494,P0032,1,399.25,0.0
OI00009583,O0005495,P0042,2,130.74,0.0
OI00009584,O0005496,P0042,1,132.76,0.0
OI00009585,O0005496,P0006,1,123.33,0.0
OI00009586,O0005496,P0029,1,288.41,0.0
OI00009587,O0005497,P0005,1,65.27,6.7
OI00009588,O0005498,P0038,1,272.99,0.0
OI00009589,O0005498,P0002,1,82.38,0.0
OI00009590,O0005499,P0003,2,79.15,0.0
OI00009591,O0005500,P0032,1,420.16,0.0
OI00009592,O0005501,P0033,1,419.69,0.0
OI00009593,O0005502,P0041,1,31.67,5.07
OI00009594,O0005503,P0057,1,164.21,0.0
OI00009595,O0005504,P0015,1,62.47,9.11
OI00009596,O0005504,P0041,1,31.11,3.44
OI00009597,O0005504,P0005,1,68.79,6.5
OI00009598,O0005504,P0006,1,127.76,18.48
OI00009599,O0005505,P0059,1,60.58,0.0
OI00009600,O0005505,P0019,1,665.36,0.0
OI00009601,O0005505,P0042,1,127.36,0.0
OI00009602,O0005506,P0022,2,329.36,77.96
OI00009603,O0005507,P0019,1,661.05,82.52
OI00009604,O0005507,P0049,1,146.51,25.59
OI00009605,O0005508,P0047,1,68.79,6.62
OI00009606,O0005509,P0056,1,382.2,28.64
OI00009607,O0005509,P0060,1,440.49,37.02
OI00009608,O0005510,P0010,1,161.11,20.4
OI00009609,O0005511,P0021,1,82.5,7.51
OI00009610,O0005512,P0038,1,264.74,0.0
OI00009611,O0005512,P0024,1,767.54,0.0
OI00009612,O0005512,P0019,1,667.24,0.0
OI00009613,O0005512,P0046,1,19.0,0.0
OI00009614,O0005513,P0040,1,469.18,0.0
OI00009615,O0005514,P0043,1,45.47,0.0
OI00009616,O0005515,P0023,1,119.37,0.0
OI00009617,O0005516,P0005,2,67.81,0.0
OI00009618,O0005517,P0040,1,487.6,0.0
OI00009619,O0005518,P0003,1,81.77,12.03
OI00009620,O0005518,P0054,1,139.29,6.42
OI00009621,O0005519,P0034,2,427.91,67.25
OI00009622,O0005519,P0056,3,376.07,55.12
OI00009623,O0005519,P0019,1,663.78,70.07
OI00009624,O0005520,P0004,1,75.27,0.0
OI00009625,O0005520,P0038,1,271.28,0.0
OI00009626,O0005521,P0021,1,83.57,12.89
OI00009627,O0005521,P0045,1,151.12,13.53
OI00009628,O0005521,P0033,1,439.66,59.3
OI00009629,O0005521,P0055,1,146.28,8.85
OI00009630,O0005522,P0030,2,252.45,0.0
OI00009631,O0005522,P0032,1,420.77,0.0
OI00009632,O0005522,P0043,1,46.68,0.0
OI00009633,O0005522,P0001,1,148.27,0.0
OI00009634,O0005523,P0021,1,81.97,0.0
OI00009635,O0005523,P0011,1,143.33,0.0
OI00009636,O0005524,P0050,1,14.57,1.49
OI00009637,O0005524,P0045,1,147.08,18.66
OI00009638,O0005525,P0040,1,472.86,0.0
OI00009639,O0005526,P0007,1,112.68,13.57
OI00009640,O0005527,P0056,1,363.17,40.39
OI00009641,O0005528,P0049,1,145.84,0.0
OI00009642,O0005528,P0003,1,82.4,0.0
OI00009643,O0005529,P0049,1,138.95,0.0
OI00009644,O0005530,P0055,1,143.3,0.0
OI00009645,O0005530,P0011,1,142.17,0.0
OI00009646,O0005531,P0003,2,82.65,0.0
OI00009647,O0005531,P0053,1,551.75,0.0
OI00009648,O0005532,P0038,1,260.76,0.0
OI00009649,O0005533,P0019,1,658.74,39.95
OI00009650,O0005533,P0020,1,661.7,62.0
OI00009651,O0005533,P0004,1,75.51,4.08
OI00009652,O0005534,P0024,1,798.43,0.0
OI00009653,O0005535,P0057,1,165.16,15.67
OI00009654,O0005535,P0021,1,81.41,12.47
OI00009655,O0005536,P0029,1,290.02,0.0
OI00009656,O0005536,P0048,1,90.43,0.0
OI00009657,O0005537,P0049,1,139.3,9.3
OI00009658,O0005538,P0057,1,157.75,0.0
OI00009659,O0005538,P0006,1,122.77,0.0
OI00009660,O0005538,P0018,1,376.25,0.0
OI00009661,O0005539,P0016,1,121.98,21.76
OI00009662,O0005539,P0023,1,125.06,19.01
OI00009663,O0005540,P0048,1,91.51,12.81
OI00009664,O0005541,P0042,1,132.57,0.0
OI00009665,O0005541,P0060,1,446.56,0.0
OI00009666,O0005541,P0016,1,121.43,0.0
OI00009667,O0005542,P0034,1,429.91,0.0
OI00009668,O0005542,P0003,2,79.75,0.0
OI00009669,O0005542,P0041,1,31.67,0.0
OI00009670,O0005543,P0032,1,405.67,0.0
OI00009671,O0005544,P0006,2,127.65,0.0
OI00009672,O0005545,P0060,1,445.87,0.0
OI00009673,O0005546,P0032,1,415.1,0.0
OI00009674,O0005546,P0021,1,83.95,0.0
OI00009675,O0005547,P0001,1,143.89,24.23
OI00009676,O0005548,P0018,1,372.87,58.45
OI00009677,O0005548,P0033,2,420.42,97.23
OI00009678,O0005549,P0036,1,191.38,0.0
OI00009679,O0005550,P0053,1,535.37,0.0
OI00009680,O0005550,P0017,1,153.95,0.0
OI00009681,O0005550,P0020,1,661.11,0.0
OI00009682,O0005551,P0017,1,152.74,0.0
OI00009683,O0005551,P0019,2,667.24,0.0
OI00009684,O0005552,P0020,1,698.88,69.74
OI00009685,O0005552,P0060,1,442.11,36.56
OI00009686,O0005552,P0014,1,136.64,21.08
OI00009687,O0005553,P0003,1,80.34,0.0
OI00009688,O0005553,P0039,1,331.32,0.0
OI00009689,O0005554,P0024,1,809.29,0.0
OI00009690,O0005554,P0019,1,681.05,0.0
OI00009691,O0005555,P0002,1,82.65,0.0
OI00009692,O0005556,P0011,1,144.03,0.0
OI00009693,O0005557,P0037,2,64.64,0.0
OI00009694,O0005557,P0008,1,88.32,0.0
OI00009695,O0005557,P0004,1,78.0,0.0
OI00009696,O0005558,P0020,1,662.8,0.0
OI00009697,O0005559,P0053,2,538.99,0.0
OI00009698,O0005559,P0006,1,124.38,0.0
OI00009699,O0005560,P0059,1,61.13,5.67
OI00009700,O0005560,P0056,1,370.22,61.7
OI00009701,O0005560,P0024,1,798.19,126.1
OI00009702,O0005561,P0033,1,429.16,72.7
OI00009703,O0005562,P0042,1,130.01,10.84
OI00009704,O0005563,P0020,1,660.57,0.0
OI00009705,O0005564,P0053,1,526.47,0.0
OI00009706,O0005564,P0016,1,127.33,0.0
OI00009707,O0005565,P0005,1,67.78,7.18
OI00009708,O0005566,P0016,1,120.82,0.0
OI00009709,O0005566,P0057,2,162.47,0.0
OI00009710,O0005566,P0060,2,441.95,0.0
OI00009711,O0005566,P0040,1,475.12,0.0
OI00009712,O0005567,P0027,1,623.77,0.0
OI00009713,O0005568,P0017,1,152.88,0.0
OI00009714,O0005568,P0027,1,630.09,0.0
OI00009715,O0005569,P0019,1,687.49,0.0
OI00009716,O0005569,P0054,1,138.22,0.0
OI00009717,O0005570,P0057,2,161.94,0.0
OI00009718,O0005571,P0053,2,540.54,0.0
OI00009719,O0005572,P0018,1,374.18,0.0
OI00009720,O0005573,P0043,1,45.5,7.6
OI00009721,O0005574,P0025,2,631.8,0.0
OI00009722,O0005574,P0001,1,142.88,0.0
OI00009723,O0005575,P0025,1,619.46,0.0
OI00009724,O0005576,P0060,1,460.09,27.99
OI00009725,O0005577,P0010,1,163.28,0.0
OI00009726,O0005578,P0023,1,120.28,0.0
OI00009727,O0005578,P0055,1,147.07,0.0
OI00009728,O0005579,P0049,1,145.61,0.0
OI00009729,O0005580,P0019,1,666.67,0.0
OI00009730,O0005581,P0044,2,53.71,17.87
OI00009731,O0005581,P0029,1,292.78,20.93
OI00009732,O0005582,P0039,1,325.5,32.12
OI00009733,O0005582,P0038,1,275.87,40.19
OI00009734,O0005583,P0025,1,601.74,0.0
OI00009735,O0005583,P0041,1,30.91,0.0
OI00009736,O0005583,P0021,1,82.36,0.0
OI00009737,O0005584,P0050,2,14.49,0.0
OI00009738,O0005584,P0024,1,775.36,0.0
OI00009739,O0005585,P0057,1,163.86,0.0
OI00009740,O0005586,P0003,1,79.37,6.05
OI00009741,O0005586,P0055,1,143.93,15.45
OI00009742,O0005587,P0038,1,274.85,0.0
OI00009743,O0005587,P0056,2,370.45,0.0
OI00009744,O0005588,P0003,1,80.6,9.69
OI00009745,O0005589,P0036,1,187.19,18.44
OI00009746,O0005589,P0039,1,320.83,35.89
OI00009747,O0005590,P0003,2,80.53,21.91
OI00009748,O0005591,P0033,1,420.24,0.0
OI00009749,O0005592,P0006,1,124.17,0.0
OI00009750,O0005593,P0005,2,65.85,0.0
OI00009751,O0005593,P0004,1,76.41,0.0
OI00009752,O0005594,P0057,1,160.12,0.0
OI00009753,O0005595,P0056,1,383.75,0.0
OI00009754,O0005595,P0058,2,49.82,0.0
OI00009755,O0005595,P0038,1,274.9,0.0
OI00009756,O0005596,P0057,1,161.41,0.0
OI00009757,O0005596,P0001,1,141.21,0.0
OI00009758,O0005597,P0060,1,455.9,22.79
OI00009759,O0005597,P0041,1,30.26,2.85
OI00009760,O0005597,P0038,1,268.61,29.82
OI00009761,O0005598,P0031,1,27.51,0.0
OI00009762,O0005599,P0046,1,19.3,1.43
OI00009763,O0005600,P0036,1,187.28,22.16
OI00009764,O0005601,P0037,1,63.63,4.4
OI00009765,O0005602,P0023,1,120.37,0.0
OI00009766,O0005602,P0014,1,132.56,0.0
OI00009767,O0005603,P0028,1,311.54,0.0
OI00009768,O0005603,P0035,1,285.47,0.0
OI00009769,O0005603,P0056,1,376.68,0.0
OI00009770,O0005604,P0022,1,337.84,0.0
OI00009771,O0005605,P0020,1,667.3,0.0
OI00009772,O0005606,P0018,1,365.8,0.0
OI00009773,O0005607,P0028,2,311.36,64.85
OI00009774,O0005608,P0043,1,46.77,2.09
OI00009775,O0005609,P0045,1,145.97,0.0
OI00009776,O0005609,P0027,1,627.96,0.0
OI00009777,O0005610,P0042,1,129.41,0.0
OI00009778,O0005610,P0040,1,485.94,0.0
OI00009779,O0005611,P0014,1,136.84,8.49
OI00009780,O0005612,P0048,1,94.08,0.0
OI00009781,O0005612,P0056,1,373.85,0.0
OI00009782,O0005613,P0019,2,673.35,0.0
OI00009783,O0005613,P0008,1,86.79,0.0
OI00009784,O0005613,P0032,1,418.64,0.0
OI00009785,O0005614,P0005,1,67.21,0.0
OI00009786,O0005614,P0013,1,102.18,0.0
OI00009787,O0005615,P0024,1,767.06,105.15
OI00009788,O0005615,P0029,1,295.13,29.17
OI00009789,O0005616,P0038,1,267.07,33.34
OI00009790,O0005617,P0048,1,90.53,0.0
OI00009791,O0005618,P0002,1,80.31,0.0
OI00009792,O0005619,P0020,1,660.86,115.26
OI00009793,O0005620,P0024,1,779.21,0.0
OI00009794,O0005621,P0051,1,76.97,0.0
OI00009795,O0005621,P0038,1,262.12,0.0
OI00009796,O0005622,P0032,1,410.94,0.0
OI00009797,O0005622,P0036,1,189.1,0.0
OI00009798,O0005622,P0056,1,375.22,0.0
OI00009799,O0005623,P0043,1,46.19,0.0
OI00009800,O0005624,P0005,1,66.59,9.78
OI00009801,O0005625,P0048,2,92.89,0.0
OI00009802,O0005625,P0033,1,428.19,0.0
OI00009803,O0005626,P0044,1,52.27,9.26
OI00009804,O0005626,P0047,1,71.2,6.42
OI00009805,O0005627,P0020,1,689.42,111.9
OI00009806,O0005627,P0024,2,809.32,184.56
OI00009807,O0005627,P0057,1,163.64,24.04
OI00009808,O0005628,P0034,1,424.26,0.0
OI00009809,O0005628,P0046,1,19.61,0.0
OI00009810,O0005629,P0058,1,50.06,7.41
OI00009811,O0005630,P0021,1,84.34,0.0
OI00009812,O0005630,P0022,1,331.21,0.0
OI00009813,O0005631,P0045,1,146.5,25.45
OI00009814,O0005632,P0005,2,68.82,0.0
OI00009815,O0005633,P0001,1,145.72,0.0
OI00009816,O0005634,P0032,1,421.42,69.02
OI00009817,O0005635,P0014,1,133.31,20.62
OI00009818,O0005636,P0045,2,145.49,0.0
OI00009819,O0005637,P0017,1,159.73,0.0
OI00009820,O0005637,P0005,2,66.32,0.0
OI00009821,O0005638,P0017,1,156.23,0.0
OI00009822,O0005639,P0019,1,671.12,0.0
OI00009823,O0005639,P0058,1,50.74,0.0
OI00009824,O0005640,P0017,1,154.6,7.77
OI00009825,O0005640,P0005,2,68.61,7.05
OI00009826,O0005640,P0040,2,493.17,119.55
OI00009827,O0005641,P0059,1,62.75,0.0
OI00009828,O0005641,P0004,1,74.78,0.0
OI00009829,O0005641,P0006,1,121.87,0.0
OI00009830,O0005642,P0026,1,86.01,9.66
OI00009831,O0005643,P0001,1,142.55,0.0
OI00009832,O0005643,P0060,1,458.6,0.0
OI00009833,O0005644,P0020,1,689.42,0.0
OI00009834,O0005644,P0030,2,255.06,0.0
OI00009835,O0005644,P0006,2,123.44,0.0
OI00009836,O0005645,P0059,1,61.69,0.0
OI00009837,O0005646,P0037,1,64.11,3.64
OI00009838,O0005647,P0024,1,812.84,0.0
OI00009839,O0005648,P0036,1,192.1,0.0
OI00009840,O0005649,P0042,2,133.02,0.0
OI00009841,O0005649,P0008,1,87.98,0.0
OI00009842,O0005650,P0006,1,124.05,0.0
OI00009843,O0005650,P0042,1,132.64,0.0
OI00009844,O0005651,P0038,1,275.86,0.0
OI00009845,O0005652,P0029,1,294.49,25.92
OI00009846,O0005652,P0020,1,697.03,60.93
OI00009847,O0005653,P0054,1,139.98,9.79
OI00009848,O0005653,P0019,1,674.41,39.08
OI00009849,O0005653,P0056,1,370.17,36.92
OI00009850,O0005654,P0021,1,84.14,14.9
OI00009851,O0005654,P0038,1,271.41,28.15
OI00009852,O0005655,P0032,1,419.58,0.0
OI00009853,O0005655,P0023,1,119.06,0.0
OI00009854,O0005656,P0013,1,99.13,0.0
OI00009855,O0005657,P0060,1,439.96,0.0
OI00009856,O0005657,P0009,2,108.47,0.0
OI00009857,O0005657,P0042,1,131.88,0.0
OI00009858,O0005657,P0018,1,358.33,0.0
OI00009859,O0005658,P0033,1,440.13,0.0
OI00009860,O0005659,P0022,2,347.99,49.87
OI00009861,O0005659,P0019,1,662.76,30.49
OI00009862,O0005659,P0042,1,131.8,22.58
OI00009863,O0005660,P0049,2,144.28,0.0
OI00009864,O0005661,P0009,1,111.19,0.0
OI00009865,O0005661,P0038,1,262.86,0.0
OI00009866,O0005662,P0048,1,92.28,0.0
OI00009867,O0005662,P0060,1,444.64,0.0
OI00009868,O0005663,P0045,1,150.5,0.0
OI00009869,O0005664,P0002,1,83.78,10.66
OI00009870,O0005664,P0054,2,136.67,26.06
OI00009871,O0005665,P0017,1,150.78,0.0
OI00009872,O0005665,P0056,1,363.57,0.0
OI00009873,O0005666,P0058,1,52.54,5.42
OI00009874,O0005667,P0003,1,83.49,9.02
OI00009875,O0005667,P0032,1,410.2,21.67
OI00009876,O0005668,P0011,1,136.59,0.0
OI00009877,O0005668,P0056,2,369.49,0.0
OI00009878,O0005669,P0042,1,130.82,0.0
OI00009879,O0005669,P0009,1,113.74,0.0
OI00009880,O0005670,P0049,1,143.35,0.0
OI00009881,O0005671,P0010,1,163.65,25.4
OI00009882,O0005672,P0040,1,465.43,44.52
OI00009883,O0005673,P0059,1,60.27,0.0
OI00009884,O0005674,P0048,1,93.01,5.05
OI00009885,O0005675,P0010,1,162.9,0.0
OI00009886,O0005675,P0005,1,67.47,0.0
OI00009887,O0005676,P0001,1,146.5,0.0
OI00009888,O0005677,P0020,1,679.0,0.0
OI00009889,O0005678,P0032,1,406.2,30.98
OI00009890,O0005678,P0051,1,75.94,9.24
OI00009891,O0005679,P0058,1,52.0,3.0
OI00009892,O0005679,P0017,2,151.59,47.57
OI00009893,O0005679,P0033,2,427.67,82.68
OI00009894,O0005680,P0009,1,113.17,0.0
OI00009895,O0005681,P0038,2,268.4,80.76
OI00009896,O0005681,P0020,3,672.65,342.33
OI00009897,O0005682,P0020,1,682.65,0.0
OI00009898,O0005682,P0010,2,159.44,0.0
OI00009899,O0005683,P0006,1,125.98,0.0
OI00009900,O0005683,P0031,2,27.93,0.0
OI00009901,O0005683,P0013,1,102.14,0.0
OI00009902,O0005684,P0041,2,31.6,9.05
OI00009903,O0005684,P0030,1,261.37,30.71
OI00009904,O0005685,P0021,1,84.32,0.0
OI00009905,O0005685,P0049,1,139.89,0.0
OI00009906,O0005686,P0044,1,53.48,0.0
OI00009907,O0005687,P0045,1,152.88,0.0
OI00009908,O0005688,P0058,1,52.64,0.0
OI00009909,O0005689,P0043,1,46.25,3.78
OI00009910,O0005690,P0024,1,802.65,0.0
OI00009911,O0005690,P0020,2,690.25,0.0
OI00009912,O0005690,P0047,1,69.57,0.0
OI00009913,O0005691,P0038,1,265.77,39.46
OI00009914,O0005691,P0028,1,323.97,53.85
OI00009915,O0005692,P0035,1,280.84,20.09
OI00009916,O0005693,P0005,1,66.94,0.0
OI00009917,O0005694,P0042,1,132.48,12.68
OI00009918,O0005694,P0027,1,628.65,97.22
OI00009919,O0005695,P0043,1,45.65,0.0
OI00009920,O0005695,P0040,2,467.91,0.0
OI00009921,O0005696,P0056,1,370.18,0.0
OI00009922,O0005697,P0040,1,466.52,0.0
OI00009923,O0005698,P0054,1,139.88,0.0
OI00009924,O0005698,P0024,1,807.8,0.0
OI00009925,O0005698,P0060,1,452.4,0.0
OI00009926,O0005699,P0033,1,435.36,0.0
OI00009927,O0005699,P0054,1,136.98,0.0
OI00009928,O0005700,P0001,1,144.17,0.0
OI00009929,O0005700,P0024,1,791.44,0.0
OI00009930,O0005700,P0029,1,283.72,0.0
OI00009931,O0005701,P0048,1,91.11,6.8
OI00009932,O0005702,P0020,1,664.84,71.0
OI00009933,O0005703,P0059,1,61.79,6.77
OI00009934,O0005703,P0006,1,125.26,17.52
OI00009935,O0005704,P0022,1,337.89,0.0
OI00009936,O0005704,P0039,1,319.64,0.0
OI00009937,O0005705,P0020,1,689.06,93.91
OI00009938,O0005705,P0027,1,640.91,49.98
OI00009939,O0005706,P0016,1,124.86,0.0
OI00009940,O0005707,P0020,1,682.7,79.0
OI00009941,O0005707,P0060,1,447.52,70.48
OI00009942,O0005708,P0038,1,268.11,0.0
OI00009943,O0005708,P0016,1,122.59,0.0
OI00009944,O0005709,P0031,1,28.93,0.0
OI00009945,O0005709,P0040,1,483.3,0.0
OI00009946,O0005709,P0059,1,60.36,0.0
OI00009947,O0005710,P0060,2,440.31,0.0
OI00009948,O0005711,P0024,1,811.64,0.0
OI00009949,O0005712,P0001,1,142.7,0.0
OI00009950,O0005713,P0045,2,153.49,36.68
OI00009951,O0005713,P0019,1,678.13,104.7
OI00009952,O0005714,P0057,1,160.72,24.48
OI00009953,O0005714,P0013,1,103.49,6.35
OI00009954,O0005715,P0049,1,141.76,0.0
OI00009955,O0005715,P0005,1,66.19,0.0
OI00009956,O0005715,P0047,1,68.0,0.0
OI00009957,O0005716,P0038,2,264.48,0.0
OI00009958,O0005717,P0049,1,140.08,8.43
OI00009959,O0005718,P0042,1,132.84,0.0
OI00009960,O0005718,P0035,1,287.95,0.0
OI00009961,O0005718,P0040,1,465.27,0.0
OI00009962,O0005719,P0054,2,133.07,0.0
OI00009963,O0005719,P0026,2,82.35,0.0
OI00009964,O0005720,P0059,1,62.43,7.13
OI00009965,O0005720,P0056,1,376.2,30.69
OI00009966,O0005721,P0030,1,251.97,0.0
OI00009967,O0005722,P0009,2,108.24,24.07
OI00009968,O0005723,P0005,1,68.35,11.7
OI00009969,O0005724,P0060,1,458.01,0.0
OI00009970,O0005725,P0038,1,274.24,0.0
OI00009971,O0005725,P0005,1,66.83,0.0
OI00009972,O0005725,P0006,1,126.24,0.0
OI00009973,O0005726,P0019,1,659.95,0.0
OI00009974,O0005727,P0023,1,123.14,0.0
OI00009975,O0005728,P0043,1,46.62,4.13
OI00009976,O0005729,P0049,1,143.35,14.93
OI00009977,O0005730,P0021,1,81.73,0.0
OI00009978,O0005730,P0057,1,160.15,0.0
OI00009979,O0005731,P0013,1,100.23,10.18
OI00009980,O0005731,P0019,1,668.08,82.47
OI00009981,O0005731,P0031,1,28.81,4.94
OI00009982,O0005731,P0040,2,482.52,45.03
OI00009983,O0005732,P0029,1,292.81,0.0
OI00009984,O0005733,P0040,2,476.19,144.23
OI00009985,O0005734,P0056,1,366.77,0.0
OI00009986,O0005734,P0038,1,275.64,0.0
OI00009987,O0005735,P0054,1,139.99,7.46
OI00009988,O0005736,P0036,1,187.49,0.0
OI00009989,O0005737,P0025,1,623.19,36.27
OI00009990,O0005737,P0033,1,441.47,57.6
OI00009991,O0005738,P0057,1,159.33,0.0
OI00009992,O0005739,P0007,2,113.8,0.0
OI00009993,O0005739,P0047,1,72.04,0.0
OI00009994,O0005739,P0016,1,124.47,0.0
OI00009995,O0005740,P0009,2,109.16,18.49
OI00009996,O0005740,P0029,1,298.08,35.69
OI00009997,O0005741,P0038,1,271.58,0.0
OI00009998,O0005741,P0023,1,119.62,0.0
OI00009999,O0005742,P0039,2,329.88,0.0
OI00010000,O0005743,P0045,1,153.03,0.0
OI00010001,O0005744,P0032,1,404.16,52.99
OI00010002,O0005744,P0036,1,195.83,21.59
OI00010003,O0005745,P0004,1,77.16,10.75
OI00010004,O0005745,P0009,1,109.52,11.9
OI00010005,O0005746,P0038,1,262.07,30.45
OI00010006,O0005747,P0033,1,437.17,0.0
OI00010007,O0005748,P0044,1,54.85,0.0
OI00010008,O0005749,P0038,1,261.49,0.0
OI00010009,O0005749,P0009,2,111.09,0.0
OI00010010,O0005749,P0057,2,165.77,0.0
OI00010011,O0005750,P0040,2,484.14,0.0
OI00010012,O0005751,P0001,1,147.82,0.0
OI00010013,O0005751,P0041,1,30.16,0.0
OI00010014,O0005752,P0039,1,330.53,0.0
OI00010015,O0005752,P0014,1,138.13,0.0
OI00010016,O0005753,P0020,1,690.8,0.0
OI00010017,O0005753,P0013,1,98.41,0.0
OI00010018,O0005754,P0030,1,261.31,39.57
OI00010019,O0005754,P0005,2,65.06,23.2
OI00010020,O0005755,P0024,1,766.09,0.0
OI00010021,O0005755,P0017,1,153.35,0.0
OI00010022,O0005755,P0041,2,30.21,0.0
OI00010023,O0005756,P0060,1,435.1,0.0
OI00010024,O0005757,P0019,1,666.35,0.0
OI00010025,O0005757,P0053,1,540.96,0.0
OI00010026,O0005758,P0009,2,107.84,0.0
OI00010027,O0005758,P0046,1,18.96,0.0
OI00010028,O0005759,P0035,1,280.64,0.0
OI00010029,O0005760,P0025,1,622.5,0.0
OI00010030,O0005761,P0028,1,328.5,0.0
OI00010031,O0005762,P0050,1,14.38,1.61
OI00010032,O0005762,P0003,1,80.62,5.32
OI00010033,O0005762,P0001,1,146.92,12.82
OI00010034,O0005763,P0033,1,437.13,0.0
OI00010035,O0005764,P0045,1,152.46,23.04
OI00010036,O0005764,P0060,1,443.22,45.64
OI00010037,O0005765,P0039,1,319.1,0.0
OI00010038,O0005766,P0001,1,144.64,20.47
OI00010039,O0005766,P0040,1,476.97,73.37
OI00010040,O0005767,P0016,1,120.97,0.0
OI00010041,O0005768,P0040,1,484.25,86.38
OI00010042,O0005769,P0006,1,126.62,0.0
OI00010043,O0005769,P0039,1,317.88,0.0
OI00010044,O0005769,P0009,1,113.52,0.0
OI00010045,O0005770,P0009,1,108.01,0.0
OI00010046,O0005770,P0029,2,289.38,0.0
OI00010047,O0005771,P0029,1,283.66,36.59
OI00010048,O0005771,P0038,2,276.13,31.47
OI00010049,O0005772,P0043,1,46.87,0.0
OI00010050,O0005772,P0024,1,786.07,0.0
OI00010051,O0005772,P0056,1,377.09,0.0
OI00010052,O0005773,P0049,1,142.14,0.0
OI00010053,O0005774,P0049,1,144.01,16.68
OI00010054,O0005774,P0043,1,46.68,4.29
OI00010055,O0005775,P0024,1,791.9,0.0
OI00010056,O0005775,P0051,1,76.43,0.0
OI00010057,O0005776,P0045,1,153.46,0.0
OI00010058,O0005776,P0026,1,86.35,0.0
OI00010059,O0005777,P0056,1,366.27,0.0
OI00010060,O0005777,P0023,1,125.22,0.0
OI00010061,O0005778,P0038,1,275.91,0.0
OI00010062,O0005779,P0019,1,685.3,0.0
OI00010063,O0005779,P0052,1,414.3,0.0
OI00010064,O0005780,P0003,1,79.53,0.0
OI00010065,O0005780,P0013,1,104.1,0.0
OI00010066,O0005780,P0038,1,264.73,0.0
OI00010067,O0005781,P0011,3,136.53,0.0
OI00010068,O0005782,P0039,1,313.5,0.0
OI00010069,O0005782,P0001,1,144.68,0.0
OI00010070,O0005783,P0045,1,145.53,0.0
OI00010071,O0005784,P0026,1,83.27,0.0
OI00010072,O0005785,P0045,2,152.46,0.0
OI00010073,O0005785,P0040,1,489.17,0.0
OI00010074,O0005785,P0038,1,263.57,0.0
OI00010075,O0005786,P0001,1,146.09,0.0
OI00010076,O0005786,P0016,1,124.1,0.0
OI00010077,O0005787,P0052,1,405.22,0.0
OI00010078,O0005788,P0039,2,317.58,0.0
OI00010079,O0005789,P0057,1,157.23,0.0
OI00010080,O0005790,P0019,1,674.66,103.29
OI00010081,O0005790,P0005,1,66.85,10.24
OI00010082,O0005791,P0016,1,120.27,8.75
OI00010083,O0005791,P0058,1,52.46,4.86
OI00010084,O0005791,P0005,1,67.13,3.07
OI00010085,O0005791,P0038,1,260.57,20.24
OI00010086,O0005792,P0049,1,141.78,0.0
OI00010087,O0005792,P0003,1,83.16,0.0
OI00010088,O0005792,P0059,1,63.49,0.0
OI00010089,O0005793,P0039,1,317.07,0.0
OI00010090,O0005794,P0029,1,286.3,0.0
OI00010091,O0005794,P0021,2,82.45,0.0
OI00010092,O0005794,P0049,1,144.74,0.0
OI00010093,O0005795,P0013,1,100.11,0.0
OI00010094,O0005796,P0043,2,46.1,12.29
OI00010095,O0005797,P0009,1,113.16,0.0
OI00010096,O0005797,P0006,1,124.21,0.0
OI00010097,O0005798,P0019,1,665.89,37.53
OI00010098,O0005799,P0024,1,769.03,0.0
OI00010099,O0005799,P0030,2,252.99,0.0
OI00010100,O0005799,P0040,1,485.82,0.0
OI00010101,O0005800,P0003,1,83.44,0.0
OI00010102,O0005801,P0005,1,68.74,3.39
OI00010103,O0005801,P0018,1,367.09,17.9
OI00010104,O0005802,P0038,1,265.82,16.86
OI00010105,O0005802,P0015,1,63.58,11.33
OI00010106,O0005803,P0005,2,66.72,16.29
OI00010107,O0005804,P0027,1,632.86,60.73
OI00010108,O0005804,P0008,1,85.49,12.61
OI00010109,O0005805,P0060,1,449.24,0.0
OI00010110,O0005805,P0015,1,63.29,0.0
OI00010111,O0005806,P0002,1,79.32,10.04
OI00010112,O0005807,P0039,1,321.27,0.0
OI00010113,O0005808,P0009,1,110.47,17.87
OI00010114,O0005808,P0038,2,263.84,69.82
OI00010115,O0005809,P0030,1,254.82,0.0
OI00010116,O0005810,P0038,2,263.83,0.0
OI00010117,O0005811,P0022,1,333.12,0.0
OI00010118,O0005812,P0055,1,147.75,0.0
OI00010119,O0005812,P0004,1,77.41,0.0
OI00010120,O0005812,P0038,2,271.56,0.0
OI00010121,O0005812,P0005,1,66.3,0.0
OI00010122,O0005813,P0020,2,665.2,75.39
OI00010123,O0005813,P0023,1,121.69,13.68
OI00010124,O0005814,P0027,2,642.1,0.0
OI00010125,O0005815,P0027,1,642.08,0.0
OI00010126,O0005816,P0019,1,667.8,0.0
OI00010127,O0005816,P0026,1,82.95,0.0
OI00010128,O0005817,P0032,1,417.78,0.0
OI00010129,O0005817,P0049,1,144.25,0.0
OI00010130,O0005817,P0006,2,127.47,0.0
OI00010131,O0005817,P0019,1,676.75,0.0
OI00010132,O0005818,P0053,1,525.64,0.0
OI00010133,O0005818,P0032,1,399.96,0.0
OI00010134,O0005818,P0019,1,690.87,0.0
OI00010135,O0005818,P0046,1,19.34,0.0
OI00010136,O0005818,P0036,1,191.86,0.0
OI00010137,O0005819,P0045,1,146.6,10.4
OI00010138,O0005820,P0054,2,140.26,0.0
OI00010139,O0005821,P0032,1,399.94,36.2
OI00010140,O0005821,P0023,1,119.28,8.04
OI00010141,O0005822,P0040,1,471.85,70.17
OI00010142,O0005822,P0027,1,647.04,64.95
OI00010143,O0005822,P0020,1,680.32,106.53
OI00010144,O0005823,P0022,1,336.72,23.43
OI00010145,O0005824,P0027,1,632.25,63.44
OI00010146,O0005825,P0041,1,30.06,3.04
OI00010147,O0005825,P0049,2,143.6,16.74
OI00010148,O0005826,P0058,1,52.63,0.0
OI00010149,O0005827,P0056,2,368.12,32.94
OI00010150,O0005827,P0023,1,123.92,9.41
OI00010151,O0005828,P0002,1,79.48,0.0
OI00010152,O0005829,P0038,1,274.68,30.95
OI00010153,O0005829,P0058,1,51.81,3.84
OI00010154,O0005830,P0013,1,103.43,15.33
OI00010155,O0005830,P0058,1,50.84,2.17
OI00010156,O0005831,P0058,1,50.69,0.0
OI00010157,O0005831,P0036,1,195.41,0.0
OI00010158,O0005832,P0032,1,417.85,19.18
OI00010159,O0005832,P0047,1,69.48,5.17
OI00010160,O0005832,P0013,1,100.17,17.56
OI00010161,O0005833,P0009,1,113.21,0.0
OI00010162,O0005833,P0029,1,293.02,0.0
OI00010163,O0005834,P0045,2,148.63,0.0
OI00010164,O0005835,P0021,1,83.44,0.0
OI00010165,O0005835,P0033,1,433.95,0.0
OI00010166,O0005835,P0041,1,31.7,0.0
OI00010167,O0005836,P0043,1,44.78,6.55
OI00010168,O0005836,P0004,1,76.81,3.52
OI00010169,O0005836,P0049,1,143.93,25.66
OI00010170,O0005836,P0056,1,373.01,35.72
OI00010171,O0005837,P0038,2,265.43,84.12
OI00010172,O0005837,P0028,1,320.2,39.93
OI00010173,O0005838,P0039,1,315.58,0.0
OI00010174,O0005838,P0003,1,83.37,0.0
OI00010175,O0005839,P0056,1,372.15,0.0
OI00010176,O0005840,P0014,1,134.39,0.0
OI00010177,O0005840,P0020,1,662.77,0.0
OI00010178,O0005841,P0007,1,107.68,0.0
OI00010179,O0005841,P0028,1,315.85,0.0
OI00010180,O0005842,P0060,1,448.57,30.14
OI00010181,O0005842,P0046,1,19.19,3.22
OI00010182,O0005843,P0001,1,145.32,0.0
OI00010183,O0005843,P0003,1,81.32,0.0
OI00010184,O0005844,P0019,1,677.32,0.0
OI00010185,O0005844,P0054,2,137.64,0.0
OI00010186,O0005845,P0025,1,627.59,0.0
OI00010187,O0005845,P0006,1,124.11,0.0
OI00010188,O0005846,P0048,1,90.89,15.88
OI00010189,O0005847,P0002,1,79.67,8.54
OI00010190,O0005848,P0037,2,64.31,7.91
OI00010191,O0005849,P0060,1,445.93,0.0
OI00010192,O0005849,P0006,2,125.6,0.0
OI00010193,O0005849,P0039,1,326.28,0.0
OI00010194,O0005850,P0019,1,661.58,0.0
OI00010195,O0005851,P0035,1,292.72,0.0
OI00010196,O0005852,P0018,1,357.72,0.0
OI00010197,O0005853,P0015,1,60.76,0.0
OI00010198,O0005853,P0032,1,421.69,0.0
OI00010199,O0005853,P0003,1,82.44,0.0
OI00010200,O0005853,P0052,1,421.49,0.0
OI00010201,O0005854,P0044,1,53.5,9.23
OI00010202,O0005855,P0017,1,151.46,0.0
OI00010203,O0005856,P0055,1,143.98,0.0
OI00010204,O0005857,P0018,2,368.4,0.0
OI00010205,O0005857,P0021,1,81.28,0.0
OI00010206,O0005857,P0031,1,28.89,0.0
OI00010207,O0005857,P0044,2,54.72,0.0
OI00010208,O0005858,P0004,1,78.47,4.25
OI00010209,O0005858,P0021,1,84.97,5.47
OI00010210,O0005859,P0014,1,138.4,0.0
OI00010211,O0005859,P0057,1,165.48,0.0
OI00010212,O0005860,P0004,1,75.27,0.0
OI00010213,O0005861,P0054,1,138.55,0.0
OI00010214,O0005862,P0016,1,123.52,0.0
OI00010215,O0005863,P0033,2,430.11,0.0
OI00010216,O0005863,P0042,1,127.28,0.0
OI00010217,O0005863,P0054,2,140.8,0.0
OI00010218,O0005864,P0004,1,76.38,6.4
OI00010219,O0005865,P0041,1,30.13,0.0
OI00010220,O0005865,P0024,2,770.83,0.0
OI00010221,O0005866,P0043,1,46.98,0.0
OI00010222,O0005867,P0006,1,121.33,0.0
OI00010223,O0005868,P0037,2,66.32,20.31
OI00010224,O0005868,P0033,2,426.39,44.62
OI00010225,O0005869,P0055,1,149.17,0.0
OI00010226,O0005869,P0001,1,143.51,0.0
OI00010227,O0005870,P0037,2,63.79,0.0
OI00010228,O0005870,P0006,1,128.23,0.0
OI00010229,O0005870,P0032,1,406.63,0.0
OI00010230,O0005870,P0020,1,659.59,0.0
OI00010231,O0005871,P0051,1,76.71,0.0
OI00010232,O0005872,P0059,1,61.35,3.62
OI00010233,O0005872,P0058,1,50.77,5.81
OI00010234,O0005873,P0024,1,767.8,133.28
OI00010235,O0005873,P0019,1,681.84,78.65
OI00010236,O0005874,P0019,1,672.39,0.0
OI00010237,O0005874,P0002,1,79.99,0.0
OI00010238,O0005874,P0032,1,409.51,0.0
OI00010239,O0005875,P0058,1,50.44,0.0
OI00010240,O0005875,P0003,1,79.96,0.0
OI00010241,O0005875,P0036,1,196.1,0.0
OI00010242,O0005876,P0020,1,678.87,0.0
OI00010243,O0005876,P0009,1,111.26,0.0
OI00010244,O0005877,P0038,1,269.24,0.0
OI00010245,O0005878,P0056,1,367.31,0.0
OI00010246,O0005878,P0010,1,156.28,0.0
OI00010247,O0005879,P0026,1,82.16,0.0
OI00010248,O0005880,P0024,1,807.63,0.0
OI00010249,O0005880,P0010,1,159.88,0.0
OI00010250,O0005881,P0007,1,107.97,0.0
OI00010251,O0005882,P0058,1,51.66,7.49
OI00010252,O0005882,P0040,1,487.82,27.89
OI00010253,O0005883,P0025,1,612.94,0.0
OI00010254,O0005883,P0030,1,254.52,0.0
OI00010255,O0005884,P0012,1,28.77,4.86
OI00010256,O0005884,P0003,1,80.9,9.1
OI00010257,O0005885,P0005,1,67.65,0.0
OI00010258,O0005885,P0030,1,259.3,0.0
OI00010259,O0005885,P0001,1,148.92,0.0
OI00010260,O0005886,P0019,1,658.26,0.0
OI00010261,O0005887,P0042,1,128.02,0.0
OI00010262,O0005888,P0041,1,30.03,3.05
OI00010263,O0005888,P0003,1,81.8,3.85
OI00010264,O0005889,P0052,1,412.13,0.0
OI00010265,O0005889,P0040,1,472.06,0.0
OI00010266,O0005889,P0007,1,113.13,0.0
OI00010267,O0005889,P0012,1,28.76,0.0
OI00010268,O0005890,P0049,1,138.31,0.0
OI00010269,O0005891,P0032,1,421.55,0.0
OI00010270,O0005892,P0015,1,63.18,0.0
OI00010271,O0005892,P0005,1,65.94,0.0
OI00010272,O0005892,P0039,1,313.41,0.0
OI00010273,O0005893,P0026,1,82.97,0.0
OI00010274,O0005894,P0036,1,192.13,0.0
OI00010275,O0005894,P0040,1,471.9,0.0
OI00010276,O0005895,P0058,1,52.33,0.0
OI00010277,O0005896,P0041,1,30.29,5.11
OI00010278,O0005897,P0011,1,139.97,0.0
OI00010279,O0005898,P0024,2,777.16,0.0
OI00010280,O0005899,P0056,1,371.24,0.0
OI00010281,O0005899,P0023,1,119.94,0.0
OI00010282,O0005900,P0038,1,275.8,0.0
OI00010283,O0005901,P0059,1,62.88,7.67
OI00010284,O0005901,P0039,1,329.67,25.49
OI00010285,O0005902,P0021,1,82.93,12.52
OI00010286,O0005903,P0039,1,316.47,46.4
OI00010287,O0005903,P0003,1,82.01,3.63
OI00010288,O0005903,P0060,1,434.44,53.56
OI00010289,O0005904,P0056,1,366.8,45.91
OI00010290,O0005904,P0038,1,268.16,31.63
OI00010291,O0005905,P0041,1,31.17,0.0
OI00010292,O0005906,P0051,1,73.73,0.0
OI00010293,O0005906,P0055,1,144.45,0.0
OI00010294,O0005906,P0020,1,671.2,0.0
OI00010295,O0005907,P0019,2,653.61,104.72
OI00010296,O0005908,P0042,1,131.02,0.0
OI00010297,O0005909,P0001,1,144.57,8.44
OI00010298,O0005909,P0041,1,31.62,3.18
OI00010299,O0005910,P0049,1,138.74,0.0
OI00010300,O0005910,P0053,1,543.21,0.0
OI00010301,O0005911,P0059,1,61.56,3.89
OI00010302,O0005912,P0006,1,127.86,11.35
OI00010303,O0005913,P0003,1,79.92,7.16
OI00010304,O0005913,P0001,1,144.23,25.39
OI00010305,O0005914,P0015,2,62.02,0.0
OI00010306,O0005915,P0030,1,253.59,37.55
OI00010307,O0005916,P0052,1,419.67,0.0
OI00010308,O0005916,P0054,1,135.89,0.0
OI00010309,O0005916,P0012,2,28.38,0.0
OI00010310,O0005917,P0019,1,659.44,0.0
OI00010311,O0005918,P0041,1,31.72,5.2
OI00010312,O0005919,P0058,1,51.18,8.06
OI00010313,O0005919,P0013,1,99.53,14.93
OI00010314,O0005920,P0040,1,482.85,0.0
OI00010315,O0005920,P0032,1,409.97,0.0
OI00010316,O0005921,P0038,1,272.43,0.0
OI00010317,O0005921,P0016,1,123.15,0.0
OI00010318,O0005922,P0037,1,67.01,0.0
OI00010319,O0005922,P0041,1,30.73,0.0
OI00010320,O0005923,P0038,1,273.22,0.0
OI00010321,O0005924,P0006,1,123.03,10.46
OI00010322,O0005925,P0033,1,433.47,0.0
OI00010323,O0005925,P0041,1,30.33,0.0
OI00010324,O0005926,P0046,1,19.75,0.0
OI00010325,O0005926,P0001,1,147.9,0.0
OI00010326,O0005927,P0024,1,771.12,43.48
OI00010327,O0005928,P0052,1,405.34,0.0
OI00010328,O0005928,P0057,2,163.26,0.0
OI00010329,O0005929,P0016,1,123.53,8.81
OI00010330,O0005930,P0004,1,76.47,0.0
OI00010331,O0005931,P0025,1,602.12,103.64
OI00010332,O0005931,P0045,1,150.61,6.96
OI00010333,O0005932,P0019,1,675.62,98.86
OI00010334,O0005932,P0038,1,262.17,38.07
OI00010335,O0005932,P0005,2,65.87,16.67
OI00010336,O0005932,P0008,1,87.4,8.92
OI00010337,O0005932,P0016,1,124.28,15.62
OI00010338,O0005933,P0011,1,142.1,0.0
OI00010339,O0005933,P0019,1,675.55,0.0
OI00010340,O0005934,P0003,1,81.67,0.0
OI00010341,O0005935,P0028,1,320.01,14.06
OI00010342,O0005935,P0011,1,143.06,12.28
OI00010343,O0005936,P0050,1,14.31,1.78
OI00010344,O0005936,P0040,1,473.59,72.84
OI00010345,O0005937,P0022,1,345.09,0.0
OI00010346,O0005937,P0038,1,268.83,0.0
OI00010347,O0005937,P0037,2,65.45,0.0
OI00010348,O0005938,P0013,1,102.72,0.0
OI00010349,O0005938,P0024,1,778.98,0.0
OI00010350,O0005939,P0039,2,315.25,0.0
OI00010351,O0005939,P0027,3,631.99,0.0
OI00010352,O0005939,P0048,2,91.41,0.0
OI00010353,O0005940,P0028,1,317.79,0.0
OI00010354,O0005941,P0059,1,63.43,7.63
OI00010355,O0005942,P0021,1,80.8,5.37
OI00010356,O0005943,P0003,1,79.36,10.54
OI00010357,O0005943,P0058,1,52.02,5.9
OI00010358,O0005943,P0020,2,685.41,176.66
OI00010359,O0005944,P0060,1,443.32,0.0
OI00010360,O0005944,P0027,1,635.63,0.0
OI00010361,O0005945,P0054,1,135.26,12.74
OI00010362,O0005945,P0010,1,164.65,10.72
OI00010363,O0005945,P0014,1,133.65,13.03
OI00010364,O0005946,P0039,1,318.39,0.0
OI00010365,O0005947,P0053,1,540.79,0.0
OI00010366,O0005947,P0021,1,85.52,0.0
OI00010367,O0005947,P0011,2,138.26,0.0
OI00010368,O0005948,P0060,2,435.29,0.0
OI00010369,O0005948,P0025,1,635.52,0.0
OI00010370,O0005949,P0049,2,139.72,0.0
OI00010371,O0005949,P0040,1,489.08,0.0
OI00010372,O0005949,P0057,1,164.07,0.0
OI00010373,O0005949,P0033,2,437.67,0.0
OI00010374,O0005950,P0004,2,77.09,0.0
OI00010375,O0005950,P0008,1,86.27,0.0
OI00010376,O0005951,P0056,1,371.99,0.0
OI00010377,O0005951,P0031,1,27.66,0.0
OI00010378,O0005951,P0030,2,248.62,0.0
OI00010379,O0005952,P0009,1,110.67,0.0
OI00010380,O0005953,P0012,1,28.59,0.0
OI00010381,O0005954,P0052,1,416.88,0.0
OI00010382,O0005955,P0046,1,19.4,0.0
OI00010383,O0005955,P0042,1,131.94,0.0
OI00010384,O0005956,P0043,1,46.78,0.0
OI00010385,O0005956,P0020,1,696.61,0.0
OI00010386,O0005956,P0006,1,125.8,0.0
OI00010387,O0005957,P0044,1,54.48,5.41
OI00010388,O0005957,P0029,1,291.53,47.78
OI00010389,O0005958,P0034,1,423.4,0.0
OI00010390,O0005958,P0029,2,296.99,0.0
OI00010391,O0005959,P0036,1,194.01,0.0
OI00010392,O0005960,P0003,1,82.38,4.22
OI00010393,O0005961,P0041,1,31.34,5.1
OI00010394,O0005962,P0019,1,653.51,0.0
OI00010395,O0005963,P0014,1,134.57,20.03
OI00010396,O0005963,P0003,1,82.9,14.84
OI00010397,O0005964,P0055,1,146.26,0.0
OI00010398,O0005964,P0022,1,346.03,0.0
OI00010399,O0005965,P0021,1,81.69,0.0
OI00010400,O0005965,P0060,1,448.92,0.0
OI00010401,O0005966,P0042,1,135.05,0.0
OI00010402,O0005966,P0045,1,148.37,0.0
OI00010403,O0005967,P0020,1,681.24,0.0
OI00010404,O0005968,P0047,1,71.56,6.96
OI00010405,O0005969,P0054,2,140.85,35.46
OI00010406,O0005969,P0005,1,67.09,4.36
OI00010407,O0005970,P0019,1,683.84,0.0
OI00010408,O0005971,P0033,1,422.35,0.0
OI00010409,O0005972,P0003,1,80.52,0.0
OI00010410,O0005972,P0059,1,62.23,0.0
OI00010411,O0005972,P0009,1,112.81,0.0
OI00010412,O0005973,P0030,1,260.73,0.0
OI00010413,O0005973,P0046,1,19.26,0.0
OI00010414,O0005974,P0033,1,424.19,0.0
OI00010415,O0005974,P0060,1,456.7,0.0
OI00010416,O0005975,P0029,1,289.97,44.59
OI00010417,O0005975,P0024,2,789.8,210.96
OI00010418,O0005975,P0033,1,422.8,47.72
OI00010419,O0005976,P0045,1,152.97,0.0
OI00010420,O0005977,P0058,1,50.34,5.9
OI00010421,O0005978,P0013,1,104.08,0.0
OI00010422,O0005978,P0023,2,119.9,0.0
OI00010423,O0005979,P0032,1,421.7,48.38
OI00010424,O0005979,P0022,2,337.59,59.8
OI00010425,O0005979,P0045,1,150.03,17.69
OI00010426,O0005980,P0009,1,110.36,13.69
OI00010427,O0005980,P0026,2,85.52,27.72
OI00010428,O0005980,P0025,1,602.8,41.85
OI00010429,O0005980,P0037,1,64.78,10.37
OI00010430,O0005981,P0032,1,422.07,0.0
OI00010431,O0005981,P0002,1,83.43,0.0
OI00010432,O0005982,P0038,1,269.89,0.0
OI00010433,O0005983,P0049,2,143.33,41.73
OI00010434,O0005984,P0040,1,485.56,72.93
OI00010435,O0005984,P0038,2,262.75,40.38
OI00010436,O0005984,P0002,1,80.65,7.56
OI00010437,O0005984,P0018,1,357.33,60.21
OI00010438,O0005985,P0029,1,298.36,0.0
OI00010439,O0005985,P0023,2,118.84,0.0
OI00010440,O0005986,P0038,1,276.26,0.0
OI00010441,O0005986,P0019,1,687.92,0.0
OI00010442,O0005987,P0013,1,100.92,0.0
OI00010443,O0005988,P0006,1,125.83,11.63
OI00010444,O0005988,P0035,1,278.03,16.45
OI00010445,O0005989,P0057,1,158.56,6.95
OI00010446,O0005989,P0022,1,345.85,34.8
OI00010447,O0005989,P0032,1,412.98,36.63
OI00010448,O0005990,P0019,1,658.11,0.0
OI00010449,O0005991,P0041,1,30.67,0.0
OI00010450,O0005991,P0031,2,28.0,0.0
OI00010451,O0005991,P0017,2,150.81,0.0
OI00010452,O0005992,P0027,1,642.09,35.32
OI00010453,O0005992,P0057,2,160.33,20.43
OI00010454,O0005992,P0017,2,158.74,18.93
OI00010455,O0005993,P0006,1,121.29,18.97
OI00010456,O0005994,P0046,2,19.28,0.0
OI00010457,O0005995,P0033,1,439.41,0.0
OI00010458,O0005995,P0059,1,63.67,0.0
OI00010459,O0005995,P0006,2,121.69,0.0
OI00010460,O0005996,P0038,1,266.42,39.19
OI00010461,O0005997,P0032,1,415.91,0.0
OI00010462,O0005997,P0055,1,145.35,0.0
OI00010463,O0005998,P0019,2,663.9,220.57
OI00010464,O0005999,P0003,1,82.48,0.0
OI00010465,O0005999,P0054,1,136.15,0.0
OI00010466,O0006000,P0001,1,146.2,23.54
OI00010467,O0006001,P0041,1,31.05,5.4
OI00010468,O0006002,P0033,1,433.19,69.05
OI00010469,O0006002,P0004,2,74.91,24.04
OI00010470,O0006003,P0035,1,291.24,0.0
OI00010471,O0006004,P0045,1,153.54,0.0
OI00010472,O0006005,P0042,1,130.94,0.0
OI00010473,O0006005,P0041,1,30.29,0.0
OI00010474,O0006006,P0032,1,404.81,0.0
OI00010475,O0006007,P0052,2,411.35,0.0
OI00010476,O0006007,P0041,1,30.5,0.0
OI00010477,O0006007,P0008,1,86.51,0.0
OI00010478,O0006007,P0021,1,82.86,0.0
OI00010479,O0006008,P0049,1,138.37,10.54
OI00010480,O0006008,P0035,1,289.73,51.08
OI00010481,O0006009,P0045,1,151.86,17.73
OI00010482,O0006009,P0011,2,144.37,16.24
OI00010483,O0006010,P0057,1,157.48,0.0
OI00010484,O0006010,P0045,1,149.89,0.0
OI00010485,O0006011,P0039,1,313.88,0.0
OI00010486,O0006011,P0008,1,89.05,0.0
OI00010487,O0006011,P0015,2,60.37,0.0
OI00010488,O0006012,P0057,1,161.93,0.0
OI00010489,O0006012,P0020,1,661.55,0.0
OI00010490,O0006013,P0037,1,67.07,0.0
OI00010491,O0006014,P0024,1,793.82,44.27
OI00010492,O0006015,P0040,2,488.88,0.0
OI00010493,O0006016,P0040,1,484.7,59.7
OI00010494,O0006017,P0033,1,429.05,0.0
OI00010495,O0006017,P0032,1,405.08,0.0
OI00010496,O0006018,P0039,1,328.69,0.0
OI00010497,O0006018,P0032,1,415.79,0.0
OI00010498,O0006018,P0027,1,652.13,0.0
OI00010499,O0006019,P0026,1,85.94,7.94
OI00010500,O0006019,P0032,1,419.08,31.95
OI00010501,O0006020,P0032,1,404.86,0.0
OI00010502,O0006020,P0036,1,187.8,0.0
OI00010503,O0006021,P0025,1,609.54,0.0
OI00010504,O0006022,P0018,1,369.29,63.44
OI00010505,O0006022,P0050,1,13.89,2.47
OI00010506,O0006022,P0038,1,260.48,26.8
OI00010507,O0006023,P0059,1,60.51,0.0
OI00010508,O0006024,P0033,1,443.25,0.0
OI00010509,O0006025,P0045,1,153.67,0.0
OI00010510,O0006026,P0034,1,419.56,70.36
OI00010511,O0006027,P0042,1,133.92,0.0
OI00010512,O0006028,P0011,1,143.24,24.2
OI00010513,O0006029,P0003,1,83.17,3.8
OI00010514,O0006029,P0023,1,121.05,18.44
OI00010515,O0006030,P0049,1,143.83,11.15
OI00010516,O0006030,P0032,1,420.81,35.58
OI00010517,O0006031,P0009,1,109.71,0.0
OI00010518,O0006031,P0038,1,260.57,0.0
OI00010519,O0006032,P0005,2,67.79,0.0
OI00010520,O0006032,P0003,1,83.09,0.0
OI00010521,O0006033,P0056,2,380.02,0.0
OI00010522,O0006033,P0049,2,145.19,0.0
OI00010523,O0006034,P0050,2,14.04,0.0
OI00010524,O0006034,P0044,1,53.46,0.0
OI00010525,O0006034,P0055,1,146.22,0.0
OI00010526,O0006034,P0041,2,30.46,0.0
OI00010527,O0006035,P0016,1,124.91,6.25
OI00010528,O0006036,P0029,1,298.67,34.32
OI00010529,O0006036,P0042,1,134.42,16.92
OI00010530,O0006037,P0045,1,149.02,0.0
OI00010531,O0006038,P0049,1,140.43,0.0
OI00010532,O0006039,P0031,1,28.27,0.0
OI00010533,O0006039,P0024,1,781.63,0.0
OI00010534,O0006040,P0057,1,163.46,0.0
OI00010535,O0006041,P0021,1,84.14,0.0
OI00010536,O0006041,P0009,1,108.74,0.0
OI00010537,O0006042,P0041,1,30.01,0.0
OI00010538,O0006042,P0019,1,677.98,0.0
OI00010539,O0006043,P0057,1,162.03,0.0
OI00010540,O0006044,P0057,1,157.61,0.0
OI00010541,O0006044,P0041,1,30.8,0.0
OI00010542,O0006044,P0045,1,148.5,0.0
OI00010543,O0006045,P0060,1,447.17,0.0
OI00010544,O0006046,P0039,1,320.93,38.79
OI00010545,O0006047,P0021,1,81.49,0.0
OI00010546,O0006047,P0024,1,791.76,0.0
OI00010547,O0006047,P0043,1,46.48,0.0
OI00010548,O0006048,P0044,1,52.72,0.0
OI00010549,O0006048,P0038,1,275.88,0.0
OI00010550,O0006049,P0037,1,63.35,0.0
OI00010551,O0006049,P0029,2,288.15,0.0
OI00010552,O0006050,P0036,1,187.38,0.0
OI00010553,O0006051,P0032,1,413.78,0.0
OI00010554,O0006052,P0045,1,148.95,13.92
OI00010555,O0006053,P0005,1,65.33,7.16
OI00010556,O0006054,P0027,1,626.15,0.0
OI00010557,O0006055,P0057,1,165.32,0.0
OI00010558,O0006056,P0033,1,435.15,37.64
OI00010559,O0006056,P0007,1,108.59,14.05
OI00010560,O0006057,P0001,1,144.73,0.0
OI00010561,O0006057,P0003,1,80.68,0.0
OI00010562,O0006058,P0045,1,145.67,0.0
OI00010563,O0006059,P0001,1,147.96,0.0
OI00010564,O0006059,P0033,1,421.36,0.0
OI00010565,O0006059,P0027,2,655.66,0.0
OI00010566,O0006060,P0019,1,682.1,86.72
OI00010567,O0006061,P0046,1,18.76,0.0
OI00010568,O0006061,P0020,1,690.1,0.0
OI00010569,O0006062,P0020,1,672.62,116.72
OI00010570,O0006063,P0022,1,347.64,49.3
OI00010571,O0006063,P0056,1,379.55,66.55
OI00010572,O0006064,P0053,1,525.67,76.08
OI00010573,O0006065,P0013,1,100.07,8.83
OI00010574,O0006066,P0032,2,412.45,86.68
OI00010575,O0006066,P0022,1,343.41,27.33
OI00010576,O0006067,P0001,1,144.96,0.0
OI00010577,O0006067,P0024,1,806.37,0.0
OI00010578,O0006068,P0058,1,51.12,0.0
OI00010579,O0006069,P0057,1,164.59,23.18
OI00010580,O0006069,P0042,1,132.28,15.37
OI00010581,O0006070,P0050,1,14.51,0.0
OI00010582,O0006070,P0039,2,313.93,0.0
OI00010583,O0006070,P0056,1,379.13,0.0
OI00010584,O0006071,P0032,1,409.94,0.0
OI00010585,O0006072,P0048,1,93.64,0.0
OI00010586,O0006073,P0023,1,122.02,0.0
OI00010587,O0006073,P0052,1,408.26,0.0
OI00010588,O0006074,P0020,2,679.96,171.62
OI00010589,O0006074,P0039,1,331.16,26.34
OI00010590,O0006075,P0044,1,52.93,8.88
OI00010591,O0006076,P0039,1,328.72,57.37
OI00010592,O0006077,P0049,1,141.19,0.0
OI00010593,O0006078,P0020,1,674.01,71.73
OI00010594,O0006079,P0039,2,323.92,0.0
OI00010595,O0006080,P0045,1,151.99,0.0
OI00010596,O0006080,P0004,1,78.0,0.0
OI00010597,O0006081,P0038,1,261.93,0.0
OI00010598,O0006081,P0057,1,161.81,0.0
OI00010599,O0006081,P0047,1,69.5,0.0
OI00010600,O0006081,P0058,1,51.9,0.0
OI00010601,O0006082,P0042,1,128.06,21.42
OI00010602,O0006082,P0027,1,634.59,49.03
OI00010603,O0006082,P0057,2,162.21,54.52
OI00010604,O0006083,P0023,1,118.82,13.14
OI00010605,O0006083,P0060,1,455.21,58.35
OI00010606,O0006083,P0046,1,19.4,3.03
OI00010607,O0006084,P0023,1,122.65,0.0
OI00010608,O0006084,P0009,1,110.24,0.0
OI00010609,O0006085,P0017,1,155.27,0.0
OI00010610,O0006086,P0057,1,158.63,22.49
OI00010611,O0006086,P0054,1,138.21,6.02
OI00010612,O0006087,P0002,1,81.03,0.0
OI00010613,O0006087,P0029,1,294.5,0.0
OI00010614,O0006087,P0057,1,163.32,0.0
OI00010615,O0006088,P0019,1,671.33,0.0
OI00010616,O0006089,P0042,1,133.84,0.0
OI00010617,O0006089,P0045,1,154.31,0.0
OI00010618,O0006090,P0049,1,145.12,0.0
OI00010619,O0006090,P0043,1,45.0,0.0
OI00010620,O0006091,P0017,2,151.28,0.0
OI00010621,O0006092,P0023,1,123.09,10.95
OI00010622,O0006093,P0023,1,118.2,0.0
OI00010623,O0006094,P0047,1,71.21,0.0
OI00010624,O0006095,P0057,2,160.11,0.0
OI00010625,O0006096,P0005,1,65.18,5.05
OI00010626,O0006097,P0023,1,123.63,0.0
OI00010627,O0006097,P0041,1,31.4,0.0
OI00010628,O0006098,P0032,1,412.69,73.59
OI00010629,O0006099,P0060,2,435.76,41.05
OI00010630,O0006100,P0026,1,83.12,8.68
OI00010631,O0006100,P0047,1,68.18,6.38
OI00010632,O0006100,P0038,1,272.7,22.41
OI00010633,O0006101,P0020,1,694.82,0.0
OI00010634,O0006101,P0008,1,87.43,0.0
OI00010635,O0006101,P0003,1,81.47,0.0
OI00010636,O0006102,P0039,1,322.42,0.0
OI00010637,O0006102,P0038,1,275.17,0.0
OI00010638,O0006103,P0019,1,655.66,0.0
OI00010639,O0006103,P0006,2,126.46,0.0
OI00010640,O0006104,P0042,1,132.11,9.74
OI00010641,O0006105,P0057,1,162.91,9.18
OI00010642,O0006105,P0003,1,83.95,7.06
OI00010643,O0006105,P0012,1,29.2,3.36
OI00010644,O0006105,P0042,2,132.23,12.21
OI00010645,O0006105,P0050,1,13.83,2.32
OI00010646,O0006106,P0057,2,159.57,27.61
OI00010647,O0006106,P0024,1,776.91,70.23
OI00010648,O0006107,P0015,2,62.76,0.0
OI00010649,O0006107,P0016,1,125.94,0.0
OI00010650,O0006108,P0054,1,138.8,0.0
OI00010651,O0006108,P0052,1,411.97,0.0
OI00010652,O0006108,P0020,1,688.31,0.0
OI00010653,O0006109,P0003,1,79.97,9.12
OI00010654,O0006109,P0013,1,100.77,6.75
OI00010655,O0006109,P0060,1,457.22,46.63
OI00010656,O0006110,P0016,2,121.02,0.0
OI00010657,O0006111,P0057,1,158.92,28.01
OI00010658,O0006111,P0027,1,637.76,85.88
OI00010659,O0006112,P0049,1,139.69,0.0
OI00010660,O0006113,P0057,1,161.91,0.0
OI00010661,O0006113,P0002,1,83.64,0.0
OI00010662,O0006113,P0020,1,677.94,0.0
OI00010663,O0006113,P0041,1,30.11,0.0
OI00010664,O0006114,P0059,2,61.61,7.73
OI00010665,O0006115,P0041,1,31.6,4.39
OI00010666,O0006115,P0006,1,128.63,20.14
OI00010667,O0006116,P0030,1,261.62,0.0
OI00010668,O0006117,P0039,1,326.22,0.0
OI00010669,O0006117,P0043,1,46.38,0.0
OI00010670,O0006117,P0002,1,83.61,0.0
OI00010671,O0006118,P0055,1,144.33,0.0
OI00010672,O0006119,P0001,1,149.66,10.96
OI00010673,O0006119,P0043,1,44.75,4.22
OI00010674,O0006120,P0028,1,324.49,0.0
OI00010675,O0006121,P0046,1,18.94,0.0
OI00010676,O0006122,P0043,1,45.03,2.75
OI00010677,O0006122,P0006,1,123.63,13.25
OI00010678,O0006122,P0036,1,195.64,21.56
OI00010679,O0006122,P0019,1,690.62,114.13
OI00010680,O0006123,P0011,1,136.26,0.0
OI00010681,O0006123,P0007,1,112.1,0.0
OI00010682,O0006123,P0039,2,329.35,0.0
OI00010683,O0006124,P0019,1,656.12,0.0
OI00010684,O0006124,P0004,2,76.86,0.0
OI00010685,O0006125,P0054,1,139.7,0.0
OI00010686,O0006125,P0045,1,145.7,0.0
OI00010687,O0006125,P0019,1,653.46,0.0
OI00010688,O0006126,P0025,1,601.9,0.0
OI00010689,O0006127,P0019,1,672.98,0.0
OI00010690,O0006127,P0028,1,316.81,0.0
OI00010691,O0006128,P0037,1,64.9,0.0
OI00010692,O0006128,P0026,3,85.06,0.0
OI00010693,O0006129,P0016,1,122.9,0.0
OI00010694,O0006130,P0030,1,253.17,0.0
OI00010695,O0006131,P0003,1,79.92,0.0
OI00010696,O0006132,P0035,1,278.49,22.01
OI00010697,O0006133,P0056,1,366.88,60.38
OI00010698,O0006134,P0044,1,53.03,0.0
OI00010699,O0006134,P0003,1,80.24,0.0
OI00010700,O0006135,P0003,1,82.41,11.85
OI00010701,O0006135,P0008,1,88.39,9.6
OI00010702,O0006136,P0019,1,656.66,0.0
OI00010703,O0006136,P0005,1,65.46,0.0
OI00010704,O0006137,P0047,2,69.4,0.0
OI00010705,O0006137,P0045,1,146.26,0.0
OI00010706,O0006138,P0024,1,806.25,111.19
OI00010707,O0006139,P0001,2,144.46,0.0
OI00010708,O0006140,P0034,1,431.51,0.0
OI00010709,O0006140,P0044,1,53.99,0.0
OI00010710,O0006140,P0049,1,145.34,0.0
OI00010711,O0006140,P0038,1,264.88,0.0
OI00010712,O0006141,P0034,1,432.81,56.27
OI00010713,O0006142,P0003,1,81.57,8.47
OI00010714,O0006142,P0001,2,142.91,26.0
OI00010715,O0006142,P0032,1,397.62,49.08
OI00010716,O0006143,P0038,1,275.56,25.93
OI00010717,O0006144,P0058,1,51.63,6.34
OI00010718,O0006144,P0032,2,405.02,39.57
OI00010719,O0006145,P0011,2,141.3,0.0
OI00010720,O0006146,P0038,1,260.32,0.0
OI00010721,O0006146,P0046,2,18.64,0.0
OI00010722,O0006147,P0038,1,274.19,17.68
OI00010723,O0006148,P0035,1,286.29,0.0
OI00010724,O0006148,P0019,1,677.78,0.0
OI00010725,O0006148,P0049,2,140.42,0.0
OI00010726,O0006149,P0051,2,74.73,0.0
OI00010727,O0006149,P0058,1,52.46,0.0
OI00010728,O0006149,P0003,1,81.3,0.0
OI00010729,O0006150,P0014,1,133.43,22.72
OI00010730,O0006151,P0032,1,400.66,0.0
OI00010731,O0006152,P0033,1,433.3,0.0
OI00010732,O0006152,P0060,1,459.63,0.0
OI00010733,O0006153,P0002,1,79.44,0.0
OI00010734,O0006153,P0057,1,157.11,0.0
OI00010735,O0006153,P0006,1,123.84,0.0
OI00010736,O0006154,P0003,2,83.43,0.0
OI00010737,O0006154,P0009,1,114.1,0.0
OI00010738,O0006155,P0049,1,142.68,0.0
OI00010739,O0006155,P0060,1,441.85,0.0
OI00010740,O0006156,P0041,1,30.51,0.0
OI00010741,O0006156,P0031,1,28.5,0.0
OI00010742,O0006157,P0045,1,145.55,0.0
OI00010743,O0006158,P0003,1,83.82,0.0
OI00010744,O0006159,P0021,2,84.62,10.8
OI00010745,O0006160,P0057,1,163.74,0.0
OI00010746,O0006160,P0006,1,121.88,0.0
OI00010747,O0006161,P0006,1,123.4,0.0
OI00010748,O0006161,P0060,1,457.34,0.0
OI00010749,O0006161,P0023,1,118.82,0.0
OI00010750,O0006162,P0030,1,254.41,0.0
OI00010751,O0006163,P0055,2,150.78,44.41
OI00010752,O0006163,P0049,2,143.04,49.42
OI00010753,O0006164,P0056,2,366.14,61.28
OI00010754,O0006165,P0003,1,80.22,0.0
OI00010755,O0006166,P0043,1,45.09,0.0
OI00010756,O0006167,P0056,2,378.6,0.0
OI00010757,O0006168,P0038,1,272.72,0.0
OI00010758,O0006169,P0048,1,92.94,0.0
OI00010759,O0006169,P0033,1,434.57,0.0
OI00010760,O0006170,P0029,1,287.12,0.0
OI00010761,O0006170,P0058,1,51.53,0.0
OI00010762,O0006171,P0026,1,86.16,13.38
OI00010763,O0006171,P0059,1,63.08,3.06
OI00010764,O0006172,P0040,1,489.57,0.0
OI00010765,O0006172,P0043,1,45.86,0.0
OI00010766,O0006173,P0027,1,621.83,0.0
OI00010767,O0006174,P0060,1,459.27,44.71
OI00010768,O0006174,P0019,1,660.4,117.14
OI00010769,O0006175,P0033,1,426.96,0.0
OI00010770,O0006175,P0032,1,401.55,0.0
OI00010771,O0006175,P0006,1,124.86,0.0
OI00010772,O0006176,P0025,1,609.1,90.74
OI00010773,O0006177,P0057,1,158.93,0.0
OI00010774,O0006177,P0040,1,491.6,0.0
OI00010775,O0006178,P0001,1,145.17,0.0
OI00010776,O0006179,P0028,1,313.99,0.0
OI00010777,O0006179,P0029,2,287.69,0.0
OI00010778,O0006180,P0002,1,83.67,9.13
OI00010779,O0006181,P0001,1,147.55,0.0
OI00010780,O0006182,P0036,1,191.93,0.0
OI00010781,O0006182,P0001,1,144.38,0.0
OI00010782,O0006183,P0023,1,123.5,9.43
OI00010783,O0006183,P0045,2,149.52,28.34
OI00010784,O0006184,P0002,1,81.41,10.99
OI00010785,O0006184,P0038,1,263.94,39.42
OI00010786,O0006184,P0003,2,81.06,16.61
OI00010787,O0006185,P0038,1,260.28,44.55
OI00010788,O0006185,P0010,1,161.05,17.96
OI00010789,O0006186,P0056,1,377.86,24.69
OI00010790,O0006186,P0017,1,151.61,16.98
OI00010791,O0006187,P0035,1,293.89,0.0
OI00010792,O0006188,P0020,1,660.07,86.19
OI00010793,O0006189,P0013,1,103.79,17.18
OI00010794,O0006189,P0056,1,362.89,50.3
OI00010795,O0006189,P0029,1,296.81,15.87
OI00010796,O0006190,P0009,1,109.1,12.53
OI00010797,O0006191,P0014,1,137.78,0.0
OI00010798,O0006191,P0049,1,143.13,0.0
OI00010799,O0006191,P0059,2,61.61,0.0
OI00010800,O0006191,P0042,1,129.03,0.0
OI00010801,O0006191,P0051,1,75.98,0.0
OI00010802,O0006192,P0029,1,285.04,0.0
OI00010803,O0006193,P0005,2,66.36,0.0
OI00010804,O0006193,P0040,1,487.71,0.0
OI00010805,O0006194,P0004,1,77.45,0.0
OI00010806,O0006195,P0003,1,82.6,0.0
OI00010807,O0006196,P0010,2,161.29,0.0
OI00010808,O0006196,P0026,1,86.5,0.0
OI00010809,O0006197,P0033,1,418.63,0.0
OI00010810,O0006197,P0045,1,148.14,0.0
OI00010811,O0006197,P0009,1,107.88,0.0
OI00010812,O0006198,P0006,2,128.53,0.0
OI00010813,O0006198,P0057,1,161.12,0.0
OI00010814,O0006199,P0060,1,441.78,52.72
OI00010815,O0006199,P0006,1,126.84,15.58
OI00010816,O0006200,P0032,1,409.93,0.0
OI00010817,O0006200,P0043,1,44.71,0.0
OI00010818,O0006200,P0003,1,83.57,0.0
OI00010819,O0006201,P0055,2,148.21,0.0
OI00010820,O0006201,P0045,1,145.45,0.0
OI00010821,O0006201,P0006,2,126.91,0.0
OI00010822,O0006202,P0042,1,134.61,22.53
OI00010823,O0006202,P0040,1,469.67,67.57
OI00010824,O0006202,P0003,1,81.0,5.61
OI00010825,O0006203,P0041,2,31.46,6.63
OI00010826,O0006203,P0003,2,83.11,8.11
OI00010827,O0006203,P0006,2,126.65,33.28
OI00010828,O0006204,P0035,1,283.44,0.0
OI00010829,O0006204,P0038,1,267.98,0.0
OI00010830,O0006204,P0010,2,160.34,0.0
OI00010831,O0006205,P0056,1,371.38,65.66
OI00010832,O0006206,P0030,1,249.2,11.62
OI00010833,O0006206,P0025,1,604.11,76.07
OI00010834,O0006207,P0035,1,280.57,0.0
OI00010835,O0006207,P0020,1,696.33,0.0
OI00010836,O0006207,P0045,1,154.03,0.0
OI00010837,O0006208,P0059,1,61.88,4.79
OI00010838,O0006209,P0059,1,60.74,0.0
OI00010839,O0006210,P0032,1,411.67,22.22
OI00010840,O0006211,P0025,1,622.86,87.22
OI00010841,O0006212,P0003,2,82.13,0.0
OI00010842,O0006213,P0050,1,14.07,0.0
OI00010843,O0006213,P0034,1,413.03,0.0
OI00010844,O0006214,P0043,1,45.58,7.83
OI00010845,O0006215,P0019,1,665.99,98.34
OI00010846,O0006216,P0032,1,417.16,0.0
OI00010847,O0006217,P0029,1,285.89,33.85
OI00010848,O0006217,P0041,1,30.83,4.66
OI00010849,O0006217,P0026,1,83.12,11.48
OI00010850,O0006218,P0026,1,83.01,10.46
OI00010851,O0006218,P0030,1,251.17,39.02
OI00010852,O0006218,P0023,1,118.05,18.14
OI00010853,O0006219,P0050,1,13.83,0.0
OI00010854,O0006219,P0015,2,62.35,0.0
OI00010855,O0006220,P0038,2,261.89,70.0
OI00010856,O0006221,P0003,1,82.49,0.0
OI00010857,O0006221,P0024,1,804.99,0.0
OI00010858,O0006222,P0006,1,125.31,0.0
OI00010859,O0006222,P0018,1,359.2,0.0
OI00010860,O0006223,P0013,1,99.3,0.0
OI00010861,O0006224,P0038,1,263.65,27.84
OI00010862,O0006225,P0001,1,142.07,0.0
OI00010863,O0006225,P0006,1,123.12,0.0
OI00010864,O0006225,P0019,1,680.93,0.0
OI00010865,O0006226,P0026,1,84.44,0.0
OI00010866,O0006227,P0007,1,108.44,0.0
OI00010867,O0006228,P0032,1,414.99,48.72
OI00010868,O0006228,P0004,2,77.24,21.65
OI00010869,O0006229,P0055,1,142.64,0.0
OI00010870,O0006230,P0053,1,523.26,0.0
OI00010871,O0006230,P0052,1,414.59,0.0
OI00010872,O0006230,P0049,1,141.36,0.0
OI00010873,O0006231,P0006,1,121.31,13.37
OI00010874,O0006231,P0024,1,789.56,130.81
OI00010875,O0006232,P0039,1,324.78,29.33
OI00010876,O0006233,P0053,1,551.43,31.63
OI00010877,O0006233,P0001,1,148.87,16.67
OI00010878,O0006233,P0038,2,268.91,69.39
OI00010879,O0006233,P0005,1,65.62,7.14
OI00010880,O0006234,P0055,2,149.54,0.0
OI00010881,O0006234,P0019,1,664.61,0.0
OI00010882,O0006235,P0055,1,146.43,0.0
OI00010883,O0006236,P0010,2,162.77,23.06
OI00010884,O0006237,P0016,1,121.75,0.0
OI00010885,O0006237,P0006,1,124.04,0.0
OI00010886,O0006238,P0045,1,152.18,12.42
OI00010887,O0006239,P0032,1,414.11,0.0
OI00010888,O0006240,P0019,1,658.74,59.5
OI00010889,O0006240,P0040,1,466.72,57.68
OI00010890,O0006241,P0010,1,163.29,7.77
OI00010891,O0006242,P0057,1,157.73,0.0
OI00010892,O0006242,P0002,1,82.69,0.0
OI00010893,O0006243,P0042,1,132.74,9.56
OI00010894,O0006243,P0038,1,269.65,25.53
OI00010895,O0006243,P0041,1,30.08,2.87
OI00010896,O0006244,P0030,1,256.05,0.0
OI00010897,O0006245,P0056,1,365.31,45.82
OI00010898,O0006246,P0015,2,60.84,0.0
OI00010899,O0006247,P0041,1,30.84,3.64
OI00010900,O0006248,P0022,2,345.42,43.76
OI00010901,O0006249,P0055,1,148.57,0.0
OI00010902,O0006249,P0023,1,121.68,0.0
OI00010903,O0006250,P0048,2,94.97,0.0
OI00010904,O0006250,P0035,1,285.67,0.0
OI00010905,O0006250,P0017,1,150.72,0.0
OI00010906,O0006251,P0006,2,126.05,40.29
OI00010907,O0006251,P0004,1,74.65,8.49
OI00010908,O0006251,P0029,2,293.42,78.74
OI00010909,O0006251,P0060,1,438.93,32.25
OI00010910,O0006252,P0043,1,44.92,3.35
OI00010911,O0006252,P0038,1,264.44,26.17
OI00010912,O0006253,P0057,1,162.45,0.0
OI00010913,O0006254,P0045,2,149.15,0.0
OI00010914,O0006255,P0041,1,30.81,0.0
OI00010915,O0006256,P0026,1,84.02,0.0
OI00010916,O0006257,P0029,1,283.82,0.0
OI00010917,O0006257,P0026,1,81.84,0.0
OI00010918,O0006258,P0043,1,46.29,7.25
OI00010919,O0006259,P0024,1,806.15,0.0
OI00010920,O0006259,P0034,1,415.57,0.0
OI00010921,O0006260,P0021,1,81.83,0.0
OI00010922,O0006260,P0027,1,633.24,0.0
OI00010923,O0006260,P0038,1,274.79,0.0
OI00010924,O0006261,P0027,1,643.3,73.91
OI00010925,O0006262,P0005,2,68.75,0.0
OI00010926,O0006262,P0040,1,484.54,0.0
OI00010927,O0006263,P0043,1,46.3,0.0
OI00010928,O0006264,P0031,2,27.72,3.67
OI00010929,O0006264,P0005,1,65.13,9.93
OI00010930,O0006265,P0054,1,134.82,0.0
OI00010931,O0006266,P0019,1,678.05,0.0
OI00010932,O0006267,P0005,2,67.78,0.0
OI00010933,O0006267,P0015,1,63.11,0.0
OI00010934,O0006267,P0054,2,139.34,0.0
OI00010935,O0006268,P0011,1,144.36,0.0
OI00010936,O0006268,P0003,1,82.23,0.0
OI00010937,O0006269,P0033,1,424.12,0.0
OI00010938,O0006270,P0037,1,64.03,0.0
OI00010939,O0006271,P0042,1,132.09,0.0
OI00010940,O0006272,P0038,1,269.33,46.27
OI00010941,O0006272,P0001,2,146.69,47.45
OI00010942,O0006273,P0045,1,152.8,14.77
OI00010943,O0006274,P0041,1,30.76,0.0
OI00010944,O0006274,P0025,1,635.88,0.0
OI00010945,O0006275,P0032,1,412.62,69.17
OI00010946,O0006275,P0044,1,53.74,9.3
OI00010947,O0006275,P0007,1,113.24,17.03
OI00010948,O0006275,P0054,1,133.22,19.14
OI00010949,O0006276,P0043,1,46.86,0.0
OI00010950,O0006277,P0046,1,18.62,0.0
OI00010951,O0006278,P0040,1,488.83,0.0
OI00010952,O0006279,P0013,2,101.03,28.74
OI00010953,O0006279,P0022,1,348.36,59.53
OI00010954,O0006280,P0015,1,60.3,10.58
OI00010955,O0006280,P0043,2,44.65,14.55
OI00010956,O0006280,P0037,1,63.65,7.09
OI00010957,O0006281,P0014,1,135.34,0.0
OI00010958,O0006281,P0029,1,289.13,0.0
OI00010959,O0006281,P0050,1,14.05,0.0
OI00010960,O0006282,P0050,1,13.84,0.0
OI00010961,O0006282,P0020,1,674.03,0.0
OI00010962,O0006283,P0034,1,426.71,0.0
OI00010963,O0006283,P0053,2,543.7,0.0
OI00010964,O0006284,P0010,1,162.98,0.0
OI00010965,O0006284,P0045,1,146.51,0.0
OI00010966,O0006284,P0032,2,418.38,0.0
OI00010967,O0006285,P0022,1,335.18,27.24
OI00010968,O0006285,P0055,1,143.86,11.34
OI00010969,O0006286,P0028,1,325.98,0.0
OI00010970,O0006286,P0003,1,79.28,0.0
OI00010971,O0006287,P0020,2,693.06,218.89
OI00010972,O0006288,P0018,1,370.98,0.0
OI00010973,O0006288,P0004,1,77.41,0.0
OI00010974,O0006289,P0001,1,147.15,0.0
OI00010975,O0006289,P0054,2,134.93,0.0
OI00010976,O0006290,P0004,1,77.71,11.24
OI00010977,O0006290,P0030,1,247.24,38.71
OI00010978,O0006291,P0038,1,267.87,0.0
OI00010979,O0006292,P0043,1,44.83,3.11
OI00010980,O0006292,P0016,1,121.13,5.32
OI00010981,O0006293,P0050,1,14.09,1.26
OI00010982,O0006293,P0032,1,411.62,73.43
OI00010983,O0006294,P0020,1,681.06,0.0
OI00010984,O0006294,P0038,1,262.85,0.0
OI00010985,O0006294,P0049,2,145.59,0.0
OI00010986,O0006295,P0034,1,412.88,0.0
OI00010987,O0006296,P0004,1,77.95,12.97
OI00010988,O0006296,P0058,1,50.03,6.38
OI00010989,O0006296,P0041,1,30.71,4.19
OI00010990,O0006297,P0005,1,67.53,4.2
OI00010991,O0006297,P0053,2,536.24,94.96
OI00010992,O0006298,P0025,1,611.12,0.0
OI00010993,O0006298,P0023,1,124.79,0.0
OI00010994,O0006299,P0024,1,785.74,105.87
OI00010995,O0006299,P0030,1,246.81,15.79
OI00010996,O0006300,P0003,2,82.83,0.0
OI00010997,O0006301,P0016,1,120.42,11.72
OI00010998,O0006302,P0060,1,440.92,0.0
OI00010999,O0006302,P0032,1,397.96,0.0
OI00011000,O0006303,P0035,1,287.74,0.0
OI00011001,O0006303,P0041,1,30.93,0.0
OI00011002,O0006303,P0025,1,618.7,0.0
OI00011003,O0006304,P0003,1,81.09,12.7
OI00011004,O0006305,P0006,1,121.76,0.0
OI00011005,O0006306,P0057,1,158.98,0.0
OI00011006,O0006307,P0019,2,675.88,235.24
OI00011007,O0006307,P0010,1,163.21,24.33
OI00011008,O0006307,P0035,1,283.04,28.94
OI00011009,O0006308,P0033,2,434.27,0.0
OI00011010,O0006308,P0008,1,87.03,0.0
OI00011011,O0006308,P0026,1,85.86,0.0
OI00011012,O0006309,P0046,1,19.66,3.11
OI00011013,O0006310,P0005,1,65.32,0.0
OI00011014,O0006310,P0025,1,603.68,0.0
OI00011015,O0006311,P0032,2,398.89,0.0
OI00011016,O0006311,P0059,1,63.28,0.0
OI00011017,O0006311,P0058,1,51.47,0.0
OI00011018,O0006311,P0039,2,322.42,0.0
OI00011019,O0006311,P0006,1,122.5,0.0
OI00011020,O0006312,P0046,1,19.06,0.0
OI00011021,O0006313,P0029,1,286.89,0.0
OI00011022,O0006314,P0007,1,110.94,8.68
OI00011023,O0006315,P0003,1,80.16,0.0
OI00011024,O0006315,P0004,1,76.14,0.0
OI00011025,O0006316,P0022,1,331.97,0.0
OI00011026,O0006316,P0014,1,134.58,0.0
OI00011027,O0006316,P0050,2,14.64,0.0
OI00011028,O0006317,P0038,1,261.8,0.0
OI00011029,O0006318,P0007,1,112.07,6.81
OI00011030,O0006318,P0048,1,90.28,6.58
OI00011031,O0006318,P0045,1,150.19,13.29
OI00011032,O0006319,P0001,1,147.59,0.0
OI00011033,O0006320,P0001,1,149.41,0.0
OI00011034,O0006320,P0049,1,141.06,0.0
OI00011035,O0006321,P0019,1,655.36,0.0
OI00011036,O0006321,P0011,1,141.52,0.0
OI00011037,O0006321,P0027,1,642.1,0.0
OI00011038,O0006322,P0045,1,151.28,12.57
OI00011039,O0006323,P0037,1,64.42,0.0
OI00011040,O0006324,P0007,1,110.15,0.0
OI00011041,O0006325,P0033,1,429.33,0.0
OI00011042,O0006325,P0015,1,63.13,0.0
OI00011043,O0006326,P0038,1,263.88,0.0
OI00011044,O0006326,P0049,1,140.88,0.0
OI00011045,O0006326,P0057,1,158.29,0.0
OI00011046,O0006327,P0055,2,144.0,0.0
OI00011047,O0006328,P0038,1,263.24,0.0
OI00011048,O0006329,P0030,1,252.08,0.0
OI00011049,O0006329,P0031,1,28.92,0.0
OI00011050,O0006330,P0006,2,124.81,0.0
OI00011051,O0006330,P0057,2,160.3,0.0
OI00011052,O0006331,P0038,1,270.34,42.72
OI00011053,O0006331,P0033,1,433.03,49.83
OI00011054,O0006332,P0042,1,127.71,0.0
OI00011055,O0006332,P0008,1,89.9,0.0
OI00011056,O0006333,P0050,1,14.29,1.67
OI00011057,O0006333,P0059,1,62.09,10.21
OI00011058,O0006334,P0011,3,139.73,57.15
OI00011059,O0006335,P0006,1,121.9,0.0
OI00011060,O0006336,P0057,1,162.61,0.0
OI00011061,O0006336,P0038,2,262.85,0.0
OI00011062,O0006337,P0055,2,148.73,0.0
OI00011063,O0006337,P0006,1,124.34,0.0
OI00011064,O0006338,P0038,1,264.28,26.72
OI00011065,O0006339,P0045,1,149.33,0.0
OI00011066,O0006339,P0021,1,84.2,0.0
OI00011067,O0006340,P0020,2,681.8,0.0
OI00011068,O0006340,P0006,1,125.48,0.0
OI00011069,O0006340,P0058,1,49.98,0.0
OI00011070,O0006341,P0040,1,477.05,0.0
OI00011071,O0006342,P0013,1,102.36,11.93
OI00011072,O0006343,P0050,1,14.62,1.82
OI00011073,O0006343,P0001,1,144.51,21.44
OI00011074,O0006343,P0009,1,113.29,9.07
OI00011075,O0006344,P0023,1,119.48,0.0
OI00011076,O0006344,P0055,1,149.49,0.0
OI00011077,O0006345,P0031,1,28.78,4.43
OI00011078,O0006345,P0048,1,89.98,7.13
OI00011079,O0006345,P0005,2,65.17,5.57
OI00011080,O0006346,P0038,1,264.29,0.0
OI00011081,O0006346,P0045,1,148.31,0.0
OI00011082,O0006347,P0011,1,138.14,0.0
OI00011083,O0006347,P0052,2,404.85,0.0
OI00011084,O0006347,P0003,1,82.52,0.0
OI00011085,O0006348,P0003,1,83.55,0.0
OI00011086,O0006348,P0001,1,145.58,0.0
OI00011087,O0006348,P0039,2,318.28,0.0
OI00011088,O0006348,P0010,1,158.12,0.0
OI00011089,O0006349,P0014,2,134.79,22.13
OI00011090,O0006349,P0010,1,158.39,20.19
OI00011091,O0006350,P0032,1,410.96,0.0
OI00011092,O0006350,P0027,2,638.84,0.0
OI00011093,O0006351,P0034,1,435.35,0.0
OI00011094,O0006351,P0014,1,131.19,0.0
OI00011095,O0006352,P0045,1,146.84,0.0
OI00011096,O0006353,P0005,1,67.47,0.0
OI00011097,O0006353,P0002,1,81.27,0.0
OI00011098,O0006354,P0038,2,262.93,0.0
OI00011099,O0006355,P0016,2,122.46,33.16
OI00011100,O0006355,P0035,1,284.05,13.1
OI00011101,O0006355,P0001,1,147.88,18.11
OI00011102,O0006355,P0038,1,273.12,17.6
OI00011103,O0006356,P0030,1,258.29,45.93
OI00011104,O0006356,P0042,1,129.83,13.66
OI00011105,O0006357,P0024,1,797.98,95.62
OI00011106,O0006357,P0045,1,147.33,24.03
OI00011107,O0006358,P0033,1,427.56,26.67
OI00011108,O0006358,P0059,1,62.52,4.77
OI00011109,O0006359,P0012,1,29.13,0.0
OI00011110,O0006360,P0033,1,433.38,0.0
OI00011111,O0006361,P0006,1,127.16,0.0
OI00011112,O0006361,P0045,1,149.98,0.0
OI00011113,O0006362,P0036,1,186.46,0.0
OI00011114,O0006363,P0022,1,346.22,18.73
OI00011115,O0006364,P0054,2,141.1,0.0
OI00011116,O0006365,P0024,1,765.74,136.57
OI00011117,O0006365,P0029,1,299.9,51.73
OI00011118,O0006365,P0025,1,627.06,83.5
OI00011119,O0006366,P0002,2,83.79,21.15
OI00011120,O0006366,P0039,1,330.08,31.26
OI00011121,O0006367,P0038,2,275.75,53.33
OI00011122,O0006367,P0016,1,126.19,19.52
OI00011123,O0006367,P0048,1,90.03,8.29
OI00011124,O0006368,P0026,1,86.32,12.65
OI00011125,O0006369,P0050,1,14.2,0.0
OI00011126,O0006369,P0037,2,63.72,0.0
OI00011127,O0006370,P0044,1,53.82,0.0
OI00011128,O0006371,P0011,2,142.15,34.48
OI00011129,O0006372,P0059,1,62.44,10.66
OI00011130,O0006372,P0001,1,148.74,10.19
OI00011131,O0006372,P0032,1,404.76,44.39
OI00011132,O0006372,P0055,1,147.89,15.26
OI00011133,O0006373,P0026,1,86.64,0.0
OI00011134,O0006374,P0027,1,647.13,0.0
OI00011135,O0006374,P0036,1,189.94,0.0
OI00011136,O0006374,P0037,2,63.46,0.0
OI00011137,O0006375,P0050,1,14.04,0.0
OI00011138,O0006376,P0014,1,132.7,0.0
OI00011139,O0006376,P0038,1,270.8,0.0
OI00011140,O0006377,P0038,1,275.9,0.0
OI00011141,O0006377,P0060,1,439.09,0.0
OI00011142,O0006378,P0042,1,128.01,0.0
OI00011143,O0006379,P0003,1,82.79,4.99
OI00011144,O0006379,P0042,1,134.12,12.75
OI00011145,O0006379,P0057,1,166.07,24.43
OI00011146,O0006379,P0056,1,370.79,48.88
OI00011147,O0006379,P0037,2,65.26,22.43
OI00011148,O0006380,P0055,2,146.16,31.57
OI00011149,O0006381,P0023,1,119.19,9.65
OI00011150,O0006381,P0019,1,658.9,56.18
OI00011151,O0006381,P0038,1,274.08,24.28
OI00011152,O0006382,P0013,1,103.24,0.0
OI00011153,O0006383,P0005,1,67.86,5.75
OI00011154,O0006384,P0060,2,454.49,0.0
OI00011155,O0006385,P0057,1,164.44,0.0
OI00011156,O0006385,P0048,1,91.11,0.0
OI00011157,O0006386,P0059,1,61.08,0.0
OI00011158,O0006387,P0032,1,414.07,33.63
OI00011159,O0006387,P0051,1,74.32,4.75
OI00011160,O0006388,P0006,1,125.53,8.31
OI00011161,O0006388,P0049,1,145.23,17.76
OI00011162,O0006388,P0045,1,150.37,24.99
OI00011163,O0006389,P0032,1,408.78,0.0
OI00011164,O0006390,P0001,1,141.46,0.0
OI00011165,O0006390,P0033,2,421.27,0.0
OI00011166,O0006391,P0020,1,680.94,0.0
OI00011167,O0006392,P0018,1,366.4,16.3
OI00011168,O0006392,P0058,1,51.23,7.83
OI00011169,O0006393,P0001,1,142.17,9.06
OI00011170,O0006394,P0025,1,628.04,103.58
OI00011171,O0006395,P0048,1,92.19,0.0
OI00011172,O0006395,P0029,1,291.59,0.0
OI00011173,O0006396,P0023,2,119.46,0.0
OI00011174,O0006396,P0016,1,125.34,0.0
OI00011175,O0006397,P0038,1,264.15,0.0
OI00011176,O0006397,P0054,2,136.7,0.0
OI00011177,O0006398,P0003,1,81.37,0.0
OI00011178,O0006398,P0055,2,150.27,0.0
OI00011179,O0006399,P0045,1,148.2,0.0
OI00011180,O0006400,P0045,1,154.35,0.0
OI00011181,O0006400,P0026,1,81.7,0.0
OI00011182,O0006401,P0005,1,66.45,4.69
OI00011183,O0006401,P0027,1,625.63,34.3
OI00011184,O0006401,P0036,1,195.39,16.24
OI00011185,O0006402,P0009,1,112.14,0.0
OI00011186,O0006403,P0043,1,46.12,0.0
OI00011187,O0006403,P0038,1,270.09,0.0
OI00011188,O0006404,P0036,1,187.47,0.0
OI00011189,O0006404,P0037,1,65.18,0.0
OI00011190,O0006405,P0042,1,133.16,0.0
OI00011191,O0006405,P0059,1,62.94,0.0
OI00011192,O0006406,P0006,1,126.45,10.61
OI00011193,O0006406,P0056,1,384.69,62.66
OI00011194,O0006407,P0039,1,324.5,48.3
OI00011195,O0006407,P0027,1,629.59,47.23
OI00011196,O0006408,P0038,1,262.71,0.0
OI00011197,O0006408,P0056,1,383.32,0.0
OI00011198,O0006409,P0004,1,75.05,0.0
OI00011199,O0006409,P0048,1,92.85,0.0
OI00011200,O0006409,P0047,1,68.41,0.0
OI00011201,O0006410,P0050,1,14.11,0.0
OI00011202,O0006411,P0025,1,614.69,0.0
OI00011203,O0006412,P0060,1,451.68,71.26
OI00011204,O0006412,P0048,1,92.15,4.07
OI00011205,O0006412,P0018,1,377.92,29.71
OI00011206,O0006413,P0016,1,120.34,0.0
OI00011207,O0006413,P0030,1,246.77,0.0
OI00011208,O0006414,P0032,2,408.68,0.0
OI00011209,O0006414,P0059,1,60.2,0.0
OI00011210,O0006415,P0003,1,82.16,0.0
OI00011211,O0006415,P0013,1,98.05,0.0
OI00011212,O0006416,P0038,1,266.38,0.0
OI00011213,O0006416,P0007,1,110.91,0.0
OI00011214,O0006417,P0024,1,785.74,117.82
OI00011215,O0006418,P0055,1,150.61,16.69
OI00011216,O0006418,P0030,2,247.75,63.98
OI00011217,O0006419,P0003,1,82.59,6.68
OI00011218,O0006420,P0053,2,543.51,0.0
OI00011219,O0006420,P0057,1,161.16,0.0
OI00011220,O0006421,P0006,1,127.19,20.07
OI00011221,O0006421,P0023,1,122.8,11.15
OI00011222,O0006422,P0001,2,148.78,16.76
OI00011223,O0006423,P0001,1,147.02,9.02
OI00011224,O0006423,P0036,1,187.03,25.07
OI00011225,O0006424,P0011,1,138.72,0.0
OI00011226,O0006424,P0024,1,807.93,0.0
OI00011227,O0006424,P0059,1,63.78,0.0
OI00011228,O0006425,P0049,1,143.07,0.0
OI00011229,O0006425,P0057,1,165.87,0.0
OI00011230,O0006426,P0052,2,414.93,0.0
OI00011231,O0006426,P0049,1,146.7,0.0
OI00011232,O0006427,P0042,1,130.59,10.73
OI00011233,O0006428,P0054,1,133.46,23.14
OI00011234,O0006428,P0008,1,85.87,8.23
OI00011235,O0006429,P0036,1,194.96,0.0
OI00011236,O0006430,P0029,1,288.44,25.52
OI00011237,O0006430,P0016,2,120.84,10.47
OI00011238,O0006431,P0035,1,292.77,29.66
OI00011239,O0006431,P0047,1,68.29,4.81
OI00011240,O0006431,P0057,1,162.34,23.57
OI00011241,O0006432,P0040,1,467.63,70.97
OI00011242,O0006432,P0029,1,295.98,47.8
OI00011243,O0006433,P0001,1,141.16,10.29
OI00011244,O0006434,P0040,1,474.32,0.0
OI00011245,O0006434,P0038,1,263.43,0.0
OI00011246,O0006434,P0032,1,410.28,0.0
OI00011247,O0006435,P0005,1,68.25,9.65
OI00011248,O0006435,P0043,2,45.71,4.63
OI00011249,O0006436,P0056,2,380.64,0.0
OI00011250,O0006436,P0054,1,139.28,0.0
OI00011251,O0006437,P0002,1,83.49,9.83
OI00011252,O0006437,P0013,2,99.72,27.87
OI00011253,O0006437,P0020,1,672.0,102.09
OI00011254,O0006438,P0042,1,131.15,6.98
OI00011255,O0006438,P0049,1,140.97,17.54
OI00011256,O0006438,P0013,1,103.27,9.81
OI00011257,O0006439,P0038,1,273.8,44.43
OI00011258,O0006440,P0050,1,14.59,0.81
OI00011259,O0006441,P0004,1,78.13,0.0
OI00011260,O0006442,P0024,1,792.46,0.0
OI00011261,O0006442,P0060,1,449.9,0.0
OI00011262,O0006443,P0009,1,111.17,0.0
OI00011263,O0006443,P0016,2,123.31,0.0
OI00011264,O0006443,P0058,1,51.59,0.0
OI00011265,O0006444,P0033,2,419.87,0.0
OI00011266,O0006444,P0056,1,384.69,0.0
OI00011267,O0006444,P0005,1,65.48,0.0
OI00011268,O0006445,P0038,2,270.5,85.06
OI00011269,O0006446,P0060,1,434.09,68.65
OI00011270,O0006446,P0051,1,73.92,3.14
OI00011271,O0006446,P0016,1,126.23,12.9
OI00011272,O0006447,P0041,1,30.27,2.6
OI00011273,O0006448,P0013,1,102.97,12.24
OI00011274,O0006449,P0017,1,156.71,0.0
OI00011275,O0006450,P0058,1,50.12,0.0
OI00011276,O0006450,P0003,2,81.07,0.0
OI00011277,O0006451,P0043,1,45.75,4.49
OI00011278,O0006452,P0028,1,324.63,0.0
OI00011279,O0006453,P0006,1,122.2,14.77
OI00011280,O0006453,P0019,1,656.99,68.85
OI00011281,O0006453,P0009,1,114.14,4.83
OI00011282,O0006454,P0005,1,65.05,0.0
OI00011283,O0006454,P0058,1,49.9,0.0
OI00011284,O0006454,P0056,1,383.45,0.0
OI00011285,O0006455,P0005,1,67.24,0.0
OI00011286,O0006456,P0002,1,80.56,0.0
OI00011287,O0006456,P0009,1,111.54,0.0
OI00011288,O0006457,P0056,1,382.35,0.0
OI00011289,O0006457,P0039,1,322.78,0.0
OI00011290,O0006458,P0016,1,122.95,18.51
OI00011291,O0006459,P0006,1,127.81,0.0
OI00011292,O0006460,P0022,1,335.28,0.0
OI00011293,O0006461,P0002,1,79.05,0.0
OI00011294,O0006461,P0054,1,133.68,0.0
OI00011295,O0006462,P0054,1,137.64,0.0
OI00011296,O0006462,P0049,1,145.14,0.0
OI00011297,O0006463,P0038,1,268.09,29.21
OI00011298,O0006464,P0038,1,270.66,0.0
OI00011299,O0006465,P0025,1,611.78,0.0
OI00011300,O0006466,P0031,1,28.02,0.0
OI00011301,O0006467,P0004,1,78.6,0.0
OI00011302,O0006467,P0024,1,771.53,0.0
OI00011303,O0006468,P0015,1,60.52,0.0
OI00011304,O0006468,P0057,1,161.62,0.0
OI00011305,O0006468,P0022,1,329.59,0.0
OI00011306,O0006469,P0034,1,420.2,36.72
OI00011307,O0006470,P0054,1,135.28,0.0
OI00011308,O0006470,P0058,2,50.62,0.0
OI00011309,O0006471,P0029,1,286.91,35.52
OI00011310,O0006472,P0008,1,87.98,0.0
OI00011311,O0006472,P0003,1,79.85,0.0
OI00011312,O0006472,P0038,1,274.73,0.0
OI00011313,O0006473,P0013,1,102.34,5.05
OI00011314,O0006474,P0034,1,427.7,0.0
OI00011315,O0006474,P0011,1,137.03,0.0
OI00011316,O0006474,P0023,1,124.9,0.0
OI00011317,O0006475,P0057,2,164.79,0.0
OI00011318,O0006476,P0052,1,406.43,0.0
OI00011319,O0006476,P0016,1,122.76,0.0
OI00011320,O0006476,P0008,1,89.25,0.0
OI00011321,O0006476,P0006,1,125.69,0.0
OI00011322,O0006477,P0005,2,66.07,7.18
OI00011323,O0006477,P0041,2,30.85,4.15
OI00011324,O0006478,P0005,1,68.02,0.0
OI00011325,O0006478,P0011,1,143.21,0.0
OI00011326,O0006479,P0004,1,75.28,3.5
OI00011327,O0006480,P0006,1,126.53,20.61
OI00011328,O0006481,P0002,1,81.43,0.0
OI00011329,O0006481,P0001,1,146.87,0.0
OI00011330,O0006482,P0051,1,75.33,0.0
OI00011331,O0006482,P0039,1,316.36,0.0
OI00011332,O0006483,P0017,1,155.59,0.0
OI00011333,O0006483,P0048,1,92.55,0.0
OI00011334,O0006484,P0006,1,124.04,0.0
OI00011335,O0006484,P0019,1,685.05,0.0
OI00011336,O0006485,P0008,1,89.04,0.0
OI00011337,O0006485,P0006,1,125.65,0.0
OI00011338,O0006485,P0047,1,69.53,0.0
OI00011339,O0006486,P0019,1,669.13,41.73
OI00011340,O0006487,P0020,1,674.07,101.03
OI00011341,O0006488,P0020,1,672.67,0.0
OI00011342,O0006489,P0042,1,130.25,7.42
OI00011343,O0006489,P0053,1,534.49,52.66
OI00011344,O0006489,P0011,1,143.76,24.46
OI00011345,O0006490,P0050,1,13.92,0.95
OI00011346,O0006490,P0001,2,147.0,12.61
OI00011347,O0006491,P0003,1,83.15,11.83
OI00011348,O0006492,P0003,1,80.47,0.0
OI00011349,O0006493,P0032,1,413.86,0.0
OI00011350,O0006493,P0021,1,84.4,0.0
OI00011351,O0006494,P0051,1,76.41,0.0
OI00011352,O0006495,P0060,1,452.67,0.0
OI00011353,O0006495,P0034,1,426.21,0.0
OI00011354,O0006496,P0004,1,76.98,0.0
OI00011355,O0006496,P0022,1,347.2,0.0
OI00011356,O0006496,P0029,1,297.26,0.0
OI00011357,O0006497,P0006,1,122.72,0.0
OI00011358,O0006497,P0024,1,785.6,0.0
OI00011359,O0006498,P0020,1,678.42,0.0
OI00011360,O0006498,P0019,1,664.4,0.0
OI00011361,O0006498,P0052,1,409.57,0.0
OI00011362,O0006499,P0014,1,134.81,0.0
OI00011363,O0006499,P0045,2,147.24,0.0
OI00011364,O0006499,P0024,1,800.31,0.0
OI00011365,O0006499,P0030,1,258.54,0.0
OI00011366,O0006500,P0041,2,31.3,0.0
OI00011367,O0006500,P0046,1,18.8,0.0
OI00011368,O0006500,P0031,1,28.17,0.0
OI00011369,O0006501,P0041,2,30.88,0.0
OI00011370,O0006502,P0021,1,84.69,0.0
OI00011371,O0006503,P0049,1,144.61,0.0
OI00011372,O0006503,P0038,1,264.34,0.0
OI00011373,O0006504,P0038,1,260.4,26.28
OI00011374,O0006505,P0038,1,265.84,37.17
OI00011375,O0006506,P0007,1,112.92,16.35
OI00011376,O0006506,P0025,1,626.76,56.79
OI00011377,O0006507,P0031,1,28.51,0.0
OI00011378,O0006507,P0013,2,100.88,0.0
OI00011379,O0006508,P0021,1,85.29,6.71
OI00011380,O0006509,P0029,1,294.73,0.0
OI00011381,O0006509,P0039,1,319.09,0.0
OI00011382,O0006509,P0017,2,159.31,0.0
OI00011383,O0006510,P0042,1,128.65,16.12
OI00011384,O0006511,P0042,1,132.97,14.97
OI00011385,O0006511,P0045,1,149.55,7.94
OI00011386,O0006512,P0041,1,30.4,3.46
OI00011387,O0006512,P0038,1,262.89,23.19
OI00011388,O0006512,P0058,1,52.78,3.63
OI00011389,O0006513,P0023,1,121.64,0.0
OI00011390,O0006514,P0006,1,126.9,0.0
OI00011391,O0006515,P0019,1,662.93,0.0
OI00011392,O0006515,P0001,1,147.78,0.0
OI00011393,O0006515,P0002,2,80.94,0.0
OI00011394,O0006515,P0029,1,297.12,0.0
OI00011395,O0006515,P0041,1,30.75,0.0
OI00011396,O0006516,P0007,1,108.6,12.42
OI00011397,O0006517,P0037,2,66.29,0.0
OI00011398,O0006517,P0002,1,79.25,0.0
OI00011399,O0006517,P0032,1,418.83,0.0
OI00011400,O0006518,P0010,1,157.4,0.0
OI00011401,O0006518,P0014,1,138.61,0.0
OI00011402,O0006519,P0034,1,435.58,0.0
OI00011403,O0006519,P0051,1,76.87,0.0
OI00011404,O0006520,P0010,2,160.46,0.0
OI00011405,O0006521,P0057,1,159.47,27.56
OI00011406,O0006522,P0007,1,110.93,0.0
OI00011407,O0006522,P0059,1,60.56,0.0
OI00011408,O0006523,P0038,2,269.86,0.0
OI00011409,O0006524,P0019,1,664.13,0.0
OI00011410,O0006525,P0025,1,626.61,0.0
OI00011411,O0006525,P0049,1,139.07,0.0
OI00011412,O0006526,P0019,1,664.93,36.36
OI00011413,O0006526,P0020,1,685.86,38.98
OI00011414,O0006527,P0003,2,83.38,0.0
OI00011415,O0006528,P0001,1,149.06,17.7
OI00011416,O0006528,P0057,1,159.89,12.33
OI00011417,O0006528,P0037,1,65.87,4.86
OI00011418,O0006529,P0035,1,290.52,51.59
OI00011419,O0006530,P0002,1,82.72,4.75
OI00011420,O0006531,P0054,1,135.06,0.0
OI00011421,O0006531,P0031,2,28.46,0.0
OI00011422,O0006531,P0004,1,74.2,0.0
OI00011423,O0006532,P0045,1,151.31,0.0
OI00011424,O0006532,P0015,1,63.51,0.0
OI00011425,O0006533,P0003,1,81.43,11.48
OI00011426,O0006534,P0006,1,127.78,15.54
OI00011427,O0006535,P0054,2,135.95,0.0
OI00011428,O0006536,P0056,1,373.66,31.68
OI00011429,O0006536,P0034,1,427.87,52.28
OI00011430,O0006536,P0021,2,84.0,13.63
OI00011431,O0006537,P0027,1,654.52,0.0
OI00011432,O0006538,P0052,1,408.24,69.89
OI00011433,O0006538,P0024,1,776.46,71.81
OI00011434,O0006538,P0038,1,268.08,36.18
OI00011435,O0006539,P0038,1,272.93,17.94
OI00011436,O0006540,P0006,1,124.23,0.0
OI00011437,O0006541,P0006,1,125.88,0.0
OI00011438,O0006541,P0003,2,80.89,0.0
OI00011439,O0006542,P0057,1,165.17,10.37
OI00011440,O0006542,P0034,1,419.97,49.62
OI00011441,O0006543,P0054,1,136.17,0.0
OI00011442,O0006544,P0028,1,322.16,27.69
OI00011443,O0006545,P0001,1,143.64,0.0
OI00011444,O0006546,P0041,1,30.32,0.0
OI00011445,O0006546,P0052,2,407.93,0.0
OI00011446,O0006546,P0002,1,80.05,0.0
OI00011447,O0006547,P0034,1,417.08,49.5
OI00011448,O0006548,P0024,2,780.14,0.0
OI00011449,O0006548,P0046,1,19.56,0.0
OI00011450,O0006549,P0007,1,107.6,0.0
OI00011451,O0006549,P0006,1,125.03,0.0
OI00011452,O0006549,P0017,2,150.61,0.0
OI00011453,O0006550,P0045,1,151.76,0.0
OI00011454,O0006550,P0054,1,136.29,0.0
OI00011455,O0006551,P0005,1,68.67,0.0
OI00011456,O0006551,P0036,1,192.58,0.0
OI00011457,O0006552,P0047,1,70.45,9.5
OI00011458,O0006553,P0043,1,44.86,0.0
OI00011459,O0006553,P0027,1,650.39,0.0
OI00011460,O0006553,P0029,1,296.42,0.0
OI00011461,O0006554,P0012,1,28.27,0.0
OI00011462,O0006555,P0058,2,51.22,0.0
OI00011463,O0006556,P0022,2,339.52,0.0
OI00011464,O0006556,P0052,1,417.09,0.0
OI00011465,O0006557,P0057,2,163.19,0.0
OI00011466,O0006557,P0045,1,154.25,0.0
OI00011467,O0006558,P0051,1,73.47,9.46
OI00011468,O0006558,P0019,1,651.97,86.48
OI00011469,O0006558,P0004,1,74.2,7.38
OI00011470,O0006558,P0023,1,117.99,12.08
OI00011471,O0006559,P0009,1,114.34,0.0
OI00011472,O0006559,P0036,2,186.59,0.0
OI00011473,O0006560,P0009,2,110.29,27.81
OI00011474,O0006560,P0049,1,142.62,20.95
OI00011475,O0006560,P0056,1,376.63,31.96
OI00011476,O0006560,P0024,1,809.46,123.64
OI00011477,O0006561,P0034,1,427.13,55.9
OI00011478,O0006562,P0055,1,144.19,0.0
OI00011479,O0006563,P0043,1,45.33,0.0
OI00011480,O0006564,P0035,1,277.41,0.0
OI00011481,O0006564,P0003,1,83.14,0.0
OI00011482,O0006565,P0041,1,30.52,0.0
OI00011483,O0006566,P0038,1,272.14,0.0
OI00011484,O0006566,P0011,2,140.84,0.0
OI00011485,O0006566,P0050,1,14.64,0.0
OI00011486,O0006567,P0013,1,100.21,0.0
OI00011487,O0006567,P0042,1,131.7,0.0
OI00011488,O0006567,P0051,2,73.45,0.0
OI00011489,O0006567,P0006,1,128.52,0.0
OI00011490,O0006567,P0030,1,249.6,0.0
OI00011491,O0006568,P0013,1,100.1,0.0
OI00011492,O0006569,P0060,2,457.41,0.0
OI00011493,O0006570,P0014,1,131.44,16.63
OI00011494,O0006571,P0029,1,300.61,0.0
OI00011495,O0006572,P0030,1,259.62,26.89
OI00011496,O0006573,P0046,1,18.7,1.54
OI00011497,O0006573,P0023,1,124.19,6.44
OI00011498,O0006574,P0032,1,414.14,43.27
OI00011499,O0006574,P0033,2,441.66,117.87
OI00011500,O0006574,P0058,1,51.99,6.1
OI00011501,O0006575,P0017,1,156.87,22.1
OI00011502,O0006575,P0045,1,147.03,12.67
OI00011503,O0006575,P0042,1,134.21,10.22
OI00011504,O0006576,P0002,1,82.95,0.0
OI00011505,O0006577,P0030,1,255.73,0.0
OI00011506,O0006577,P0023,1,124.58,0.0
OI00011507,O0006578,P0019,2,655.75,0.0
OI00011508,O0006578,P0050,1,14.54,0.0
OI00011509,O0006578,P0005,1,66.6,0.0
OI00011510,O0006578,P0049,1,139.63,0.0
OI00011511,O0006579,P0058,1,50.72,0.0
OI00011512,O0006579,P0031,2,29.03,0.0
OI00011513,O0006580,P0003,1,82.57,0.0
OI00011514,O0006580,P0018,1,361.38,0.0
OI00011515,O0006581,P0057,1,166.42,0.0
OI00011516,O0006581,P0050,1,14.46,0.0
OI00011517,O0006581,P0043,1,46.98,0.0
OI00011518,O0006582,P0038,1,273.57,48.14
OI00011519,O0006583,P0054,1,134.95,24.03
OI00011520,O0006584,P0006,1,126.18,0.0
OI00011521,O0006584,P0018,1,357.2,0.0
OI00011522,O0006584,P0017,1,159.35,0.0
OI00011523,O0006585,P0021,1,83.46,0.0
OI00011524,O0006586,P0030,2,251.54,0.0
OI00011525,O0006586,P0002,1,83.62,0.0
OI00011526,O0006586,P0034,1,436.2,0.0
OI00011527,O0006586,P0038,1,262.74,0.0
OI00011528,O0006587,P0042,1,133.95,0.0
OI00011529,O0006588,P0029,1,284.0,0.0
OI00011530,O0006588,P0039,1,313.26,0.0
OI00011531,O0006589,P0046,1,19.01,0.0
OI00011532,O0006590,P0029,1,283.87,29.61
OI00011533,O0006591,P0049,1,142.77,18.38
OI00011534,O0006592,P0057,1,163.88,0.0
OI00011535,O0006592,P0054,1,136.26,0.0
OI00011536,O0006592,P0058,1,52.55,0.0
OI00011537,O0006593,P0023,1,121.38,11.87
OI00011538,O0006594,P0029,1,286.78,0.0
OI00011539,O0006594,P0023,1,125.09,0.0
OI00011540,O0006595,P0006,1,123.01,17.21
OI00011541,O0006596,P0041,1,31.65,0.0
OI00011542,O0006596,P0001,2,146.12,0.0
OI00011543,O0006597,P0030,1,256.75,23.81
OI00011544,O0006597,P0015,1,61.9,6.27
OI00011545,O0006597,P0048,1,94.32,12.62
OI00011546,O0006597,P0055,1,147.88,15.78
OI00011547,O0006597,P0042,1,133.17,21.32
OI00011548,O0006598,P0050,1,14.24,1.98
OI00011549,O0006598,P0036,1,191.12,14.53
OI00011550,O0006599,P0045,1,149.33,0.0
OI00011551,O0006600,P0002,2,82.39,28.82
OI00011552,O0006601,P0003,1,80.22,0.0
OI00011553,O0006602,P0055,2,142.74,22.89
OI00011554,O0006603,P0052,1,422.76,68.37
OI00011555,O0006604,P0033,1,433.8,0.0
OI00011556,O0006604,P0024,3,785.42,0.0
OI00011557,O0006604,P0041,1,31.78,0.0
OI00011558,O0006605,P0043,2,46.53,0.0
OI00011559,O0006605,P0056,1,372.76,0.0
OI00011560,O0006606,P0051,1,73.71,5.12
OI00011561,O0006606,P0050,2,13.96,4.66
OI00011562,O0006606,P0026,1,85.28,8.81
OI00011563,O0006607,P0020,1,671.37,0.0
OI00011564,O0006607,P0008,1,86.08,0.0
OI00011565,O0006608,P0021,1,81.55,0.0
OI00011566,O0006608,P0058,1,50.13,0.0
OI00011567,O0006609,P0033,2,440.08,0.0
OI00011568,O0006609,P0059,2,62.92,0.0
OI00011569,O0006610,P0003,2,79.42,0.0
OI00011570,O0006610,P0047,1,70.54,0.0
OI00011571,O0006611,P0041,1,31.57,0.0
OI00011572,O0006612,P0047,1,70.52,7.24
OI00011573,O0006612,P0046,1,19.36,1.21
OI00011574,O0006613,P0036,2,197.21,0.0
OI00011575,O0006614,P0054,1,138.01,20.48
OI00011576,O0006615,P0033,1,442.87,66.13
OI00011577,O0006616,P0023,1,118.56,18.62
OI00011578,O0006616,P0028,1,322.01,52.15
OI00011579,O0006616,P0043,2,46.28,8.3
OI00011580,O0006617,P0038,1,272.88,17.42
OI00011581,O0006617,P0023,1,124.14,20.05
OI00011582,O0006617,P0056,1,374.38,41.9
OI00011583,O0006618,P0036,2,196.95,0.0
OI00011584,O0006618,P0026,1,84.39,0.0
OI00011585,O0006619,P0056,1,379.0,0.0
OI00011586,O0006619,P0041,1,30.62,0.0
OI00011587,O0006620,P0013,1,100.9,0.0
OI00011588,O0006620,P0055,1,149.73,0.0
OI00011589,O0006621,P0038,1,261.33,0.0
OI00011590,O0006621,P0004,1,77.62,0.0
OI00011591,O0006621,P0052,1,416.01,0.0
OI00011592,O0006621,P0019,1,677.57,0.0
OI00011593,O0006621,P0001,1,146.01,0.0
OI00011594,O0006622,P0055,2,146.9,0.0
OI00011595,O0006622,P0021,1,85.42,0.0
OI00011596,O0006622,P0047,2,70.78,0.0
OI00011597,O0006623,P0005,1,68.01,0.0
OI00011598,O0006624,P0037,2,67.06,9.08
OI00011599,O0006624,P0019,1,668.02,57.99
OI00011600,O0006625,P0043,1,46.82,0.0
OI00011601,O0006625,P0001,1,142.47,0.0
OI00011602,O0006626,P0020,1,692.78,114.46
OI00011603,O0006626,P0019,1,657.46,93.46
OI00011604,O0006626,P0028,1,325.32,21.31
OI00011605,O0006626,P0041,1,30.05,1.73
OI00011606,O0006627,P0038,1,262.03,0.0
OI00011607,O0006627,P0014,1,133.91,0.0
OI00011608,O0006628,P0005,1,68.48,0.0
OI00011609,O0006628,P0017,2,151.09,0.0
OI00011610,O0006629,P0054,2,140.45,17.13
OI00011611,O0006630,P0033,1,431.15,0.0
OI00011612,O0006630,P0036,1,192.17,0.0
OI00011613,O0006631,P0050,1,14.29,0.0
OI00011614,O0006632,P0041,1,30.84,0.0
OI00011615,O0006632,P0052,1,406.68,0.0
OI00011616,O0006633,P0003,1,83.83,0.0
OI00011617,O0006634,P0006,1,127.63,0.0
OI00011618,O0006634,P0022,1,330.89,0.0
OI00011619,O0006634,P0027,1,632.07,0.0
OI00011620,O0006635,P0027,1,644.85,0.0
OI00011621,O0006635,P0023,1,125.23,0.0
OI00011622,O0006635,P0001,2,143.55,0.0
OI00011623,O0006636,P0030,1,250.45,0.0
OI00011624,O0006636,P0036,1,193.0,0.0
OI00011625,O0006637,P0037,1,63.31,0.0
OI00011626,O0006637,P0038,1,263.66,0.0
OI00011627,O0006638,P0041,1,30.05,0.0
OI00011628,O0006639,P0014,1,132.0,20.41
OI00011629,O0006639,P0041,1,31.59,2.71
OI00011630,O0006639,P0043,2,46.67,13.06
OI00011631,O0006639,P0039,1,314.01,13.1
OI00011632,O0006640,P0023,1,118.48,0.0
OI00011633,O0006640,P0021,2,83.48,0.0
OI00011634,O0006641,P0050,1,14.12,0.0
OI00011635,O0006642,P0024,1,784.73,0.0
OI00011636,O0006643,P0041,1,30.43,0.0
OI00011637,O0006644,P0052,1,409.62,0.0
OI00011638,O0006644,P0019,2,665.95,0.0
OI00011639,O0006645,P0060,1,439.64,63.46
OI00011640,O0006646,P0047,1,68.79,0.0
OI00011641,O0006647,P0001,1,144.16,0.0
OI00011642,O0006648,P0039,1,314.95,0.0
OI00011643,O0006649,P0047,1,71.82,5.28
OI00011644,O0006650,P0006,2,127.74,0.0
OI00011645,O0006650,P0001,1,141.59,0.0
OI00011646,O0006651,P0032,1,405.34,64.51
OI00011647,O0006652,P0036,1,189.33,9.98
OI00011648,O0006652,P0005,1,67.8,8.44
OI00011649,O0006653,P0040,1,492.29,0.0
OI00011650,O0006654,P0024,3,793.74,0.0
OI00011651,O0006654,P0016,1,120.47,0.0
OI00011652,O0006654,P0014,2,134.93,0.0
OI00011653,O0006655,P0004,1,77.34,0.0
OI00011654,O0006655,P0003,1,80.37,0.0
OI00011655,O0006655,P0042,2,128.26,0.0
OI00011656,O0006656,P0056,2,372.87,0.0
OI00011657,O0006656,P0054,1,139.07,0.0
OI00011658,O0006657,P0049,1,142.75,19.19
OI00011659,O0006658,P0054,1,139.56,7.69
OI00011660,O0006659,P0036,1,189.75,10.12
OI00011661,O0006660,P0016,1,126.35,0.0
OI00011662,O0006660,P0006,1,121.65,0.0
OI00011663,O0006661,P0028,1,320.38,0.0
OI00011664,O0006662,P0039,1,329.94,0.0
OI00011665,O0006662,P0012,1,28.42,0.0
OI00011666,O0006663,P0058,1,51.64,0.0
OI00011667,O0006664,P0036,1,193.36,10.62
OI00011668,O0006664,P0060,1,441.96,62.88
OI00011669,O0006664,P0057,1,166.54,29.75
OI00011670,O0006665,P0045,1,147.72,0.0
OI00011671,O0006666,P0054,1,133.56,0.0
OI00011672,O0006667,P0038,1,265.71,19.56
OI00011673,O0006667,P0015,1,61.83,10.21
OI00011674,O0006668,P0054,1,138.53,0.0
OI00011675,O0006669,P0001,1,144.92,24.46
OI00011676,O0006669,P0040,1,471.85,24.87
OI00011677,O0006669,P0060,1,455.49,52.0
OI00011678,O0006670,P0056,1,370.37,0.0
OI00011679,O0006670,P0006,1,121.18,0.0
OI00011680,O0006671,P0026,2,86.07,25.7
OI00011681,O0006672,P0039,1,317.25,0.0
OI00011682,O0006673,P0037,1,66.32,0.0
OI00011683,O0006673,P0043,1,44.31,0.0
OI00011684,O0006674,P0028,1,317.58,0.0
OI00011685,O0006675,P0016,1,124.87,0.0
OI00011686,O0006676,P0024,1,812.86,0.0
OI00011687,O0006677,P0055,1,147.2,0.0
OI00011688,O0006678,P0049,1,139.31,0.0
OI00011689,O0006679,P0020,1,679.66,0.0
OI00011690,O0006679,P0022,1,335.13,0.0
OI00011691,O0006680,P0002,2,81.81,19.7
OI00011692,O0006680,P0001,1,145.01,10.72
OI00011693,O0006680,P0008,1,86.57,12.58
OI00011694,O0006681,P0036,1,191.3,0.0
OI00011695,O0006681,P0024,1,793.95,0.0
OI00011696,O0006682,P0048,2,90.06,0.0
OI00011697,O0006682,P0001,1,149.33,0.0
OI00011698,O0006682,P0019,1,651.19,0.0
OI00011699,O0006683,P0001,1,143.02,0.0
OI00011700,O0006683,P0032,1,401.15,0.0
OI00011701,O0006683,P0040,1,466.26,0.0
OI00011702,O0006684,P0027,1,629.49,0.0
OI00011703,O0006684,P0024,1,810.89,0.0
OI00011704,O0006685,P0021,1,85.14,0.0
OI00011705,O0006685,P0058,2,51.31,0.0
OI00011706,O0006686,P0046,1,19.48,0.0
OI00011707,O0006686,P0033,2,428.99,0.0
OI00011708,O0006687,P0017,1,156.06,0.0
OI00011709,O0006688,P0013,1,98.61,10.1
OI00011710,O0006688,P0029,1,287.66,16.4
OI00011711,O0006689,P0006,1,124.65,7.15
OI00011712,O0006689,P0059,1,63.42,11.35
OI00011713,O0006689,P0003,1,81.23,8.91
OI00011714,O0006690,P0028,1,315.55,37.37
OI00011715,O0006691,P0028,1,313.35,0.0
OI00011716,O0006692,P0005,1,67.09,7.6
OI00011717,O0006692,P0019,1,678.72,86.29
OI00011718,O0006692,P0057,1,162.63,27.95
OI00011719,O0006693,P0005,1,67.28,5.84
OI00011720,O0006694,P0054,1,138.23,15.51
OI00011721,O0006695,P0003,1,80.48,0.0
OI00011722,O0006696,P0057,1,158.42,0.0
OI00011723,O0006697,P0039,1,324.87,37.2
OI00011724,O0006697,P0026,1,83.36,12.24
OI00011725,O0006697,P0023,1,118.51,12.01
OI00011726,O0006698,P0049,1,143.72,0.0
OI00011727,O0006699,P0040,2,477.03,168.1
OI00011728,O0006700,P0043,1,46.54,0.0
OI00011729,O0006700,P0059,1,63.5,0.0
OI00011730,O0006700,P0042,1,131.11,0.0
OI00011731,O0006701,P0007,1,113.61,0.0
OI00011732,O0006701,P0028,2,316.67,0.0
OI00011733,O0006702,P0034,1,414.61,60.67
OI00011734,O0006702,P0045,1,149.85,22.26
OI00011735,O0006703,P0031,1,28.0,0.0
OI00011736,O0006703,P0048,1,92.31,0.0
OI00011737,O0006703,P0028,1,318.72,0.0
OI00011738,O0006704,P0014,2,138.54,0.0
OI00011739,O0006704,P0017,1,154.82,0.0
OI00011740,O0006704,P0032,1,404.85,0.0
OI00011741,O0006704,P0024,1,770.47,0.0
OI00011742,O0006705,P0045,1,152.2,0.0
OI00011743,O0006705,P0038,1,266.24,0.0
OI00011744,O0006705,P0035,1,292.53,0.0
OI00011745,O0006706,P0043,1,46.27,3.94
OI00011746,O0006707,P0057,1,157.33,0.0
OI00011747,O0006708,P0046,1,18.8,2.75
OI00011748,O0006708,P0058,1,51.27,7.68
OI00011749,O0006709,P0022,2,343.2,0.0
OI00011750,O0006709,P0026,1,85.42,0.0
OI00011751,O0006709,P0018,1,373.87,0.0
OI00011752,O0006710,P0038,1,276.06,0.0
OI00011753,O0006711,P0023,2,118.46,0.0
OI00011754,O0006712,P0020,1,697.72,0.0
OI00011755,O0006713,P0023,1,124.48,0.0
OI00011756,O0006713,P0060,1,442.55,0.0
OI00011757,O0006714,P0043,1,46.16,0.0
OI00011758,O0006715,P0001,1,142.2,13.1
OI00011759,O0006715,P0027,1,633.54,43.48
OI00011760,O0006716,P0045,1,146.06,7.1
OI00011761,O0006717,P0002,1,83.04,0.0
OI00011762,O0006717,P0040,2,468.81,0.0
OI00011763,O0006717,P0038,1,267.5,0.0
OI00011764,O0006718,P0036,1,194.07,11.56
OI00011765,O0006718,P0013,1,101.36,10.32
OI00011766,O0006719,P0006,1,128.47,9.2
OI00011767,O0006719,P0043,1,45.25,7.23
OI00011768,O0006720,P0029,1,299.11,19.43
OI00011769,O0006721,P0045,1,147.75,0.0
OI00011770,O0006722,P0048,1,91.86,10.11
OI00011771,O0006723,P0038,1,274.03,0.0
OI00011772,O0006724,P0019,1,666.27,71.99
OI00011773,O0006725,P0016,1,120.78,6.24
OI00011774,O0006725,P0021,1,81.58,12.1
OI00011775,O0006726,P0004,1,74.17,0.0
OI00011776,O0006727,P0031,1,27.4,0.0
OI00011777,O0006727,P0013,1,101.45,0.0
OI00011778,O0006727,P0032,1,401.74,0.0
OI00011779,O0006728,P0038,1,260.25,0.0
OI00011780,O0006729,P0056,1,380.39,0.0
OI00011781,O0006729,P0033,2,434.16,0.0
OI00011782,O0006730,P0001,1,141.73,0.0
OI00011783,O0006731,P0020,1,693.08,0.0
OI00011784,O0006731,P0032,1,409.8,0.0
OI00011785,O0006731,P0033,1,442.22,0.0
OI00011786,O0006731,P0006,2,122.35,0.0
OI00011787,O0006732,P0020,2,678.18,0.0
OI00011788,O0006733,P0009,1,113.38,5.24
OI00011789,O0006733,P0027,1,622.9,91.88
OI00011790,O0006733,P0059,1,62.92,5.15
OI00011791,O0006733,P0002,1,83.41,9.46
OI00011792,O0006734,P0001,1,142.04,0.0
OI00011793,O0006734,P0038,2,266.99,0.0
OI00011794,O0006735,P0006,1,127.16,5.41
OI00011795,O0006735,P0016,1,126.96,7.53
OI00011796,O0006736,P0055,1,147.09,23.45
OI00011797,O0006737,P0006,1,123.79,0.0
OI00011798,O0006737,P0034,2,422.13,0.0
OI00011799,O0006738,P0019,1,668.59,0.0
OI00011800,O0006738,P0054,1,135.74,0.0
OI00011801,O0006738,P0032,1,410.14,0.0
OI00011802,O0006739,P0005,1,68.72,7.02
OI00011803,O0006740,P0049,1,140.65,0.0
OI00011804,O0006740,P0003,1,80.36,0.0
OI00011805,O0006740,P0006,2,126.63,0.0
OI00011806,O0006741,P0001,1,142.63,11.53
OI00011807,O0006741,P0014,1,135.52,16.87
OI00011808,O0006742,P0036,1,195.28,25.05
OI00011809,O0006742,P0025,1,624.65,32.38
OI00011810,O0006742,P0033,1,418.0,33.14
OI00011811,O0006742,P0003,1,81.79,11.5
OI00011812,O0006743,P0025,2,634.33,0.0
OI00011813,O0006744,P0048,1,92.07,8.75
OI00011814,O0006745,P0040,1,477.73,68.14
OI00011815,O0006745,P0002,1,81.91,14.54
OI00011816,O0006746,P0058,2,50.69,0.0
OI00011817,O0006747,P0023,1,121.71,0.0
OI00011818,O0006747,P0052,1,411.32,0.0
OI00011819,O0006748,P0027,1,619.73,84.99
OI00011820,O0006748,P0059,1,61.72,5.91
OI00011821,O0006749,P0053,1,524.06,0.0
OI00011822,O0006749,P0052,1,420.67,0.0
OI00011823,O0006750,P0059,1,60.42,10.64
OI00011824,O0006751,P0034,1,418.04,0.0
OI00011825,O0006751,P0055,1,147.17,0.0
OI00011826,O0006752,P0004,1,76.89,8.7
OI00011827,O0006753,P0014,1,133.62,0.0
OI00011828,O0006753,P0041,1,31.27,0.0
OI00011829,O0006753,P0017,1,157.61,0.0
OI00011830,O0006754,P0051,1,76.5,0.0
OI00011831,O0006755,P0013,1,100.76,0.0
OI00011832,O0006756,P0057,1,165.4,20.26
OI00011833,O0006756,P0018,1,358.92,50.48
OI00011834,O0006757,P0042,1,130.87,0.0
OI00011835,O0006758,P0045,1,148.37,7.36
OI00011836,O0006759,P0045,2,147.83,0.0
OI00011837,O0006759,P0059,1,63.45,0.0
OI00011838,O0006760,P0044,1,53.87,3.36
OI00011839,O0006760,P0001,1,141.39,7.78
OI00011840,O0006761,P0003,1,81.62,0.0
OI00011841,O0006762,P0045,1,148.72,10.65
OI00011842,O0006763,P0029,2,285.62,99.59
OI00011843,O0006763,P0032,1,417.4,52.18
OI00011844,O0006764,P0027,2,636.92,136.75
OI00011845,O0006765,P0022,2,345.45,84.63
OI00011846,O0006765,P0037,1,65.84,6.0
OI00011847,O0006766,P0031,1,28.37,2.46
OI00011848,O0006766,P0009,1,112.18,11.23
OI00011849,O0006766,P0033,1,435.63,76.25
OI00011850,O0006766,P0052,1,414.74,33.8
OI00011851,O0006766,P0029,1,286.48,22.74
OI00011852,O0006767,P0037,2,64.53,0.0
OI00011853,O0006768,P0054,1,135.34,10.71
OI00011854,O0006769,P0042,1,133.6,0.0
OI00011855,O0006769,P0011,1,144.53,0.0
OI00011856,O0006769,P0024,1,788.87,0.0
OI00011857,O0006770,P0049,1,139.45,10.23
OI00011858,O0006771,P0023,1,118.12,0.0
OI00011859,O0006771,P0045,1,148.25,0.0
OI00011860,O0006772,P0056,1,365.11,30.84
OI00011861,O0006773,P0039,1,329.98,38.81
OI00011862,O0006773,P0004,1,77.64,11.69
OI00011863,O0006774,P0038,1,271.65,0.0
OI00011864,O0006775,P0003,1,82.86,0.0
OI00011865,O0006776,P0046,1,19.33,3.43
OI00011866,O0006777,P0019,2,690.56,228.36
OI00011867,O0006777,P0045,1,149.1,10.52
OI00011868,O0006778,P0056,1,366.03,0.0
OI00011869,O0006779,P0018,1,377.74,0.0
OI00011870,O0006779,P0023,1,120.34,0.0
OI00011871,O0006780,P0020,1,677.56,0.0
OI00011872,O0006780,P0026,1,83.36,0.0
OI00011873,O0006780,P0017,1,151.8,0.0
OI00011874,O0006781,P0049,1,145.43,14.21
OI00011875,O0006781,P0004,1,76.46,8.22
OI00011876,O0006782,P0025,1,624.9,99.69
OI00011877,O0006783,P0021,2,81.58,0.0
OI00011878,O0006784,P0028,1,323.35,0.0
OI00011879,O0006785,P0040,2,471.31,119.82
OI00011880,O0006785,P0039,1,316.47,41.1
OI00011881,O0006785,P0044,1,52.91,2.74
OI00011882,O0006786,P0010,1,159.38,0.0
OI00011883,O0006787,P0039,1,317.97,0.0
OI00011884,O0006787,P0024,1,776.61,0.0
OI00011885,O0006787,P0042,1,128.98,0.0
OI00011886,O0006788,P0055,1,142.89,0.0
OI00011887,O0006788,P0029,1,295.85,0.0
OI00011888,O0006789,P0036,2,189.28,50.39
OI00011889,O0006790,P0011,2,140.07,0.0
OI00011890,O0006791,P0049,1,138.28,0.0
OI00011891,O0006791,P0034,1,422.52,0.0
OI00011892,O0006791,P0037,1,64.16,0.0
OI00011893,O0006792,P0019,1,668.4,0.0
OI00011894,O0006792,P0024,1,794.85,0.0
OI00011895,O0006792,P0013,1,103.77,0.0
OI00011896,O0006793,P0019,1,684.81,0.0
OI00011897,O0006793,P0043,1,45.26,0.0
OI00011898,O0006794,P0001,1,149.69,21.63
OI00011899,O0006795,P0048,2,95.28,0.0
OI00011900,O0006796,P0014,1,137.59,0.0
OI00011901,O0006796,P0001,1,143.55,0.0
OI00011902,O0006796,P0035,1,284.37,0.0
OI00011903,O0006797,P0022,1,328.33,0.0
OI00011904,O0006797,P0040,1,477.83,0.0
OI00011905,O0006798,P0032,2,398.19,0.0
OI00011906,O0006799,P0048,1,90.93,0.0
OI00011907,O0006800,P0013,1,98.45,0.0
OI00011908,O0006801,P0006,1,123.08,0.0
OI00011909,O0006801,P0030,1,257.51,0.0
OI00011910,O0006801,P0055,1,150.69,0.0
OI00011911,O0006801,P0008,2,85.35,0.0
OI00011912,O0006802,P0023,1,125.14,0.0
OI00011913,O0006802,P0017,1,150.47,0.0
OI00011914,O0006802,P0006,1,128.43,0.0
OI00011915,O0006802,P0043,1,46.1,0.0
OI00011916,O0006803,P0028,1,311.9,43.03
OI00011917,O0006804,P0038,1,268.46,0.0
OI00011918,O0006805,P0003,1,82.0,0.0
OI00011919,O0006805,P0057,1,164.1,0.0
OI00011920,O0006805,P0026,1,85.05,0.0
OI00011921,O0006806,P0019,1,680.0,0.0
OI00011922,O0006807,P0027,1,637.11,0.0
OI00011923,O0006808,P0023,1,120.49,0.0
OI00011924,O0006809,P0012,1,28.09,0.0
OI00011925,O0006810,P0032,1,409.62,0.0
OI00011926,O0006811,P0013,1,101.0,0.0
OI00011927,O0006811,P0026,1,86.16,0.0
OI00011928,O0006811,P0030,1,252.57,0.0
OI00011929,O0006812,P0027,1,641.12,0.0
OI00011930,O0006812,P0021,1,83.81,0.0
OI00011931,O0006812,P0043,1,45.19,0.0
OI00011932,O0006813,P0050,1,14.38,0.0
OI00011933,O0006814,P0057,1,158.0,10.09
OI00011934,O0006815,P0002,1,83.57,0.0
OI00011935,O0006816,P0047,1,69.81,0.0
OI00011936,O0006816,P0007,1,111.35,0.0
OI00011937,O0006817,P0045,2,146.9,0.0
OI00011938,O0006817,P0057,1,162.21,0.0
OI00011939,O0006818,P0052,1,410.42,0.0
OI00011940,O0006818,P0049,1,144.81,0.0
OI00011941,O0006819,P0026,1,82.55,0.0
OI00011942,O0006819,P0003,1,80.18,0.0
OI00011943,O0006820,P0020,2,674.2,0.0
OI00011944,O0006820,P0056,2,377.2,0.0
OI00011945,O0006821,P0029,1,295.41,31.0
OI00011946,O0006822,P0036,1,192.06,19.96
OI00011947,O0006823,P0055,1,146.02,13.04
OI00011948,O0006824,P0040,1,484.51,0.0
OI00011949,O0006824,P0054,1,138.73,0.0
OI00011950,O0006825,P0019,1,670.18,0.0
OI00011951,O0006826,P0038,1,267.26,0.0
OI00011952,O0006826,P0005,2,65.88,0.0
OI00011953,O0006826,P0055,1,149.2,0.0
OI00011954,O0006826,P0054,2,134.8,0.0
OI00011955,O0006827,P0026,1,83.55,12.72
OI00011956,O0006828,P0057,2,164.02,0.0
OI00011957,O0006828,P0038,1,263.47,0.0
OI00011958,O0006829,P0058,1,50.78,6.91
OI00011959,O0006830,P0002,1,81.33,0.0
OI00011960,O0006830,P0039,1,312.74,0.0
OI00011961,O0006831,P0041,1,29.99,0.0
OI00011962,O0006831,P0057,2,158.79,0.0
OI00011963,O0006832,P0050,1,14.23,0.0
OI00011964,O0006833,P0023,1,118.37,10.51
OI00011965,O0006834,P0007,1,112.85,0.0
OI00011966,O0006835,P0048,1,94.93,0.0
OI00011967,O0006836,P0041,1,31.66,0.0
OI00011968,O0006837,P0014,1,135.39,14.53
OI00011969,O0006837,P0019,2,664.12,163.33
OI00011970,O0006837,P0024,1,769.11,131.55
OI00011971,O0006838,P0030,1,259.67,19.97
OI00011972,O0006838,P0016,1,125.78,13.04
OI00011973,O0006838,P0021,1,80.84,7.17
OI00011974,O0006838,P0045,1,152.97,17.12
OI00011975,O0006838,P0027,1,653.16,45.5
OI00011976,O0006839,P0020,1,685.85,87.64
OI00011977,O0006839,P0060,1,447.95,63.53
OI00011978,O0006839,P0044,1,54.52,3.05
OI00011979,O0006840,P0050,1,14.5,0.0
OI00011980,O0006841,P0055,1,148.85,0.0
OI00011981,O0006841,P0035,1,279.43,0.0
OI00011982,O0006842,P0009,1,112.84,0.0
OI00011983,O0006843,P0057,1,161.73,0.0
OI00011984,O0006843,P0056,1,374.91,0.0
OI00011985,O0006844,P0006,1,127.82,0.0
OI00011986,O0006844,P0038,1,266.06,0.0
OI00011987,O0006845,P0006,2,128.03,11.15
OI00011988,O0006846,P0029,2,284.39,0.0
OI00011989,O0006846,P0053,1,528.91,0.0
OI00011990,O0006847,P0050,1,14.44,0.0
OI00011991,O0006848,P0003,1,82.02,0.0
OI00011992,O0006848,P0055,1,149.06,0.0
OI00011993,O0006849,P0002,1,79.63,0.0
OI00011994,O0006849,P0040,2,473.13,0.0
OI00011995,O0006850,P0032,1,408.64,42.77
OI00011996,O0006850,P0039,1,312.28,45.07
OI00011997,O0006851,P0021,1,82.94,14.68
OI00011998,O0006852,P0025,1,624.71,91.09
OI00011999,O0006852,P0003,1,79.83,14.0
OI00012000,O0006852,P0032,1,400.25,42.46
OI00012001,O0006853,P0038,1,271.1,0.0
OI00012002,O0006853,P0011,1,136.41,0.0
OI00012003,O0006853,P0060,2,442.53,0.0
OI00012004,O0006854,P0019,1,683.16,39.45
OI00012005,O0006855,P0006,1,124.13,0.0
OI00012006,O0006856,P0015,1,61.06,0.0
OI00012007,O0006856,P0026,1,84.6,0.0
OI00012008,O0006857,P0008,1,88.16,0.0
OI00012009,O0006857,P0048,1,95.11,0.0
OI00012010,O0006857,P0041,1,31.73,0.0
OI00012011,O0006858,P0029,2,289.45,0.0
OI00012012,O0006859,P0003,1,82.95,0.0
OI00012013,O0006859,P0021,1,81.98,0.0
OI00012014,O0006860,P0024,1,798.26,0.0
OI00012015,O0006861,P0013,1,101.4,0.0
OI00012016,O0006861,P0039,3,315.96,0.0
OI00012017,O0006861,P0003,1,81.92,0.0
OI00012018,O0006862,P0056,1,383.22,0.0
OI00012019,O0006862,P0057,1,161.42,0.0
OI00012020,O0006863,P0032,1,400.54,31.94
OI00012021,O0006864,P0057,1,165.03,0.0
OI00012022,O0006864,P0020,2,663.35,0.0
OI00012023,O0006864,P0053,1,536.89,0.0
OI00012024,O0006864,P0055,1,145.71,0.0
OI00012025,O0006865,P0003,1,83.39,8.37
OI00012026,O0006866,P0049,1,145.49,0.0
OI00012027,O0006866,P0042,1,131.93,0.0
OI00012028,O0006867,P0006,2,128.62,0.0
OI00012029,O0006867,P0023,1,120.41,0.0
OI00012030,O0006868,P0006,1,122.12,0.0
OI00012031,O0006868,P0023,1,119.5,0.0
OI00012032,O0006869,P0021,1,81.32,0.0
OI00012033,O0006869,P0019,2,677.38,0.0
OI00012034,O0006869,P0038,1,274.03,0.0
OI00012035,O0006870,P0056,1,363.83,0.0
OI00012036,O0006870,P0028,1,326.64,0.0
OI00012037,O0006870,P0039,1,314.14,0.0
OI00012038,O0006871,P0017,1,159.72,0.0
OI00012039,O0006871,P0035,1,284.27,0.0
OI00012040,O0006872,P0019,1,666.37,0.0
OI00012041,O0006872,P0032,1,421.35,0.0
OI00012042,O0006873,P0003,2,80.8,0.0
OI00012043,O0006873,P0060,1,456.46,0.0
OI00012044,O0006874,P0002,1,79.8,8.02
OI00012045,O0006875,P0007,1,112.79,0.0
OI00012046,O0006875,P0041,1,30.52,0.0
OI00012047,O0006876,P0054,1,136.52,0.0
OI00012048,O0006877,P0045,1,149.61,0.0
OI00012049,O0006878,P0036,1,189.6,30.26
OI00012050,O0006879,P0056,1,381.68,0.0
OI00012051,O0006879,P0016,1,121.86,0.0
OI00012052,O0006880,P0011,1,140.14,0.0
OI00012053,O0006880,P0058,1,51.37,0.0
OI00012054,O0006881,P0013,1,103.04,10.01
OI00012055,O0006881,P0002,1,80.6,3.56
OI00012056,O0006881,P0049,1,140.39,23.58
OI00012057,O0006882,P0018,2,369.63,0.0
OI00012058,O0006883,P0056,1,377.2,0.0
OI00012059,O0006883,P0027,1,646.13,0.0
OI00012060,O0006884,P0003,1,79.23,0.0
OI00012061,O0006885,P0022,1,336.65,0.0
OI00012062,O0006885,P0023,1,124.3,0.0
OI00012063,O0006886,P0003,1,82.98,0.0
OI00012064,O0006886,P0030,1,254.76,0.0
OI00012065,O0006887,P0058,1,51.92,0.0
OI00012066,O0006888,P0004,1,74.75,0.0
OI00012067,O0006888,P0026,1,84.85,0.0
OI00012068,O0006888,P0030,1,258.93,0.0
OI00012069,O0006889,P0018,1,372.41,28.78
OI00012070,O0006889,P0005,1,66.04,9.74
OI00012071,O0006890,P0053,1,539.0,62.11
OI00012072,O0006890,P0039,1,314.75,51.85
OI00012073,O0006891,P0008,1,87.57,7.69
OI00012074,O0006892,P0019,2,679.79,194.73
OI00012075,O0006893,P0020,1,685.73,51.08
OI00012076,O0006893,P0019,1,674.67,42.14
OI00012077,O0006894,P0004,2,75.73,0.0
OI00012078,O0006894,P0007,1,111.83,0.0
OI00012079,O0006895,P0003,1,82.08,0.0
OI00012080,O0006895,P0049,1,146.2,0.0
OI00012081,O0006896,P0023,1,121.16,11.41
OI00012082,O0006896,P0004,1,77.92,3.33
OI00012083,O0006896,P0056,1,367.75,16.76
OI00012084,O0006896,P0040,1,471.18,25.39
OI00012085,O0006897,P0005,1,65.71,0.0
OI00012086,O0006898,P0022,1,342.73,0.0
OI00012087,O0006898,P0004,1,74.29,0.0
OI00012088,O0006898,P0045,1,153.87,0.0
OI00012089,O0006898,P0053,1,532.65,0.0
OI00012090,O0006899,P0052,1,411.45,38.77
OI00012091,O0006899,P0038,1,271.14,22.08
OI00012092,O0006900,P0038,1,274.92,0.0
OI00012093,O0006901,P0040,1,485.15,0.0
OI00012094,O0006902,P0009,1,107.77,15.08
OI00012095,O0006903,P0031,1,27.74,0.0
OI00012096,O0006904,P0037,1,66.89,0.0
OI00012097,O0006905,P0024,1,789.38,0.0
OI00012098,O0006906,P0056,1,380.73,35.62
OI00012099,O0006906,P0020,2,668.79,78.46
OI00012100,O0006907,P0026,1,82.79,8.44
OI00012101,O0006907,P0001,1,146.02,24.55
OI00012102,O0006907,P0058,2,50.94,13.1
OI00012103,O0006908,P0013,1,102.98,0.0
OI00012104,O0006909,P0040,2,491.04,0.0
OI00012105,O0006910,P0003,1,79.89,6.74
OI00012106,O0006910,P0040,1,474.74,75.84
OI00012107,O0006910,P0030,1,252.38,38.97
OI00012108,O0006911,P0020,1,680.91,96.51
OI00012109,O0006912,P0023,1,121.74,6.67
OI00012110,O0006913,P0038,1,270.69,0.0
OI00012111,O0006913,P0029,1,296.07,0.0
OI00012112,O0006914,P0003,1,79.65,5.43
OI00012113,O0006915,P0039,1,313.46,0.0
OI00012114,O0006916,P0013,1,98.58,0.0
OI00012115,O0006916,P0038,1,273.95,0.0
OI00012116,O0006916,P0042,1,135.03,0.0
OI00012117,O0006917,P0020,1,680.81,0.0
OI00012118,O0006918,P0020,2,687.53,95.14
OI00012119,O0006919,P0010,2,163.27,16.47
OI00012120,O0006919,P0043,1,45.6,4.13
OI00012121,O0006920,P0036,1,189.32,21.51
OI00012122,O0006921,P0010,1,159.91,15.68
OI00012123,O0006922,P0003,1,82.19,0.0
OI00012124,O0006923,P0003,1,79.59,0.0
OI00012125,O0006923,P0020,1,665.3,0.0
OI00012126,O0006923,P0026,1,83.48,0.0
OI00012127,O0006924,P0058,1,50.23,0.0
OI00012128,O0006925,P0024,1,810.72,0.0
OI00012129,O0006925,P0003,2,79.94,0.0
OI00012130,O0006925,P0052,1,405.02,0.0
OI00012131,O0006926,P0003,1,82.45,5.82
OI00012132,O0006926,P0019,1,653.61,102.39
OI00012133,O0006927,P0032,1,398.85,0.0
OI00012134,O0006928,P0021,1,81.87,0.0
OI00012135,O0006929,P0037,1,67.07,9.68
OI00012136,O0006929,P0006,1,126.16,14.85
OI00012137,O0006929,P0059,1,61.49,7.17
OI00012138,O0006930,P0041,1,31.67,0.0
OI00012139,O0006930,P0005,2,66.01,0.0
OI00012140,O0006931,P0049,1,146.66,21.76
OI00012141,O0006932,P0045,1,146.3,0.0
OI00012142,O0006932,P0020,1,666.78,0.0
OI00012143,O0006932,P0031,1,28.82,0.0
OI00012144,O0006933,P0040,1,493.44,0.0
OI00012145,O0006933,P0034,1,412.61,0.0
OI00012146,O0006934,P0042,1,130.02,0.0
OI00012147,O0006935,P0051,1,75.17,0.0
OI00012148,O0006935,P0035,1,288.04,0.0
OI00012149,O0006936,P0043,2,44.57,0.0
OI00012150,O0006937,P0056,1,366.93,0.0
OI00012151,O0006937,P0019,1,677.39,0.0
OI00012152,O0006938,P0032,1,417.52,0.0
OI00012153,O0006939,P0020,2,688.54,0.0
OI00012154,O0006940,P0009,2,109.32,18.1
OI00012155,O0006940,P0054,1,133.9,22.02
OI00012156,O0006940,P0013,2,103.27,31.9
OI00012157,O0006941,P0018,1,378.13,0.0
OI00012158,O0006942,P0032,1,405.06,0.0
OI00012159,O0006942,P0007,1,109.53,0.0
OI00012160,O0006942,P0055,1,147.69,0.0
OI00012161,O0006943,P0023,1,120.96,6.68
OI00012162,O0006943,P0029,1,288.16,28.35
OI00012163,O0006944,P0030,1,253.65,0.0
OI00012164,O0006944,P0023,1,124.15,0.0
OI00012165,O0006945,P0059,1,62.59,0.0
OI00012166,O0006945,P0040,1,486.09,0.0
OI00012167,O0006945,P0005,1,65.99,0.0
OI00012168,O0006946,P0054,1,139.8,22.83
OI00012169,O0006947,P0017,2,153.76,0.0
OI00012170,O0006947,P0050,1,13.82,0.0
OI00012171,O0006948,P0029,1,288.91,0.0
OI00012172,O0006949,P0040,1,476.57,0.0
OI00012173,O0006949,P0038,2,274.44,0.0
OI00012174,O0006950,P0054,1,134.73,0.0
OI00012175,O0006951,P0033,1,430.98,0.0
OI00012176,O0006951,P0060,1,448.49,0.0
OI00012177,O0006951,P0045,1,153.08,0.0
OI00012178,O0006951,P0006,2,126.41,0.0
OI00012179,O0006952,P0030,1,253.55,0.0
OI00012180,O0006953,P0050,1,14.48,0.0
OI00012181,O0006953,P0018,1,368.76,0.0
OI00012182,O0006953,P0020,1,674.12,0.0
OI00012183,O0006954,P0027,1,639.44,0.0
OI00012184,O0006954,P0041,1,30.36,0.0
OI00012185,O0006955,P0049,1,139.41,22.4
OI00012186,O0006955,P0048,1,92.67,13.62
OI00012187,O0006955,P0011,1,139.76,18.72
OI00012188,O0006956,P0033,1,420.92,39.49
OI00012189,O0006957,P0004,2,75.85,15.13
OI00012190,O0006958,P0057,1,159.4,0.0
OI00012191,O0006958,P0009,1,109.64,0.0
OI00012192,O0006958,P0048,1,93.47,0.0
OI00012193,O0006959,P0032,1,416.76,0.0
OI00012194,O0006959,P0016,1,126.97,0.0
OI00012195,O0006959,P0054,1,137.56,0.0
OI00012196,O0006960,P0024,1,797.54,140.43
OI00012197,O0006960,P0019,1,651.13,47.66
OI00012198,O0006960,P0007,1,112.68,19.64
OI00012199,O0006960,P0058,1,50.55,6.08
OI00012200,O0006961,P0009,2,108.09,0.0
OI00012201,O0006962,P0038,1,267.96,42.34
OI00012202,O0006963,P0008,1,89.27,14.27
OI00012203,O0006964,P0024,1,775.92,129.51
OI00012204,O0006965,P0001,1,149.58,0.0
OI00012205,O0006965,P0020,1,680.9,0.0
OI00012206,O0006966,P0056,2,373.36,0.0
OI00012207,O0006967,P0019,2,686.59,226.98
OI00012208,O0006968,P0036,1,195.89,21.28
OI00012209,O0006968,P0038,1,275.35,46.67
OI00012210,O0006969,P0014,1,136.66,0.0
OI00012211,O0006969,P0016,1,120.3,0.0
OI00012212,O0006969,P0058,1,51.32,0.0
OI00012213,O0006970,P0057,2,163.84,0.0
OI00012214,O0006971,P0019,1,652.44,0.0
OI00012215,O0006971,P0013,1,100.14,0.0
OI00012216,O0006972,P0006,1,123.85,14.78
OI00012217,O0006972,P0056,1,373.34,64.68
OI00012218,O0006972,P0019,1,663.36,31.4
OI00012219,O0006973,P0004,2,77.76,23.23
OI00012220,O0006973,P0038,1,274.12,27.99
OI00012221,O0006974,P0006,1,128.36,21.8
OI00012222,O0006975,P0036,2,187.44,60.63
OI00012223,O0006975,P0054,1,133.01,18.41
OI00012224,O0006976,P0026,2,84.06,0.0
OI00012225,O0006976,P0048,1,94.95,0.0
OI00012226,O0006977,P0025,2,619.49,0.0
OI00012227,O0006977,P0005,1,68.14,0.0
OI00012228,O0006978,P0011,1,143.56,0.0
OI00012229,O0006978,P0022,2,344.21,0.0
OI00012230,O0006979,P0029,2,293.95,0.0
OI00012231,O0006980,P0042,2,130.15,33.77
OI00012232,O0006980,P0011,1,139.41,16.59
OI00012233,O0006981,P0013,1,98.69,0.0
OI00012234,O0006982,P0046,1,19.56,0.0
OI00012235,O0006982,P0029,1,300.18,0.0
OI00012236,O0006982,P0022,1,347.36,0.0
OI00012237,O0006983,P0010,1,162.81,0.0
OI00012238,O0006983,P0060,1,442.3,0.0
OI00012239,O0006983,P0043,1,44.68,0.0
OI00012240,O0006984,P0019,1,675.9,0.0
OI00012241,O0006985,P0003,1,83.74,0.0
OI00012242,O0006986,P0060,2,435.61,44.43
OI00012243,O0006987,P0038,2,264.24,0.0
OI00012244,O0006988,P0033,1,432.47,0.0
OI00012245,O0006988,P0042,1,134.04,0.0
OI00012246,O0006989,P0028,1,320.23,18.89
OI00012247,O0006990,P0006,2,128.21,0.0
OI00012248,O0006990,P0048,1,90.48,0.0
OI00012249,O0006990,P0045,1,146.97,0.0
OI00012250,O0006991,P0011,2,138.67,29.29
OI00012251,O0006991,P0029,1,285.14,45.48
OI00012252,O0006991,P0013,1,98.94,14.92
OI00012253,O0006991,P0059,1,60.98,9.41
OI00012254,O0006992,P0057,1,166.37,0.0
OI00012255,O0006993,P0001,1,148.27,0.0
OI00012256,O0006994,P0019,1,681.24,48.36
OI00012257,O0006994,P0006,1,126.33,8.09
OI00012258,O0006995,P0028,1,316.75,20.21
OI00012259,O0006996,P0056,1,376.57,0.0
OI00012260,O0006996,P0051,1,75.71,0.0
OI00012261,O0006997,P0019,1,687.6,0.0
OI00012262,O0006998,P0006,1,126.29,0.0
OI00012263,O0006998,P0037,1,63.89,0.0
OI00012264,O0006999,P0005,1,66.73,0.0
OI00012265,O0007000,P0043,1,44.97,0.0
OI00012266,O0007001,P0030,1,254.51,0.0
OI00012267,O0007001,P0029,1,288.48,0.0
OI00012268,O0007001,P0002,1,79.23,0.0
OI00012269,O0007001,P0034,1,430.35,0.0
OI00012270,O0007001,P0055,2,144.03,0.0
OI00012271,O0007002,P0017,1,152.49,7.78
OI00012272,O0007002,P0020,1,660.56,28.16
OI00012273,O0007002,P0002,1,79.28,13.02
OI00012274,O0007002,P0007,1,110.38,11.09
OI00012275,O0007003,P0038,2,265.58,0.0
OI00012276,O0007003,P0015,1,59.89,0.0
OI00012277,O0007003,P0033,2,436.21,0.0
OI00012278,O0007004,P0054,2,134.26,0.0
OI00012279,O0007004,P0010,1,156.58,0.0
OI00012280,O0007005,P0032,2,418.36,0.0
OI00012281,O0007005,P0025,1,615.62,0.0
OI00012282,O0007005,P0042,1,132.07,0.0
OI00012283,O0007006,P0017,1,151.51,0.0
OI00012284,O0007006,P0041,2,31.01,0.0
OI00012285,O0007007,P0013,2,102.26,0.0
OI00012286,O0007007,P0042,1,134.74,0.0
OI00012287,O0007008,P0049,1,142.2,0.0
OI00012288,O0007009,P0010,1,163.68,0.0
OI00012289,O0007009,P0011,1,142.89,0.0
OI00012290,O0007009,P0035,1,292.86,0.0
OI00012291,O0007009,P0059,1,62.83,0.0
OI00012292,O0007009,P0052,1,405.66,0.0
OI00012293,O0007010,P0047,1,69.46,4.23
OI00012294,O0007011,P0026,1,85.88,5.06
OI00012295,O0007012,P0039,1,319.59,0.0
OI00012296,O0007013,P0038,1,261.33,0.0
OI00012297,O0007014,P0011,1,140.57,16.62
OI00012298,O0007014,P0021,2,84.99,23.82
OI00012299,O0007015,P0001,2,149.55,44.81
OI00012300,O0007015,P0040,1,487.15,52.31
OI00012301,O0007016,P0041,1,31.25,0.0
OI00012302,O0007016,P0017,1,158.59,0.0
OI00012303,O0007017,P0024,2,812.36,0.0
OI00012304,O0007018,P0038,1,264.22,0.0
OI00012305,O0007018,P0001,1,141.37,0.0
OI00012306,O0007019,P0060,1,438.76,0.0
OI00012307,O0007019,P0001,2,149.13,0.0
OI00012308,O0007020,P0003,1,81.43,12.4
OI00012309,O0007020,P0010,1,165.04,13.37
OI00012310,O0007021,P0010,1,165.1,0.0
OI00012311,O0007021,P0006,1,125.8,0.0
OI00012312,O0007022,P0029,1,295.26,31.83
OI00012313,O0007023,P0059,1,61.65,7.58
OI00012314,O0007023,P0032,1,408.83,38.56
OI00012315,O0007024,P0026,1,84.04,0.0
OI00012316,O0007025,P0003,1,80.32,0.0
OI00012317,O0007025,P0054,2,139.03,0.0
OI00012318,O0007025,P0021,1,82.17,0.0
OI00012319,O0007026,P0016,1,125.55,0.0
OI00012320,O0007026,P0027,1,621.98,0.0
OI00012321,O0007027,P0005,1,67.28,6.6
OI00012322,O0007027,P0045,1,145.5,16.72
OI00012323,O0007028,P0045,1,145.93,0.0
OI00012324,O0007029,P0020,1,679.83,0.0
OI00012325,O0007029,P0005,2,66.23,0.0
OI00012326,O0007029,P0030,2,248.36,0.0
OI00012327,O0007030,P0001,2,149.58,0.0
OI00012328,O0007030,P0045,1,152.24,0.0
OI00012329,O0007030,P0005,1,67.62,0.0
OI00012330,O0007031,P0057,1,158.13,17.59
OI00012331,O0007031,P0005,1,65.76,6.23
OI00012332,O0007032,P0020,1,698.22,0.0
OI00012333,O0007033,P0006,1,122.16,0.0
OI00012334,O0007034,P0019,2,653.24,0.0
OI00012335,O0007035,P0023,2,119.31,0.0
OI00012336,O0007035,P0054,2,139.69,0.0
OI00012337,O0007035,P0003,1,81.5,0.0
OI00012338,O0007036,P0060,1,457.58,0.0
OI00012339,O0007037,P0043,1,46.56,0.0
OI00012340,O0007037,P0054,1,138.78,0.0
OI00012341,O0007038,P0055,1,147.93,0.0
OI00012342,O0007039,P0038,1,270.78,0.0
OI00012343,O0007039,P0053,1,537.7,0.0
OI00012344,O0007040,P0033,2,433.47,0.0
OI00012345,O0007040,P0006,1,127.82,0.0
OI00012346,O0007041,P0003,1,80.2,0.0
OI00012347,O0007041,P0019,1,673.54,0.0
OI00012348,O0007042,P0060,1,443.82,0.0
OI00012349,O0007043,P0029,1,290.04,0.0
OI00012350,O0007044,P0049,1,141.16,0.0
OI00012351,O0007045,P0038,1,275.08,0.0
OI00012352,O0007045,P0026,1,83.05,0.0
OI00012353,O0007046,P0029,1,285.39,32.76
OI00012354,O0007047,P0010,1,164.11,11.31
OI00012355,O0007048,P0023,2,122.82,19.85
OI00012356,O0007048,P0057,1,163.81,15.85
OI00012357,O0007048,P0047,1,71.96,12.74
OI00012358,O0007049,P0041,1,30.85,0.0
OI00012359,O0007050,P0001,2,148.06,0.0
OI00012360,O0007051,P0032,1,406.82,45.84
OI00012361,O0007052,P0049,2,138.91,37.14
OI00012362,O0007053,P0059,1,62.09,0.0
OI00012363,O0007053,P0049,1,142.21,0.0
OI00012364,O0007053,P0004,1,77.3,0.0
OI00012365,O0007054,P0037,1,64.08,0.0
OI00012366,O0007055,P0004,1,75.03,0.0
OI00012367,O0007055,P0022,1,341.74,0.0
OI00012368,O0007056,P0048,1,90.07,0.0
OI00012369,O0007056,P0057,2,159.56,0.0
OI00012370,O0007056,P0010,1,159.51,0.0
OI00012371,O0007057,P0060,2,447.35,134.57
OI00012372,O0007057,P0027,1,630.53,46.12
OI00012373,O0007058,P0037,1,66.07,0.0
OI00012374,O0007058,P0020,1,678.06,0.0
OI00012375,O0007058,P0036,1,194.13,0.0
OI00012376,O0007059,P0002,1,82.91,0.0
OI00012377,O0007059,P0015,1,61.83,0.0
OI00012378,O0007060,P0057,1,165.16,0.0
OI00012379,O0007061,P0034,1,416.77,47.83
OI00012380,O0007062,P0005,2,65.38,0.0
OI00012381,O0007063,P0018,3,357.78,0.0
OI00012382,O0007064,P0049,1,143.76,0.0
OI00012383,O0007065,P0055,1,149.93,0.0
OI00012384,O0007065,P0036,1,191.75,0.0
OI00012385,O0007065,P0003,1,82.5,0.0
OI00012386,O0007066,P0052,1,418.93,0.0
OI00012387,O0007067,P0016,1,126.53,0.0
OI00012388,O0007067,P0026,2,84.6,0.0
OI00012389,O0007068,P0016,1,121.01,0.0
OI00012390,O0007068,P0004,1,74.12,0.0
OI00012391,O0007069,P0009,1,111.24,0.0
OI00012392,O0007070,P0041,1,30.48,0.0
OI00012393,O0007070,P0028,1,312.12,0.0
OI00012394,O0007071,P0035,1,293.89,0.0
OI00012395,O0007072,P0049,1,140.21,21.16
OI00012396,O0007072,P0038,1,265.76,27.78
OI00012397,O0007073,P0032,1,398.38,0.0
OI00012398,O0007074,P0020,1,672.56,115.59
OI00012399,O0007074,P0059,1,60.81,3.06
OI00012400,O0007074,P0007,2,113.9,33.03
OI00012401,O0007075,P0059,1,60.88,6.5
OI00012402,O0007076,P0047,1,68.51,10.42
OI00012403,O0007077,P0041,1,31.09,0.0
OI00012404,O0007077,P0018,1,369.63,0.0
OI00012405,O0007078,P0029,1,294.56,35.51
OI00012406,O0007079,P0043,1,45.06,0.0
OI00012407,O0007079,P0033,2,435.19,0.0
OI00012408,O0007080,P0059,2,61.97,0.0
OI00012409,O0007080,P0009,1,108.8,0.0
OI00012410,O0007081,P0059,1,63.56,0.0
OI00012411,O0007082,P0016,1,120.86,0.0
OI00012412,O0007083,P0003,1,79.76,0.0
OI00012413,O0007084,P0032,1,402.33,0.0
OI00012414,O0007085,P0046,1,18.73,0.0
OI00012415,O0007086,P0048,1,90.9,0.0
OI00012416,O0007086,P0042,1,130.82,0.0
OI00012417,O0007086,P0003,1,81.88,0.0
OI00012418,O0007087,P0027,1,641.25,99.09
OI00012419,O0007088,P0038,1,270.16,48.14
OI00012420,O0007088,P0023,1,124.15,17.26
OI00012421,O0007088,P0045,1,149.07,17.45
OI00012422,O0007089,P0042,1,133.96,0.0
OI00012423,O0007090,P0004,1,74.94,0.0
OI00012424,O0007090,P0029,1,296.52,0.0
OI00012425,O0007091,P0002,1,79.04,0.0
OI00012426,O0007091,P0006,1,125.62,0.0
OI00012427,O0007092,P0037,2,64.59,0.0
OI00012428,O0007092,P0059,1,60.84,0.0
OI00012429,O0007092,P0009,1,109.96,0.0
OI00012430,O0007093,P0028,1,316.2,29.92
OI00012431,O0007094,P0024,1,785.16,0.0
OI00012432,O0007094,P0006,1,125.9,0.0
OI00012433,O0007095,P0055,1,143.45,11.58
OI00012434,O0007095,P0002,1,80.12,7.37
OI00012435,O0007095,P0023,1,122.34,9.85
OI00012436,O0007096,P0029,1,291.75,0.0
OI00012437,O0007096,P0057,1,165.27,0.0
OI00012438,O0007097,P0004,1,76.25,0.0
OI00012439,O0007097,P0033,1,435.23,0.0
OI00012440,O0007098,P0003,1,83.66,0.0
OI00012441,O0007098,P0021,1,84.12,0.0
OI00012442,O0007098,P0038,1,273.45,0.0
OI00012443,O0007098,P0023,1,123.3,0.0
OI00012444,O0007099,P0031,1,28.11,0.0
OI00012445,O0007100,P0023,1,122.33,21.03
OI00012446,O0007100,P0038,1,270.59,41.06
OI00012447,O0007101,P0032,1,401.42,0.0
OI00012448,O0007101,P0006,2,123.66,0.0
OI00012449,O0007102,P0024,2,776.71,0.0
OI00012450,O0007102,P0027,2,627.12,0.0
OI00012451,O0007103,P0014,1,133.51,0.0
OI00012452,O0007103,P0059,2,60.41,0.0
OI00012453,O0007104,P0008,1,85.57,0.0
OI00012454,O0007104,P0001,1,144.34,0.0
OI00012455,O0007104,P0039,1,331.11,0.0
OI00012456,O0007105,P0023,1,123.3,0.0
OI00012457,O0007106,P0050,1,14.52,0.83
OI00012458,O0007106,P0040,1,467.6,30.74
OI00012459,O0007106,P0002,1,81.98,10.69
OI00012460,O0007107,P0023,1,123.44,0.0
OI00012461,O0007107,P0050,1,14.49,0.0
OI00012462,O0007108,P0031,1,28.23,0.0
OI00012463,O0007109,P0038,1,274.97,37.45
OI00012464,O0007109,P0049,1,146.68,13.01
OI00012465,O0007109,P0056,1,371.53,66.1
OI00012466,O0007110,P0019,1,669.31,63.72
OI00012467,O0007111,P0001,1,147.16,8.42
OI00012468,O0007111,P0035,1,292.2,33.61
OI00012469,O0007112,P0003,1,82.31,9.12
OI00012470,O0007112,P0038,2,274.62,26.53
OI00012471,O0007112,P0020,1,684.36,116.15
OI00012472,O0007112,P0021,1,82.81,9.3
OI00012473,O0007112,P0056,1,378.52,45.7
OI00012474,O0007113,P0038,1,270.19,0.0
OI00012475,O0007113,P0050,1,14.52,0.0
OI00012476,O0007113,P0041,1,31.52,0.0
OI00012477,O0007113,P0017,1,158.6,0.0
OI00012478,O0007114,P0023,1,121.8,0.0
OI00012479,O0007115,P0002,1,80.16,9.82
OI00012480,O0007116,P0022,1,329.24,0.0
OI00012481,O0007117,P0058,2,51.34,16.02
OI00012482,O0007118,P0011,1,138.44,0.0
OI00012483,O0007119,P0028,1,323.6,0.0
OI00012484,O0007120,P0003,1,79.22,11.71
OI00012485,O0007120,P0054,2,138.59,11.75
OI00012486,O0007121,P0023,1,123.72,0.0
OI00012487,O0007121,P0045,1,148.6,0.0
OI00012488,O0007121,P0017,1,155.95,0.0
OI00012489,O0007121,P0056,1,381.64,0.0
OI00012490,O0007121,P0001,1,145.2,0.0
OI00012491,O0007122,P0057,1,162.0,0.0
OI00012492,O0007122,P0042,2,131.75,0.0
OI00012493,O0007123,P0036,1,193.53,17.02
OI00012494,O0007123,P0038,1,270.79,47.4
OI00012495,O0007124,P0034,1,417.71,0.0
OI00012496,O0007125,P0013,1,101.69,16.73
OI00012497,O0007126,P0006,1,121.64,0.0
OI00012498,O0007126,P0002,1,82.07,0.0
OI00012499,O0007127,P0047,1,70.61,0.0
OI00012500,O0007128,P0006,2,123.77,0.0
OI00012501,O0007129,P0040,1,493.23,0.0
OI00012502,O0007130,P0010,1,158.21,0.0
OI00012503,O0007130,P0038,1,270.56,0.0
OI00012504,O0007131,P0013,1,102.45,0.0
OI00012505,O0007132,P0005,1,68.27,0.0
OI00012506,O0007133,P0028,1,318.24,54.02
OI00012507,O0007133,P0060,1,458.35,71.61
OI00012508,O0007134,P0021,1,82.46,9.94
OI00012509,O0007135,P0001,1,145.29,9.35
OI00012510,O0007136,P0030,1,252.02,0.0
OI00012511,O0007136,P0056,1,370.52,0.0
OI00012512,O0007136,P0024,1,773.1,0.0
OI00012513,O0007137,P0021,1,81.12,0.0
OI00012514,O0007138,P0016,1,120.91,0.0
OI00012515,O0007138,P0019,2,684.63,0.0
OI00012516,O0007139,P0017,2,150.61,0.0
OI00012517,O0007139,P0050,1,14.0,0.0
OI00012518,O0007140,P0016,1,121.01,0.0
OI00012519,O0007140,P0034,1,434.8,0.0
OI00012520,O0007141,P0004,1,76.72,0.0
OI00012521,O0007141,P0046,1,18.79,0.0
OI00012522,O0007142,P0043,2,46.82,0.0
OI00012523,O0007142,P0023,1,122.0,0.0
OI00012524,O0007143,P0027,1,619.91,0.0
OI00012525,O0007144,P0021,1,84.84,0.0
OI00012526,O0007145,P0036,1,194.43,0.0
OI00012527,O0007145,P0051,1,75.44,0.0
OI00012528,O0007145,P0050,2,14.59,0.0
OI00012529,O0007146,P0047,1,67.92,8.92
OI00012530,O0007146,P0019,1,662.95,33.17
OI00012531,O0007147,P0042,1,130.31,0.0
OI00012532,O0007148,P0019,2,656.75,0.0
OI00012533,O0007149,P0022,1,338.58,29.41
OI00012534,O0007149,P0001,1,141.51,12.42
OI00012535,O0007150,P0055,1,144.36,25.5
OI00012536,O0007151,P0041,1,31.66,0.0
OI00012537,O0007152,P0048,1,89.9,10.23
OI00012538,O0007152,P0040,1,489.69,64.67
OI00012539,O0007152,P0029,2,286.02,63.0
OI00012540,O0007153,P0032,1,410.34,0.0
OI00012541,O0007153,P0026,1,84.88,0.0
OI00012542,O0007153,P0013,1,99.97,0.0
OI00012543,O0007154,P0052,1,399.16,20.29
OI00012544,O0007154,P0019,1,679.22,37.64
OI00012545,O0007154,P0023,1,119.39,17.78
OI00012546,O0007155,P0005,1,64.98,0.0
OI00012547,O0007156,P0038,2,266.37,0.0
OI00012548,O0007156,P0029,1,288.53,0.0
OI00012549,O0007157,P0043,1,45.74,0.0
OI00012550,O0007158,P0026,1,86.29,0.0
OI00012551,O0007158,P0016,2,121.32,0.0
OI00012552,O0007159,P0041,1,30.98,1.64
OI00012553,O0007160,P0049,1,144.74,0.0
OI00012554,O0007161,P0003,1,82.44,4.37
OI00012555,O0007161,P0045,1,152.68,23.99
OI00012556,O0007162,P0019,1,674.67,0.0
OI00012557,O0007163,P0060,1,448.55,0.0
OI00012558,O0007164,P0029,1,283.56,0.0
OI00012559,O0007165,P0050,1,14.57,2.56
OI00012560,O0007165,P0009,1,113.2,9.64
OI00012561,O0007166,P0023,1,122.54,16.19
OI00012562,O0007166,P0019,1,660.27,45.9
OI00012563,O0007167,P0042,1,133.87,0.0
OI00012564,O0007167,P0052,1,416.9,0.0
OI00012565,O0007168,P0003,1,79.86,0.0
OI00012566,O0007168,P0039,1,314.64,0.0
OI00012567,O0007169,P0016,1,124.48,0.0
OI00012568,O0007170,P0043,1,44.82,6.49
OI00012569,O0007171,P0032,1,411.04,0.0
OI00012570,O0007172,P0055,2,148.66,53.07
OI00012571,O0007172,P0005,1,66.69,6.33
OI00012572,O0007172,P0003,1,81.86,13.6
OI00012573,O0007173,P0028,1,327.16,0.0
OI00012574,O0007173,P0046,1,19.14,0.0
OI00012575,O0007174,P0003,1,81.96,11.8
OI00012576,O0007174,P0049,1,144.78,11.51
OI00012577,O0007175,P0006,1,122.96,0.0
OI00012578,O0007175,P0011,1,139.88,0.0
OI00012579,O0007175,P0014,1,138.01,0.0
OI00012580,O0007176,P0043,2,46.51,0.0
OI00012581,O0007176,P0007,1,112.91,0.0
OI00012582,O0007177,P0015,1,62.07,0.0
OI00012583,O0007177,P0049,1,138.68,0.0
OI00012584,O0007178,P0042,1,130.96,0.0
OI00012585,O0007178,P0038,1,264.78,0.0
OI00012586,O0007179,P0058,1,51.33,0.0
OI00012587,O0007179,P0004,1,74.48,0.0
OI00012588,O0007180,P0060,2,450.97,137.16
OI00012589,O0007180,P0049,1,143.87,9.58
OI00012590,O0007180,P0033,1,420.07,37.13
OI00012591,O0007181,P0003,1,81.1,0.0
OI00012592,O0007181,P0032,1,405.04,0.0
OI00012593,O0007182,P0038,2,267.91,0.0
OI00012594,O0007182,P0039,2,322.46,0.0
OI00012595,O0007182,P0040,1,487.69,0.0
OI00012596,O0007182,P0034,2,417.28,0.0
OI00012597,O0007183,P0043,1,46.57,0.0
OI00012598,O0007183,P0048,1,90.03,0.0
OI00012599,O0007184,P0031,1,28.6,4.95
OI00012600,O0007185,P0019,1,685.43,66.11
OI00012601,O0007185,P0005,1,67.84,6.48
OI00012602,O0007186,P0003,2,81.69,17.62
OI00012603,O0007187,P0002,1,82.06,0.0
OI00012604,O0007188,P0040,1,484.33,0.0
OI00012605,O0007188,P0016,1,126.96,0.0
OI00012606,O0007189,P0023,1,120.59,7.41
OI00012607,O0007189,P0006,1,127.32,21.7
OI00012608,O0007189,P0043,1,46.77,6.96
OI00012609,O0007190,P0006,1,124.31,12.3
OI00012610,O0007190,P0023,1,119.68,15.52
OI00012611,O0007191,P0046,1,18.95,0.0
OI00012612,O0007191,P0059,1,61.92,0.0
OI00012613,O0007191,P0022,1,329.37,0.0
OI00012614,O0007192,P0045,1,148.09,15.16
OI00012615,O0007192,P0026,1,84.61,14.95
OI00012616,O0007193,P0006,1,122.28,0.0
OI00012617,O0007194,P0052,1,414.38,0.0
OI00012618,O0007195,P0003,2,83.65,0.0
OI00012619,O0007196,P0054,1,141.09,0.0
OI00012620,O0007196,P0008,2,88.95,0.0
OI00012621,O0007197,P0046,1,19.45,0.0
OI00012622,O0007198,P0028,1,313.4,0.0
OI00012623,O0007198,P0038,1,265.13,0.0
OI00012624,O0007199,P0043,1,46.63,5.8
OI00012625,O0007199,P0059,1,61.64,2.87
OI00012626,O0007200,P0001,1,148.84,0.0
OI00012627,O0007201,P0032,1,419.05,0.0
OI00012628,O0007202,P0038,1,274.19,37.41
OI00012629,O0007203,P0047,2,72.06,0.0
OI00012630,O0007203,P0001,1,147.22,0.0
OI00012631,O0007203,P0041,2,30.25,0.0
OI00012632,O0007204,P0060,1,435.12,38.71
OI00012633,O0007205,P0045,1,149.1,16.46
OI00012634,O0007205,P0026,1,85.89,14.29
OI00012635,O0007206,P0054,1,133.77,0.0
OI00012636,O0007206,P0025,1,602.6,0.0
OI00012637,O0007206,P0003,1,82.78,0.0
OI00012638,O0007206,P0032,1,410.92,0.0
OI00012639,O0007207,P0017,1,154.59,0.0
OI00012640,O0007207,P0060,1,452.1,0.0
OI00012641,O0007207,P0024,1,777.91,0.0
OI00012642,O0007208,P0013,1,99.03,14.32
OI00012643,O0007209,P0057,2,159.11,20.98
OI00012644,O0007209,P0008,1,85.72,13.88
OI00012645,O0007210,P0056,2,366.7,0.0
OI00012646,O0007210,P0057,1,164.23,0.0
OI00012647,O0007211,P0044,1,53.18,0.0
OI00012648,O0007212,P0030,1,251.3,0.0
OI00012649,O0007213,P0032,1,413.36,0.0
OI00012650,O0007214,P0029,1,294.08,0.0
OI00012651,O0007215,P0032,1,405.32,0.0
OI00012652,O0007215,P0006,1,123.22,0.0
OI00012653,O0007216,P0006,2,121.61,42.49
OI00012654,O0007216,P0019,1,691.05,89.95
OI00012655,O0007216,P0016,1,126.46,5.57
OI00012656,O0007217,P0023,1,119.97,6.41
OI00012657,O0007218,P0020,1,669.02,0.0
OI00012658,O0007219,P0035,1,281.08,0.0
OI00012659,O0007219,P0040,1,486.89,0.0
OI00012660,O0007219,P0043,1,46.77,0.0
OI00012661,O0007220,P0039,1,330.68,0.0
OI00012662,O0007221,P0056,2,384.33,0.0
OI00012663,O0007221,P0003,1,82.07,0.0
OI00012664,O0007221,P0001,2,147.03,0.0
OI00012665,O0007222,P0036,1,195.33,0.0
OI00012666,O0007223,P0033,1,421.31,0.0
OI00012667,O0007224,P0057,1,164.74,7.33
OI00012668,O0007224,P0028,1,311.05,37.06
OI00012669,O0007225,P0017,1,150.57,15.31
OI00012670,O0007225,P0040,1,486.87,54.04
OI00012671,O0007225,P0045,1,148.48,22.85
OI00012672,O0007225,P0033,1,421.94,64.44
OI00012673,O0007226,P0045,2,153.14,0.0
OI00012674,O0007227,P0049,2,141.85,0.0
OI00012675,O0007228,P0009,1,108.2,17.56
OI00012676,O0007228,P0045,1,153.62,15.87
OI00012677,O0007229,P0001,1,145.7,22.92
OI00012678,O0007229,P0016,2,122.32,31.75
OI00012679,O0007230,P0060,1,451.29,0.0
OI00012680,O0007231,P0056,1,370.05,0.0
OI00012681,O0007232,P0049,1,138.28,20.33
OI00012682,O0007232,P0016,1,120.93,11.92
OI00012683,O0007233,P0041,1,31.39,0.0
OI00012684,O0007234,P0060,1,447.67,0.0
OI00012685,O0007235,P0001,1,147.25,15.13
OI00012686,O0007235,P0044,1,54.22,7.32
OI00012687,O0007236,P0001,1,143.06,0.0
OI00012688,O0007236,P0009,1,109.15,0.0
OI00012689,O0007237,P0040,1,468.73,0.0
OI00012690,O0007237,P0024,2,783.03,0.0
OI00012691,O0007237,P0001,1,148.33,0.0
OI00012692,O0007238,P0013,1,99.36,0.0
OI00012693,O0007238,P0055,2,147.93,0.0
OI00012694,O0007239,P0057,1,166.03,0.0
OI00012695,O0007239,P0027,1,640.64,0.0
OI00012696,O0007240,P0028,1,320.67,0.0
OI00012697,O0007240,P0018,1,370.25,0.0
OI00012698,O0007240,P0013,1,99.86,0.0
OI00012699,O0007241,P0056,1,383.14,0.0
OI00012700,O0007242,P0057,2,158.36,0.0
OI00012701,O0007242,P0019,1,662.53,0.0
OI00012702,O0007243,P0029,2,288.31,78.1
OI00012703,O0007244,P0003,1,80.16,13.01
OI00012704,O0007245,P0021,1,84.21,0.0
OI00012705,O0007245,P0004,2,74.09,0.0
OI00012706,O0007246,P0054,1,133.14,0.0
OI00012707,O0007246,P0001,1,142.76,0.0
OI00012708,O0007247,P0055,1,149.04,26.4
OI00012709,O0007248,P0027,1,648.67,0.0
OI00012710,O0007248,P0053,1,522.13,0.0
OI00012711,O0007249,P0010,1,157.8,0.0
OI00012712,O0007249,P0038,1,264.19,0.0
OI00012713,O0007250,P0002,1,81.49,0.0
OI00012714,O0007250,P0005,1,65.2,0.0
OI00012715,O0007251,P0038,1,272.16,0.0
OI00012716,O0007251,P0055,1,147.43,0.0
OI00012717,O0007252,P0010,1,160.35,25.49
OI00012718,O0007252,P0039,2,330.15,59.48
OI00012719,O0007252,P0049,1,145.6,6.74
OI00012720,O0007253,P0015,1,62.29,5.38
OI00012721,O0007254,P0038,1,272.08,0.0
OI00012722,O0007254,P0037,2,66.57,0.0
OI00012723,O0007255,P0057,2,157.19,32.42
OI00012724,O0007256,P0003,1,82.44,0.0
OI00012725,O0007256,P0030,1,253.83,0.0
OI00012726,O0007257,P0022,2,347.73,0.0
OI00012727,O0007258,P0045,1,153.72,0.0
OI00012728,O0007258,P0049,1,142.02,0.0
OI00012729,O0007259,P0020,1,659.51,0.0
OI00012730,O0007260,P0041,1,30.99,0.0
OI00012731,O0007260,P0038,1,267.54,0.0
OI00012732,O0007261,P0003,2,79.3,0.0
OI00012733,O0007261,P0018,1,370.69,0.0
OI00012734,O0007262,P0006,2,127.68,0.0
OI00012735,O0007262,P0002,1,80.82,0.0
OI00012736,O0007263,P0056,1,372.36,55.74
OI00012737,O0007264,P0036,1,196.69,0.0
OI00012738,O0007264,P0014,2,131.24,0.0
OI00012739,O0007265,P0040,1,487.27,0.0
OI00012740,O0007265,P0024,1,786.42,0.0
OI00012741,O0007266,P0050,1,14.38,0.0
OI00012742,O0007267,P0054,1,138.63,12.59
OI00012743,O0007268,P0037,1,63.82,9.16
OI00012744,O0007269,P0032,1,404.73,0.0
OI00012745,O0007270,P0038,2,266.93,0.0
OI00012746,O0007270,P0005,1,65.25,0.0
OI00012747,O0007270,P0024,1,811.49,0.0
OI00012748,O0007271,P0053,1,546.86,0.0
OI00012749,O0007272,P0003,1,81.34,4.95
OI00012750,O0007272,P0032,2,405.53,71.11
OI00012751,O0007272,P0042,1,131.57,8.66
OI00012752,O0007273,P0011,1,142.63,0.0
OI00012753,O0007273,P0051,1,76.1,0.0
OI00012754,O0007274,P0038,2,261.47,0.0
OI00012755,O0007274,P0029,1,294.16,0.0
OI00012756,O0007275,P0018,2,369.04,0.0
OI00012757,O0007275,P0022,1,334.6,0.0
OI00012758,O0007276,P0005,1,66.34,0.0
OI00012759,O0007276,P0032,1,415.34,0.0
OI00012760,O0007277,P0024,1,807.08,0.0
OI00012761,O0007278,P0039,1,313.5,0.0
OI00012762,O0007279,P0024,2,774.31,0.0
OI00012763,O0007279,P0017,1,150.72,0.0
OI00012764,O0007280,P0017,1,154.65,0.0
OI00012765,O0007280,P0029,1,298.12,0.0
OI00012766,O0007281,P0030,1,247.58,0.0
OI00012767,O0007281,P0049,2,145.08,0.0
OI00012768,O0007281,P0023,1,119.04,0.0
OI00012769,O0007282,P0023,1,121.09,0.0
OI00012770,O0007282,P0034,1,411.31,0.0
OI00012771,O0007283,P0003,1,81.94,3.69
OI00012772,O0007283,P0009,1,113.99,9.24
OI00012773,O0007283,P0016,1,127.15,9.96
OI00012774,O0007284,P0059,1,63.59,0.0
OI00012775,O0007284,P0036,2,192.95,0.0
OI00012776,O0007285,P0002,1,80.3,0.0
OI00012777,O0007286,P0012,2,29.34,5.11
OI00012778,O0007287,P0055,1,144.5,0.0
OI00012779,O0007288,P0058,1,52.35,0.0
OI00012780,O0007288,P0015,1,62.91,0.0
OI00012781,O0007289,P0042,1,131.13,11.28
OI00012782,O0007290,P0033,1,432.97,0.0
OI00012783,O0007291,P0028,1,319.73,46.19
OI00012784,O0007292,P0038,1,265.53,0.0
OI00012785,O0007293,P0026,1,83.56,13.21
OI00012786,O0007294,P0040,1,477.72,20.04
OI00012787,O0007294,P0041,2,31.25,9.44
OI00012788,O0007294,P0043,1,46.38,2.61
OI00012789,O0007295,P0021,2,83.41,0.0
OI00012790,O0007296,P0001,1,148.58,0.0
OI00012791,O0007297,P0024,2,801.44,243.5
OI00012792,O0007298,P0045,1,151.78,0.0
OI00012793,O0007299,P0038,1,260.88,0.0
OI00012794,O0007299,P0032,1,413.0,0.0
OI00012795,O0007299,P0021,1,83.65,0.0
OI00012796,O0007300,P0047,1,69.23,0.0
OI00012797,O0007300,P0008,1,85.2,0.0
OI00012798,O0007301,P0028,1,318.56,35.3
OI00012799,O0007302,P0020,1,664.53,0.0
OI00012800,O0007303,P0022,2,340.51,0.0
OI00012801,O0007304,P0030,1,259.97,0.0
OI00012802,O0007304,P0005,1,65.44,0.0
OI00012803,O0007305,P0054,1,138.41,0.0
OI00012804,O0007305,P0020,2,690.31,0.0
OI00012805,O0007306,P0018,2,367.9,0.0
OI00012806,O0007307,P0043,1,45.0,4.68
OI00012807,O0007307,P0023,2,124.96,41.1
OI00012808,O0007307,P0001,1,148.02,16.62
OI00012809,O0007308,P0011,1,136.42,0.0
OI00012810,O0007308,P0019,1,658.68,0.0
OI00012811,O0007309,P0025,1,628.18,0.0
OI00012812,O0007309,P0058,1,51.93,0.0
OI00012813,O0007310,P0050,1,14.38,2.17
OI00012814,O0007311,P0001,1,149.72,0.0
OI00012815,O0007311,P0006,1,123.31,0.0
OI00012816,O0007312,P0036,2,194.32,0.0
OI00012817,O0007313,P0015,1,62.61,0.0
OI00012818,O0007314,P0002,1,83.13,12.16
OI00012819,O0007314,P0020,1,684.78,73.9
OI00012820,O0007314,P0058,1,50.66,7.46
OI00012821,O0007315,P0019,1,663.38,0.0
OI00012822,O0007316,P0023,2,122.92,42.84
OI00012823,O0007317,P0002,1,79.79,0.0
OI00012824,O0007317,P0029,1,284.26,0.0
OI00012825,O0007318,P0020,1,696.62,0.0
OI00012826,O0007319,P0026,2,83.4,0.0
OI00012827,O0007320,P0057,1,165.8,0.0
OI00012828,O0007320,P0006,1,126.17,0.0
OI00012829,O0007321,P0043,1,46.71,0.0
OI00012830,O0007321,P0029,1,291.18,0.0
OI00012831,O0007321,P0038,1,265.27,0.0
OI00012832,O0007322,P0038,1,267.55,0.0
OI00012833,O0007323,P0002,1,79.08,0.0
OI00012834,O0007324,P0057,1,160.71,0.0
OI00012835,O0007324,P0041,1,31.17,0.0
OI00012836,O0007325,P0016,1,123.02,12.97
OI00012837,O0007325,P0056,1,370.12,64.42
OI00012838,O0007326,P0022,1,333.09,0.0
OI00012839,O0007326,P0003,1,79.58,0.0
OI00012840,O0007327,P0038,1,264.81,0.0
OI00012841,O0007327,P0018,1,374.45,0.0
OI00012842,O0007327,P0020,1,660.91,0.0
OI00012843,O0007327,P0048,1,91.07,0.0
OI00012844,O0007328,P0053,1,531.95,76.95
OI00012845,O0007329,P0030,1,255.09,0.0
OI00012846,O0007329,P0006,1,122.39,0.0
OI00012847,O0007329,P0049,1,145.93,0.0
OI00012848,O0007330,P0020,1,673.92,105.28
OI00012849,O0007330,P0005,1,65.36,8.72
OI00012850,O0007330,P0046,2,19.2,3.19
OI00012851,O0007330,P0029,2,291.53,55.78
OI00012852,O0007330,P0036,1,195.28,14.6
OI00012853,O0007331,P0021,1,80.75,0.0
OI00012854,O0007331,P0052,1,401.1,0.0
OI00012855,O0007331,P0016,1,121.79,0.0
OI00012856,O0007332,P0028,1,316.95,0.0
OI00012857,O0007332,P0016,1,122.12,0.0
OI00012858,O0007332,P0021,1,83.36,0.0
OI00012859,O0007333,P0018,1,375.77,24.67
OI00012860,O0007334,P0051,2,73.77,25.79
OI00012861,O0007334,P0003,2,80.76,15.1
OI00012862,O0007335,P0004,1,74.1,0.0
OI00012863,O0007335,P0007,1,112.22,0.0
OI00012864,O0007335,P0022,1,338.68,0.0
OI00012865,O0007336,P0049,1,140.91,24.86
OI00012866,O0007336,P0050,1,14.03,2.13
OI00012867,O0007337,P0045,1,148.12,10.76
OI00012868,O0007338,P0036,1,191.01,0.0
OI00012869,O0007338,P0048,1,91.24,0.0
OI00012870,O0007339,P0056,1,366.71,43.53
OI00012871,O0007339,P0039,1,312.77,45.55
OI00012872,O0007340,P0031,1,28.72,4.29
OI00012873,O0007341,P0049,1,143.29,6.24
OI00012874,O0007342,P0024,1,782.33,136.84
OI00012875,O0007343,P0019,1,660.56,0.0
OI00012876,O0007344,P0057,1,162.85,0.0
OI00012877,O0007344,P0003,1,80.17,0.0
OI00012878,O0007345,P0016,1,126.73,0.0
OI00012879,O0007346,P0051,1,75.47,0.0
OI00012880,O0007346,P0009,1,109.67,0.0
OI00012881,O0007347,P0011,1,138.69,23.85
OI00012882,O0007347,P0038,1,268.28,33.97
OI00012883,O0007347,P0007,1,112.22,16.3
OI00012884,O0007348,P0045,1,148.87,0.0
OI00012885,O0007348,P0039,1,319.76,0.0
OI00012886,O0007348,P0040,1,492.56,0.0
OI00012887,O0007349,P0026,1,82.76,0.0
OI00012888,O0007350,P0026,1,85.15,0.0
OI00012889,O0007350,P0016,1,126.18,0.0
OI00012890,O0007351,P0022,1,343.44,0.0
OI00012891,O0007351,P0003,1,83.09,0.0
OI00012892,O0007352,P0026,1,83.68,8.91
OI00012893,O0007352,P0045,1,149.12,6.66
OI00012894,O0007352,P0009,1,110.67,19.57
OI00012895,O0007352,P0032,1,405.06,59.43
OI00012896,O0007353,P0020,1,695.05,0.0
OI00012897,O0007353,P0047,1,69.5,0.0
OI00012898,O0007354,P0036,1,190.49,28.44
OI00012899,O0007355,P0012,1,28.64,0.0
OI00012900,O0007356,P0052,2,411.1,0.0
OI00012901,O0007357,P0026,1,83.18,4.33
OI00012902,O0007357,P0013,1,100.1,16.36
OI00012903,O0007358,P0053,1,550.93,0.0
OI00012904,O0007358,P0049,1,144.78,0.0
OI00012905,O0007359,P0014,1,134.64,15.36
OI00012906,O0007359,P0036,1,196.35,21.12
OI00012907,O0007360,P0057,1,162.42,21.37
OI00012908,O0007360,P0060,1,440.27,77.76
OI00012909,O0007361,P0026,1,83.78,0.0
OI00012910,O0007361,P0008,1,86.9,0.0
OI00012911,O0007362,P0023,1,118.59,0.0
OI00012912,O0007362,P0051,1,76.36,0.0
OI00012913,O0007363,P0009,1,112.2,13.13
OI00012914,O0007363,P0019,1,681.05,105.72
OI00012915,O0007363,P0023,1,121.49,20.93
OI00012916,O0007363,P0027,1,618.52,78.78
OI00012917,O0007364,P0032,1,410.05,0.0
OI00012918,O0007364,P0046,1,19.24,0.0
OI00012919,O0007365,P0041,1,30.85,0.0
OI00012920,O0007366,P0054,1,136.48,0.0
OI00012921,O0007367,P0050,1,13.89,0.0
OI00012922,O0007367,P0006,1,121.83,0.0
OI00012923,O0007367,P0041,2,30.09,0.0
OI00012924,O0007368,P0003,1,80.86,11.99
OI00012925,O0007368,P0040,1,489.91,72.28
OI00012926,O0007369,P0033,1,431.19,0.0
OI00012927,O0007369,P0043,1,46.21,0.0
OI00012928,O0007369,P0045,2,146.81,0.0
OI00012929,O0007370,P0017,1,155.12,0.0
OI00012930,O0007370,P0056,1,384.19,0.0
OI00012931,O0007370,P0009,1,114.11,0.0
OI00012932,O0007371,P0013,1,102.94,0.0
OI00012933,O0007371,P0054,1,133.22,0.0
OI00012934,O0007371,P0009,1,113.84,0.0
OI00012935,O0007372,P0001,1,149.62,0.0
OI00012936,O0007373,P0059,1,62.22,0.0
OI00012937,O0007373,P0020,1,681.02,0.0
OI00012938,O0007374,P0034,1,431.48,0.0
OI00012939,O0007375,P0034,1,420.56,22.2
OI00012940,O0007375,P0056,1,362.42,22.47
OI00012941,O0007375,P0039,1,314.11,25.27
OI00012942,O0007376,P0057,2,166.11,0.0
OI00012943,O0007376,P0016,1,124.47,0.0
OI00012944,O0007377,P0014,1,130.95,0.0
OI00012945,O0007378,P0038,1,268.17,0.0
OI00012946,O0007378,P0003,1,81.89,0.0
OI00012947,O0007379,P0024,1,786.84,0.0
OI00012948,O0007379,P0033,1,442.6,0.0
OI00012949,O0007380,P0045,1,148.36,0.0
OI00012950,O0007381,P0006,1,121.75,0.0
OI00012951,O0007381,P0031,1,27.59,0.0
OI00012952,O0007382,P0059,1,61.42,0.0
OI00012953,O0007383,P0029,1,288.31,40.75
OI00012954,O0007384,P0017,1,158.06,18.35
OI00012955,O0007384,P0004,1,76.61,6.03
OI00012956,O0007385,P0011,1,137.51,0.0
OI00012957,O0007385,P0005,1,68.48,0.0
OI00012958,O0007386,P0050,1,14.13,0.0
OI00012959,O0007386,P0014,2,134.56,0.0
OI00012960,O0007387,P0008,1,86.68,8.24
OI00012961,O0007387,P0032,1,401.2,21.81
OI00012962,O0007388,P0031,1,28.43,0.0
OI00012963,O0007388,P0024,1,800.27,0.0
OI00012964,O0007389,P0038,1,264.37,0.0
OI00012965,O0007390,P0059,1,61.18,0.0
OI00012966,O0007391,P0039,1,312.66,0.0
OI00012967,O0007391,P0001,1,149.32,0.0
OI00012968,O0007392,P0045,1,150.5,0.0
OI00012969,O0007392,P0035,2,279.58,0.0
OI00012970,O0007392,P0033,1,440.91,0.0
OI00012971,O0007393,P0036,1,197.35,0.0
OI00012972,O0007393,P0003,1,80.36,0.0
OI00012973,O0007394,P0045,1,146.64,11.73
OI00012974,O0007395,P0038,1,275.43,42.32
OI00012975,O0007395,P0012,1,28.74,3.94
OI00012976,O0007396,P0038,1,266.83,15.42
OI00012977,O0007396,P0034,1,414.69,50.5
OI00012978,O0007397,P0001,1,148.21,15.34
OI00012979,O0007397,P0016,1,120.72,19.86
OI00012980,O0007397,P0004,1,77.98,11.13
OI00012981,O0007398,P0007,1,110.08,13.09
OI00012982,O0007398,P0035,1,284.59,21.38
OI00012983,O0007398,P0003,1,79.6,4.31
OI00012984,O0007399,P0044,2,53.52,0.0
OI00012985,O0007400,P0019,1,670.27,62.96
OI00012986,O0007400,P0011,1,143.57,9.03
OI00012987,O0007401,P0023,1,121.23,0.0
OI00012988,O0007402,P0059,1,61.14,5.09
OI00012989,O0007403,P0039,3,324.81,0.0
OI00012990,O0007403,P0023,1,123.25,0.0
OI00012991,O0007403,P0038,1,264.34,0.0
OI00012992,O0007404,P0001,1,144.84,16.43
OI00012993,O0007404,P0006,1,125.69,16.29
OI00012994,O0007404,P0032,1,416.27,70.23
OI00012995,O0007404,P0054,1,133.0,10.13
OI00012996,O0007405,P0059,1,62.21,0.0
OI00012997,O0007405,P0030,1,256.28,0.0
OI00012998,O0007406,P0056,1,373.49,25.45
OI00012999,O0007406,P0030,1,258.53,35.43
OI00013000,O0007407,P0006,1,123.99,0.0
OI00013001,O0007408,P0024,1,791.19,0.0
OI00013002,O0007409,P0013,2,102.73,0.0
OI00013003,O0007410,P0029,1,295.05,0.0
OI00013004,O0007410,P0008,1,86.98,0.0
OI00013005,O0007411,P0032,2,400.36,35.26
OI00013006,O0007412,P0052,1,399.45,0.0
OI00013007,O0007413,P0007,2,112.97,0.0
OI00013008,O0007413,P0006,1,127.76,0.0
OI00013009,O0007414,P0043,1,44.54,5.91
OI00013010,O0007414,P0005,1,66.88,4.61
OI00013011,O0007414,P0033,1,423.94,54.71
OI00013012,O0007415,P0031,1,27.45,0.0
OI00013013,O0007415,P0057,1,158.42,0.0
OI00013014,O0007416,P0006,1,123.19,0.0
OI00013015,O0007417,P0054,2,134.5,0.0
OI00013016,O0007417,P0003,1,79.99,0.0
OI00013017,O0007418,P0003,1,81.18,0.0
OI00013018,O0007418,P0030,1,253.63,0.0
OI00013019,O0007419,P0024,1,798.37,0.0
OI00013020,O0007420,P0001,1,144.99,0.0
OI00013021,O0007420,P0022,1,340.05,0.0
OI00013022,O0007421,P0024,1,768.01,112.64
OI00013023,O0007422,P0027,1,651.69,0.0
OI00013024,O0007422,P0043,1,45.31,0.0
OI00013025,O0007423,P0052,1,402.63,0.0
OI00013026,O0007423,P0060,1,439.48,0.0
OI00013027,O0007424,P0035,1,289.05,0.0
OI00013028,O0007425,P0017,1,157.86,0.0
OI00013029,O0007426,P0016,1,124.17,11.42
OI00013030,O0007427,P0003,1,83.43,0.0
OI00013031,O0007427,P0039,1,331.0,0.0
OI00013032,O0007428,P0030,1,248.23,0.0
OI00013033,O0007429,P0036,1,191.44,10.66
OI00013034,O0007429,P0003,1,81.88,3.97
OI00013035,O0007429,P0019,1,669.77,57.34
OI00013036,O0007430,P0049,1,142.9,8.15
OI00013037,O0007430,P0050,1,14.33,1.58
OI00013038,O0007431,P0042,1,131.45,0.0
OI00013039,O0007431,P0041,1,30.52,0.0
OI00013040,O0007431,P0005,1,66.51,0.0
OI00013041,O0007432,P0049,1,144.66,6.13
OI00013042,O0007432,P0004,1,76.03,6.77
OI00013043,O0007432,P0026,1,86.55,12.04
OI00013044,O0007433,P0033,1,430.4,49.39
OI00013045,O0007434,P0051,1,75.9,0.0
OI00013046,O0007435,P0003,2,81.25,28.74
OI00013047,O0007435,P0019,2,681.59,122.64
OI00013048,O0007436,P0002,1,81.34,0.0
OI00013049,O0007436,P0017,1,159.3,0.0
OI00013050,O0007436,P0019,1,664.82,0.0
OI00013051,O0007436,P0043,1,46.27,0.0
OI00013052,O0007437,P0039,1,313.69,37.55
OI00013053,O0007438,P0029,2,292.17,75.17
OI00013054,O0007438,P0049,2,143.2,28.88
OI00013055,O0007438,P0006,1,122.7,12.18
OI00013056,O0007438,P0020,1,661.89,37.44
OI00013057,O0007438,P0013,1,103.84,16.98
OI00013058,O0007439,P0036,1,192.45,0.0
OI00013059,O0007440,P0006,1,128.36,22.41
OI00013060,O0007441,P0011,1,141.23,0.0
OI00013061,O0007442,P0019,1,679.89,88.78
OI00013062,O0007442,P0001,1,142.3,19.88
OI00013063,O0007443,P0023,1,123.7,0.0
OI00013064,O0007444,P0059,1,62.67,0.0
OI00013065,O0007444,P0038,2,269.82,0.0
OI00013066,O0007445,P0040,1,479.66,0.0
OI00013067,O0007446,P0005,1,67.53,4.83
OI00013068,O0007447,P0024,1,795.67,0.0
OI00013069,O0007447,P0056,1,364.29,0.0
OI00013070,O0007448,P0003,1,83.42,10.92
OI00013071,O0007449,P0006,1,128.21,0.0
OI00013072,O0007449,P0002,1,82.39,0.0
OI00013073,O0007450,P0023,1,118.62,0.0
OI00013074,O0007451,P0001,1,143.77,18.79
OI00013075,O0007452,P0058,1,50.15,7.16
OI00013076,O0007452,P0015,1,63.16,3.69
OI00013077,O0007453,P0011,2,141.76,0.0
OI00013078,O0007453,P0042,1,133.01,0.0
OI00013079,O0007454,P0049,1,142.99,0.0
OI00013080,O0007455,P0026,1,85.89,0.0
OI00013081,O0007455,P0006,1,127.84,0.0
OI00013082,O0007456,P0042,2,128.09,0.0
OI00013083,O0007456,P0019,2,665.54,0.0
OI00013084,O0007457,P0022,1,346.04,0.0
OI00013085,O0007457,P0047,1,71.84,0.0
OI00013086,O0007458,P0001,1,147.82,6.32
OI00013087,O0007459,P0057,1,165.36,0.0
OI00013088,O0007460,P0001,1,143.52,0.0
OI00013089,O0007461,P0007,1,112.09,0.0
OI00013090,O0007462,P0021,1,82.26,4.92
OI00013091,O0007462,P0059,1,62.05,6.29
OI00013092,O0007462,P0043,1,45.7,3.75
OI00013093,O0007463,P0036,1,188.74,9.54
OI00013094,O0007464,P0005,1,66.08,6.3
OI00013095,O0007465,P0017,1,154.96,0.0
OI00013096,O0007465,P0016,1,124.27,0.0
OI00013097,O0007465,P0046,1,19.03,0.0
OI00013098,O0007466,P0013,1,100.25,0.0
OI00013099,O0007466,P0001,2,143.69,0.0
OI00013100,O0007467,P0034,1,421.94,35.03
OI00013101,O0007467,P0024,1,778.67,133.59
OI00013102,O0007468,P0044,1,53.68,5.1
OI00013103,O0007469,P0016,1,121.55,8.47
OI00013104,O0007470,P0009,1,109.1,0.0
OI00013105,O0007471,P0046,1,19.27,2.59
OI00013106,O0007471,P0001,1,147.31,15.48
OI00013107,O0007471,P0012,1,28.41,3.99
OI00013108,O0007471,P0016,2,122.32,13.86
OI00013109,O0007472,P0041,1,30.15,0.0
OI00013110,O0007472,P0033,2,425.76,0.0
OI00013111,O0007473,P0014,1,134.37,14.18
OI00013112,O0007474,P0041,1,30.78,4.53
OI00013113,O0007474,P0054,1,139.5,20.42
OI00013114,O0007475,P0004,1,78.1,9.39
OI00013115,O0007476,P0010,1,157.03,0.0
OI00013116,O0007477,P0049,1,146.22,0.0
OI00013117,O0007477,P0032,1,404.47,0.0
OI00013118,O0007477,P0022,1,338.6,0.0
OI00013119,O0007478,P0034,1,432.18,52.15
OI00013120,O0007479,P0049,1,143.23,14.14
OI00013121,O0007480,P0030,1,254.32,0.0
OI00013122,O0007481,P0038,2,273.48,0.0
OI00013123,O0007482,P0013,1,103.37,0.0
OI00013124,O0007483,P0001,1,144.88,12.16
OI00013125,O0007483,P0011,2,143.59,13.15
OI00013126,O0007484,P0001,1,143.1,0.0
OI00013127,O0007485,P0043,1,45.42,0.0
OI00013128,O0007486,P0005,2,67.06,13.82
OI00013129,O0007487,P0030,1,253.79,12.21
OI00013130,O0007487,P0038,2,270.09,94.85
OI00013131,O0007488,P0020,2,667.26,125.47
OI00013132,O0007488,P0002,2,80.55,16.76
OI00013133,O0007489,P0018,1,357.74,0.0
OI00013134,O0007490,P0057,1,161.74,27.6
OI00013135,O0007491,P0020,2,691.76,0.0
OI00013136,O0007491,P0003,1,82.49,0.0
OI00013137,O0007492,P0023,1,125.12,0.0
OI00013138,O0007493,P0032,1,400.05,0.0
OI00013139,O0007494,P0054,1,137.66,0.0
OI00013140,O0007495,P0038,1,272.28,37.6
OI00013141,O0007496,P0018,1,374.56,0.0
OI00013142,O0007497,P0003,1,81.74,0.0
OI00013143,O0007498,P0020,1,698.21,0.0
OI00013144,O0007498,P0056,1,380.16,0.0
OI00013145,O0007498,P0023,1,121.1,0.0
OI00013146,O0007499,P0047,1,70.47,9.19
OI00013147,O0007500,P0058,1,52.37,0.0
OI00013148,O0007500,P0004,1,74.85,0.0
OI00013149,O0007501,P0034,1,420.45,43.61
OI00013150,O0007502,P0025,1,604.19,28.43
OI00013151,O0007502,P0040,1,469.99,80.88
OI00013152,O0007502,P0024,1,790.73,97.56
OI00013153,O0007503,P0052,1,416.44,50.67
OI00013154,O0007504,P0001,2,148.02,0.0
OI00013155,O0007504,P0038,1,263.84,0.0
OI00013156,O0007505,P0006,1,121.22,0.0
OI00013157,O0007505,P0004,2,74.1,0.0
OI00013158,O0007506,P0057,1,158.97,8.86
OI00013159,O0007506,P0041,1,30.2,4.05
OI00013160,O0007507,P0001,1,143.06,0.0
OI00013161,O0007507,P0010,1,159.34,0.0
OI00013162,O0007508,P0006,1,127.97,10.98
OI00013163,O0007508,P0032,1,399.24,34.24
OI00013164,O0007509,P0018,1,368.49,0.0
OI00013165,O0007510,P0015,1,63.23,0.0
OI00013166,O0007511,P0009,2,111.81,0.0
OI00013167,O0007511,P0002,1,82.02,0.0
OI00013168,O0007511,P0022,2,331.47,0.0
OI00013169,O0007512,P0041,1,30.21,0.0
OI00013170,O0007513,P0023,1,118.99,0.0
OI00013171,O0007514,P0037,1,65.64,5.62
OI00013172,O0007514,P0030,1,248.0,15.4
OI00013173,O0007515,P0041,1,30.05,2.61
OI00013174,O0007516,P0004,1,78.09,0.0
OI00013175,O0007517,P0049,1,139.67,0.0
OI00013176,O0007517,P0038,1,260.78,0.0
OI00013177,O0007518,P0043,1,45.09,0.0
OI00013178,O0007519,P0042,1,129.25,6.51
OI00013179,O0007520,P0001,2,149.27,47.43
OI00013180,O0007520,P0005,1,65.09,7.8
OI00013181,O0007521,P0019,1,681.53,0.0
OI00013182,O0007522,P0045,1,151.67,0.0
OI00013183,O0007522,P0016,1,122.15,0.0
OI00013184,O0007523,P0027,1,645.38,0.0
OI00013185,O0007524,P0009,1,110.47,0.0
OI00013186,O0007524,P0042,2,134.66,0.0
OI00013187,O0007524,P0016,1,126.5,0.0
OI00013188,O0007524,P0055,1,142.8,0.0
OI00013189,O0007525,P0060,1,434.0,41.79
OI00013190,O0007525,P0001,2,144.03,31.32
OI00013191,O0007526,P0028,1,322.54,20.79
OI00013192,O0007526,P0032,1,403.24,57.71
OI00013193,O0007526,P0019,1,663.96,42.97
OI00013194,O0007527,P0040,2,466.45,0.0
OI00013195,O0007528,P0028,1,322.85,0.0
OI00013196,O0007528,P0001,1,141.14,0.0
OI00013197,O0007529,P0033,1,436.25,0.0
OI00013198,O0007530,P0045,2,148.05,0.0
OI00013199,O0007530,P0007,1,111.86,0.0
OI00013200,O0007531,P0038,1,273.85,0.0
OI00013201,O0007531,P0006,1,121.84,0.0
OI00013202,O0007532,P0005,1,67.14,0.0
OI00013203,O0007533,P0019,1,661.72,0.0
OI00013204,O0007533,P0033,2,440.23,0.0
OI00013205,O0007534,P0056,2,365.37,130.83
OI00013206,O0007535,P0008,1,87.96,6.78
OI00013207,O0007535,P0035,2,290.8,56.92
OI00013208,O0007535,P0045,1,150.04,20.28
OI00013209,O0007536,P0052,1,402.52,52.55
OI00013210,O0007537,P0003,1,81.56,4.14
OI00013211,O0007537,P0006,1,123.17,17.6
OI00013212,O0007537,P0010,1,164.59,18.24
OI00013213,O0007537,P0052,1,407.93,18.77
OI00013214,O0007537,P0038,1,263.41,35.36
OI00013215,O0007538,P0045,1,147.37,0.0
OI00013216,O0007539,P0034,2,435.13,135.96
OI00013217,O0007540,P0003,1,82.25,4.27
OI00013218,O0007540,P0060,1,439.59,73.59
OI00013219,O0007541,P0025,1,604.05,0.0
OI00013220,O0007542,P0044,1,52.18,0.0
OI00013221,O0007542,P0046,1,18.99,0.0
OI00013222,O0007542,P0042,1,133.94,0.0
OI00013223,O0007542,P0038,1,263.87,0.0
OI00013224,O0007543,P0046,1,19.57,0.0
OI00013225,O0007543,P0030,1,256.09,0.0
OI00013226,O0007544,P0054,1,136.68,0.0
OI00013227,O0007544,P0001,1,145.68,0.0
OI00013228,O0007545,P0006,1,124.51,0.0
OI00013229,O0007545,P0044,1,55.09,0.0
OI00013230,O0007546,P0003,1,79.24,10.38
OI00013231,O0007546,P0032,1,417.98,46.65
OI00013232,O0007547,P0032,1,399.08,0.0
OI00013233,O0007547,P0024,2,775.8,0.0
OI00013234,O0007547,P0003,1,82.0,0.0
OI00013235,O0007548,P0011,1,136.59,7.63
OI00013236,O0007549,P0015,1,60.5,0.0
OI00013237,O0007549,P0032,1,417.55,0.0
OI00013238,O0007550,P0010,1,156.72,0.0
OI00013239,O0007551,P0011,1,141.16,0.0
OI00013240,O0007552,P0038,1,269.79,13.5
OI00013241,O0007552,P0030,1,249.78,43.26
OI00013242,O0007553,P0030,1,256.71,36.58
OI00013243,O0007553,P0039,1,315.98,37.68
OI00013244,O0007553,P0056,1,362.57,53.56
OI00013245,O0007554,P0024,2,804.06,133.94
OI00013246,O0007555,P0039,1,328.28,0.0
OI00013247,O0007556,P0020,2,676.92,0.0
OI00013248,O0007557,P0045,1,151.8,0.0
OI00013249,O0007558,P0038,1,262.33,0.0
OI00013250,O0007558,P0045,1,150.44,0.0
OI00013251,O0007558,P0003,1,82.51,0.0
OI00013252,O0007559,P0009,1,109.44,15.52
OI00013253,O0007559,P0003,1,79.46,6.89
OI00013254,O0007560,P0043,1,46.27,4.41
OI00013255,O0007561,P0010,1,161.97,0.0
OI00013256,O0007562,P0039,1,317.21,0.0
OI00013257,O0007562,P0038,1,272.22,0.0
OI00013258,O0007562,P0042,1,127.51,0.0
OI00013259,O0007563,P0037,1,65.12,0.0
OI00013260,O0007564,P0049,1,138.84,0.0
OI00013261,O0007565,P0060,1,450.93,69.95
OI00013262,O0007566,P0002,2,83.63,0.0
OI00013263,O0007567,P0049,1,143.78,0.0
OI00013264,O0007567,P0017,2,151.01,0.0
OI00013265,O0007568,P0023,2,122.29,40.88
OI00013266,O0007568,P0020,1,662.8,83.57
OI00013267,O0007569,P0005,1,68.58,0.0
OI00013268,O0007569,P0036,1,189.42,0.0
OI00013269,O0007569,P0018,1,378.55,0.0
OI00013270,O0007569,P0002,1,82.03,0.0
OI00013271,O0007570,P0057,2,159.73,25.73
OI00013272,O0007571,P0059,1,61.21,0.0
OI00013273,O0007572,P0042,2,130.76,0.0
OI00013274,O0007572,P0008,1,88.91,0.0
OI00013275,O0007573,P0001,1,141.79,18.78
OI00013276,O0007573,P0042,2,127.67,38.33
OI00013277,O0007574,P0002,1,80.61,13.98
OI00013278,O0007574,P0036,1,192.5,11.95
OI00013279,O0007575,P0008,1,85.61,0.0
OI00013280,O0007576,P0055,1,149.24,0.0
OI00013281,O0007577,P0052,1,407.94,0.0
OI00013282,O0007578,P0018,1,367.86,0.0
OI00013283,O0007578,P0042,1,129.56,0.0
OI00013284,O0007579,P0027,1,620.97,0.0
OI00013285,O0007579,P0001,1,142.73,0.0
OI00013286,O0007580,P0012,1,29.2,0.0
OI00013287,O0007580,P0001,1,147.57,0.0
OI00013288,O0007581,P0053,2,536.53,162.73
OI00013289,O0007581,P0043,2,45.48,8.98
OI00013290,O0007582,P0060,1,441.2,0.0
OI00013291,O0007582,P0054,1,136.98,0.0
OI00013292,O0007583,P0030,1,258.99,0.0
OI00013293,O0007584,P0005,1,67.33,0.0
OI00013294,O0007585,P0053,1,546.6,0.0
OI00013295,O0007586,P0060,1,458.82,25.98
OI00013296,O0007586,P0005,1,66.08,11.28
OI00013297,O0007587,P0001,1,142.86,0.0
OI00013298,O0007588,P0003,3,79.44,0.0
OI00013299,O0007588,P0026,2,82.05,0.0
OI00013300,O0007588,P0049,1,145.91,0.0
OI00013301,O0007589,P0028,1,313.51,41.81
OI00013302,O0007590,P0038,1,275.94,0.0
OI00013303,O0007590,P0021,1,83.29,0.0
OI00013304,O0007590,P0033,2,424.21,0.0
OI00013305,O0007591,P0032,1,401.07,51.21
OI00013306,O0007592,P0056,1,383.34,0.0
OI00013307,O0007593,P0016,1,125.25,0.0
OI00013308,O0007594,P0039,1,314.77,0.0
OI00013309,O0007594,P0018,1,372.34,0.0
OI00013310,O0007595,P0032,2,406.23,0.0
OI00013311,O0007595,P0020,1,689.94,0.0
OI00013312,O0007596,P0058,1,50.07,0.0
OI00013313,O0007596,P0009,2,113.97,0.0
OI00013314,O0007596,P0008,1,85.05,0.0
OI00013315,O0007597,P0031,1,27.59,0.0
OI00013316,O0007597,P0002,1,79.51,0.0
OI00013317,O0007598,P0051,1,77.52,11.18
OI00013318,O0007598,P0006,1,127.05,5.45
OI00013319,O0007598,P0042,1,128.89,20.81
OI00013320,O0007598,P0043,2,45.12,14.95
OI00013321,O0007599,P0046,1,19.44,3.43
OI00013322,O0007599,P0048,1,92.17,9.82
OI00013323,O0007599,P0058,1,51.08,4.19
OI00013324,O0007599,P0023,3,124.05,24.86
OI00013325,O0007600,P0024,1,791.56,87.09
OI00013326,O0007600,P0002,1,82.71,9.77
OI00013327,O0007601,P0027,1,639.97,0.0
OI00013328,O0007602,P0029,2,287.66,0.0
OI00013329,O0007603,P0045,1,154.33,18.79
OI00013330,O0007603,P0048,1,93.17,16.2
OI00013331,O0007603,P0002,2,81.74,14.76
OI00013332,O0007604,P0042,1,131.72,0.0
OI00013333,O0007605,P0016,1,121.9,0.0
OI00013334,O0007606,P0022,1,332.26,0.0
OI00013335,O0007607,P0021,1,85.19,5.13
OI00013336,O0007607,P0032,1,406.09,50.43
OI00013337,O0007608,P0020,1,667.18,0.0
OI00013338,O0007609,P0037,1,65.72,2.87
OI00013339,O0007610,P0036,1,196.03,0.0
OI00013340,O0007611,P0020,1,678.0,70.27
OI00013341,O0007612,P0010,1,161.45,0.0
OI00013342,O0007613,P0019,1,656.56,0.0
OI00013343,O0007614,P0017,1,155.91,0.0
OI00013344,O0007615,P0045,1,145.67,0.0
OI00013345,O0007615,P0039,1,314.14,0.0
OI00013346,O0007616,P0009,1,110.18,15.12
OI00013347,O0007617,P0005,1,66.85,0.0
OI00013348,O0007617,P0051,1,74.33,0.0
OI00013349,O0007617,P0043,1,45.46,0.0
OI00013350,O0007618,P0020,1,661.42,39.26
OI00013351,O0007618,P0004,1,76.11,9.09
OI00013352,O0007619,P0002,1,83.61,0.0
OI00013353,O0007619,P0017,1,155.7,0.0
OI00013354,O0007619,P0024,1,773.36,0.0
OI00013355,O0007619,P0049,1,140.17,0.0
OI00013356,O0007620,P0050,1,13.87,0.0
OI00013357,O0007621,P0012,1,28.09,4.79
OI00013358,O0007622,P0038,1,263.51,33.1
OI00013359,O0007623,P0006,1,124.46,0.0
OI00013360,O0007624,P0023,1,122.78,0.0
OI00013361,O0007624,P0048,1,93.31,0.0
OI00013362,O0007625,P0021,1,80.69,0.0
OI00013363,O0007626,P0022,1,332.78,0.0
OI00013364,O0007627,P0060,1,450.98,0.0
OI00013365,O0007628,P0019,1,670.24,0.0
OI00013366,O0007628,P0038,1,273.95,0.0
OI00013367,O0007629,P0016,1,120.15,0.0
OI00013368,O0007629,P0012,1,28.23,0.0
OI00013369,O0007630,P0032,2,402.69,0.0
OI00013370,O0007631,P0051,1,74.21,0.0
OI00013371,O0007631,P0001,1,148.33,0.0
OI00013372,O0007632,P0016,1,124.38,6.2
OI00013373,O0007632,P0025,1,603.38,66.64
OI00013374,O0007633,P0019,1,687.71,0.0
OI00013375,O0007634,P0055,2,144.74,24.11
OI00013376,O0007635,P0038,1,264.82,0.0
OI00013377,O0007635,P0029,1,285.6,0.0
OI00013378,O0007636,P0003,1,79.22,5.73
OI00013379,O0007636,P0024,1,793.11,131.07
OI00013380,O0007636,P0034,1,415.52,46.38
OI00013381,O0007637,P0036,1,190.24,0.0
OI00013382,O0007638,P0016,2,121.22,0.0
OI00013383,O0007638,P0019,1,689.16,0.0
OI00013384,O0007639,P0021,1,85.33,0.0
OI00013385,O0007639,P0032,1,398.75,0.0
OI00013386,O0007639,P0060,1,451.8,0.0
OI00013387,O0007640,P0028,2,320.3,0.0
OI00013388,O0007641,P0038,1,269.45,0.0
OI00013389,O0007641,P0051,1,77.11,0.0
OI00013390,O0007642,P0028,1,317.98,0.0
OI00013391,O0007642,P0060,1,445.68,0.0
OI00013392,O0007643,P0008,1,89.5,0.0
OI00013393,O0007644,P0054,1,136.13,21.49
OI00013394,O0007645,P0022,1,336.04,22.82
OI00013395,O0007645,P0042,1,129.22,15.52
OI00013396,O0007646,P0016,1,124.85,7.39
OI00013397,O0007646,P0045,1,149.61,10.96
OI00013398,O0007646,P0003,1,82.0,4.31
OI00013399,O0007646,P0005,1,65.81,9.68
OI00013400,O0007647,P0049,2,140.88,0.0
OI00013401,O0007647,P0003,1,79.55,0.0
OI00013402,O0007648,P0026,1,84.47,0.0
OI00013403,O0007648,P0011,1,142.16,0.0
OI00013404,O0007649,P0048,1,91.09,0.0
OI00013405,O0007649,P0021,2,83.95,0.0
OI00013406,O0007650,P0006,1,126.96,0.0
OI00013407,O0007650,P0038,1,267.59,0.0
OI00013408,O0007650,P0003,1,83.61,0.0
OI00013409,O0007651,P0005,1,67.92,0.0
OI00013410,O0007652,P0003,1,81.46,0.0
OI00013411,O0007653,P0016,1,120.85,0.0
OI00013412,O0007654,P0056,1,376.38,0.0
OI00013413,O0007655,P0003,1,82.27,0.0
OI00013414,O0007655,P0021,1,84.25,0.0
OI00013415,O0007656,P0012,1,28.91,4.95
OI00013416,O0007656,P0037,1,64.96,5.94
OI00013417,O0007657,P0023,1,123.57,0.0
OI00013418,O0007657,P0046,1,19.69,0.0
OI00013419,O0007658,P0060,1,436.52,0.0
OI00013420,O0007659,P0013,1,101.52,0.0
OI00013421,O0007660,P0009,1,108.08,19.23
OI00013422,O0007661,P0014,1,132.26,0.0
OI00013423,O0007662,P0042,1,128.33,0.0
OI00013424,O0007663,P0033,1,433.43,0.0
OI00013425,O0007663,P0049,1,143.2,0.0
OI00013426,O0007664,P0050,1,14.36,1.46
OI00013427,O0007665,P0057,1,165.23,0.0
OI00013428,O0007666,P0029,1,295.47,0.0
OI00013429,O0007667,P0004,1,74.3,10.56
OI00013430,O0007667,P0032,1,417.75,51.28
OI00013431,O0007667,P0044,1,52.43,4.13
OI00013432,O0007668,P0001,1,143.96,0.0
OI00013433,O0007669,P0007,1,109.56,0.0
OI00013434,O0007670,P0039,1,315.5,0.0
OI00013435,O0007670,P0030,1,254.91,0.0
OI00013436,O0007671,P0036,1,196.47,0.0
OI00013437,O0007671,P0035,1,277.8,0.0
OI00013438,O0007672,P0036,1,190.14,0.0
OI00013439,O0007673,P0049,1,145.86,21.26
OI00013440,O0007674,P0020,1,679.46,0.0
OI00013441,O0007674,P0041,1,31.75,0.0
OI00013442,O0007674,P0029,1,288.14,0.0
OI00013443,O0007675,P0007,2,111.46,0.0
OI00013444,O0007675,P0048,1,94.16,0.0
OI00013445,O0007675,P0014,1,138.02,0.0
OI00013446,O0007675,P0059,1,62.68,0.0
OI00013447,O0007676,P0054,1,133.97,0.0
OI00013448,O0007676,P0008,3,87.12,0.0
OI00013449,O0007676,P0020,1,694.85,0.0
OI00013450,O0007677,P0032,1,401.97,0.0
OI00013451,O0007678,P0059,1,61.33,5.11
OI00013452,O0007678,P0032,1,405.84,17.82
OI00013453,O0007679,P0037,1,66.79,11.16
OI00013454,O0007680,P0060,1,453.26,0.0
OI00013455,O0007680,P0043,1,46.35,0.0
OI00013456,O0007681,P0058,1,49.86,0.0
OI00013457,O0007682,P0013,1,101.3,15.79
OI00013458,O0007682,P0043,1,44.88,5.91
OI00013459,O0007683,P0006,1,122.93,15.83
OI00013460,O0007683,P0036,1,194.34,33.25
OI00013461,O0007684,P0055,1,149.02,18.88
OI00013462,O0007684,P0014,1,138.54,10.27
OI00013463,O0007685,P0020,1,666.39,0.0
OI00013464,O0007685,P0038,2,262.94,0.0
OI00013465,O0007686,P0042,1,130.83,16.99
OI00013466,O0007687,P0027,1,636.28,70.12
OI00013467,O0007688,P0029,1,293.06,0.0
OI00013468,O0007689,P0039,1,319.88,0.0
OI00013469,O0007690,P0020,1,696.35,0.0
OI00013470,O0007690,P0047,1,69.21,0.0
OI00013471,O0007691,P0013,2,99.13,0.0
OI00013472,O0007692,P0003,1,79.17,11.89
OI00013473,O0007692,P0002,1,79.27,12.5
OI00013474,O0007692,P0001,1,144.15,9.53
OI00013475,O0007693,P0005,1,67.3,0.0
OI00013476,O0007694,P0029,1,287.49,0.0
OI00013477,O0007694,P0036,1,192.96,0.0
OI00013478,O0007694,P0056,1,368.35,0.0
OI00013479,O0007695,P0023,1,120.07,0.0
OI00013480,O0007695,P0011,1,136.36,0.0
OI00013481,O0007696,P0060,2,458.4,0.0
OI00013482,O0007696,P0003,1,80.47,0.0
OI00013483,O0007697,P0045,1,145.67,0.0
OI00013484,O0007697,P0013,1,101.92,0.0
OI00013485,O0007697,P0057,1,162.49,0.0
OI00013486,O0007698,P0007,1,111.09,0.0
OI00013487,O0007698,P0028,1,319.79,0.0
OI00013488,O0007698,P0054,1,135.87,0.0
OI00013489,O0007699,P0035,1,281.13,0.0
OI00013490,O0007700,P0003,1,81.49,0.0
OI00013491,O0007700,P0036,1,186.46,0.0
OI00013492,O0007701,P0041,1,30.93,3.87
OI00013493,O0007702,P0030,2,249.9,0.0
OI00013494,O0007702,P0023,2,119.32,0.0
OI00013495,O0007702,P0036,1,189.71,0.0
OI00013496,O0007703,P0022,1,331.11,0.0
OI00013497,O0007704,P0036,1,195.23,21.08
OI00013498,O0007704,P0043,1,46.35,2.77
OI00013499,O0007704,P0027,1,643.85,37.79
OI00013500,O0007705,P0032,1,418.5,0.0
OI00013501,O0007705,P0045,1,148.63,0.0
OI00013502,O0007705,P0042,2,134.92,0.0
OI00013503,O0007706,P0025,2,617.2,0.0
OI00013504,O0007707,P0051,2,77.01,0.0
OI00013505,O0007707,P0003,1,81.85,0.0
OI00013506,O0007707,P0052,2,410.81,0.0
OI00013507,O0007708,P0038,1,268.89,0.0
OI00013508,O0007709,P0008,2,86.94,26.59
OI00013509,O0007709,P0027,1,621.29,91.6
OI00013510,O0007710,P0017,1,153.3,0.0
OI00013511,O0007711,P0024,1,782.54,0.0
OI00013512,O0007711,P0003,1,81.34,0.0
OI00013513,O0007711,P0038,1,275.86,0.0
OI00013514,O0007712,P0022,1,338.05,0.0
OI00013515,O0007713,P0027,1,642.88,0.0
OI00013516,O0007714,P0016,1,122.93,14.16
OI00013517,O0007715,P0020,1,694.66,0.0
OI00013518,O0007716,P0001,1,142.2,0.0
OI00013519,O0007717,P0027,1,618.84,0.0
OI00013520,O0007718,P0025,1,620.34,0.0
OI00013521,O0007718,P0043,1,45.12,0.0
OI00013522,O0007719,P0027,1,635.39,88.59
OI00013523,O0007720,P0032,1,412.61,0.0
OI00013524,O0007720,P0016,1,124.11,0.0
OI00013525,O0007720,P0018,2,365.5,0.0
OI00013526,O0007721,P0043,1,45.92,0.0
OI00013527,O0007721,P0022,1,330.79,0.0
OI00013528,O0007722,P0006,1,122.57,0.0
OI00013529,O0007722,P0021,1,80.99,0.0
OI00013530,O0007723,P0003,1,82.29,10.77
OI00013531,O0007723,P0030,1,258.65,42.8
OI00013532,O0007724,P0038,1,272.58,22.58
OI00013533,O0007725,P0003,1,83.14,5.11
OI00013534,O0007726,P0023,1,122.88,11.41
OI00013535,O0007727,P0032,1,411.79,0.0
OI00013536,O0007727,P0059,1,60.68,0.0
OI00013537,O0007727,P0038,1,266.91,0.0
OI00013538,O0007728,P0057,2,162.13,23.12
OI00013539,O0007728,P0030,1,258.99,24.43
OI00013540,O0007729,P0041,1,30.0,4.55
OI00013541,O0007730,P0002,1,82.41,0.0
OI00013542,O0007730,P0041,2,30.67,0.0
OI00013543,O0007731,P0008,1,85.56,0.0
OI00013544,O0007731,P0033,1,435.69,0.0
OI00013545,O0007731,P0032,1,400.25,0.0
OI00013546,O0007732,P0028,1,317.98,0.0
OI00013547,O0007733,P0020,1,658.57,0.0
OI00013548,O0007734,P0024,1,781.83,0.0
OI00013549,O0007735,P0039,1,330.64,0.0
OI00013550,O0007735,P0006,2,127.18,0.0
OI00013551,O0007736,P0052,2,405.13,87.18
OI00013552,O0007737,P0001,1,149.41,0.0
OI00013553,O0007737,P0045,1,151.39,0.0
OI00013554,O0007738,P0028,1,323.63,49.84
OI00013555,O0007739,P0003,1,80.66,0.0
OI00013556,O0007740,P0054,2,135.67,0.0
OI00013557,O0007740,P0030,1,246.59,0.0
OI00013558,O0007741,P0020,2,697.72,0.0
OI00013559,O0007741,P0001,1,142.82,0.0
OI00013560,O0007742,P0028,2,325.23,0.0
OI00013561,O0007742,P0051,1,74.67,0.0
OI00013562,O0007743,P0005,1,65.99,0.0
OI00013563,O0007743,P0028,1,309.36,0.0
OI00013564,O0007743,P0027,2,630.13,0.0
OI00013565,O0007744,P0055,2,143.82,14.7
OI00013566,O0007745,P0045,1,146.36,0.0
OI00013567,O0007746,P0020,1,661.16,56.22
OI00013568,O0007746,P0033,1,441.19,47.25
OI00013569,O0007747,P0001,1,145.08,0.0
OI00013570,O0007748,P0036,1,192.36,0.0
OI00013571,O0007749,P0023,1,123.28,8.22
OI00013572,O0007749,P0038,1,273.05,14.01
OI00013573,O0007749,P0034,1,417.48,53.05
OI00013574,O0007750,P0035,1,278.49,0.0
OI00013575,O0007751,P0055,1,147.85,25.68
OI00013576,O0007752,P0024,1,805.42,0.0
OI00013577,O0007753,P0004,1,74.76,0.0
OI00013578,O0007754,P0024,1,772.09,0.0
OI00013579,O0007754,P0009,1,107.93,0.0
OI00013580,O0007755,P0051,2,77.43,0.0
OI00013581,O0007756,P0054,1,136.33,0.0
OI00013582,O0007756,P0004,1,75.8,0.0
OI00013583,O0007756,P0003,1,79.16,0.0
OI00013584,O0007756,P0034,1,422.07,0.0
OI00013585,O0007757,P0023,1,119.46,0.0
OI00013586,O0007758,P0020,1,659.34,0.0
OI00013587,O0007758,P0055,2,146.74,0.0
OI00013588,O0007759,P0051,1,76.55,0.0
OI00013589,O0007760,P0029,1,299.85,0.0
OI00013590,O0007761,P0052,1,422.3,0.0
OI00013591,O0007762,P0010,1,161.72,0.0
OI00013592,O0007762,P0024,1,792.13,0.0
OI00013593,O0007763,P0019,1,660.79,41.07
OI00013594,O0007763,P0057,1,163.83,7.53
OI00013595,O0007764,P0038,1,262.9,28.27
OI00013596,O0007764,P0032,1,407.48,49.7
OI00013597,O0007765,P0016,1,124.31,0.0
OI00013598,O0007765,P0028,1,325.62,0.0
OI00013599,O0007766,P0032,1,407.4,0.0
OI00013600,O0007767,P0030,1,253.61,26.06
OI00013601,O0007767,P0023,1,121.69,5.66
OI00013602,O0007768,P0009,1,107.79,0.0
OI00013603,O0007769,P0038,1,262.12,0.0
OI00013604,O0007769,P0029,1,290.59,0.0
OI00013605,O0007770,P0013,1,99.34,16.18
OI00013606,O0007771,P0049,1,141.32,0.0
OI00013607,O0007772,P0031,1,28.24,0.0
OI00013608,O0007772,P0038,1,265.46,0.0
OI00013609,O0007773,P0019,1,687.16,0.0
OI00013610,O0007773,P0009,1,108.78,0.0
OI00013611,O0007774,P0017,1,158.36,0.0
OI00013612,O0007774,P0036,1,186.64,0.0
OI00013613,O0007775,P0042,1,131.54,8.45
OI00013614,O0007775,P0056,1,368.53,37.01
OI00013615,O0007775,P0021,1,84.33,13.56
OI00013616,O0007776,P0022,1,340.13,0.0
OI00013617,O0007776,P0017,1,158.55,0.0
OI00013618,O0007777,P0016,1,126.67,15.51
OI00013619,O0007777,P0005,1,68.44,7.04
OI00013620,O0007778,P0032,1,411.16,65.33
OI00013621,O0007778,P0020,1,691.62,65.49
OI00013622,O0007779,P0011,1,137.32,0.0
OI00013623,O0007780,P0032,2,419.18,89.56
OI00013624,O0007781,P0053,1,550.81,0.0
OI00013625,O0007781,P0039,1,316.95,0.0
OI00013626,O0007782,P0032,1,419.73,0.0
OI00013627,O0007783,P0038,1,274.6,0.0
OI00013628,O0007784,P0043,1,44.71,5.67
OI00013629,O0007785,P0043,1,46.34,0.0
OI00013630,O0007786,P0048,1,91.68,0.0
OI00013631,O0007786,P0014,2,134.12,0.0
OI00013632,O0007787,P0048,1,90.79,0.0
OI00013633,O0007788,P0045,2,147.61,0.0
OI00013634,O0007788,P0002,2,83.0,0.0
OI00013635,O0007789,P0026,1,86.57,0.0
OI00013636,O0007789,P0011,2,144.44,0.0
OI00013637,O0007790,P0010,1,160.75,0.0
OI00013638,O0007791,P0003,1,82.03,0.0
OI00013639,O0007792,P0060,1,456.48,0.0
OI00013640,O0007793,P0025,1,627.1,0.0
OI00013641,O0007793,P0029,1,289.46,0.0
OI00013642,O0007793,P0038,1,274.28,0.0
OI00013643,O0007794,P0039,1,330.53,0.0
OI00013644,O0007795,P0024,1,772.21,0.0
OI00013645,O0007795,P0032,1,404.69,0.0
OI00013646,O0007796,P0035,1,279.31,0.0
OI00013647,O0007796,P0046,2,18.8,0.0
OI00013648,O0007797,P0027,1,620.33,41.5
OI00013649,O0007798,P0024,1,773.3,0.0
OI00013650,O0007798,P0005,2,67.97,0.0
OI00013651,O0007799,P0043,1,46.97,0.0
OI00013652,O0007799,P0013,1,100.41,0.0
OI00013653,O0007800,P0023,2,122.39,36.43
OI00013654,O0007801,P0016,1,121.78,0.0
OI00013655,O0007802,P0002,1,81.46,13.48
OI00013656,O0007802,P0052,1,400.73,32.23
OI00013657,O0007802,P0001,1,141.68,14.93
OI00013658,O0007803,P0038,1,268.71,0.0
OI00013659,O0007803,P0032,1,405.28,0.0
OI00013660,O0007804,P0022,1,338.24,0.0
OI00013661,O0007805,P0050,1,14.08,0.0
OI00013662,O0007805,P0042,1,127.53,0.0
OI00013663,O0007806,P0057,1,157.19,12.36
OI00013664,O0007806,P0017,1,155.15,18.89
OI00013665,O0007807,P0030,1,252.97,0.0
OI00013666,O0007807,P0054,1,136.25,0.0
OI00013667,O0007807,P0035,1,286.62,0.0
OI00013668,O0007807,P0006,1,125.21,0.0
OI00013669,O0007808,P0032,1,414.51,0.0
OI00013670,O0007808,P0051,1,74.76,0.0
OI00013671,O0007809,P0035,1,291.28,0.0
OI00013672,O0007809,P0009,1,111.3,0.0
OI00013673,O0007810,P0006,2,127.21,0.0
OI00013674,O0007811,P0022,1,334.56,0.0
OI00013675,O0007811,P0037,1,64.35,0.0
OI00013676,O0007812,P0020,1,681.18,0.0
OI00013677,O0007813,P0021,1,85.43,0.0
OI00013678,O0007814,P0046,1,19.68,2.51
OI00013679,O0007815,P0038,1,269.34,0.0
OI00013680,O0007816,P0060,1,435.9,0.0
OI00013681,O0007816,P0008,1,88.3,0.0
OI00013682,O0007817,P0044,1,52.75,0.0
OI00013683,O0007817,P0049,1,139.86,0.0
OI00013684,O0007818,P0060,1,457.4,0.0
OI00013685,O0007819,P0023,1,119.23,0.0
OI00013686,O0007820,P0057,1,157.59,25.67
OI00013687,O0007820,P0023,1,125.21,10.66
OI00013688,O0007820,P0009,2,112.78,24.14
OI00013689,O0007821,P0019,1,651.11,101.06
OI00013690,O0007822,P0038,2,268.27,76.43
OI00013691,O0007823,P0051,1,73.55,0.0
OI00013692,O0007824,P0057,1,164.31,0.0
OI00013693,O0007824,P0045,1,152.68,0.0
OI00013694,O0007825,P0016,1,122.75,8.16
OI00013695,O0007825,P0023,1,118.23,19.32
OI00013696,O0007825,P0038,2,270.33,77.77
OI00013697,O0007826,P0042,1,131.37,21.44
OI00013698,O0007827,P0056,1,375.97,0.0
OI00013699,O0007827,P0048,1,94.79,0.0
OI00013700,O0007828,P0005,1,67.69,0.0
OI00013701,O0007829,P0024,1,779.47,0.0
OI00013702,O0007830,P0033,1,423.98,0.0
OI00013703,O0007831,P0029,1,297.27,0.0
OI00013704,O0007831,P0032,1,412.04,0.0
OI00013705,O0007832,P0057,1,160.13,0.0
OI00013706,O0007833,P0002,1,82.36,4.34
OI00013707,O0007833,P0003,1,79.38,13.08
OI00013708,O0007834,P0017,1,159.05,14.16
OI00013709,O0007834,P0023,1,123.95,10.89
OI00013710,O0007835,P0025,1,619.92,0.0
OI00013711,O0007835,P0035,1,289.6,0.0
OI00013712,O0007836,P0028,1,324.7,16.09
OI00013713,O0007837,P0005,1,64.92,7.42
OI00013714,O0007837,P0027,1,619.97,42.06
OI00013715,O0007838,P0041,1,30.39,0.0
OI00013716,O0007838,P0005,1,67.87,0.0
OI00013717,O0007839,P0057,1,160.93,0.0
OI00013718,O0007840,P0039,2,313.93,0.0
OI00013719,O0007840,P0015,1,62.54,0.0
OI00013720,O0007840,P0017,1,155.68,0.0
OI00013721,O0007841,P0007,1,111.23,0.0
OI00013722,O0007842,P0060,1,450.35,0.0
OI00013723,O0007843,P0046,1,18.89,0.0
OI00013724,O0007844,P0023,1,121.42,6.25
OI00013725,O0007844,P0004,1,75.63,9.19
OI00013726,O0007845,P0016,1,123.22,20.28
OI00013727,O0007846,P0016,1,122.01,0.0
OI00013728,O0007847,P0057,1,158.13,19.43
OI00013729,O0007847,P0032,2,404.23,118.73
OI00013730,O0007848,P0050,1,13.82,2.15
OI00013731,O0007848,P0010,1,158.19,19.1
OI00013732,O0007849,P0050,1,14.2,1.38
OI00013733,O0007849,P0039,1,328.34,46.71
OI00013734,O0007850,P0017,2,151.71,21.93
OI00013735,O0007850,P0038,1,272.87,48.72
OI00013736,O0007850,P0043,1,46.54,3.91
OI00013737,O0007851,P0029,1,285.14,0.0
OI00013738,O0007852,P0002,2,80.16,0.0
OI00013739,O0007852,P0051,1,74.84,0.0
OI00013740,O0007852,P0040,1,486.31,0.0
OI00013741,O0007852,P0003,1,80.43,0.0
OI00013742,O0007853,P0013,1,102.08,0.0
OI00013743,O0007853,P0006,1,122.39,0.0
OI00013744,O0007853,P0058,1,50.8,0.0
OI00013745,O0007854,P0001,1,149.39,0.0
OI00013746,O0007854,P0058,1,50.67,0.0
OI00013747,O0007854,P0056,1,375.03,0.0
OI00013748,O0007854,P0041,1,30.42,0.0
OI00013749,O0007854,P0057,1,157.54,0.0
OI00013750,O0007855,P0011,1,141.95,0.0
OI00013751,O0007856,P0044,1,53.26,0.0
OI00013752,O0007857,P0011,1,142.69,0.0
OI00013753,O0007857,P0030,1,251.26,0.0
OI00013754,O0007857,P0001,2,147.12,0.0
OI00013755,O0007858,P0054,1,134.06,0.0
OI00013756,O0007858,P0032,1,402.87,0.0
OI00013757,O0007859,P0006,1,122.67,0.0
OI00013758,O0007859,P0034,1,427.5,0.0
OI00013759,O0007860,P0022,1,340.31,35.55
OI00013760,O0007861,P0049,2,146.16,47.46
OI00013761,O0007861,P0043,1,46.42,4.22
OI00013762,O0007862,P0020,1,693.35,75.16
OI00013763,O0007862,P0015,2,60.27,16.43
OI00013764,O0007863,P0039,1,313.1,0.0
OI00013765,O0007864,P0048,1,93.95,16.02
OI00013766,O0007865,P0015,1,63.58,0.0
OI00013767,O0007866,P0046,1,19.25,0.97
OI00013768,O0007867,P0049,2,145.84,0.0
OI00013769,O0007868,P0059,2,60.39,0.0
OI00013770,O0007869,P0038,1,271.95,14.71
OI00013771,O0007870,P0045,1,153.28,0.0
OI00013772,O0007870,P0055,1,149.38,0.0
OI00013773,O0007870,P0057,1,162.45,0.0
OI00013774,O0007871,P0046,2,19.04,5.75
OI00013775,O0007872,P0022,1,329.51,0.0
OI00013776,O0007872,P0008,1,87.75,0.0
OI00013777,O0007873,P0053,1,534.91,28.62
OI00013778,O0007873,P0029,2,295.22,85.87
OI00013779,O0007873,P0030,1,255.67,16.86
OI00013780,O0007874,P0059,1,61.22,0.0
OI00013781,O0007874,P0038,1,269.92,0.0
OI00013782,O0007875,P0027,1,634.58,0.0
OI00013783,O0007875,P0003,1,83.1,0.0
OI00013784,O0007876,P0026,2,82.92,0.0
OI00013785,O0007876,P0041,2,30.87,0.0
OI00013786,O0007877,P0005,2,67.27,0.0
OI00013787,O0007877,P0057,1,157.48,0.0
OI00013788,O0007878,P0055,1,151.03,8.82
OI00013789,O0007878,P0015,1,60.63,4.81
OI00013790,O0007879,P0015,3,61.74,0.0
OI00013791,O0007880,P0048,1,94.35,0.0
OI00013792,O0007880,P0029,1,300.3,0.0
OI00013793,O0007880,P0019,1,672.91,0.0
OI00013794,O0007881,P0042,1,134.0,15.34
OI00013795,O0007881,P0020,1,673.04,106.63
OI00013796,O0007882,P0003,1,81.07,0.0
OI00013797,O0007883,P0050,1,14.24,0.73
OI00013798,O0007884,P0021,1,81.55,0.0
OI00013799,O0007884,P0033,1,427.38,0.0
OI00013800,O0007884,P0040,1,467.07,0.0
OI00013801,O0007885,P0042,1,128.56,0.0
OI00013802,O0007886,P0027,1,632.35,0.0
OI00013803,O0007887,P0027,1,618.6,54.0
OI00013804,O0007887,P0020,1,698.72,31.4
OI00013805,O0007888,P0036,1,189.86,27.34
OI00013806,O0007888,P0039,1,319.76,48.2
OI00013807,O0007888,P0047,1,68.77,8.5
OI00013808,O0007889,P0045,1,146.67,0.0
OI00013809,O0007890,P0003,1,82.16,0.0
OI00013810,O0007891,P0002,1,78.98,0.0
OI00013811,O0007892,P0029,1,290.89,49.58
OI00013812,O0007892,P0058,1,52.78,4.23
OI00013813,O0007893,P0047,1,69.16,6.8
OI00013814,O0007893,P0021,1,82.48,14.61
OI00013815,O0007894,P0038,1,264.66,29.06
OI00013816,O0007894,P0016,1,120.54,13.32
OI00013817,O0007895,P0001,2,148.3,0.0
OI00013818,O0007895,P0040,1,466.76,0.0
OI00013819,O0007896,P0056,1,369.18,24.36
OI00013820,O0007896,P0023,1,123.55,14.54
OI00013821,O0007897,P0058,1,50.27,0.0
OI00013822,O0007897,P0042,1,132.41,0.0
OI00013823,O0007898,P0040,2,480.26,106.11
OI00013824,O0007899,P0036,2,193.34,61.07
OI00013825,O0007899,P0017,1,158.72,8.49
OI00013826,O0007900,P0002,1,80.57,9.74
OI00013827,O0007901,P0039,1,330.45,0.0
OI00013828,O0007901,P0023,1,121.81,0.0
OI00013829,O0007902,P0047,1,69.87,0.0
OI00013830,O0007903,P0030,1,248.17,0.0
OI00013831,O0007903,P0050,1,14.07,0.0
OI00013832,O0007904,P0038,1,264.45,0.0
OI00013833,O0007904,P0019,1,668.21,0.0
OI00013834,O0007905,P0036,1,194.33,0.0
OI00013835,O0007906,P0045,2,153.4,0.0
OI00013836,O0007907,P0028,1,323.49,28.58
OI00013837,O0007908,P0038,1,267.25,0.0
OI00013838,O0007908,P0046,1,18.99,0.0
OI00013839,O0007909,P0027,2,637.9,185.09
OI00013840,O0007909,P0018,1,366.29,26.87
OI00013841,O0007910,P0038,2,271.55,76.43
OI00013842,O0007910,P0003,1,83.03,3.6
OI00013843,O0007910,P0019,1,665.3,42.9
OI00013844,O0007910,P0039,1,330.44,37.7
OI00013845,O0007911,P0057,1,160.62,12.43
OI00013846,O0007912,P0046,2,18.69,3.0
OI00013847,O0007913,P0005,1,66.67,0.0
OI00013848,O0007914,P0043,1,44.77,4.23
OI00013849,O0007914,P0005,1,66.58,7.42
OI00013850,O0007915,P0017,1,151.93,0.0
OI00013851,O0007915,P0001,2,145.08,0.0
OI00013852,O0007916,P0003,1,81.36,0.0
OI00013853,O0007917,P0034,1,416.78,0.0
OI00013854,O0007917,P0001,1,145.25,0.0
OI00013855,O0007917,P0020,1,690.92,0.0
OI00013856,O0007917,P0024,1,772.99,0.0
OI00013857,O0007918,P0050,1,14.32,0.0
OI00013858,O0007919,P0006,1,122.71,0.0
OI00013859,O0007919,P0030,1,260.09,0.0
OI00013860,O0007920,P0002,1,81.48,12.49
OI00013861,O0007921,P0001,1,143.5,18.47
OI00013862,O0007921,P0029,2,285.22,69.19
OI00013863,O0007921,P0045,1,147.94,12.32
OI00013864,O0007922,P0002,1,78.97,0.0
OI00013865,O0007922,P0052,1,410.65,0.0
OI00013866,O0007923,P0032,1,400.82,0.0
OI00013867,O0007923,P0019,1,677.14,0.0
OI00013868,O0007924,P0006,1,126.4,18.58
OI00013869,O0007924,P0032,1,397.62,28.35
OI00013870,O0007925,P0029,1,290.46,0.0
OI00013871,O0007926,P0016,1,120.98,0.0
OI00013872,O0007926,P0041,1,31.83,0.0
OI00013873,O0007927,P0057,1,166.34,20.73
OI00013874,O0007927,P0001,1,148.13,6.4
OI00013875,O0007928,P0038,1,266.52,0.0
OI00013876,O0007928,P0016,1,123.71,0.0
OI00013877,O0007929,P0029,1,285.32,0.0
OI00013878,O0007929,P0052,1,419.57,0.0
OI00013879,O0007930,P0049,1,145.88,20.14
OI00013880,O0007930,P0042,1,131.49,13.46
OI00013881,O0007930,P0003,1,80.88,8.03
OI00013882,O0007930,P0050,1,14.23,1.91
OI00013883,O0007930,P0059,1,61.96,10.11
OI00013884,O0007931,P0030,1,249.81,0.0
OI00013885,O0007931,P0019,1,684.72,0.0
OI00013886,O0007931,P0042,1,132.92,0.0
OI00013887,O0007932,P0001,1,148.17,0.0
OI00013888,O0007932,P0057,2,162.29,0.0
OI00013889,O0007932,P0008,2,87.75,0.0
OI00013890,O0007932,P0055,1,149.88,0.0
OI00013891,O0007933,P0058,1,50.4,0.0
OI00013892,O0007934,P0020,1,689.17,0.0
OI00013893,O0007935,P0055,1,145.45,7.83
OI00013894,O0007935,P0027,1,646.04,85.47
OI00013895,O0007936,P0012,1,29.41,0.0
OI00013896,O0007936,P0020,1,669.37,0.0
OI00013897,O0007936,P0054,1,135.12,0.0
OI00013898,O0007936,P0032,1,404.56,0.0
OI00013899,O0007937,P0009,1,114.32,0.0
OI00013900,O0007938,P0004,1,75.85,0.0
OI00013901,O0007939,P0041,2,30.3,0.0
OI00013902,O0007940,P0001,1,148.87,0.0
OI00013903,O0007941,P0003,1,83.13,9.11
OI00013904,O0007941,P0022,1,330.94,51.26
OI00013905,O0007941,P0002,2,82.98,17.16
OI00013906,O0007942,P0022,1,332.96,0.0
OI00013907,O0007942,P0001,1,149.01,0.0
OI00013908,O0007943,P0006,1,128.03,0.0
OI00013909,O0007944,P0013,1,101.89,16.81
OI00013910,O0007945,P0043,1,45.38,0.0
OI00013911,O0007945,P0003,1,80.31,0.0
OI00013912,O0007946,P0006,1,125.75,0.0
OI00013913,O0007946,P0009,1,111.53,0.0
OI00013914,O0007947,P0052,2,402.35,0.0
OI00013915,O0007947,P0030,1,255.98,0.0
OI00013916,O0007947,P0005,1,68.83,0.0
OI00013917,O0007947,P0046,1,19.04,0.0
OI00013918,O0007948,P0016,1,120.86,12.33
OI00013919,O0007949,P0001,1,144.76,0.0
OI00013920,O0007950,P0052,1,414.95,19.55
OI00013921,O0007950,P0013,1,98.77,12.5
OI00013922,O0007950,P0019,1,681.09,46.55
OI00013923,O0007951,P0055,1,149.67,0.0
OI00013924,O0007951,P0011,1,142.2,0.0
OI00013925,O0007952,P0010,2,163.34,27.8
OI00013926,O0007952,P0032,2,421.72,133.61
OI00013927,O0007953,P0021,1,80.85,0.0
OI00013928,O0007954,P0018,1,371.47,21.7
OI00013929,O0007954,P0005,2,65.93,9.14
OI00013930,O0007955,P0017,1,157.14,0.0
OI00013931,O0007956,P0043,1,46.64,0.0
OI00013932,O0007957,P0043,2,45.67,0.0
OI00013933,O0007958,P0036,1,186.87,30.4
OI00013934,O0007959,P0038,1,261.87,0.0
OI00013935,O0007960,P0038,1,268.18,0.0
OI00013936,O0007960,P0027,1,643.62,0.0
OI00013937,O0007960,P0006,1,127.11,0.0
OI00013938,O0007961,P0057,1,164.19,11.92
OI00013939,O0007961,P0022,1,338.8,55.68
OI00013940,O0007962,P0013,1,99.42,12.14
OI00013941,O0007963,P0034,2,430.49,0.0
OI00013942,O0007963,P0006,1,124.11,0.0
OI00013943,O0007964,P0021,1,81.11,0.0
OI00013944,O0007965,P0034,1,420.88,0.0
OI00013945,O0007966,P0039,1,322.44,0.0
OI00013946,O0007967,P0045,1,149.3,0.0
OI00013947,O0007968,P0060,1,450.7,0.0
OI00013948,O0007968,P0032,1,416.45,0.0
OI00013949,O0007969,P0024,1,806.61,85.34
OI00013950,O0007970,P0020,1,658.57,81.41
OI00013951,O0007971,P0019,1,664.03,0.0
OI00013952,O0007971,P0035,1,291.96,0.0
OI00013953,O0007971,P0006,1,125.66,0.0
OI00013954,O0007971,P0026,1,82.44,0.0
OI00013955,O0007971,P0033,1,418.65,0.0
OI00013956,O0007972,P0025,1,605.92,30.13
OI00013957,O0007973,P0027,1,639.89,0.0
OI00013958,O0007973,P0034,1,433.51,0.0
OI00013959,O0007974,P0045,1,150.49,0.0
OI00013960,O0007974,P0057,1,165.41,0.0
OI00013961,O0007974,P0035,1,286.21,0.0
OI00013962,O0007975,P0003,1,81.01,11.51
OI00013963,O0007976,P0057,1,160.11,18.37
OI00013964,O0007977,P0019,1,684.11,80.17
OI00013965,O0007977,P0032,1,422.09,61.81
OI00013966,O0007978,P0013,2,101.46,0.0
OI00013967,O0007978,P0037,2,64.66,0.0
OI00013968,O0007978,P0050,1,14.11,0.0
OI00013969,O0007979,P0016,1,124.31,19.93
OI00013970,O0007980,P0058,1,49.83,0.0
OI00013971,O0007981,P0032,1,414.15,0.0
OI00013972,O0007982,P0048,1,90.86,0.0
OI00013973,O0007982,P0022,1,329.43,0.0
OI00013974,O0007983,P0006,1,126.43,0.0
OI00013975,O0007983,P0057,1,163.24,0.0
OI00013976,O0007984,P0020,1,663.13,0.0
OI00013977,O0007984,P0027,1,630.38,0.0
OI00013978,O0007984,P0003,2,83.13,0.0
OI00013979,O0007985,P0017,1,159.38,0.0
OI00013980,O0007985,P0049,2,144.45,0.0
OI00013981,O0007986,P0030,1,256.76,0.0
OI00013982,O0007987,P0020,1,689.13,0.0
OI00013983,O0007987,P0003,1,80.45,0.0
OI00013984,O0007987,P0006,1,124.8,0.0
OI00013985,O0007988,P0003,1,79.64,0.0
OI00013986,O0007989,P0002,1,83.34,5.45
OI00013987,O0007990,P0023,2,123.09,35.34
OI00013988,O0007990,P0006,1,125.49,10.73
OI00013989,O0007990,P0039,1,329.53,17.88
OI00013990,O0007991,P0042,1,129.55,0.0
OI00013991,O0007991,P0010,1,160.34,0.0
OI00013992,O0007992,P0006,1,121.76,0.0
OI00013993,O0007992,P0038,1,262.69,0.0
OI00013994,O0007993,P0059,1,61.62,0.0
OI00013995,O0007993,P0045,1,145.85,0.0
OI00013996,O0007994,P0024,1,785.86,96.18
OI00013997,O0007995,P0057,1,161.8,0.0
OI00013998,O0007996,P0029,1,291.4,40.4
OI00013999,O0007997,P0015,1,60.76,0.0
OI00014000,O0007998,P0038,1,265.58,37.62
OI00014001,O0007999,P0059,1,62.28,0.0
OI00014002,O0007999,P0039,1,315.02,0.0
OI00014003,O0007999,P0057,1,160.77,0.0
OI00014004,O0008000,P0023,1,124.41,10.56
OI00014005,O0008000,P0033,1,439.72,22.09
OI00014006,O0008001,P0003,2,81.15,11.77
OI00014007,O0008001,P0036,2,187.65,24.81
OI00014008,O0008002,P0008,1,86.37,0.0
OI00014009,O0008002,P0020,2,696.76,0.0
OI00014010,O0008003,P0028,1,324.26,31.79
OI00014011,O0008004,P0026,2,85.95,22.13
OI00014012,O0008005,P0013,1,100.89,0.0
OI00014013,O0008005,P0057,1,162.22,0.0
OI00014014,O0008006,P0042,1,131.66,0.0
OI00014015,O0008007,P0038,1,267.82,0.0
OI00014016,O0008007,P0054,1,133.44,0.0
OI00014017,O0008008,P0029,1,293.86,51.17
OI00014018,O0008008,P0033,1,431.99,45.44
OI00014019,O0008008,P0023,1,122.57,13.6
OI00014020,O0008009,P0049,2,139.96,0.0
OI00014021,O0008009,P0008,1,84.98,0.0
OI00014022,O0008010,P0054,2,139.81,45.27
OI00014023,O0008010,P0037,1,66.48,10.18
OI00014024,O0008010,P0031,1,27.95,4.9
OI00014025,O0008011,P0021,1,81.85,12.84
OI00014026,O0008012,P0023,1,124.99,0.0
OI00014027,O0008013,P0005,1,67.07,0.0
OI00014028,O0008014,P0003,2,83.37,0.0
OI00014029,O0008014,P0036,1,189.65,0.0
OI00014030,O0008014,P0040,1,478.68,0.0
OI00014031,O0008015,P0006,1,121.8,0.0
OI00014032,O0008016,P0043,1,45.81,0.0
OI00014033,O0008017,P0003,1,79.9,10.77
OI00014034,O0008017,P0051,1,76.52,8.83
OI00014035,O0008017,P0039,1,316.51,54.37
OI00014036,O0008018,P0022,1,332.39,0.0
OI00014037,O0008018,P0003,1,79.19,0.0
OI00014038,O0008019,P0032,1,405.7,0.0
OI00014039,O0008020,P0041,1,31.73,0.0
OI00014040,O0008020,P0028,1,328.33,0.0
OI00014041,O0008021,P0029,1,298.55,0.0
OI00014042,O0008021,P0043,1,44.44,0.0
OI00014043,O0008022,P0005,2,65.82,20.11
OI00014044,O0008023,P0043,1,44.58,0.0
OI00014045,O0008023,P0038,1,271.79,0.0
OI00014046,O0008023,P0018,1,359.82,0.0
OI00014047,O0008024,P0038,1,267.68,0.0
OI00014048,O0008024,P0013,2,99.26,0.0
OI00014049,O0008024,P0003,1,80.87,0.0
OI00014050,O0008024,P0045,1,147.6,0.0
OI00014051,O0008025,P0045,1,145.9,21.21
OI00014052,O0008025,P0016,1,125.94,7.71
OI00014053,O0008025,P0058,1,51.88,4.55
OI00014054,O0008025,P0017,1,152.71,9.39
OI00014055,O0008026,P0014,1,132.96,0.0
OI00014056,O0008026,P0019,1,678.15,0.0
OI00014057,O0008027,P0028,1,319.97,0.0
OI00014058,O0008027,P0039,1,317.61,0.0
OI00014059,O0008028,P0028,1,314.03,24.2
OI00014060,O0008029,P0020,2,667.54,0.0
OI00014061,O0008029,P0003,1,81.53,0.0
OI00014062,O0008030,P0040,1,492.12,0.0
OI00014063,O0008030,P0013,1,102.52,0.0
OI00014064,O0008030,P0007,1,109.82,0.0
OI00014065,O0008030,P0006,1,124.56,0.0
OI00014066,O0008031,P0022,1,329.17,56.08
OI00014067,O0008032,P0040,2,471.02,0.0
OI00014068,O0008032,P0001,1,144.11,0.0
OI00014069,O0008032,P0048,1,91.11,0.0
OI00014070,O0008033,P0032,2,420.96,0.0
OI00014071,O0008033,P0023,1,122.04,0.0
OI00014072,O0008034,P0045,1,152.94,0.0
OI00014073,O0008034,P0038,1,269.91,0.0
OI00014074,O0008034,P0046,1,19.55,0.0
OI00014075,O0008035,P0001,1,144.6,7.96
OI00014076,O0008035,P0003,1,82.3,13.27
OI00014077,O0008036,P0038,1,262.22,0.0
OI00014078,O0008036,P0024,1,768.88,0.0
OI00014079,O0008037,P0045,1,148.49,23.76
OI00014080,O0008038,P0051,1,76.16,0.0
OI00014081,O0008039,P0002,1,83.29,0.0
OI00014082,O0008040,P0001,2,147.92,32.65
OI00014083,O0008040,P0020,1,690.28,82.18
OI00014084,O0008041,P0026,1,82.62,0.0
OI00014085,O0008041,P0043,1,45.2,0.0
OI00014086,O0008042,P0049,1,142.27,7.58
OI00014087,O0008043,P0026,1,84.82,0.0
OI00014088,O0008044,P0011,2,139.2,0.0
OI00014089,O0008044,P0016,2,121.16,0.0
OI00014090,O0008045,P0027,1,649.12,0.0
OI00014091,O0008046,P0046,2,19.11,3.24
OI00014092,O0008046,P0038,1,275.9,45.27
OI00014093,O0008047,P0045,1,150.64,0.0
OI00014094,O0008047,P0005,1,67.79,0.0
OI00014095,O0008047,P0008,1,89.49,0.0
OI00014096,O0008048,P0018,1,377.67,55.07
OI00014097,O0008049,P0001,2,147.82,0.0
OI00014098,O0008049,P0050,1,14.65,0.0
OI00014099,O0008049,P0022,1,340.98,0.0
OI00014100,O0008049,P0002,1,81.03,0.0
OI00014101,O0008050,P0010,1,164.73,0.0
OI00014102,O0008051,P0038,1,261.69,0.0
OI00014103,O0008051,P0013,1,99.24,0.0
OI00014104,O0008052,P0021,2,80.95,0.0
OI00014105,O0008052,P0009,2,109.08,0.0
OI00014106,O0008053,P0021,1,82.79,6.25
OI00014107,O0008054,P0040,2,489.26,0.0
OI00014108,O0008054,P0038,1,264.43,0.0
OI00014109,O0008055,P0003,1,79.18,0.0
OI00014110,O0008056,P0044,1,52.29,0.0
OI00014111,O0008057,P0038,1,275.99,0.0
OI00014112,O0008057,P0042,1,134.69,0.0
OI00014113,O0008058,P0006,2,126.92,0.0
OI00014114,O0008059,P0040,1,476.07,0.0
OI00014115,O0008060,P0009,1,108.99,12.07
OI00014116,O0008060,P0022,1,341.15,28.94
OI00014117,O0008061,P0021,1,80.77,10.91
OI00014118,O0008061,P0032,1,416.17,17.99
OI00014119,O0008061,P0006,1,123.58,12.25
OI00014120,O0008062,P0038,1,275.43,0.0
OI00014121,O0008062,P0028,1,316.6,0.0
OI00014122,O0008063,P0006,2,122.52,17.48
OI00014123,O0008064,P0035,1,290.26,47.46
OI00014124,O0008065,P0020,1,699.05,36.17
OI00014125,O0008066,P0059,1,60.62,0.0
OI00014126,O0008067,P0011,1,142.7,0.0
OI00014127,O0008067,P0030,2,260.64,0.0
OI00014128,O0008068,P0038,1,266.07,26.99
OI00014129,O0008069,P0042,1,130.59,6.97
OI00014130,O0008069,P0059,1,61.77,5.01
OI00014131,O0008070,P0019,1,651.67,0.0
OI00014132,O0008071,P0026,1,85.86,0.0
OI00014133,O0008072,P0020,1,661.8,0.0
OI00014134,O0008072,P0022,1,342.3,0.0
OI00014135,O0008073,P0007,1,108.9,0.0
OI00014136,O0008073,P0005,2,66.36,0.0
OI00014137,O0008074,P0020,1,660.25,97.79
OI00014138,O0008074,P0026,1,84.75,9.28
OI00014139,O0008075,P0003,1,83.7,7.33
OI00014140,O0008076,P0059,1,62.82,0.0
OI00014141,O0008077,P0032,2,410.4,0.0
OI00014142,O0008078,P0002,1,82.39,0.0
OI00014143,O0008079,P0056,1,368.59,52.49
OI00014144,O0008079,P0029,2,288.28,33.49
OI00014145,O0008080,P0045,1,147.4,0.0
OI00014146,O0008081,P0029,1,298.74,49.38
OI00014147,O0008082,P0026,1,83.07,0.0
OI00014148,O0008082,P0044,1,52.36,0.0
OI00014149,O0008082,P0019,1,670.88,0.0
OI00014150,O0008083,P0015,1,60.53,9.15
OI00014151,O0008084,P0049,1,142.88,0.0
OI00014152,O0008085,P0026,1,84.35,10.7
OI00014153,O0008085,P0016,1,124.76,6.21
OI00014154,O0008086,P0055,1,147.9,0.0
OI00014155,O0008087,P0018,2,374.28,0.0
OI00014156,O0008088,P0021,1,85.15,9.85
OI00014157,O0008088,P0009,1,109.04,17.4
OI00014158,O0008089,P0013,2,101.17,0.0
OI00014159,O0008089,P0044,1,52.44,0.0
OI00014160,O0008090,P0035,1,288.5,0.0
OI00014161,O0008090,P0005,1,68.74,0.0
OI00014162,O0008091,P0024,1,788.88,0.0
OI00014163,O0008092,P0001,1,149.35,0.0
OI00014164,O0008092,P0050,1,13.88,0.0
OI00014165,O0008093,P0029,2,298.91,37.84
OI00014166,O0008093,P0001,1,144.89,14.15
OI00014167,O0008094,P0031,1,27.7,1.54
OI00014168,O0008094,P0057,1,164.86,10.23
OI00014169,O0008095,P0038,1,260.41,0.0
OI00014170,O0008096,P0040,1,481.69,0.0
OI00014171,O0008096,P0045,1,151.51,0.0
OI00014172,O0008097,P0020,1,664.55,0.0
OI00014173,O0008097,P0029,2,285.96,0.0
OI00014174,O0008098,P0005,1,66.65,0.0
OI00014175,O0008098,P0019,1,670.38,0.0
OI00014176,O0008099,P0057,1,160.8,0.0
OI00014177,O0008100,P0033,2,436.61,0.0
OI00014178,O0008101,P0013,1,98.79,12.62
OI00014179,O0008101,P0041,1,30.93,2.95
OI00014180,O0008101,P0009,1,108.71,5.29
OI00014181,O0008102,P0001,1,141.06,0.0
OI00014182,O0008103,P0024,1,773.53,0.0
OI00014183,O0008104,P0017,1,159.25,19.95
OI00014184,O0008105,P0024,1,768.61,114.92
OI00014185,O0008106,P0024,1,769.7,78.69
OI00014186,O0008107,P0060,1,436.77,0.0
OI00014187,O0008108,P0001,2,144.6,0.0
OI00014188,O0008108,P0013,1,98.8,0.0
OI00014189,O0008108,P0059,1,61.99,0.0
OI00014190,O0008109,P0055,1,146.01,0.0
OI00014191,O0008110,P0029,1,295.12,0.0
OI00014192,O0008110,P0016,1,124.82,0.0
OI00014193,O0008110,P0033,2,426.28,0.0
OI00014194,O0008111,P0006,1,125.94,0.0
OI00014195,O0008112,P0027,1,641.9,0.0
OI00014196,O0008112,P0001,1,148.69,0.0
OI00014197,O0008112,P0004,1,74.83,0.0
OI00014198,O0008113,P0006,1,126.52,17.99
OI00014199,O0008114,P0012,1,29.74,0.0
OI00014200,O0008114,P0047,1,69.15,0.0
OI00014201,O0008114,P0021,1,82.69,0.0
OI00014202,O0008115,P0049,1,140.03,0.0
OI00014203,O0008116,P0045,2,153.98,27.74
OI00014204,O0008117,P0055,2,150.56,0.0
OI00014205,O0008118,P0005,1,67.3,0.0
OI00014206,O0008118,P0043,2,45.91,0.0
OI00014207,O0008119,P0025,1,603.5,78.01
OI00014208,O0008119,P0016,1,124.24,14.54
OI00014209,O0008120,P0059,1,63.81,0.0
OI00014210,O0008121,P0018,1,374.9,0.0
OI00014211,O0008121,P0021,1,84.66,0.0
OI00014212,O0008122,P0035,1,286.81,30.36
OI00014213,O0008122,P0005,1,67.17,9.18
OI00014214,O0008123,P0054,1,137.28,20.99
OI00014215,O0008124,P0036,1,187.73,15.54
OI00014216,O0008125,P0001,1,145.46,0.0
OI00014217,O0008125,P0047,1,70.59,0.0
OI00014218,O0008126,P0045,1,149.12,0.0
OI00014219,O0008127,P0014,2,133.78,0.0
OI00014220,O0008127,P0040,1,482.71,0.0
OI00014221,O0008127,P0045,2,152.9,0.0
OI00014222,O0008128,P0021,1,81.44,0.0
OI00014223,O0008128,P0046,1,19.54,0.0
OI00014224,O0008129,P0024,1,779.46,0.0
OI00014225,O0008130,P0057,1,158.18,0.0
OI00014226,O0008131,P0020,1,690.33,0.0
OI00014227,O0008131,P0003,1,80.42,0.0
OI00014228,O0008131,P0001,1,148.89,0.0
OI00014229,O0008132,P0006,1,124.54,17.65
OI00014230,O0008133,P0056,1,380.25,0.0
OI00014231,O0008133,P0027,1,631.64,0.0
OI00014232,O0008134,P0029,1,285.14,42.73
OI00014233,O0008135,P0013,1,102.52,13.73
OI00014234,O0008135,P0042,2,131.92,36.35
OI00014235,O0008136,P0049,2,144.96,0.0
OI00014236,O0008136,P0017,1,152.18,0.0
OI00014237,O0008136,P0004,1,76.95,0.0
OI00014238,O0008136,P0027,1,641.13,0.0
OI00014239,O0008137,P0050,1,14.59,2.44
OI00014240,O0008137,P0048,1,94.41,16.21
OI00014241,O0008137,P0039,2,319.63,44.55
OI00014242,O0008138,P0026,1,86.09,13.68
OI00014243,O0008139,P0027,2,648.49,0.0
OI00014244,O0008139,P0004,1,75.15,0.0
OI00014245,O0008140,P0057,1,164.96,0.0
OI00014246,O0008140,P0039,1,324.49,0.0
OI00014247,O0008141,P0018,1,374.37,0.0
OI00014248,O0008142,P0020,2,664.38,0.0
OI00014249,O0008142,P0019,1,688.95,0.0
OI00014250,O0008143,P0049,1,139.42,0.0
OI00014251,O0008143,P0037,1,64.37,0.0
OI00014252,O0008144,P0037,2,65.53,21.49
OI00014253,O0008145,P0041,1,31.67,0.0
OI00014254,O0008145,P0011,1,142.09,0.0
OI00014255,O0008145,P0006,1,126.86,0.0
OI00014256,O0008146,P0045,1,146.07,0.0
OI00014257,O0008146,P0047,1,71.74,0.0
OI00014258,O0008146,P0049,1,142.44,0.0
OI00014259,O0008147,P0027,1,629.74,0.0
OI00014260,O0008147,P0049,1,140.55,0.0
OI00014261,O0008148,P0023,1,119.83,0.0
OI00014262,O0008148,P0048,1,94.1,0.0
OI00014263,O0008149,P0001,1,146.93,0.0
OI00014264,O0008150,P0008,1,88.66,0.0
OI00014265,O0008151,P0057,1,165.17,0.0
OI00014266,O0008151,P0008,1,89.28,0.0
OI00014267,O0008151,P0049,1,138.65,0.0
OI00014268,O0008152,P0049,1,142.28,0.0
OI00014269,O0008153,P0060,1,455.15,0.0
OI00014270,O0008154,P0045,1,149.28,17.37
OI00014271,O0008154,P0059,1,60.99,3.43
OI00014272,O0008155,P0043,1,46.15,0.0
OI00014273,O0008156,P0013,1,102.22,0.0
OI00014274,O0008157,P0036,1,192.76,0.0
OI00014275,O0008157,P0006,1,125.23,0.0
OI00014276,O0008158,P0058,1,51.34,7.5
OI00014277,O0008158,P0059,1,61.56,10.21
OI00014278,O0008159,P0055,1,149.27,0.0
OI00014279,O0008160,P0057,1,160.91,0.0
OI00014280,O0008161,P0023,2,120.15,12.62
OI00014281,O0008161,P0041,1,30.79,2.07
OI00014282,O0008161,P0040,1,493.3,45.01
OI00014283,O0008162,P0029,2,285.67,102.05
OI00014284,O0008162,P0060,1,451.17,75.5
OI00014285,O0008163,P0006,2,121.33,0.0
OI00014286,O0008164,P0006,1,126.17,0.0
OI00014287,O0008165,P0055,1,145.8,0.0
OI00014288,O0008166,P0052,1,421.99,0.0
OI00014289,O0008166,P0036,1,188.83,0.0
OI00014290,O0008166,P0023,2,124.98,0.0
OI00014291,O0008166,P0035,1,294.2,0.0
OI00014292,O0008166,P0038,1,266.35,0.0
OI00014293,O0008167,P0023,2,120.64,0.0
OI00014294,O0008167,P0047,1,69.18,0.0
OI00014295,O0008168,P0036,2,188.5,0.0
OI00014296,O0008168,P0032,2,416.34,0.0
OI00014297,O0008169,P0001,1,143.35,0.0
OI00014298,O0008169,P0006,2,122.77,0.0
OI00014299,O0008170,P0060,1,445.03,0.0
OI00014300,O0008171,P0028,1,325.8,44.0
OI00014301,O0008172,P0022,1,347.2,0.0
OI00014302,O0008173,P0056,1,372.04,0.0
OI00014303,O0008173,P0011,1,139.83,0.0
OI00014304,O0008173,P0029,1,294.77,0.0
OI00014305,O0008173,P0045,1,146.54,0.0
OI00014306,O0008174,P0030,2,260.88,65.8
OI00014307,O0008174,P0056,1,379.83,35.13
OI00014308,O0008175,P0004,2,76.78,0.0
OI00014309,O0008176,P0036,3,188.15,0.0
OI00014310,O0008176,P0045,1,148.91,0.0
OI00014311,O0008176,P0042,1,127.86,0.0
OI00014312,O0008176,P0008,1,87.03,0.0
OI00014313,O0008176,P0056,1,384.06,0.0
OI00014314,O0008177,P0040,2,475.12,149.22
OI00014315,O0008177,P0049,2,144.38,12.51
OI00014316,O0008178,P0002,1,81.75,12.83
OI00014317,O0008178,P0020,1,664.44,86.23
OI00014318,O0008178,P0035,1,278.49,34.83
OI00014319,O0008179,P0049,2,138.9,0.0
OI00014320,O0008180,P0016,1,124.58,7.4
OI00014321,O0008180,P0022,1,347.25,33.6
OI00014322,O0008181,P0028,2,320.57,0.0
OI00014323,O0008182,P0003,1,81.14,9.42
OI00014324,O0008183,P0006,2,124.0,0.0
OI00014325,O0008183,P0044,1,54.89,0.0
OI00014326,O0008183,P0016,1,125.25,0.0
OI00014327,O0008184,P0050,1,14.38,0.0
OI00014328,O0008184,P0023,2,124.1,0.0
OI00014329,O0008185,P0001,2,148.97,0.0
OI00014330,O0008185,P0050,1,14.14,0.0
OI00014331,O0008185,P0007,1,111.85,0.0
OI00014332,O0008186,P0017,1,155.04,10.83
OI00014333,O0008187,P0032,1,413.43,0.0
OI00014334,O0008187,P0057,2,157.85,0.0
OI00014335,O0008188,P0059,1,60.17,0.0
OI00014336,O0008188,P0037,1,64.73,0.0
OI00014337,O0008189,P0038,1,272.59,0.0
OI00014338,O0008190,P0008,2,86.51,0.0
OI00014339,O0008191,P0019,1,670.87,0.0
OI00014340,O0008192,P0041,1,31.26,2.67
OI00014341,O0008192,P0002,1,83.7,8.16
OI00014342,O0008193,P0020,2,664.94,0.0
OI00014343,O0008193,P0056,2,371.33,0.0
OI00014344,O0008194,P0043,1,45.21,4.08
OI00014345,O0008194,P0003,1,83.07,4.28
OI00014346,O0008195,P0013,1,102.34,0.0
OI00014347,O0008195,P0010,1,157.74,0.0
OI00014348,O0008196,P0019,2,682.63,227.75
OI00014349,O0008197,P0039,1,322.99,0.0
OI00014350,O0008197,P0003,1,83.92,0.0
OI00014351,O0008197,P0009,1,108.0,0.0
OI00014352,O0008197,P0022,2,342.36,0.0
OI00014353,O0008198,P0036,1,194.36,0.0
OI00014354,O0008198,P0003,1,80.13,0.0
OI00014355,O0008198,P0029,1,284.51,0.0
OI00014356,O0008199,P0017,1,152.77,0.0
OI00014357,O0008199,P0006,1,128.57,0.0
OI00014358,O0008199,P0003,1,82.03,0.0
OI00014359,O0008200,P0029,1,291.83,25.08
OI00014360,O0008200,P0037,1,67.03,5.74
OI00014361,O0008201,P0001,2,143.55,0.0
OI00014362,O0008201,P0041,1,31.53,0.0
OI00014363,O0008202,P0023,1,121.65,0.0
OI00014364,O0008203,P0029,1,299.11,0.0
OI00014365,O0008203,P0057,1,165.74,0.0
OI00014366,O0008204,P0052,1,399.41,0.0
OI00014367,O0008204,P0029,1,287.19,0.0
OI00014368,O0008204,P0001,1,144.51,0.0
OI00014369,O0008205,P0032,1,418.56,0.0
OI00014370,O0008206,P0042,2,132.39,0.0
OI00014371,O0008206,P0003,1,82.46,0.0
OI00014372,O0008207,P0041,1,30.67,0.0
OI00014373,O0008207,P0009,1,114.32,0.0
OI00014374,O0008208,P0045,2,154.03,0.0
OI00014375,O0008208,P0006,1,123.26,0.0
OI00014376,O0008209,P0049,1,140.51,0.0
OI00014377,O0008209,P0003,1,79.13,0.0
OI00014378,O0008210,P0034,1,421.51,33.11
OI00014379,O0008211,P0041,1,30.02,0.0
OI00014380,O0008212,P0040,1,487.19,0.0
OI00014381,O0008213,P0056,1,367.7,0.0
OI00014382,O0008214,P0049,1,145.36,0.0
OI00014383,O0008214,P0003,1,83.57,0.0
OI00014384,O0008215,P0058,1,52.09,7.68
OI00014385,O0008215,P0041,2,31.26,9.76
OI00014386,O0008215,P0003,1,83.83,13.17
OI00014387,O0008216,P0042,1,132.73,12.06
OI00014388,O0008217,P0032,1,413.36,33.12
OI00014389,O0008217,P0024,1,811.2,105.64
OI00014390,O0008218,P0023,1,122.58,19.74
OI00014391,O0008218,P0036,2,188.44,25.82
OI00014392,O0008219,P0020,1,679.05,58.81
OI00014393,O0008219,P0029,1,293.63,32.88
OI00014394,O0008219,P0021,2,81.42,14.35
OI00014395,O0008220,P0042,1,129.13,0.0
OI00014396,O0008221,P0059,1,62.76,4.63
OI00014397,O0008221,P0039,1,316.41,25.64
OI00014398,O0008222,P0052,1,417.93,0.0
OI00014399,O0008223,P0013,1,101.07,9.01
OI00014400,O0008224,P0013,1,98.05,0.0
OI00014401,O0008224,P0036,1,195.73,0.0
OI00014402,O0008224,P0035,1,293.26,0.0
OI00014403,O0008224,P0034,1,423.93,0.0
OI00014404,O0008225,P0003,1,79.87,0.0
OI00014405,O0008225,P0023,1,124.48,0.0
OI00014406,O0008225,P0043,1,45.83,0.0
OI00014407,O0008226,P0050,1,14.06,0.0
OI00014408,O0008226,P0020,2,667.95,0.0
OI00014409,O0008227,P0001,1,146.37,13.92
OI00014410,O0008228,P0059,1,62.7,7.69
OI00014411,O0008228,P0018,1,367.68,25.47
OI00014412,O0008229,P0026,1,85.98,11.45
OI00014413,O0008229,P0030,1,249.2,31.23
OI00014414,O0008229,P0008,1,88.17,12.61
OI00014415,O0008230,P0003,1,83.0,4.17
OI00014416,O0008231,P0057,1,161.03,0.0
OI00014417,O0008231,P0032,1,412.61,0.0
OI00014418,O0008232,P0056,1,384.23,0.0
OI00014419,O0008232,P0038,1,260.48,0.0
OI00014420,O0008233,P0045,1,150.58,0.0
OI00014421,O0008234,P0054,1,135.09,0.0
OI00014422,O0008235,P0028,1,318.32,0.0
OI00014423,O0008235,P0036,1,191.7,0.0
OI00014424,O0008235,P0003,1,81.28,0.0
OI00014425,O0008235,P0043,1,46.09,0.0
OI00014426,O0008235,P0053,1,537.7,0.0
OI00014427,O0008236,P0017,2,156.26,42.06
OI00014428,O0008237,P0007,1,113.22,13.61
OI00014429,O0008237,P0016,1,124.0,7.57
OI00014430,O0008237,P0004,1,78.6,13.67
OI00014431,O0008237,P0045,2,154.21,48.77
OI00014432,O0008237,P0019,1,686.07,47.29
OI00014433,O0008238,P0029,1,290.56,0.0
OI00014434,O0008239,P0043,1,45.33,6.48
OI00014435,O0008239,P0056,1,382.02,42.13
OI00014436,O0008239,P0012,1,28.67,1.29
OI00014437,O0008240,P0060,1,437.58,0.0
OI00014438,O0008240,P0051,1,76.1,0.0
OI00014439,O0008241,P0006,1,126.75,9.31
OI00014440,O0008241,P0022,1,337.39,21.56
OI00014441,O0008242,P0033,1,439.9,0.0
OI00014442,O0008243,P0029,1,286.51,0.0
OI00014443,O0008244,P0025,1,619.21,103.16
OI00014444,O0008244,P0057,2,166.27,19.78
OI00014445,O0008245,P0006,1,125.09,0.0
OI00014446,O0008246,P0057,1,161.88,0.0
OI00014447,O0008247,P0050,1,13.82,0.0
OI00014448,O0008248,P0006,1,127.69,10.31
OI00014449,O0008248,P0038,1,268.33,24.18
OI00014450,O0008248,P0003,1,82.7,10.7
OI00014451,O0008249,P0013,1,102.35,16.97
OI00014452,O0008250,P0053,1,528.02,70.99
OI00014453,O0008250,P0026,1,85.31,13.26
OI00014454,O0008250,P0007,1,113.85,17.19
OI00014455,O0008250,P0033,1,438.6,25.0
OI00014456,O0008251,P0016,1,126.07,0.0
OI00014457,O0008251,P0038,1,269.0,0.0
OI00014458,O0008251,P0049,1,143.32,0.0
OI00014459,O0008252,P0012,1,29.04,2.37
OI00014460,O0008252,P0013,1,101.79,8.24
OI00014461,O0008252,P0043,1,46.96,6.32
OI00014462,O0008252,P0034,1,429.94,52.65
OI00014463,O0008253,P0059,1,62.31,5.54
OI00014464,O0008253,P0032,1,399.44,50.74
OI00014465,O0008254,P0029,1,286.85,0.0
OI00014466,O0008254,P0023,1,119.34,0.0
OI00014467,O0008255,P0003,1,79.1,0.0
OI00014468,O0008255,P0024,2,812.68,0.0
OI00014469,O0008256,P0049,1,145.02,7.52
OI00014470,O0008256,P0036,1,193.23,14.69
OI00014471,O0008257,P0026,1,86.1,5.26
OI00014472,O0008258,P0010,1,162.03,0.0
OI00014473,O0008259,P0044,1,53.44,7.15
OI00014474,O0008259,P0011,1,143.53,10.52
OI00014475,O0008260,P0048,1,90.5,5.47
OI00014476,O0008261,P0049,1,140.71,0.0
OI00014477,O0008262,P0037,2,66.94,0.0
OI00014478,O0008263,P0017,1,150.98,25.66
OI00014479,O0008264,P0022,1,331.89,0.0
OI00014480,O0008265,P0027,1,646.4,0.0
OI00014481,O0008265,P0019,1,662.01,0.0
OI00014482,O0008265,P0016,1,121.3,0.0
OI00014483,O0008266,P0016,1,124.87,0.0
OI00014484,O0008266,P0058,1,51.25,0.0
OI00014485,O0008267,P0027,1,636.01,0.0
OI00014486,O0008267,P0052,1,403.33,0.0
OI00014487,O0008268,P0049,1,141.73,0.0
OI00014488,O0008268,P0008,1,87.89,0.0
OI00014489,O0008269,P0058,1,49.96,8.41
OI00014490,O0008270,P0014,1,136.9,13.66
OI00014491,O0008271,P0013,1,100.5,0.0
OI00014492,O0008271,P0039,1,316.53,0.0
OI00014493,O0008272,P0040,1,485.89,0.0
OI00014494,O0008272,P0001,2,149.4,0.0
OI00014495,O0008273,P0049,1,144.14,0.0
OI00014496,O0008273,P0032,1,398.48,0.0
OI00014497,O0008273,P0029,1,284.97,0.0
OI00014498,O0008274,P0003,1,79.74,0.0
OI00014499,O0008275,P0003,1,81.52,0.0
OI00014500,O0008276,P0037,1,64.61,0.0
OI00014501,O0008276,P0019,1,655.0,0.0
OI00014502,O0008277,P0041,2,31.3,5.26
OI00014503,O0008278,P0057,1,161.22,0.0
OI00014504,O0008278,P0056,1,375.0,0.0
OI00014505,O0008278,P0054,1,137.37,0.0
OI00014506,O0008278,P0050,1,14.05,0.0
OI00014507,O0008279,P0036,1,195.66,29.21
OI00014508,O0008280,P0024,1,805.49,0.0
OI00014509,O0008281,P0042,1,130.83,19.56
OI00014510,O0008281,P0026,1,82.51,14.14
OI00014511,O0008281,P0039,2,327.26,75.33
OI00014512,O0008282,P0030,2,251.3,46.36
OI00014513,O0008282,P0007,1,110.88,8.29
OI00014514,O0008282,P0026,1,85.3,13.36
OI00014515,O0008283,P0001,1,145.72,0.0
OI00014516,O0008284,P0057,1,161.29,0.0
OI00014517,O0008285,P0053,1,528.96,0.0
OI00014518,O0008286,P0045,1,146.21,0.0
OI00014519,O0008286,P0044,1,53.09,0.0
OI00014520,O0008286,P0003,2,82.22,0.0
OI00014521,O0008287,P0033,2,429.67,0.0
OI00014522,O0008287,P0040,1,468.85,0.0
OI00014523,O0008287,P0038,1,273.15,0.0
OI00014524,O0008288,P0016,2,124.06,44.08
OI00014525,O0008289,P0045,1,151.98,0.0
OI00014526,O0008290,P0032,2,408.06,112.76
OI00014527,O0008290,P0035,1,283.48,26.81
OI00014528,O0008291,P0052,1,418.89,0.0
OI00014529,O0008291,P0009,1,114.07,0.0
OI00014530,O0008292,P0049,2,145.75,0.0
OI00014531,O0008292,P0043,1,44.69,0.0
OI00014532,O0008293,P0051,1,76.99,0.0
OI00014533,O0008294,P0030,1,258.88,0.0
OI00014534,O0008294,P0058,1,51.07,0.0
OI00014535,O0008295,P0037,1,64.13,0.0
OI00014536,O0008295,P0056,1,376.94,0.0
OI00014537,O0008295,P0020,1,673.26,0.0
OI00014538,O0008296,P0028,1,311.77,0.0
OI00014539,O0008296,P0023,1,122.86,0.0
OI00014540,O0008296,P0001,1,144.89,0.0
OI00014541,O0008296,P0009,1,112.68,0.0
OI00014542,O0008296,P0042,1,130.92,0.0
OI00014543,O0008297,P0013,1,102.66,0.0
OI00014544,O0008298,P0024,2,778.6,74.5
OI00014545,O0008299,P0023,1,121.43,0.0
OI00014546,O0008300,P0050,1,14.04,0.0
OI00014547,O0008301,P0016,1,120.46,0.0
OI00014548,O0008301,P0027,1,633.35,0.0
OI00014549,O0008302,P0054,1,139.31,0.0
OI00014550,O0008302,P0045,1,146.66,0.0
OI00014551,O0008302,P0005,1,65.54,0.0
OI00014552,O0008302,P0043,1,45.55,0.0
OI00014553,O0008303,P0030,1,261.0,0.0
OI00014554,O0008304,P0032,1,413.01,0.0
OI00014555,O0008305,P0054,1,136.67,0.0
OI00014556,O0008306,P0018,1,366.41,34.82
OI00014557,O0008306,P0016,1,120.69,9.75
OI00014558,O0008307,P0054,1,134.79,0.0
OI00014559,O0008308,P0050,2,14.29,2.33
OI00014560,O0008309,P0058,1,50.0,3.69
OI00014561,O0008309,P0049,1,144.1,8.68
OI00014562,O0008309,P0003,1,80.07,9.74
OI00014563,O0008309,P0032,1,415.59,27.19
OI00014564,O0008310,P0045,1,152.61,26.88
OI00014565,O0008310,P0023,1,118.31,9.41
OI00014566,O0008310,P0041,1,31.41,3.85
OI00014567,O0008310,P0006,1,128.1,19.71
OI00014568,O0008311,P0011,1,138.89,0.0
OI00014569,O0008312,P0032,1,406.14,35.59
OI00014570,O0008313,P0030,1,260.07,0.0
OI00014571,O0008314,P0038,1,271.37,44.93
OI00014572,O0008315,P0001,2,148.15,0.0
OI00014573,O0008316,P0055,1,146.11,0.0
OI00014574,O0008316,P0043,1,44.87,0.0
OI00014575,O0008316,P0029,1,284.73,0.0
OI00014576,O0008317,P0020,1,692.62,0.0
OI00014577,O0008317,P0041,1,31.46,0.0
OI00014578,O0008317,P0056,1,363.8,0.0
OI00014579,O0008318,P0016,2,120.26,0.0
OI00014580,O0008319,P0033,2,425.55,0.0
OI00014581,O0008320,P0023,2,124.11,0.0
OI00014582,O0008320,P0002,1,82.08,0.0
OI00014583,O0008321,P0002,1,78.99,14.1
OI00014584,O0008322,P0029,1,293.47,0.0
OI00014585,O0008322,P0060,1,456.17,0.0
OI00014586,O0008323,P0015,2,60.1,0.0
OI00014587,O0008324,P0006,1,123.63,0.0
OI00014588,O0008325,P0029,1,285.42,37.85
OI00014589,O0008325,P0032,2,409.03,109.23
OI00014590,O0008325,P0018,2,372.59,56.48
OI00014591,O0008326,P0010,1,156.93,10.59
OI00014592,O0008326,P0021,2,80.85,17.59
OI00014593,O0008326,P0046,1,18.69,2.02
OI00014594,O0008327,P0045,1,152.08,0.0
OI00014595,O0008328,P0010,1,163.79,0.0
OI00014596,O0008328,P0032,1,422.16,0.0
OI00014597,O0008329,P0056,1,366.91,0.0
OI00014598,O0008330,P0045,1,152.45,0.0
OI00014599,O0008331,P0019,2,677.54,0.0
OI00014600,O0008332,P0007,1,113.42,11.03
OI00014601,O0008333,P0056,1,383.01,0.0
OI00014602,O0008334,P0058,1,52.29,6.57
OI00014603,O0008335,P0002,1,83.51,7.14
OI00014604,O0008336,P0035,1,277.76,0.0
OI00014605,O0008336,P0031,1,28.96,0.0
OI00014606,O0008337,P0057,1,166.0,25.38
OI00014607,O0008338,P0049,1,144.75,0.0
OI00014608,O0008338,P0023,1,122.19,0.0
OI00014609,O0008339,P0040,1,490.47,77.82
OI00014610,O0008339,P0016,1,122.51,16.09
OI00014611,O0008340,P0055,1,148.01,0.0
OI00014612,O0008341,P0019,1,682.11,0.0
OI00014613,O0008341,P0041,1,31.06,0.0
OI00014614,O0008342,P0059,1,61.1,4.89
OI00014615,O0008342,P0045,1,152.41,14.94
OI00014616,O0008343,P0015,1,63.35,0.0
OI00014617,O0008343,P0029,1,292.49,0.0
OI00014618,O0008344,P0021,2,84.46,23.94
OI00014619,O0008345,P0018,1,360.39,0.0
OI00014620,O0008346,P0040,1,483.08,0.0
OI00014621,O0008346,P0042,1,129.29,0.0
OI00014622,O0008347,P0002,1,83.56,0.0
OI00014623,O0008347,P0009,2,113.36,0.0
OI00014624,O0008348,P0002,2,78.97,0.0
OI00014625,O0008349,P0044,2,55.21,0.0
OI00014626,O0008349,P0058,1,52.18,0.0
OI00014627,O0008349,P0056,1,365.66,0.0
OI00014628,O0008350,P0043,1,46.12,4.43
OI00014629,O0008350,P0034,1,419.45,51.2
OI00014630,O0008350,P0038,1,265.83,31.45
OI00014631,O0008351,P0035,1,289.12,0.0
OI00014632,O0008351,P0046,1,19.44,0.0
OI00014633,O0008352,P0034,1,430.84,30.26
OI00014634,O0008352,P0032,1,412.11,43.04
OI00014635,O0008353,P0058,1,52.05,6.25
OI00014636,O0008354,P0003,1,80.75,10.63
OI00014637,O0008354,P0038,2,265.83,82.18
OI00014638,O0008354,P0032,1,397.69,70.96
OI00014639,O0008354,P0045,1,148.14,23.91
OI00014640,O0008355,P0040,1,487.27,0.0
OI00014641,O0008356,P0036,2,194.85,0.0
OI00014642,O0008357,P0012,3,28.3,11.59
OI00014643,O0008357,P0019,1,681.52,92.99
OI00014644,O0008357,P0045,1,152.75,19.81
OI00014645,O0008357,P0057,1,159.82,18.27
OI00014646,O0008358,P0010,1,158.85,0.0
OI00014647,O0008358,P0044,1,53.72,0.0
OI00014648,O0008358,P0045,1,145.82,0.0
OI00014649,O0008358,P0006,1,127.07,0.0
OI00014650,O0008359,P0009,1,108.35,0.0
OI00014651,O0008359,P0033,1,433.63,0.0
OI00014652,O0008360,P0041,1,30.93,1.94
OI00014653,O0008360,P0033,1,422.18,20.04
OI00014654,O0008361,P0035,1,278.61,49.04
OI00014655,O0008362,P0019,1,655.91,0.0
OI00014656,O0008363,P0002,1,83.77,0.0
OI00014657,O0008364,P0038,1,275.26,0.0
OI00014658,O0008365,P0001,1,148.45,0.0
OI00014659,O0008366,P0035,1,281.31,47.33
OI00014660,O0008366,P0060,1,445.12,29.9
OI00014661,O0008367,P0025,2,609.88,102.7
OI00014662,O0008368,P0060,1,448.96,28.13
OI00014663,O0008369,P0013,1,103.36,0.0
OI00014664,O0008370,P0050,2,14.49,0.0
OI00014665,O0008370,P0021,1,81.32,0.0
OI00014666,O0008370,P0024,2,774.52,0.0
OI00014667,O0008370,P0020,1,690.42,0.0
OI00014668,O0008370,P0032,1,412.43,0.0
OI00014669,O0008371,P0056,3,364.3,0.0
OI00014670,O0008371,P0035,1,287.8,0.0
OI00014671,O0008371,P0044,1,53.1,0.0
OI00014672,O0008371,P0019,1,671.4,0.0
OI00014673,O0008372,P0045,2,153.92,0.0
OI00014674,O0008372,P0003,1,80.8,0.0
OI00014675,O0008373,P0049,1,139.92,0.0
OI00014676,O0008374,P0042,1,134.79,16.85
OI00014677,O0008375,P0050,1,14.01,0.0
OI00014678,O0008376,P0043,2,45.58,13.91
OI00014679,O0008377,P0046,1,19.58,0.0
OI00014680,O0008378,P0049,1,138.66,18.18
OI00014681,O0008379,P0023,1,118.17,9.17
OI00014682,O0008379,P0032,1,413.98,18.15
OI00014683,O0008380,P0017,1,155.33,0.0
OI00014684,O0008380,P0054,2,135.74,0.0
OI00014685,O0008381,P0050,1,14.12,0.0
OI00014686,O0008382,P0018,1,362.76,0.0
OI00014687,O0008382,P0019,1,665.21,0.0
OI00014688,O0008382,P0037,1,64.28,0.0
OI00014689,O0008382,P0004,1,76.87,0.0
OI00014690,O0008382,P0005,1,65.38,0.0
OI00014691,O0008383,P0001,1,144.74,0.0
OI00014692,O0008383,P0029,1,287.65,0.0
OI00014693,O0008384,P0059,1,63.32,0.0
OI00014694,O0008385,P0034,1,413.88,65.51
OI00014695,O0008386,P0041,1,30.84,0.0
OI00014696,O0008386,P0056,1,376.52,0.0
OI00014697,O0008387,P0014,1,138.43,0.0
OI00014698,O0008387,P0004,1,78.05,0.0
OI00014699,O0008387,P0037,2,64.08,0.0
OI00014700,O0008388,P0017,2,154.05,45.08
OI00014701,O0008388,P0008,1,89.72,5.68
OI00014702,O0008389,P0035,1,283.18,33.87
OI00014703,O0008390,P0041,1,31.34,0.0
OI00014704,O0008391,P0009,1,111.41,0.0
OI00014705,O0008392,P0026,2,85.35,0.0
OI00014706,O0008392,P0054,2,133.18,0.0
OI00014707,O0008393,P0054,2,136.09,12.49
OI00014708,O0008393,P0029,1,300.28,43.35
OI00014709,O0008394,P0047,2,68.84,0.0
OI00014710,O0008394,P0032,1,421.22,0.0
OI00014711,O0008394,P0038,1,271.07,0.0
OI00014712,O0008395,P0003,1,82.19,0.0
OI00014713,O0008396,P0049,1,141.33,0.0
OI00014714,O0008396,P0032,1,401.28,0.0
OI00014715,O0008397,P0025,1,627.79,0.0
OI00014716,O0008397,P0029,1,284.19,0.0
OI00014717,O0008398,P0003,2,82.5,11.51
OI00014718,O0008398,P0002,1,79.48,5.84
OI00014719,O0008399,P0038,1,264.9,34.84
OI00014720,O0008399,P0032,2,407.84,62.13
OI00014721,O0008400,P0014,2,134.13,44.03
OI00014722,O0008401,P0043,2,45.27,0.0
OI00014723,O0008401,P0040,1,475.92,0.0
OI00014724,O0008402,P0025,1,622.32,69.93
OI00014725,O0008402,P0057,1,158.74,23.12
OI00014726,O0008403,P0012,1,29.56,1.37
OI00014727,O0008404,P0019,1,657.12,0.0
OI00014728,O0008404,P0059,1,62.18,0.0
OI00014729,O0008404,P0035,1,289.05,0.0
OI00014730,O0008405,P0006,1,122.41,18.89
OI00014731,O0008406,P0049,2,144.76,18.97
OI00014732,O0008407,P0058,1,52.67,0.0
OI00014733,O0008407,P0060,1,434.06,0.0
OI00014734,O0008408,P0047,2,68.26,0.0
OI00014735,O0008408,P0019,1,652.89,0.0
OI00014736,O0008409,P0010,1,159.52,0.0
OI00014737,O0008410,P0049,2,139.82,0.0
OI00014738,O0008411,P0058,1,51.47,4.28
OI00014739,O0008412,P0006,2,124.38,0.0
OI00014740,O0008413,P0038,1,274.24,34.3
OI00014741,O0008413,P0055,1,146.07,23.99
OI00014742,O0008414,P0022,1,346.86,0.0
OI00014743,O0008414,P0020,1,688.13,0.0
OI00014744,O0008415,P0020,1,688.28,0.0
OI00014745,O0008416,P0023,1,121.03,9.23
OI00014746,O0008417,P0016,1,125.54,0.0
OI00014747,O0008418,P0032,1,413.33,31.7
OI00014748,O0008419,P0046,1,18.79,0.0
OI00014749,O0008420,P0017,2,151.76,0.0
OI00014750,O0008420,P0019,1,657.63,0.0
OI00014751,O0008421,P0010,1,159.7,13.29
OI00014752,O0008421,P0032,1,410.97,32.47
OI00014753,O0008421,P0050,1,14.59,1.15
OI00014754,O0008422,P0046,1,18.7,0.0
OI00014755,O0008422,P0038,1,261.65,0.0
OI00014756,O0008423,P0027,1,640.71,0.0
OI00014757,O0008423,P0039,1,316.26,0.0
OI00014758,O0008423,P0018,1,360.34,0.0
OI00014759,O0008424,P0029,1,285.02,0.0
OI00014760,O0008424,P0003,1,81.88,0.0
OI00014761,O0008424,P0013,1,102.09,0.0
OI00014762,O0008425,P0059,1,63.64,0.0
OI00014763,O0008426,P0003,1,83.88,0.0
OI00014764,O0008427,P0043,3,44.91,20.6
OI00014765,O0008428,P0003,1,81.59,0.0
OI00014766,O0008429,P0049,1,142.59,0.0
OI00014767,O0008429,P0010,1,163.65,0.0
OI00014768,O0008430,P0055,1,144.88,0.0
OI00014769,O0008431,P0036,1,193.54,33.7
OI00014770,O0008432,P0049,2,145.95,20.13
OI00014771,O0008433,P0038,1,266.98,0.0
OI00014772,O0008434,P0040,1,480.27,0.0
OI00014773,O0008435,P0049,1,145.65,0.0
OI00014774,O0008436,P0032,1,421.15,0.0
OI00014775,O0008436,P0034,1,423.91,0.0
OI00014776,O0008437,P0049,1,140.97,16.94
OI00014777,O0008437,P0007,2,108.17,21.34
OI00014778,O0008437,P0003,1,83.68,4.88
OI00014779,O0008438,P0045,1,150.58,25.15
OI00014780,O0008439,P0028,1,319.4,45.76
OI00014781,O0008440,P0043,2,45.84,0.0
OI00014782,O0008440,P0054,2,137.04,0.0
OI00014783,O0008441,P0037,2,65.05,0.0
OI00014784,O0008441,P0032,2,407.72,0.0
OI00014785,O0008442,P0038,2,274.25,0.0
OI00014786,O0008442,P0040,1,467.97,0.0
OI00014787,O0008442,P0036,1,190.96,0.0
OI00014788,O0008443,P0031,1,28.6,0.0
OI00014789,O0008443,P0032,1,407.65,0.0
OI00014790,O0008444,P0022,1,335.52,50.86
OI00014791,O0008445,P0007,1,110.22,0.0
OI00014792,O0008445,P0001,1,141.56,0.0
OI00014793,O0008446,P0034,1,423.35,0.0
OI00014794,O0008447,P0029,2,292.13,48.81
OI00014795,O0008447,P0008,1,87.94,12.52
OI00014796,O0008447,P0019,1,683.96,108.97
OI00014797,O0008447,P0030,1,255.85,32.78
OI00014798,O0008448,P0056,1,383.35,60.14
OI00014799,O0008449,P0024,1,778.06,136.92
OI00014800,O0008449,P0046,1,19.46,2.04
OI00014801,O0008450,P0032,2,419.05,0.0
OI00014802,O0008450,P0044,1,53.39,0.0
OI00014803,O0008451,P0021,1,83.02,0.0
OI00014804,O0008452,P0036,1,196.21,0.0
OI00014805,O0008453,P0034,1,428.16,0.0
OI00014806,O0008454,P0026,1,85.18,10.73
OI00014807,O0008455,P0059,1,61.29,0.0
OI00014808,O0008456,P0019,1,674.94,98.47
OI00014809,O0008457,P0007,1,107.81,0.0
OI00014810,O0008458,P0029,1,284.45,0.0
OI00014811,O0008459,P0045,1,149.7,0.0
OI00014812,O0008460,P0037,2,65.03,0.0
OI00014813,O0008460,P0032,1,403.83,0.0
OI00014814,O0008460,P0047,2,69.68,0.0
OI00014815,O0008461,P0043,1,45.66,0.0
OI00014816,O0008462,P0051,2,77.12,0.0
OI00014817,O0008462,P0054,1,137.45,0.0
OI00014818,O0008463,P0006,2,126.27,0.0
OI00014819,O0008463,P0033,1,438.13,0.0
OI00014820,O0008463,P0038,1,271.42,0.0
OI00014821,O0008463,P0056,1,378.97,0.0
OI00014822,O0008464,P0039,2,318.75,80.98
OI00014823,O0008465,P0023,2,124.87,34.35
OI00014824,O0008466,P0003,1,83.71,0.0
OI00014825,O0008467,P0021,1,82.09,9.79
OI00014826,O0008467,P0028,1,320.63,37.28
OI00014827,O0008468,P0005,1,64.93,0.0
OI00014828,O0008469,P0032,2,410.8,0.0
OI00014829,O0008469,P0019,1,660.97,0.0
OI00014830,O0008470,P0035,1,278.17,0.0
OI00014831,O0008470,P0019,1,654.25,0.0
OI00014832,O0008470,P0059,1,61.99,0.0
OI00014833,O0008471,P0045,1,149.94,0.0
OI00014834,O0008471,P0006,1,124.97,0.0
OI00014835,O0008471,P0043,1,46.07,0.0
OI00014836,O0008471,P0058,1,50.37,0.0
OI00014837,O0008472,P0009,1,111.19,0.0
OI00014838,O0008473,P0059,2,63.02,0.0
OI00014839,O0008473,P0055,1,148.23,0.0
OI00014840,O0008474,P0017,1,154.59,23.55
OI00014841,O0008474,P0044,1,53.48,9.09
OI00014842,O0008475,P0032,1,403.66,0.0
OI00014843,O0008476,P0053,1,521.65,0.0
OI00014844,O0008476,P0033,2,434.87,0.0
OI00014845,O0008476,P0002,1,81.51,0.0
OI00014846,O0008477,P0033,1,437.07,0.0
OI00014847,O0008478,P0008,2,87.43,15.92
OI00014848,O0008479,P0009,1,110.86,0.0
OI00014849,O0008480,P0001,1,147.14,0.0
OI00014850,O0008481,P0005,1,67.18,0.0
OI00014851,O0008482,P0024,1,812.34,0.0
OI00014852,O0008482,P0016,1,122.23,0.0
OI00014853,O0008483,P0003,1,81.0,13.9
OI00014854,O0008483,P0039,1,322.51,13.7
OI00014855,O0008484,P0045,2,147.42,0.0
OI00014856,O0008485,P0001,1,142.8,6.79
OI00014857,O0008485,P0029,2,286.7,35.49
OI00014858,O0008486,P0001,1,144.49,0.0
OI00014859,O0008487,P0003,1,82.54,0.0
OI00014860,O0008488,P0016,1,125.61,14.89
OI00014861,O0008488,P0043,3,45.47,22.8
OI00014862,O0008489,P0040,1,466.98,0.0
OI00014863,O0008490,P0003,1,81.39,0.0
OI00014864,O0008490,P0030,1,246.86,0.0
OI00014865,O0008490,P0049,1,143.59,0.0
OI00014866,O0008491,P0024,1,773.89,111.56
OI00014867,O0008491,P0038,1,269.74,29.75
OI00014868,O0008492,P0021,1,80.74,0.0
OI00014869,O0008493,P0038,1,264.97,0.0
OI00014870,O0008494,P0040,1,479.84,0.0
OI00014871,O0008494,P0003,1,80.63,0.0
OI00014872,O0008494,P0060,2,434.5,0.0
OI00014873,O0008495,P0038,1,273.07,0.0
OI00014874,O0008496,P0021,1,84.02,0.0
OI00014875,O0008496,P0009,1,108.94,0.0
OI00014876,O0008497,P0032,1,408.28,0.0
OI00014877,O0008497,P0057,1,157.42,0.0
OI00014878,O0008498,P0039,1,329.31,0.0
OI00014879,O0008499,P0007,1,108.01,8.38
OI00014880,O0008499,P0001,2,142.25,45.79
OI00014881,O0008500,P0006,1,125.6,0.0
OI00014882,O0008501,P0038,3,274.96,0.0
OI00014883,O0008501,P0039,1,328.58,0.0
OI00014884,O0008502,P0056,1,377.47,63.3
OI00014885,O0008503,P0006,1,121.84,0.0
OI00014886,O0008503,P0003,1,80.47,0.0
OI00014887,O0008504,P0004,1,77.51,0.0
OI00014888,O0008505,P0020,1,678.27,103.12
OI00014889,O0008506,P0023,1,124.13,0.0
OI00014890,O0008507,P0037,2,65.08,0.0
OI00014891,O0008508,P0039,1,324.89,0.0
OI00014892,O0008509,P0030,1,253.77,40.01
OI00014893,O0008509,P0039,1,328.2,38.52
OI00014894,O0008509,P0059,2,62.55,11.95
OI00014895,O0008510,P0032,1,398.37,34.82
OI00014896,O0008510,P0049,1,142.15,9.22
OI00014897,O0008510,P0027,1,634.39,44.57
OI00014898,O0008511,P0056,1,384.16,17.16
OI00014899,O0008511,P0038,1,271.62,32.15
OI00014900,O0008512,P0006,1,123.18,0.0
OI00014901,O0008512,P0055,2,143.16,0.0
OI00014902,O0008513,P0054,1,140.54,11.23
OI00014903,O0008513,P0038,1,265.38,33.59
OI00014904,O0008513,P0060,1,440.68,54.4
OI00014905,O0008514,P0019,1,688.27,0.0
OI00014906,O0008515,P0006,1,126.69,9.08
OI00014907,O0008515,P0033,1,431.5,67.41
OI00014908,O0008515,P0046,1,19.02,2.09
OI00014909,O0008516,P0057,1,165.32,13.28
OI00014910,O0008517,P0006,1,122.24,0.0
OI00014911,O0008517,P0045,1,149.38,0.0
OI00014912,O0008518,P0003,1,80.78,0.0
OI00014913,O0008518,P0009,1,109.51,0.0
OI00014914,O0008519,P0017,1,158.52,0.0
OI00014915,O0008519,P0003,1,79.39,0.0
OI00014916,O0008519,P0054,1,135.1,0.0
OI00014917,O0008519,P0055,1,148.39,0.0
OI00014918,O0008520,P0024,1,806.59,0.0
OI00014919,O0008521,P0046,1,19.03,0.0
OI00014920,O0008521,P0021,1,83.29,0.0
OI00014921,O0008522,P0005,1,67.2,0.0
OI00014922,O0008523,P0004,1,78.53,0.0
OI00014923,O0008524,P0049,1,139.86,0.0
OI00014924,O0008525,P0006,1,125.34,15.35
OI00014925,O0008526,P0060,1,434.35,0.0
OI00014926,O0008526,P0038,1,275.59,0.0
OI00014927,O0008527,P0023,2,118.36,0.0
OI00014928,O0008528,P0025,1,607.73,0.0
OI00014929,O0008529,P0056,1,382.78,65.57
OI00014930,O0008529,P0006,1,125.9,6.61
OI00014931,O0008530,P0037,1,65.37,0.0
OI00014932,O0008531,P0045,1,148.12,0.0
OI00014933,O0008531,P0003,1,82.13,0.0
OI00014934,O0008532,P0006,1,121.96,0.0
OI00014935,O0008532,P0002,1,81.27,0.0
OI00014936,O0008532,P0046,1,19.48,0.0
OI00014937,O0008532,P0043,1,44.84,0.0
OI00014938,O0008533,P0045,1,152.76,0.0
OI00014939,O0008534,P0044,1,52.88,0.0
OI00014940,O0008534,P0043,1,45.47,0.0
OI00014941,O0008535,P0012,1,28.06,1.78
OI00014942,O0008536,P0019,1,669.87,53.76
OI00014943,O0008537,P0023,1,121.51,10.0
OI00014944,O0008537,P0045,1,146.23,22.56
OI00014945,O0008538,P0019,1,660.81,0.0
OI00014946,O0008539,P0016,1,120.53,0.0
OI00014947,O0008539,P0053,1,527.07,0.0
OI00014948,O0008539,P0037,1,64.61,0.0
OI00014949,O0008540,P0024,1,800.31,0.0
OI00014950,O0008541,P0010,2,165.05,0.0
OI00014951,O0008541,P0029,1,290.45,0.0
OI00014952,O0008542,P0025,1,623.73,26.49
OI00014953,O0008542,P0021,1,83.4,9.42
OI00014954,O0008543,P0026,1,81.66,0.0
OI00014955,O0008543,P0023,1,120.76,0.0
OI00014956,O0008544,P0022,1,340.15,0.0
OI00014957,O0008545,P0001,1,143.74,20.18
OI00014958,O0008546,P0046,1,18.93,0.0
OI00014959,O0008546,P0057,2,157.22,0.0
OI00014960,O0008547,P0014,1,137.31,0.0
OI00014961,O0008547,P0011,1,141.79,0.0
OI00014962,O0008548,P0014,1,136.85,0.0
OI00014963,O0008549,P0031,1,27.5,0.0
OI00014964,O0008549,P0001,1,145.03,0.0
OI00014965,O0008549,P0059,1,60.78,0.0
OI00014966,O0008550,P0011,1,139.07,23.69
OI00014967,O0008550,P0003,1,80.4,6.35
OI00014968,O0008550,P0044,3,55.25,14.66
OI00014969,O0008551,P0013,1,99.66,0.0
OI00014970,O0008551,P0037,1,66.48,0.0
OI00014971,O0008552,P0056,1,375.24,0.0
OI00014972,O0008552,P0001,1,148.57,0.0
OI00014973,O0008552,P0034,1,413.17,0.0
OI00014974,O0008553,P0052,1,404.2,0.0
OI00014975,O0008553,P0006,1,126.61,0.0
OI00014976,O0008554,P0038,2,267.49,0.0
OI00014977,O0008554,P0003,1,83.53,0.0
OI00014978,O0008555,P0045,1,149.91,16.76
OI00014979,O0008556,P0004,1,77.18,0.0
OI00014980,O0008557,P0043,1,45.92,5.36
OI00014981,O0008557,P0045,1,153.54,14.71
OI00014982,O0008557,P0005,2,65.75,20.65
OI00014983,O0008557,P0038,1,262.07,42.44
OI00014984,O0008558,P0019,1,666.02,0.0
OI00014985,O0008558,P0010,1,164.84,0.0
OI00014986,O0008558,P0049,1,140.91,0.0
OI00014987,O0008558,P0045,1,150.46,0.0
OI00014988,O0008559,P0058,1,50.38,0.0
OI00014989,O0008559,P0013,2,99.29,0.0
OI00014990,O0008560,P0036,1,196.76,14.14
OI00014991,O0008561,P0023,2,123.85,0.0
OI00014992,O0008561,P0038,1,275.77,0.0
OI00014993,O0008562,P0029,1,297.41,0.0
OI00014994,O0008562,P0034,1,431.39,0.0
OI00014995,O0008563,P0001,1,147.72,0.0
OI00014996,O0008563,P0032,1,418.05,0.0
OI00014997,O0008564,P0050,1,14.07,0.0
OI00014998,O0008565,P0049,2,145.16,46.63
OI00014999,O0008566,P0054,2,137.81,42.18
OI00015000,O0008567,P0002,1,79.1,0.0
OI00015001,O0008568,P0041,1,31.01,1.36
OI00015002,O0008568,P0036,1,189.9,32.38
OI00015003,O0008569,P0056,1,378.88,0.0
OI00015004,O0008570,P0006,1,128.59,0.0
OI00015005,O0008571,P0013,1,103.99,0.0
OI00015006,O0008571,P0029,1,294.91,0.0
OI00015007,O0008572,P0022,1,345.04,0.0
OI00015008,O0008572,P0041,1,31.24,0.0
OI00015009,O0008573,P0016,1,125.5,0.0
OI00015010,O0008573,P0038,1,264.26,0.0
OI00015011,O0008573,P0041,1,30.2,0.0
OI00015012,O0008574,P0009,1,111.07,5.11
OI00015013,O0008575,P0021,1,80.63,0.0
OI00015014,O0008576,P0048,2,91.35,14.75
OI00015015,O0008577,P0019,1,668.05,32.97
OI00015016,O0008578,P0049,1,142.46,6.95
OI00015017,O0008578,P0045,2,151.43,42.3
OI00015018,O0008579,P0019,1,653.74,0.0
OI00015019,O0008579,P0034,1,427.6,0.0
OI00015020,O0008580,P0019,1,668.44,0.0
OI00015021,O0008580,P0013,1,103.0,0.0
OI00015022,O0008580,P0023,1,118.12,0.0
OI00015023,O0008581,P0058,1,50.76,3.89
OI00015024,O0008582,P0034,1,428.8,0.0
OI00015025,O0008583,P0026,1,83.81,3.51
OI00015026,O0008583,P0003,1,82.88,9.13
OI00015027,O0008583,P0050,1,14.35,2.36
OI00015028,O0008584,P0036,2,196.66,0.0
OI00015029,O0008585,P0045,2,152.29,0.0
OI00015030,O0008586,P0016,1,125.97,0.0
OI00015031,O0008586,P0002,1,79.85,0.0
OI00015032,O0008587,P0006,1,126.76,16.13
OI00015033,O0008587,P0045,1,152.57,12.63
OI00015034,O0008588,P0059,1,63.03,0.0
OI00015035,O0008589,P0020,1,693.22,95.14
OI00015036,O0008589,P0046,1,19.0,3.03
OI00015037,O0008590,P0032,1,405.2,0.0
OI00015038,O0008590,P0033,1,420.57,0.0
OI00015039,O0008591,P0023,1,121.6,0.0
OI00015040,O0008592,P0052,1,401.39,0.0
OI00015041,O0008592,P0041,1,31.49,0.0
OI00015042,O0008593,P0003,1,79.13,12.77
OI00015043,O0008593,P0026,1,86.32,11.2
OI00015044,O0008594,P0003,1,80.84,0.0
OI00015045,O0008594,P0040,1,470.75,0.0
OI00015046,O0008594,P0027,1,653.66,0.0
OI00015047,O0008595,P0021,1,85.32,13.35
OI00015048,O0008595,P0043,1,46.41,5.89
OI00015049,O0008595,P0045,1,148.25,23.24
OI00015050,O0008596,P0038,1,271.2,0.0
OI00015051,O0008597,P0040,1,475.98,0.0
OI00015052,O0008598,P0023,2,124.71,0.0
OI00015053,O0008599,P0040,1,471.05,0.0
OI00015054,O0008599,P0023,1,118.96,0.0
OI00015055,O0008600,P0060,1,441.03,0.0
OI00015056,O0008600,P0029,1,292.63,0.0
OI00015057,O0008601,P0021,1,83.38,13.46
OI00015058,O0008602,P0038,1,260.24,27.36
OI00015059,O0008602,P0040,1,471.27,26.34
OI00015060,O0008602,P0002,1,82.39,9.84
OI00015061,O0008602,P0020,1,690.09,88.76
OI00015062,O0008602,P0041,1,31.71,5.55
OI00015063,O0008603,P0045,1,149.03,0.0
OI00015064,O0008604,P0060,1,438.8,0.0
OI00015065,O0008604,P0043,1,45.95,0.0
OI00015066,O0008605,P0043,1,46.46,0.0
OI00015067,O0008606,P0038,1,271.42,0.0
OI00015068,O0008606,P0001,1,146.72,0.0
OI00015069,O0008606,P0016,1,120.74,0.0
OI00015070,O0008607,P0034,1,435.42,24.52
OI00015071,O0008607,P0054,1,136.84,18.07
OI00015072,O0008608,P0044,1,54.61,0.0
OI00015073,O0008609,P0056,1,377.56,0.0
OI00015074,O0008610,P0016,2,122.54,37.49
OI00015075,O0008611,P0010,1,162.39,0.0
OI00015076,O0008611,P0001,2,145.14,0.0
OI00015077,O0008612,P0051,2,74.05,0.0
OI00015078,O0008613,P0008,1,87.67,0.0
OI00015079,O0008613,P0058,1,50.56,0.0
OI00015080,O0008614,P0056,1,369.37,0.0
OI00015081,O0008615,P0023,2,120.07,0.0
OI00015082,O0008616,P0023,1,123.12,15.61
OI00015083,O0008616,P0032,2,401.59,82.53
OI00015084,O0008616,P0035,1,288.3,42.11
OI00015085,O0008616,P0011,2,143.57,17.75
OI00015086,O0008617,P0024,1,809.4,64.76
OI00015087,O0008618,P0036,2,187.7,0.0
OI00015088,O0008618,P0021,1,81.93,0.0
OI00015089,O0008619,P0006,1,121.81,0.0
OI00015090,O0008619,P0037,1,64.17,0.0
OI00015091,O0008619,P0059,1,62.69,0.0
OI00015092,O0008619,P0038,1,260.31,0.0
OI00015093,O0008620,P0006,1,123.5,0.0
OI00015094,O0008620,P0053,1,552.54,0.0
OI00015095,O0008621,P0056,1,383.6,0.0
OI00015096,O0008622,P0016,1,126.37,0.0
OI00015097,O0008623,P0018,1,364.65,0.0
OI00015098,O0008624,P0004,1,78.09,0.0
OI00015099,O0008625,P0049,1,142.62,10.15
OI00015100,O0008626,P0021,1,83.61,6.86
OI00015101,O0008626,P0032,1,419.11,66.13
OI00015102,O0008627,P0022,2,330.36,0.0
OI00015103,O0008628,P0003,1,79.45,0.0
OI00015104,O0008629,P0060,1,457.76,57.79
OI00015105,O0008630,P0003,2,80.72,0.0
OI00015106,O0008630,P0002,2,82.44,0.0
OI00015107,O0008631,P0046,1,18.87,0.93
OI00015108,O0008632,P0029,1,287.25,0.0
OI00015109,O0008632,P0009,2,108.4,0.0
OI00015110,O0008632,P0012,1,29.12,0.0
OI00015111,O0008633,P0040,1,478.41,75.32
OI00015112,O0008633,P0002,1,79.58,9.02
OI00015113,O0008634,P0033,1,418.83,0.0
OI00015114,O0008634,P0040,1,486.1,0.0
OI00015115,O0008634,P0046,2,18.96,0.0
OI00015116,O0008635,P0057,1,159.9,0.0
OI00015117,O0008636,P0040,1,487.77,85.01
OI00015118,O0008636,P0005,1,65.44,6.09
OI00015119,O0008636,P0060,2,452.52,78.42
OI00015120,O0008637,P0009,2,109.97,22.65
OI00015121,O0008637,P0010,1,158.37,27.76
OI00015122,O0008638,P0006,1,122.56,11.23
OI00015123,O0008639,P0060,2,434.02,0.0
OI00015124,O0008640,P0016,1,121.13,0.0
OI00015125,O0008641,P0040,1,483.7,73.17
OI00015126,O0008641,P0037,1,63.96,4.65
OI00015127,O0008642,P0020,1,686.3,34.0
OI00015128,O0008643,P0042,1,128.63,15.98
OI00015129,O0008643,P0016,1,121.99,18.96
OI00015130,O0008644,P0025,1,610.05,104.26
OI00015131,O0008645,P0038,1,261.08,0.0
OI00015132,O0008645,P0025,2,620.04,0.0
OI00015133,O0008646,P0021,1,83.31,0.0
OI00015134,O0008647,P0013,1,104.01,0.0
OI00015135,O0008647,P0027,1,647.87,0.0
OI00015136,O0008647,P0059,2,60.84,0.0
OI00015137,O0008648,P0017,1,152.3,0.0
OI00015138,O0008649,P0023,1,124.19,16.81
OI00015139,O0008649,P0025,1,634.4,43.32
OI00015140,O0008649,P0032,1,417.21,51.39
OI00015141,O0008650,P0006,1,121.72,0.0
OI00015142,O0008651,P0057,1,164.22,0.0
OI00015143,O0008652,P0041,1,31.2,0.0
OI00015144,O0008652,P0026,1,85.18,0.0
OI00015145,O0008653,P0032,1,421.04,44.12
OI00015146,O0008654,P0006,1,126.26,17.34
OI00015147,O0008654,P0058,1,52.4,5.45
OI00015148,O0008655,P0040,1,472.55,51.53
OI00015149,O0008656,P0021,1,80.63,9.92
OI00015150,O0008656,P0060,1,439.46,21.53
OI00015151,O0008657,P0045,1,151.12,12.66
OI00015152,O0008658,P0057,1,164.08,0.0
OI00015153,O0008658,P0001,1,146.31,0.0
OI00015154,O0008659,P0007,1,107.69,17.72
OI00015155,O0008659,P0052,1,399.9,17.97
OI00015156,O0008660,P0024,1,767.47,0.0
OI00015157,O0008660,P0006,1,125.45,0.0
OI00015158,O0008660,P0019,1,678.54,0.0
OI00015159,O0008661,P0045,1,151.94,8.13
OI00015160,O0008661,P0058,1,50.32,5.42
OI00015161,O0008662,P0029,1,299.45,0.0
OI00015162,O0008662,P0039,1,321.96,0.0
OI00015163,O0008663,P0034,1,411.41,0.0
OI00015164,O0008664,P0059,1,61.82,0.0
OI00015165,O0008664,P0011,1,140.46,0.0
OI00015166,O0008664,P0039,1,322.49,0.0
OI00015167,O0008665,P0040,1,488.79,69.18
OI00015168,O0008666,P0022,1,344.62,0.0
OI00015169,O0008666,P0054,1,133.83,0.0
OI00015170,O0008666,P0019,1,678.12,0.0
OI00015171,O0008667,P0029,1,286.77,48.19
OI00015172,O0008668,P0010,2,160.24,49.26
OI00015173,O0008668,P0022,2,332.05,90.95
OI00015174,O0008669,P0027,1,623.67,69.89
OI00015175,O0008670,P0003,1,79.69,0.0
OI00015176,O0008671,P0024,3,798.08,0.0
OI00015177,O0008672,P0023,1,124.68,0.0
OI00015178,O0008673,P0017,1,157.39,6.82
OI00015179,O0008673,P0034,2,420.32,118.5
OI00015180,O0008673,P0029,1,295.52,16.39
OI00015181,O0008673,P0002,1,81.42,13.96
OI00015182,O0008674,P0014,1,137.27,23.09
OI00015183,O0008675,P0001,1,144.17,0.0
OI00015184,O0008676,P0003,1,82.1,0.0
OI00015185,O0008676,P0009,1,114.03,0.0
OI00015186,O0008676,P0025,1,621.78,0.0
OI00015187,O0008677,P0057,2,163.9,20.97
OI00015188,O0008677,P0003,1,80.01,10.41
OI00015189,O0008678,P0029,1,292.15,0.0
OI00015190,O0008678,P0045,2,149.12,0.0
OI00015191,O0008679,P0051,1,74.52,6.4
OI00015192,O0008680,P0016,1,127.18,16.9
OI00015193,O0008680,P0019,1,686.03,81.67
OI00015194,O0008680,P0027,1,652.5,113.63
OI00015195,O0008681,P0059,1,63.21,8.02
OI00015196,O0008682,P0037,1,63.34,6.73
OI00015197,O0008683,P0016,2,125.47,0.0
OI00015198,O0008684,P0040,1,469.53,0.0
OI00015199,O0008684,P0001,1,149.28,0.0
OI00015200,O0008684,P0027,1,627.42,0.0
OI00015201,O0008685,P0039,1,328.16,0.0
OI00015202,O0008686,P0038,1,266.39,0.0
OI00015203,O0008687,P0008,1,87.81,0.0
OI00015204,O0008687,P0033,1,436.48,0.0
OI00015205,O0008687,P0027,1,653.31,0.0
OI00015206,O0008687,P0052,2,420.35,0.0
OI00015207,O0008688,P0016,1,126.1,14.99
OI00015208,O0008689,P0040,1,474.91,0.0
OI00015209,O0008690,P0035,2,290.02,0.0
OI00015210,O0008691,P0013,2,100.27,0.0
OI00015211,O0008691,P0003,1,83.51,0.0
OI00015212,O0008692,P0043,1,45.54,3.03
OI00015213,O0008693,P0046,1,19.72,0.0
OI00015214,O0008694,P0041,1,31.44,0.0
OI00015215,O0008695,P0004,1,77.37,0.0
OI00015216,O0008695,P0001,1,146.26,0.0
OI00015217,O0008696,P0036,1,196.48,33.14
OI00015218,O0008696,P0038,1,264.66,13.1
OI00015219,O0008697,P0020,1,668.64,72.32
OI00015220,O0008698,P0001,1,148.06,19.7
OI00015221,O0008698,P0018,1,357.41,59.23
OI00015222,O0008699,P0036,1,193.09,28.82
OI00015223,O0008699,P0032,1,400.04,19.92
OI00015224,O0008700,P0060,1,451.82,0.0
OI00015225,O0008701,P0005,1,66.58,8.77
OI00015226,O0008701,P0040,1,479.99,24.64
OI00015227,O0008701,P0021,1,83.08,14.04
OI00015228,O0008701,P0006,1,126.97,10.03
OI00015229,O0008702,P0001,2,141.9,0.0
OI00015230,O0008703,P0029,1,297.16,0.0
OI00015231,O0008704,P0038,1,269.02,0.0
OI00015232,O0008704,P0054,1,134.82,0.0
OI00015233,O0008705,P0047,2,70.86,0.0
OI00015234,O0008705,P0039,1,315.43,0.0
OI00015235,O0008706,P0028,1,320.58,30.27
OI00015236,O0008707,P0036,1,196.6,0.0
OI00015237,O0008708,P0042,1,131.62,0.0
OI00015238,O0008709,P0019,1,662.2,0.0
OI00015239,O0008709,P0005,1,68.13,0.0
OI00015240,O0008709,P0011,1,136.89,0.0
OI00015241,O0008710,P0048,1,90.56,0.0
OI00015242,O0008710,P0003,1,83.88,0.0
OI00015243,O0008711,P0041,1,30.82,0.0
OI00015244,O0008712,P0054,2,136.05,0.0
OI00015245,O0008712,P0038,1,261.52,0.0
OI00015246,O0008712,P0033,1,440.37,0.0
OI00015247,O0008712,P0019,1,674.92,0.0
OI00015248,O0008713,P0020,1,676.02,0.0
OI00015249,O0008713,P0013,2,99.62,0.0
OI00015250,O0008713,P0003,1,83.19,0.0
OI00015251,O0008714,P0018,1,359.42,29.0
OI00015252,O0008714,P0059,1,60.55,8.45
OI00015253,O0008714,P0023,1,124.1,20.32
OI00015254,O0008715,P0009,1,113.9,0.0
OI00015255,O0008715,P0002,1,79.0,0.0
OI00015256,O0008716,P0050,1,13.88,0.0
OI00015257,O0008717,P0027,1,626.46,0.0
OI00015258,O0008717,P0042,2,128.34,0.0
OI00015259,O0008718,P0047,1,68.55,9.91
OI00015260,O0008719,P0021,1,83.79,0.0
OI00015261,O0008720,P0046,1,19.12,0.0
OI00015262,O0008721,P0016,1,125.04,0.0
OI00015263,O0008721,P0019,1,656.77,0.0
OI00015264,O0008722,P0032,2,408.55,80.14
OI00015265,O0008722,P0060,1,436.88,35.22
OI00015266,O0008722,P0047,1,68.95,8.34
OI00015267,O0008723,P0029,1,285.27,0.0
OI00015268,O0008724,P0054,1,135.02,0.0
OI00015269,O0008724,P0045,1,152.85,0.0
OI00015270,O0008725,P0018,1,357.24,46.32
OI00015271,O0008726,P0031,1,27.97,0.0
OI00015272,O0008727,P0018,1,369.59,0.0
OI00015273,O0008728,P0002,1,81.64,0.0
OI00015274,O0008729,P0020,2,682.81,0.0
OI00015275,O0008730,P0002,1,83.15,0.0
OI00015276,O0008731,P0017,2,156.69,0.0
OI00015277,O0008732,P0023,2,120.58,0.0
OI00015278,O0008732,P0024,1,770.26,0.0
OI00015279,O0008732,P0008,1,86.72,0.0
OI00015280,O0008733,P0045,1,150.48,17.3
OI00015281,O0008733,P0001,1,148.86,8.56
OI00015282,O0008733,P0058,1,52.12,8.84
OI00015283,O0008734,P0043,2,44.94,0.0
OI00015284,O0008734,P0038,1,268.46,0.0
OI00015285,O0008735,P0026,1,83.8,0.0
OI00015286,O0008735,P0017,1,152.52,0.0
OI00015287,O0008736,P0022,2,344.91,0.0
OI00015288,O0008737,P0027,1,626.97,0.0
OI00015289,O0008737,P0004,1,78.15,0.0
OI00015290,O0008738,P0003,1,83.62,5.77
OI00015291,O0008739,P0023,1,122.67,14.84
OI00015292,O0008739,P0058,1,52.28,6.38
OI00015293,O0008739,P0054,1,140.72,6.39
OI00015294,O0008740,P0050,1,13.89,0.0
OI00015295,O0008741,P0023,1,120.6,0.0
OI00015296,O0008742,P0060,1,437.96,0.0
OI00015297,O0008743,P0047,1,71.97,11.37
OI00015298,O0008744,P0016,2,120.23,0.0
OI00015299,O0008744,P0029,2,299.79,0.0
OI00015300,O0008745,P0056,1,378.98,0.0
OI00015301,O0008746,P0060,1,446.92,47.53
OI00015302,O0008747,P0049,1,143.79,7.99
OI00015303,O0008747,P0030,1,246.81,27.12
OI00015304,O0008748,P0044,1,53.23,4.97
OI00015305,O0008748,P0006,2,128.49,33.43
OI00015306,O0008748,P0047,1,68.45,11.51
OI00015307,O0008749,P0008,1,85.91,0.0
OI00015308,O0008749,P0038,1,271.53,0.0
OI00015309,O0008749,P0040,1,491.51,0.0
OI00015310,O0008750,P0017,1,158.47,0.0
OI00015311,O0008750,P0047,1,72.05,0.0
OI00015312,O0008751,P0054,1,141.09,0.0
OI00015313,O0008751,P0005,1,68.86,0.0
OI00015314,O0008751,P0006,2,121.47,0.0
OI00015315,O0008752,P0043,1,45.13,0.0
OI00015316,O0008753,P0041,1,31.36,0.0
OI00015317,O0008753,P0036,1,195.92,0.0
OI00015318,O0008754,P0041,2,30.71,3.31
OI00015319,O0008754,P0004,1,75.12,10.24
OI00015320,O0008755,P0031,1,28.69,3.55
OI00015321,O0008755,P0023,1,118.08,9.17
OI00015322,O0008755,P0060,1,441.72,23.56
OI00015323,O0008756,P0047,1,70.18,0.0
OI00015324,O0008757,P0037,1,66.61,0.0
OI00015325,O0008758,P0022,1,334.19,0.0
OI00015326,O0008759,P0032,1,405.42,0.0
OI00015327,O0008760,P0028,1,326.1,0.0
OI00015328,O0008760,P0013,1,100.69,0.0
OI00015329,O0008761,P0032,1,400.54,24.88
OI00015330,O0008761,P0006,2,125.39,23.85
OI00015331,O0008761,P0028,1,312.87,45.18
OI00015332,O0008762,P0004,1,76.66,0.0
OI00015333,O0008762,P0033,1,429.0,0.0
OI00015334,O0008763,P0003,1,82.7,0.0
OI00015335,O0008763,P0019,1,668.17,0.0
OI00015336,O0008764,P0018,1,370.7,0.0
OI00015337,O0008765,P0007,2,111.73,19.56
OI00015338,O0008765,P0001,2,148.81,24.85
OI00015339,O0008766,P0017,1,159.47,0.0
OI00015340,O0008766,P0038,1,262.55,0.0
OI00015341,O0008767,P0019,1,662.67,27.76
OI00015342,O0008767,P0055,1,148.16,25.55
OI00015343,O0008768,P0019,1,661.57,0.0
OI00015344,O0008768,P0058,1,50.15,0.0
OI00015345,O0008768,P0022,1,329.91,0.0
OI00015346,O0008769,P0057,1,165.61,9.79
OI00015347,O0008770,P0037,1,64.4,0.0
OI00015348,O0008771,P0006,1,121.58,0.0
OI00015349,O0008771,P0002,1,81.48,0.0
OI00015350,O0008772,P0037,2,64.25,0.0
OI00015351,O0008772,P0026,1,84.41,0.0
OI00015352,O0008773,P0023,2,118.28,0.0
OI00015353,O0008774,P0008,1,85.44,4.0
OI00015354,O0008775,P0030,1,253.92,30.57
OI00015355,O0008775,P0010,1,160.32,19.09
OI00015356,O0008776,P0043,1,46.18,7.54
OI00015357,O0008777,P0049,1,139.09,24.01
OI00015358,O0008777,P0004,1,75.21,5.54
OI00015359,O0008777,P0016,1,126.63,13.44
OI00015360,O0008778,P0059,1,63.16,0.0
OI00015361,O0008778,P0013,1,101.33,0.0
OI00015362,O0008778,P0027,1,634.41,0.0
OI00015363,O0008779,P0048,1,94.34,0.0
OI00015364,O0008780,P0057,1,157.29,0.0
OI00015365,O0008780,P0021,1,82.71,0.0
OI00015366,O0008780,P0054,1,139.06,0.0
OI00015367,O0008781,P0011,1,140.66,7.02
OI00015368,O0008781,P0019,2,684.21,214.07
OI00015369,O0008782,P0010,1,157.49,0.0
OI00015370,O0008782,P0008,1,87.38,0.0
OI00015371,O0008783,P0030,1,253.14,0.0
OI00015372,O0008784,P0031,1,28.65,0.0
OI00015373,O0008785,P0006,1,128.06,0.0
OI00015374,O0008786,P0050,2,14.03,4.48
OI00015375,O0008787,P0008,1,86.07,0.0
OI00015376,O0008788,P0057,1,161.02,12.18
OI00015377,O0008789,P0047,2,71.2,16.46
OI00015378,O0008789,P0025,1,609.1,79.89
OI00015379,O0008789,P0049,2,145.46,22.79
OI00015380,O0008790,P0010,1,157.65,0.0
OI00015381,O0008791,P0040,1,491.35,69.97
OI00015382,O0008791,P0002,1,82.38,12.76
OI00015383,O0008792,P0001,1,141.54,0.0
OI00015384,O0008792,P0050,1,14.31,0.0
OI00015385,O0008793,P0040,2,467.01,45.91
OI00015386,O0008793,P0023,1,120.03,18.52
OI00015387,O0008793,P0038,1,263.82,47.02
OI00015388,O0008794,P0055,2,148.41,0.0
OI00015389,O0008794,P0036,2,189.41,0.0
OI00015390,O0008795,P0033,2,420.25,60.78
OI00015391,O0008796,P0056,2,377.51,81.5
OI00015392,O0008796,P0031,2,28.73,9.25
OI00015393,O0008797,P0029,1,299.64,20.72
OI00015394,O0008797,P0009,1,108.8,7.69
OI00015395,O0008798,P0038,1,264.7,36.91
OI00015396,O0008799,P0039,2,315.39,0.0
OI00015397,O0008800,P0001,1,149.27,22.91
OI00015398,O0008800,P0059,1,60.84,9.32
OI00015399,O0008801,P0043,1,46.02,2.89
OI00015400,O0008801,P0038,1,268.56,25.17
OI00015401,O0008802,P0003,1,81.91,11.42
OI00015402,O0008802,P0020,1,668.23,78.07
OI00015403,O0008802,P0059,2,62.66,7.87
OI00015404,O0008803,P0044,1,52.56,8.03
OI00015405,O0008804,P0058,1,52.29,4.03
OI00015406,O0008805,P0005,1,65.74,0.0
OI00015407,O0008806,P0013,1,99.64,15.24
OI00015408,O0008806,P0019,2,689.43,81.44
OI00015409,O0008806,P0038,1,263.52,31.02
OI00015410,O0008806,P0003,2,83.33,22.41
OI00015411,O0008807,P0038,1,268.98,16.06
OI00015412,O0008807,P0059,1,61.76,8.45
OI00015413,O0008808,P0008,1,88.71,11.92
OI00015414,O0008809,P0049,1,138.65,6.18
OI00015415,O0008809,P0021,1,83.39,7.95
OI00015416,O0008810,P0041,1,30.61,0.0
OI00015417,O0008811,P0023,1,122.84,0.0
OI00015418,O0008811,P0013,1,99.39,0.0
OI00015419,O0008812,P0003,1,80.58,4.41
OI00015420,O0008812,P0004,2,76.84,24.43
OI00015421,O0008813,P0046,2,19.72,0.0
OI00015422,O0008813,P0048,1,94.29,0.0
OI00015423,O0008814,P0022,2,337.11,103.72
OI00015424,O0008814,P0059,1,63.69,10.61
OI00015425,O0008815,P0058,1,49.93,7.13
OI00015426,O0008816,P0016,2,126.96,17.99
OI00015427,O0008816,P0041,1,31.24,4.41
OI00015428,O0008816,P0020,2,689.0,72.67
OI00015429,O0008817,P0028,1,323.78,0.0
OI00015430,O0008817,P0025,1,600.67,0.0
OI00015431,O0008817,P0046,1,18.84,0.0
OI00015432,O0008818,P0045,1,146.28,0.0
OI00015433,O0008818,P0005,1,67.82,0.0
OI00015434,O0008819,P0043,2,45.75,0.0
OI00015435,O0008820,P0038,2,262.5,0.0
OI00015436,O0008820,P0013,1,102.53,0.0
OI00015437,O0008821,P0023,1,119.83,0.0
OI00015438,O0008821,P0035,1,280.82,0.0
OI00015439,O0008822,P0042,1,129.29,0.0
OI00015440,O0008823,P0044,1,54.5,0.0
OI00015441,O0008824,P0003,1,80.96,10.19
OI00015442,O0008825,P0023,1,122.46,0.0
OI00015443,O0008825,P0025,1,632.15,0.0
OI00015444,O0008826,P0006,1,122.79,0.0
OI00015445,O0008827,P0060,1,445.67,25.5
OI00015446,O0008827,P0050,1,14.24,0.64
OI00015447,O0008828,P0020,1,678.98,0.0
OI00015448,O0008828,P0058,1,49.85,0.0
OI00015449,O0008829,P0038,1,265.26,0.0
OI00015450,O0008829,P0039,1,328.84,0.0
OI00015451,O0008829,P0005,1,67.87,0.0
OI00015452,O0008830,P0038,1,260.28,0.0
OI00015453,O0008831,P0006,1,128.57,16.0
OI00015454,O0008832,P0003,2,79.63,0.0
OI00015455,O0008832,P0008,1,90.0,0.0
OI00015456,O0008832,P0054,1,137.59,0.0
OI00015457,O0008833,P0029,2,300.56,0.0
OI00015458,O0008833,P0033,2,440.55,0.0
OI00015459,O0008834,P0043,1,45.89,0.0
OI00015460,O0008835,P0043,1,46.18,0.0
OI00015461,O0008835,P0042,1,127.72,0.0
OI00015462,O0008836,P0034,1,426.54,48.75
OI00015463,O0008836,P0015,1,60.01,7.77
OI00015464,O0008836,P0003,1,80.79,7.41
OI00015465,O0008836,P0054,1,140.74,21.71
OI00015466,O0008836,P0006,1,122.98,5.98
OI00015467,O0008837,P0059,2,61.89,14.91
OI00015468,O0008837,P0047,1,69.87,9.94
OI00015469,O0008838,P0059,1,60.46,0.0
OI00015470,O0008839,P0050,2,14.31,0.0
OI00015471,O0008840,P0020,1,687.71,0.0
OI00015472,O0008841,P0023,1,119.71,0.0
OI00015473,O0008841,P0038,1,271.33,0.0
OI00015474,O0008842,P0003,1,82.11,0.0
OI00015475,O0008842,P0029,2,297.01,0.0
OI00015476,O0008843,P0032,1,401.18,0.0
OI00015477,O0008844,P0008,1,86.92,7.41
OI00015478,O0008845,P0039,2,326.62,0.0
OI00015479,O0008845,P0005,1,65.4,0.0
OI00015480,O0008846,P0023,2,121.96,0.0
OI00015481,O0008846,P0030,1,256.75,0.0
OI00015482,O0008847,P0038,1,263.59,0.0
OI00015483,O0008848,P0035,1,277.48,0.0
OI00015484,O0008848,P0040,2,485.08,0.0
OI00015485,O0008848,P0021,1,81.43,0.0
OI00015486,O0008849,P0015,1,60.44,0.0
OI00015487,O0008849,P0039,1,315.25,0.0
OI00015488,O0008850,P0002,1,80.48,0.0
OI00015489,O0008850,P0024,1,789.04,0.0
OI00015490,O0008851,P0002,1,80.06,0.0
OI00015491,O0008851,P0003,1,83.41,0.0
OI00015492,O0008852,P0023,1,124.21,9.12
OI00015493,O0008853,P0056,2,370.12,58.24
OI00015494,O0008853,P0039,1,322.73,31.57
OI00015495,O0008854,P0057,1,159.09,13.14
OI00015496,O0008854,P0049,1,143.02,22.17
OI00015497,O0008854,P0038,1,275.68,36.66
OI00015498,O0008854,P0010,1,162.46,24.57
OI00015499,O0008855,P0022,1,339.03,48.4
OI00015500,O0008855,P0058,1,52.29,5.78
OI00015501,O0008855,P0002,1,79.94,5.05
OI00015502,O0008855,P0006,1,125.12,13.33
OI00015503,O0008856,P0040,1,468.76,0.0
OI00015504,O0008857,P0001,2,145.28,0.0
OI00015505,O0008858,P0060,1,449.52,50.3
OI00015506,O0008858,P0008,1,85.01,3.64
OI00015507,O0008859,P0008,2,89.03,0.0
OI00015508,O0008860,P0015,2,62.01,0.0
OI00015509,O0008860,P0055,1,146.34,0.0
OI00015510,O0008861,P0023,1,120.26,11.39
OI00015511,O0008862,P0041,1,30.59,0.0
OI00015512,O0008863,P0019,1,651.32,0.0
OI00015513,O0008864,P0005,1,65.24,0.0
OI00015514,O0008865,P0046,1,18.62,1.09
OI00015515,O0008865,P0020,1,678.65,88.15
OI00015516,O0008865,P0019,1,654.87,91.78
OI00015517,O0008866,P0009,1,108.64,0.0
OI00015518,O0008867,P0001,1,143.23,0.0
OI00015519,O0008867,P0019,1,657.74,0.0
OI00015520,O0008867,P0009,2,110.84,0.0
OI00015521,O0008867,P0049,1,142.98,0.0
OI00015522,O0008868,P0046,1,19.3,0.0
OI00015523,O0008868,P0007,1,112.75,0.0
OI00015524,O0008869,P0002,1,79.5,10.86
OI00015525,O0008869,P0012,1,28.9,1.31
OI00015526,O0008870,P0019,1,660.58,0.0
OI00015527,O0008870,P0017,1,151.64,0.0
OI00015528,O0008870,P0038,1,265.77,0.0
OI00015529,O0008871,P0042,1,134.3,0.0
OI00015530,O0008871,P0005,1,65.98,0.0
OI00015531,O0008872,P0038,1,274.53,0.0
OI00015532,O0008873,P0021,1,84.58,0.0
OI00015533,O0008874,P0011,1,136.69,0.0
OI00015534,O0008874,P0003,1,83.44,0.0
OI00015535,O0008875,P0019,1,685.76,0.0
OI00015536,O0008876,P0003,1,82.9,14.06
OI00015537,O0008876,P0006,1,128.01,12.31
OI00015538,O0008877,P0056,3,363.82,0.0
OI00015539,O0008877,P0041,1,30.0,0.0
OI00015540,O0008877,P0045,1,152.88,0.0
OI00015541,O0008878,P0017,1,151.24,0.0
OI00015542,O0008878,P0023,2,123.82,0.0
OI00015543,O0008879,P0007,1,110.19,0.0
OI00015544,O0008880,P0059,1,60.89,5.66
OI00015545,O0008880,P0014,1,133.48,18.72
OI00015546,O0008881,P0005,1,68.36,0.0
OI00015547,O0008881,P0060,2,456.05,0.0
OI00015548,O0008881,P0027,1,646.77,0.0
OI00015549,O0008882,P0001,2,145.56,0.0
OI00015550,O0008882,P0005,1,65.72,0.0
OI00015551,O0008882,P0004,1,74.65,0.0
OI00015552,O0008882,P0046,2,19.0,0.0
OI00015553,O0008883,P0054,1,135.83,0.0
OI00015554,O0008883,P0024,2,802.04,0.0
OI00015555,O0008883,P0033,1,441.9,0.0
OI00015556,O0008883,P0005,1,65.57,0.0
OI00015557,O0008884,P0059,1,63.65,0.0
OI00015558,O0008884,P0041,1,31.66,0.0
OI00015559,O0008885,P0009,1,109.49,0.0
OI00015560,O0008885,P0035,1,278.68,0.0
OI00015561,O0008886,P0003,1,81.27,0.0
OI00015562,O0008887,P0045,1,153.23,18.7
OI00015563,O0008888,P0045,1,145.43,0.0
OI00015564,O0008889,P0006,1,124.86,0.0
OI00015565,O0008889,P0003,1,80.34,0.0
OI00015566,O0008889,P0055,1,148.66,0.0
OI00015567,O0008890,P0036,2,191.86,0.0
OI00015568,O0008891,P0037,1,64.08,0.0
OI00015569,O0008891,P0006,1,121.23,0.0
OI00015570,O0008892,P0001,1,144.64,0.0
OI00015571,O0008892,P0006,1,128.37,0.0
OI00015572,O0008893,P0038,1,261.61,0.0
OI00015573,O0008894,P0010,1,158.68,0.0
OI00015574,O0008894,P0025,1,621.54,0.0
OI00015575,O0008895,P0005,1,66.54,0.0
OI00015576,O0008895,P0027,1,621.98,0.0
OI00015577,O0008896,P0055,1,145.42,0.0
OI00015578,O0008897,P0032,1,403.73,0.0
OI00015579,O0008898,P0048,2,93.84,14.6
OI00015580,O0008899,P0028,1,325.38,50.74
OI00015581,O0008899,P0034,1,431.0,64.85
OI00015582,O0008900,P0031,1,28.1,0.0
OI00015583,O0008900,P0049,1,139.47,0.0
OI00015584,O0008901,P0001,1,141.65,16.27
OI00015585,O0008901,P0054,1,133.56,23.0
OI00015586,O0008901,P0060,1,443.39,21.81
OI00015587,O0008901,P0030,1,256.18,11.44
OI00015588,O0008902,P0017,1,152.19,0.0
OI00015589,O0008903,P0055,1,150.63,0.0
OI00015590,O0008903,P0059,1,62.65,0.0
OI00015591,O0008903,P0045,1,150.29,0.0
OI00015592,O0008903,P0026,1,84.8,0.0
OI00015593,O0008904,P0033,1,438.46,0.0
OI00015594,O0008905,P0033,1,421.13,38.48
OI00015595,O0008905,P0032,1,410.89,46.09
OI00015596,O0008905,P0060,1,440.3,78.2
OI00015597,O0008906,P0032,1,419.79,0.0
OI00015598,O0008907,P0057,1,162.59,0.0
OI00015599,O0008908,P0015,1,62.04,6.39
OI00015600,O0008909,P0043,1,46.53,0.0
OI00015601,O0008910,P0035,1,290.43,0.0
OI00015602,O0008910,P0032,1,415.89,0.0
OI00015603,O0008911,P0043,1,46.75,0.0
OI00015604,O0008911,P0038,2,269.33,0.0
OI00015605,O0008912,P0038,1,266.56,38.12
OI00015606,O0008912,P0059,1,63.79,4.67
OI00015607,O0008913,P0048,2,93.38,0.0
OI00015608,O0008913,P0002,1,83.17,0.0
OI00015609,O0008914,P0009,1,110.72,0.0
OI00015610,O0008915,P0002,1,81.28,9.97
OI00015611,O0008916,P0022,1,329.6,0.0
OI00015612,O0008917,P0002,2,80.62,0.0
OI00015613,O0008917,P0056,1,362.3,0.0
OI00015614,O0008918,P0005,1,68.68,0.0
OI00015615,O0008918,P0006,1,125.23,0.0
OI00015616,O0008918,P0046,1,18.88,0.0
OI00015617,O0008919,P0046,1,19.29,0.0
OI00015618,O0008919,P0027,1,652.52,0.0
OI00015619,O0008920,P0018,1,377.29,0.0
OI00015620,O0008921,P0028,1,324.35,36.18
OI00015621,O0008922,P0040,1,483.68,0.0
OI00015622,O0008922,P0005,1,66.58,0.0
OI00015623,O0008923,P0015,1,62.6,9.37
OI00015624,O0008924,P0024,1,781.3,137.94
OI00015625,O0008924,P0008,1,86.82,9.47
OI00015626,O0008925,P0057,1,157.95,17.77
OI00015627,O0008926,P0055,2,145.86,0.0
OI00015628,O0008926,P0001,1,142.48,0.0
OI00015629,O0008927,P0016,1,125.84,0.0
OI00015630,O0008927,P0047,2,69.44,0.0
OI00015631,O0008928,P0045,1,153.3,0.0
OI00015632,O0008929,P0006,1,128.6,0.0
OI00015633,O0008930,P0001,1,146.85,0.0
OI00015634,O0008930,P0040,1,468.1,0.0
OI00015635,O0008931,P0038,1,262.15,0.0
OI00015636,O0008931,P0009,2,112.0,0.0
OI00015637,O0008931,P0017,1,157.64,0.0
OI00015638,O0008932,P0038,1,275.57,0.0
OI00015639,O0008933,P0020,1,665.05,0.0
OI00015640,O0008934,P0046,1,19.49,0.0
OI00015641,O0008935,P0050,1,14.37,0.0
OI00015642,O0008935,P0038,1,266.38,0.0
OI00015643,O0008936,P0039,1,323.97,57.31
OI00015644,O0008936,P0029,1,296.87,14.99
OI00015645,O0008937,P0030,1,251.29,24.61
OI00015646,O0008938,P0032,1,418.97,0.0
OI00015647,O0008938,P0019,1,670.23,0.0
OI00015648,O0008939,P0040,1,488.97,55.37
OI00015649,O0008940,P0057,1,160.05,0.0
OI00015650,O0008941,P0001,2,149.19,0.0
OI00015651,O0008942,P0049,2,145.73,0.0
OI00015652,O0008943,P0038,1,262.01,0.0
OI00015653,O0008943,P0006,1,126.51,0.0
OI00015654,O0008943,P0036,1,187.7,0.0
OI00015655,O0008944,P0045,1,151.08,21.74
OI00015656,O0008944,P0052,1,399.58,69.53
OI00015657,O0008945,P0049,1,140.06,15.61
OI00015658,O0008945,P0052,1,417.93,20.27
OI00015659,O0008946,P0005,2,68.0,0.0
OI00015660,O0008947,P0009,1,111.55,0.0
OI00015661,O0008948,P0045,2,149.84,0.0
OI00015662,O0008948,P0036,1,191.97,0.0
OI00015663,O0008948,P0020,1,693.89,0.0
OI00015664,O0008949,P0059,2,62.06,0.0
OI00015665,O0008949,P0042,2,127.54,0.0
OI00015666,O0008950,P0036,1,191.19,0.0
OI00015667,O0008951,P0004,1,74.52,12.24
OI00015668,O0008952,P0019,1,686.73,0.0
OI00015669,O0008953,P0046,1,18.78,0.0
OI00015670,O0008954,P0038,2,263.75,32.19
OI00015671,O0008955,P0003,1,81.91,10.02
OI00015672,O0008955,P0042,1,127.58,15.3
OI00015673,O0008956,P0041,1,30.92,2.27
OI00015674,O0008957,P0010,1,157.48,12.76
OI00015675,O0008957,P0045,1,150.27,10.47
OI00015676,O0008957,P0055,1,143.72,15.46
OI00015677,O0008958,P0037,1,65.77,3.06
OI00015678,O0008958,P0009,2,111.13,9.73
OI00015679,O0008959,P0011,1,136.38,0.0
OI00015680,O0008959,P0038,1,267.5,0.0
OI00015681,O0008960,P0045,1,153.63,0.0
OI00015682,O0008961,P0050,1,14.26,0.0
OI00015683,O0008961,P0057,1,157.36,0.0
OI00015684,O0008961,P0028,1,327.39,0.0
OI00015685,O0008961,P0056,1,379.46,0.0
OI00015686,O0008962,P0057,1,158.73,0.0
OI00015687,O0008963,P0038,2,275.53,0.0
OI00015688,O0008964,P0014,1,134.44,0.0
OI00015689,O0008965,P0041,1,30.64,0.0
OI00015690,O0008965,P0032,2,402.74,0.0
OI00015691,O0008966,P0055,2,150.04,0.0
OI00015692,O0008966,P0058,2,51.96,0.0
OI00015693,O0008967,P0038,3,270.34,79.38
OI00015694,O0008967,P0003,1,83.82,3.72
OI00015695,O0008967,P0019,1,675.28,37.31
OI00015696,O0008968,P0027,1,653.26,0.0
OI00015697,O0008968,P0023,1,123.87,0.0
OI00015698,O0008969,P0016,1,120.77,18.4
OI00015699,O0008970,P0030,1,259.13,0.0
OI00015700,O0008970,P0036,1,191.96,0.0
OI00015701,O0008971,P0005,1,68.2,5.69
OI00015702,O0008972,P0009,1,114.32,0.0
OI00015703,O0008973,P0048,1,93.39,0.0
OI00015704,O0008974,P0028,1,311.53,0.0
OI00015705,O0008974,P0009,1,113.78,0.0
OI00015706,O0008975,P0022,1,339.68,0.0
OI00015707,O0008975,P0041,1,31.64,0.0
OI00015708,O0008976,P0038,2,268.07,23.09
OI00015709,O0008976,P0045,1,149.14,23.41
OI00015710,O0008977,P0017,1,159.35,0.0
OI00015711,O0008977,P0011,1,138.93,0.0
OI00015712,O0008978,P0055,2,146.39,0.0
OI00015713,O0008979,P0040,1,493.36,0.0
OI00015714,O0008980,P0009,1,112.77,0.0
OI00015715,O0008981,P0055,1,150.16,9.93
OI00015716,O0008982,P0040,1,486.35,0.0
OI00015717,O0008982,P0054,2,136.5,0.0
OI00015718,O0008982,P0038,1,267.13,0.0
OI00015719,O0008983,P0046,1,19.06,0.0
OI00015720,O0008983,P0007,1,107.85,0.0
OI00015721,O0008983,P0045,1,153.24,0.0
OI00015722,O0008984,P0055,1,147.72,15.62
OI00015723,O0008984,P0031,1,27.72,3.42
OI00015724,O0008984,P0019,1,667.82,111.08
OI00015725,O0008985,P0003,1,81.14,6.82
OI00015726,O0008986,P0029,1,292.06,0.0
OI00015727,O0008986,P0017,1,151.37,0.0
OI00015728,O0008987,P0047,1,68.86,0.0
OI00015729,O0008987,P0036,1,193.64,0.0
OI00015730,O0008988,P0005,1,66.44,0.0
OI00015731,O0008988,P0043,1,44.47,0.0
OI00015732,O0008989,P0038,1,269.11,26.05
OI00015733,O0008989,P0034,1,427.9,56.24
OI00015734,O0008990,P0056,1,383.51,0.0
OI00015735,O0008991,P0023,1,122.68,19.03
OI00015736,O0008992,P0019,1,676.04,0.0
OI00015737,O0008992,P0016,1,124.09,0.0
OI00015738,O0008993,P0001,1,141.88,0.0
OI00015739,O0008993,P0005,1,66.92,0.0
OI00015740,O0008994,P0045,1,149.13,14.73
OI00015741,O0008995,P0029,1,300.56,29.78
OI00015742,O0008995,P0038,1,263.88,18.53
OI00015743,O0008996,P0038,1,268.36,13.15
OI00015744,O0008997,P0052,1,413.19,0.0
OI00015745,O0008997,P0017,1,154.62,0.0
OI00015746,O0008998,P0005,1,66.52,0.0
OI00015747,O0008999,P0013,1,101.59,0.0
OI00015748,O0009000,P0045,1,146.41,0.0
OI00015749,O0009000,P0027,1,655.2,0.0
OI00015750,O0009000,P0039,1,330.48,0.0
OI00015751,O0009000,P0018,1,369.96,0.0
OI00015752,O0009000,P0032,1,413.85,0.0
OI00015753,O0009001,P0023,1,118.68,0.0
OI00015754,O0009002,P0035,2,283.61,0.0
OI00015755,O0009002,P0054,1,139.38,0.0
OI00015756,O0009003,P0041,1,30.61,0.0
OI00015757,O0009003,P0032,1,402.93,0.0
OI00015758,O0009004,P0056,1,363.18,0.0
OI00015759,O0009004,P0057,1,162.64,0.0
OI00015760,O0009005,P0045,1,150.95,13.59
OI00015761,O0009005,P0026,1,85.0,7.52
OI00015762,O0009006,P0026,1,81.76,14.42
OI00015763,O0009006,P0056,2,376.2,102.45
OI00015764,O0009006,P0032,1,416.6,30.41
OI00015765,O0009006,P0003,1,82.23,12.38
OI00015766,O0009007,P0038,1,266.24,0.0
OI00015767,O0009007,P0019,1,658.61,0.0
OI00015768,O0009008,P0003,1,82.5,0.0
OI00015769,O0009008,P0006,1,126.54,0.0
OI00015770,O0009008,P0029,1,295.04,0.0
OI00015771,O0009008,P0020,1,685.01,0.0
OI00015772,O0009009,P0059,1,62.33,0.0
OI00015773,O0009010,P0017,1,152.01,0.0
OI00015774,O0009010,P0006,1,123.95,0.0
OI00015775,O0009010,P0038,1,260.69,0.0
OI00015776,O0009011,P0027,1,640.7,28.69
OI00015777,O0009012,P0014,1,136.46,0.0
OI00015778,O0009013,P0038,1,262.9,15.67
OI00015779,O0009013,P0014,2,138.17,21.04
OI00015780,O0009013,P0001,1,141.65,8.31
OI00015781,O0009014,P0032,1,420.84,0.0
OI00015782,O0009015,P0042,1,129.11,0.0
OI00015783,O0009015,P0009,2,108.46,0.0
OI00015784,O0009016,P0021,2,83.93,7.37
OI00015785,O0009016,P0052,1,403.83,43.74
OI00015786,O0009017,P0054,1,136.98,0.0
OI00015787,O0009018,P0055,1,146.1,16.78
OI00015788,O0009018,P0001,1,144.55,21.74
OI00015789,O0009019,P0006,1,124.89,0.0
OI00015790,O0009020,P0005,1,65.55,0.0
OI00015791,O0009020,P0040,1,480.15,0.0
OI00015792,O0009021,P0024,1,810.13,74.14
OI00015793,O0009022,P0005,1,65.9,0.0
OI00015794,O0009022,P0048,1,90.57,0.0
OI00015795,O0009023,P0047,1,71.11,0.0
OI00015796,O0009024,P0032,1,420.98,42.01
OI00015797,O0009024,P0060,1,460.69,76.49
OI00015798,O0009024,P0023,1,123.63,16.31
OI00015799,O0009025,P0017,1,158.9,0.0
OI00015800,O0009025,P0016,1,121.34,0.0
OI00015801,O0009025,P0010,1,162.49,0.0
OI00015802,O0009025,P0020,1,676.12,0.0
OI00015803,O0009026,P0003,1,83.09,13.6
OI00015804,O0009027,P0003,2,79.38,0.0
OI00015805,O0009028,P0004,2,76.15,0.0
OI00015806,O0009028,P0025,1,621.94,0.0
OI00015807,O0009028,P0028,1,324.01,0.0
OI00015808,O0009028,P0045,1,145.44,0.0
OI00015809,O0009029,P0041,1,30.84,1.58
OI00015810,O0009030,P0057,2,159.81,53.26
OI00015811,O0009031,P0018,1,372.23,18.95
OI00015812,O0009031,P0017,1,153.6,8.39
OI00015813,O0009031,P0044,1,53.53,4.28
OI00015814,O0009032,P0023,1,120.39,0.0
OI00015815,O0009032,P0039,1,313.88,0.0
OI00015816,O0009033,P0040,1,487.38,0.0
OI00015817,O0009034,P0001,1,143.54,0.0
OI00015818,O0009034,P0006,1,127.1,0.0
OI00015819,O0009035,P0029,2,291.8,0.0
OI00015820,O0009036,P0006,1,127.41,0.0
OI00015821,O0009037,P0053,1,524.59,0.0
OI00015822,O0009038,P0039,1,316.02,0.0
OI00015823,O0009039,P0003,1,80.11,0.0
OI00015824,O0009040,P0025,1,613.49,0.0
OI00015825,O0009040,P0052,1,417.21,0.0
OI00015826,O0009041,P0046,1,19.56,3.14
OI00015827,O0009042,P0032,1,421.28,0.0
OI00015828,O0009043,P0050,1,13.83,1.97
OI00015829,O0009043,P0018,1,371.36,28.42
OI00015830,O0009043,P0006,2,123.3,11.4
OI00015831,O0009044,P0034,1,413.44,58.93
OI00015832,O0009044,P0033,1,420.19,18.62
OI00015833,O0009044,P0026,1,86.12,6.87
OI00015834,O0009044,P0041,1,30.84,3.37
OI00015835,O0009045,P0038,1,271.49,0.0
OI00015836,O0009045,P0059,2,63.57,0.0
OI00015837,O0009045,P0011,1,143.78,0.0
OI00015838,O0009046,P0023,1,120.89,0.0
OI00015839,O0009047,P0054,2,139.02,0.0
OI00015840,O0009047,P0035,2,286.79,0.0
OI00015841,O0009048,P0005,1,67.08,0.0
OI00015842,O0009048,P0020,1,691.54,0.0
OI00015843,O0009049,P0019,1,671.45,0.0
OI00015844,O0009049,P0002,1,81.98,0.0
OI00015845,O0009050,P0039,1,321.92,0.0
OI00015846,O0009050,P0029,1,291.76,0.0
OI00015847,O0009051,P0038,2,267.55,0.0
OI00015848,O0009052,P0002,1,80.18,11.06
OI00015849,O0009052,P0003,1,83.47,4.82
OI00015850,O0009053,P0003,1,80.91,6.66
OI00015851,O0009053,P0013,1,99.4,10.36
OI00015852,O0009054,P0021,2,84.89,0.0
OI00015853,O0009054,P0011,1,141.03,0.0
OI00015854,O0009054,P0057,1,162.61,0.0
OI00015855,O0009055,P0047,2,70.86,0.0
OI00015856,O0009055,P0023,1,124.05,0.0
OI00015857,O0009056,P0036,1,192.76,25.29
OI00015858,O0009057,P0013,1,103.75,12.67
OI00015859,O0009058,P0033,1,435.48,0.0
OI00015860,O0009058,P0019,1,675.61,0.0
OI00015861,O0009059,P0059,1,62.86,3.19
OI00015862,O0009059,P0057,1,161.58,7.36
OI00015863,O0009059,P0033,1,439.64,29.73
OI00015864,O0009060,P0049,1,145.22,12.73
OI00015865,O0009060,P0052,1,401.52,19.98
OI00015866,O0009060,P0009,1,111.81,10.25
OI00015867,O0009061,P0040,1,467.95,0.0
OI00015868,O0009061,P0052,1,403.2,0.0
OI00015869,O0009062,P0039,1,318.53,0.0
OI00015870,O0009062,P0003,1,81.91,0.0
OI00015871,O0009062,P0045,1,147.56,0.0
OI00015872,O0009063,P0043,1,44.96,7.39
OI00015873,O0009063,P0029,2,286.69,99.96
OI00015874,O0009063,P0003,1,81.82,4.22
OI00015875,O0009063,P0008,1,89.94,5.72
OI00015876,O0009064,P0034,1,418.03,0.0
OI00015877,O0009065,P0056,1,381.81,21.13
OI00015878,O0009065,P0057,1,159.48,27.68
OI00015879,O0009066,P0031,1,27.95,0.0
OI00015880,O0009067,P0058,1,52.07,0.0
OI00015881,O0009068,P0029,1,292.78,40.05
OI00015882,O0009068,P0017,1,154.8,13.03
OI00015883,O0009069,P0049,1,139.04,0.0
OI00015884,O0009069,P0055,1,145.51,0.0
OI00015885,O0009070,P0019,1,665.46,0.0
OI00015886,O0009071,P0056,1,366.82,42.32
OI00015887,O0009072,P0032,1,409.39,0.0
OI00015888,O0009072,P0020,1,682.19,0.0
OI00015889,O0009073,P0047,1,67.9,0.0
OI00015890,O0009074,P0019,1,675.17,105.9
OI00015891,O0009074,P0045,1,146.87,6.19
OI00015892,O0009075,P0038,1,266.16,0.0
OI00015893,O0009075,P0033,1,421.92,0.0
OI00015894,O0009075,P0054,1,137.36,0.0
OI00015895,O0009076,P0043,1,44.31,4.82
OI00015896,O0009076,P0003,1,81.68,7.59
OI00015897,O0009077,P0001,2,147.4,0.0
OI00015898,O0009078,P0036,1,191.09,0.0
OI00015899,O0009079,P0046,1,19.6,0.0
OI00015900,O0009079,P0040,1,493.04,0.0
OI00015901,O0009080,P0023,1,121.05,0.0
OI00015902,O0009080,P0039,1,330.77,0.0
OI00015903,O0009080,P0046,1,19.21,0.0
OI00015904,O0009081,P0058,1,52.25,0.0
OI00015905,O0009082,P0013,1,102.19,0.0
OI00015906,O0009083,P0056,2,365.79,122.43
OI00015907,O0009083,P0003,1,81.72,4.42
OI00015908,O0009084,P0025,1,602.14,0.0
OI00015909,O0009085,P0012,1,29.74,0.0
OI00015910,O0009085,P0011,1,137.57,0.0
OI00015911,O0009086,P0036,2,194.12,32.93
OI00015912,O0009086,P0024,1,780.27,45.26
OI00015913,O0009087,P0060,1,447.71,0.0
OI00015914,O0009088,P0001,1,147.72,16.68
OI00015915,O0009089,P0048,1,92.86,0.0
OI00015916,O0009090,P0041,2,30.38,0.0
OI00015917,O0009091,P0043,1,45.15,0.0
OI00015918,O0009091,P0007,1,110.13,0.0
OI00015919,O0009092,P0003,1,81.79,0.0
OI00015920,O0009092,P0033,1,434.82,0.0
OI00015921,O0009092,P0042,1,130.31,0.0
OI00015922,O0009093,P0011,1,136.28,0.0
OI00015923,O0009093,P0049,1,146.12,0.0
OI00015924,O0009094,P0029,1,285.74,0.0
OI00015925,O0009095,P0001,1,141.58,0.0
OI00015926,O0009095,P0007,1,113.39,0.0
OI00015927,O0009096,P0002,1,83.58,0.0
OI00015928,O0009097,P0020,1,670.08,0.0
OI00015929,O0009097,P0038,1,267.33,0.0
OI00015930,O0009098,P0031,1,27.59,0.0
OI00015931,O0009099,P0009,2,108.93,0.0
OI00015932,O0009100,P0006,1,127.28,0.0
OI00015933,O0009101,P0023,1,119.33,16.61
OI00015934,O0009102,P0001,1,148.44,25.55
OI00015935,O0009103,P0030,1,253.73,36.54
OI00015936,O0009103,P0015,1,62.8,6.33
OI00015937,O0009104,P0031,1,27.67,0.0
OI00015938,O0009105,P0057,1,159.69,0.0
OI00015939,O0009105,P0036,1,191.87,0.0
OI00015940,O0009106,P0026,1,86.02,9.97
OI00015941,O0009106,P0019,1,664.0,103.1
OI00015942,O0009106,P0045,1,151.86,26.96
OI00015943,O0009107,P0059,1,60.8,10.87
OI00015944,O0009107,P0016,1,126.54,9.48
OI00015945,O0009108,P0023,1,124.28,0.0
OI00015946,O0009109,P0039,2,321.3,0.0
OI00015947,O0009109,P0017,1,158.89,0.0
OI00015948,O0009109,P0003,1,82.21,0.0
OI00015949,O0009110,P0038,1,269.09,0.0
OI00015950,O0009110,P0053,1,536.0,0.0
OI00015951,O0009111,P0003,1,83.36,0.0
OI00015952,O0009111,P0057,1,159.63,0.0
OI00015953,O0009111,P0056,1,366.2,0.0
OI00015954,O0009112,P0036,1,195.29,0.0
OI00015955,O0009113,P0038,1,262.52,0.0
OI00015956,O0009114,P0038,1,261.88,0.0
OI00015957,O0009115,P0058,1,51.41,0.0
OI00015958,O0009115,P0023,1,121.51,0.0
OI00015959,O0009116,P0052,1,418.39,35.13
OI00015960,O0009116,P0019,1,688.49,90.35
OI00015961,O0009116,P0045,1,146.21,13.07
OI00015962,O0009116,P0003,1,79.56,5.81
OI00015963,O0009116,P0021,1,83.94,9.43
OI00015964,O0009117,P0036,1,190.07,0.0
OI00015965,O0009118,P0054,1,139.9,0.0
OI00015966,O0009119,P0032,1,412.99,0.0
OI00015967,O0009120,P0036,1,193.15,0.0
OI00015968,O0009120,P0003,1,80.89,0.0
OI00015969,O0009121,P0060,1,436.2,0.0
OI00015970,O0009121,P0011,1,140.82,0.0
OI00015971,O0009122,P0034,1,417.44,0.0
OI00015972,O0009123,P0002,1,82.0,0.0
OI00015973,O0009123,P0038,1,266.74,0.0
OI00015974,O0009123,P0056,1,378.01,0.0
OI00015975,O0009124,P0003,1,81.48,10.34
OI00015976,O0009125,P0032,1,412.52,0.0
OI00015977,O0009125,P0044,1,54.23,0.0
OI00015978,O0009126,P0020,2,677.61,0.0
OI00015979,O0009126,P0006,1,128.36,0.0
OI00015980,O0009127,P0058,1,51.04,7.41
OI00015981,O0009127,P0030,1,252.41,35.45
OI00015982,O0009127,P0017,2,158.5,44.43
OI00015983,O0009128,P0026,1,85.81,0.0
OI00015984,O0009129,P0054,1,134.32,13.74
OI00015985,O0009129,P0019,1,656.11,54.17
OI00015986,O0009129,P0001,1,149.21,19.3
OI00015987,O0009129,P0029,1,287.46,50.94
OI00015988,O0009129,P0050,2,13.88,3.88
OI00015989,O0009130,P0048,1,95.28,10.8
OI00015990,O0009130,P0006,2,121.29,10.9
OI00015991,O0009131,P0029,1,297.5,0.0
OI00015992,O0009131,P0004,1,77.16,0.0
OI00015993,O0009132,P0043,1,46.41,0.0
OI00015994,O0009133,P0025,2,605.27,144.16
OI00015995,O0009134,P0026,1,83.57,0.0
OI00015996,O0009134,P0045,1,149.75,0.0
OI00015997,O0009135,P0003,1,80.68,0.0
OI00015998,O0009135,P0032,1,412.73,0.0
OI00015999,O0009136,P0029,1,284.72,0.0
OI00016000,O0009136,P0011,1,142.71,0.0
OI00016001,O0009137,P0038,1,275.52,0.0
OI00016002,O0009138,P0027,1,655.15,0.0
OI00016003,O0009138,P0024,1,807.92,0.0
OI00016004,O0009139,P0015,1,62.72,0.0
OI00016005,O0009139,P0029,1,284.27,0.0
OI00016006,O0009139,P0059,1,61.71,0.0
OI00016007,O0009140,P0014,1,131.46,0.0
OI00016008,O0009140,P0038,2,274.79,0.0
OI00016009,O0009140,P0005,1,64.97,0.0
OI00016010,O0009141,P0043,1,45.75,6.97
OI00016011,O0009142,P0013,1,102.37,0.0
OI00016012,O0009143,P0059,1,62.11,0.0
OI00016013,O0009143,P0003,1,81.59,0.0
OI00016014,O0009144,P0020,1,666.79,92.89
OI00016015,O0009144,P0036,1,190.31,33.49
OI00016016,O0009145,P0056,1,364.71,0.0
OI00016017,O0009146,P0029,1,289.8,51.81
OI00016018,O0009146,P0040,1,491.31,24.4
OI00016019,O0009147,P0034,1,427.94,0.0
OI00016020,O0009148,P0016,1,125.82,0.0
OI00016021,O0009149,P0032,1,419.42,0.0
OI00016022,O0009149,P0021,1,82.82,0.0
OI00016023,O0009150,P0042,1,132.13,0.0
OI00016024,O0009150,P0040,1,478.53,0.0
OI00016025,O0009150,P0044,1,54.41,0.0
OI00016026,O0009151,P0005,1,66.53,10.86
OI00016027,O0009151,P0003,1,82.69,8.45
OI00016028,O0009152,P0018,2,365.8,93.87
OI00016029,O0009153,P0044,1,55.03,0.0
OI00016030,O0009154,P0003,1,80.69,0.0
OI00016031,O0009154,P0006,1,126.93,0.0
OI00016032,O0009155,P0038,1,263.94,0.0
OI00016033,O0009155,P0052,1,421.3,0.0
OI00016034,O0009156,P0052,1,417.26,0.0
OI00016035,O0009157,P0019,2,656.49,0.0
OI00016036,O0009158,P0036,1,195.33,0.0
OI00016037,O0009159,P0049,1,141.91,0.0
OI00016038,O0009159,P0007,1,113.33,0.0
OI00016039,O0009159,P0040,1,493.3,0.0
OI00016040,O0009160,P0019,1,681.81,112.46
OI00016041,O0009161,P0055,1,150.63,0.0
OI00016042,O0009161,P0003,1,81.5,0.0
OI00016043,O0009162,P0003,1,81.3,5.73
OI00016044,O0009162,P0051,1,75.33,12.11
OI00016045,O0009163,P0001,1,146.49,0.0
OI00016046,O0009164,P0056,1,372.06,65.83
OI00016047,O0009164,P0002,2,81.2,15.7
OI00016048,O0009165,P0045,1,145.48,11.29
OI00016049,O0009166,P0008,1,85.22,4.55
OI00016050,O0009166,P0015,1,61.29,10.92
OI00016051,O0009167,P0055,1,150.71,0.0
OI00016052,O0009168,P0001,1,145.35,0.0
OI00016053,O0009168,P0038,1,264.11,0.0
OI00016054,O0009168,P0022,2,344.16,0.0
OI00016055,O0009169,P0042,2,128.39,0.0
OI00016056,O0009169,P0046,2,19.16,0.0
OI00016057,O0009170,P0030,2,257.35,67.79
OI00016058,O0009171,P0019,1,669.43,0.0
OI00016059,O0009171,P0057,1,163.06,0.0
OI00016060,O0009172,P0002,1,83.74,0.0
OI00016061,O0009172,P0017,1,154.8,0.0
OI00016062,O0009173,P0038,1,262.39,0.0
OI00016063,O0009174,P0047,1,70.64,0.0
OI00016064,O0009175,P0019,1,679.82,0.0
OI00016065,O0009175,P0057,1,163.85,0.0
OI00016066,O0009175,P0016,1,126.8,0.0
OI00016067,O0009176,P0026,1,84.52,0.0
OI00016068,O0009177,P0007,1,113.11,0.0
OI00016069,O0009178,P0002,1,81.53,0.0
OI00016070,O0009178,P0038,1,260.4,0.0
OI00016071,O0009179,P0037,1,65.41,7.45
OI00016072,O0009179,P0013,1,100.85,9.54
OI00016073,O0009180,P0036,1,194.9,0.0
OI00016074,O0009181,P0018,1,368.7,0.0
OI00016075,O0009181,P0002,2,81.79,0.0
OI00016076,O0009181,P0036,1,192.43,0.0
OI00016077,O0009182,P0021,1,83.26,0.0
OI00016078,O0009183,P0045,1,148.47,0.0
OI00016079,O0009183,P0020,1,685.31,0.0
OI00016080,O0009183,P0003,1,82.01,0.0
OI00016081,O0009184,P0033,2,437.48,0.0
OI00016082,O0009184,P0025,1,609.8,0.0
OI00016083,O0009185,P0028,1,310.04,0.0
OI00016084,O0009185,P0006,1,124.99,0.0
OI00016085,O0009185,P0023,1,125.17,0.0
OI00016086,O0009186,P0013,1,101.88,0.0
OI00016087,O0009187,P0026,1,83.83,0.0
OI00016088,O0009188,P0052,1,414.54,0.0
OI00016089,O0009189,P0058,2,51.85,0.0
OI00016090,O0009190,P0029,2,296.43,0.0
OI00016091,O0009190,P0038,1,262.89,0.0
OI00016092,O0009191,P0057,1,164.23,26.38
OI00016093,O0009192,P0026,2,82.05,27.72
OI00016094,O0009192,P0023,1,119.58,17.95
OI00016095,O0009193,P0051,1,74.38,0.0
OI00016096,O0009193,P0046,1,19.19,0.0
OI00016097,O0009193,P0020,1,693.13,0.0
OI00016098,O0009194,P0009,1,112.69,18.21
OI00016099,O0009194,P0010,1,156.16,7.52
OI00016100,O0009195,P0039,1,325.78,0.0
OI00016101,O0009196,P0019,1,682.01,61.99
OI00016102,O0009197,P0042,1,132.67,18.54
OI00016103,O0009198,P0018,1,372.32,0.0
OI00016104,O0009199,P0058,1,52.43,0.0
OI00016105,O0009200,P0045,1,146.95,0.0
OI00016106,O0009200,P0003,1,81.02,0.0
OI00016107,O0009201,P0043,1,46.51,2.98
OI00016108,O0009202,P0038,1,261.95,40.2
OI00016109,O0009202,P0033,1,436.73,48.64
OI00016110,O0009202,P0001,1,147.64,19.68
OI00016111,O0009203,P0042,2,129.83,0.0
OI00016112,O0009204,P0003,2,80.12,0.0
OI00016113,O0009205,P0003,1,83.32,8.67
OI00016114,O0009206,P0038,1,271.36,35.82
OI00016115,O0009207,P0038,1,270.0,0.0
OI00016116,O0009207,P0040,1,491.58,0.0
OI00016117,O0009208,P0058,1,51.31,0.0
OI00016118,O0009209,P0028,1,324.71,0.0
OI00016119,O0009209,P0053,1,541.18,0.0
OI00016120,O0009210,P0019,1,653.32,0.0
OI00016121,O0009210,P0007,1,112.99,0.0
OI00016122,O0009210,P0055,1,148.52,0.0
OI00016123,O0009211,P0016,1,120.82,0.0
OI00016124,O0009212,P0010,1,162.47,0.0
OI00016125,O0009212,P0006,2,123.48,0.0
OI00016126,O0009213,P0001,1,146.04,0.0
OI00016127,O0009214,P0020,1,662.51,51.0
OI00016128,O0009215,P0029,1,296.73,12.86
OI00016129,O0009216,P0055,1,143.11,0.0
OI00016130,O0009216,P0003,1,81.97,0.0
OI00016131,O0009216,P0011,2,139.19,0.0
OI00016132,O0009217,P0016,1,121.49,20.24
OI00016133,O0009218,P0054,1,133.55,15.58
OI00016134,O0009218,P0029,1,288.84,13.76
OI00016135,O0009219,P0020,2,684.16,0.0
OI00016136,O0009219,P0022,2,343.71,0.0
OI00016137,O0009219,P0049,1,139.2,0.0
OI00016138,O0009220,P0010,1,162.66,0.0
OI00016139,O0009220,P0031,1,28.57,0.0
OI00016140,O0009221,P0058,1,50.68,5.4
OI00016141,O0009221,P0028,1,323.13,45.95
OI00016142,O0009222,P0037,1,64.19,6.0
OI00016143,O0009222,P0024,1,791.42,49.83
OI00016144,O0009223,P0051,1,76.46,5.85
OI00016145,O0009223,P0038,1,265.79,13.1
OI00016146,O0009224,P0038,2,274.02,0.0
OI00016147,O0009225,P0007,1,110.04,0.0
OI00016148,O0009226,P0059,1,61.39,0.0
OI00016149,O0009227,P0038,1,274.78,17.25
OI00016150,O0009227,P0033,2,420.69,64.58
OI00016151,O0009228,P0033,1,436.85,74.33
OI00016152,O0009229,P0038,1,260.96,35.54
OI00016153,O0009230,P0045,1,146.56,0.0
OI00016154,O0009231,P0001,1,148.83,18.31
OI00016155,O0009231,P0034,1,420.28,67.61
OI00016156,O0009232,P0030,1,253.52,0.0
OI00016157,O0009232,P0011,1,144.34,0.0
OI00016158,O0009233,P0006,1,126.48,0.0
OI00016159,O0009234,P0016,1,122.94,7.39
OI00016160,O0009235,P0058,1,51.64,8.57
OI00016161,O0009236,P0003,2,81.88,12.38
OI00016162,O0009237,P0006,1,123.65,0.0
OI00016163,O0009237,P0026,1,84.97,0.0
OI00016164,O0009238,P0030,1,250.86,0.0
OI00016165,O0009239,P0041,2,31.29,0.0
OI00016166,O0009239,P0058,1,51.82,0.0
OI00016167,O0009240,P0052,1,408.95,69.89
OI00016168,O0009241,P0056,1,370.43,53.13
OI00016169,O0009242,P0036,1,196.7,0.0
OI00016170,O0009242,P0024,1,770.43,0.0
OI00016171,O0009243,P0032,1,421.97,0.0
OI00016172,O0009243,P0024,1,807.32,0.0
OI00016173,O0009243,P0013,2,99.71,0.0
OI00016174,O0009244,P0020,1,698.99,0.0
OI00016175,O0009244,P0010,1,163.05,0.0
OI00016176,O0009245,P0052,1,414.36,59.22
OI00016177,O0009246,P0014,2,132.94,0.0
OI00016178,O0009246,P0038,1,275.19,0.0
OI00016179,O0009247,P0027,1,650.67,0.0
OI00016180,O0009247,P0001,2,141.84,0.0
OI00016181,O0009248,P0049,1,146.52,6.64
OI00016182,O0009249,P0040,1,487.42,0.0
OI00016183,O0009250,P0041,1,30.07,0.0
OI00016184,O0009251,P0045,1,147.98,0.0
OI00016185,O0009252,P0042,1,127.89,0.0
OI00016186,O0009252,P0022,1,344.52,0.0
OI00016187,O0009253,P0038,1,266.71,17.2
OI00016188,O0009253,P0006,1,126.2,9.97
OI00016189,O0009254,P0048,2,91.8,0.0
OI00016190,O0009254,P0030,1,254.24,0.0
OI00016191,O0009255,P0046,1,18.84,2.85
OI00016192,O0009255,P0021,1,85.38,8.93
OI00016193,O0009256,P0018,1,369.37,0.0
OI00016194,O0009256,P0038,1,267.06,0.0
OI00016195,O0009257,P0007,2,108.45,10.69
OI00016196,O0009258,P0028,2,312.07,0.0
OI00016197,O0009258,P0015,1,61.28,0.0
OI00016198,O0009259,P0011,1,138.46,0.0
OI00016199,O0009260,P0057,1,161.52,0.0
OI00016200,O0009261,P0046,1,19.06,2.57
OI00016201,O0009262,P0004,1,76.72,0.0
OI00016202,O0009262,P0016,1,127.35,0.0
OI00016203,O0009263,P0056,1,381.41,0.0
OI00016204,O0009263,P0013,1,102.68,0.0
OI00016205,O0009264,P0024,1,792.81,0.0
OI00016206,O0009264,P0020,1,689.09,0.0
OI00016207,O0009265,P0043,2,45.27,0.0
OI00016208,O0009266,P0041,1,30.48,3.92
OI00016209,O0009266,P0058,1,50.16,4.42
OI00016210,O0009267,P0023,1,119.03,0.0
OI00016211,O0009268,P0007,2,109.9,20.52
OI00016212,O0009268,P0006,1,127.1,15.99
OI00016213,O0009269,P0038,1,261.32,0.0
OI00016214,O0009269,P0002,1,79.92,0.0
OI00016215,O0009270,P0019,1,686.62,115.05
OI00016216,O0009271,P0030,1,260.85,0.0
OI00016217,O0009271,P0038,1,263.93,0.0
OI00016218,O0009272,P0015,1,61.51,0.0
OI00016219,O0009272,P0046,1,19.75,0.0
OI00016220,O0009273,P0019,1,686.44,122.43
OI00016221,O0009274,P0019,1,657.32,111.42
OI00016222,O0009274,P0040,1,466.68,67.88
OI00016223,O0009274,P0023,1,119.21,18.48
OI00016224,O0009275,P0036,1,192.76,0.0
OI00016225,O0009275,P0032,1,411.11,0.0
OI00016226,O0009276,P0004,2,78.39,0.0
OI00016227,O0009276,P0010,1,157.99,0.0
OI00016228,O0009277,P0004,1,76.39,3.99
OI00016229,O0009278,P0058,1,50.77,0.0
OI00016230,O0009278,P0051,1,76.48,0.0
OI00016231,O0009279,P0046,1,19.23,2.9
OI00016232,O0009279,P0052,1,400.97,43.87
OI00016233,O0009279,P0006,1,121.56,6.46
OI00016234,O0009280,P0056,1,371.45,53.76
OI00016235,O0009281,P0004,1,74.68,0.0
OI00016236,O0009281,P0058,2,50.3,0.0
OI00016237,O0009282,P0005,1,68.27,7.43
OI00016238,O0009282,P0023,1,118.03,14.38
OI00016239,O0009283,P0012,1,28.68,0.0
OI00016240,O0009284,P0009,1,109.0,5.69
OI00016241,O0009285,P0021,1,81.29,11.34
OI00016242,O0009286,P0019,1,690.08,0.0
OI00016243,O0009286,P0033,1,442.1,0.0
OI00016244,O0009286,P0002,1,81.48,0.0
OI00016245,O0009287,P0013,1,103.48,0.0
OI00016246,O0009288,P0054,1,135.16,0.0
OI00016247,O0009288,P0040,1,480.9,0.0
OI00016248,O0009289,P0054,1,138.65,0.0
OI00016249,O0009290,P0038,1,269.61,24.06
OI00016250,O0009290,P0035,1,294.19,28.03
OI00016251,O0009290,P0010,2,162.14,58.04
OI00016252,O0009291,P0041,1,30.27,1.45
OI00016253,O0009291,P0012,1,29.07,3.99
OI00016254,O0009291,P0003,1,81.32,8.25
OI00016255,O0009291,P0051,1,76.55,8.79
OI00016256,O0009292,P0001,1,144.28,0.0
OI00016257,O0009293,P0027,1,631.46,0.0
OI00016258,O0009293,P0023,1,118.41,0.0
OI00016259,O0009294,P0056,1,371.51,0.0
OI00016260,O0009294,P0015,1,63.56,0.0
OI00016261,O0009295,P0001,1,144.34,17.68
OI00016262,O0009295,P0058,1,50.08,3.57
OI00016263,O0009295,P0005,1,66.25,6.29
OI00016264,O0009295,P0003,1,81.74,7.06
OI00016265,O0009296,P0021,2,84.98,24.18
OI00016266,O0009297,P0003,2,79.45,0.0
OI00016267,O0009297,P0040,2,487.95,0.0
OI00016268,O0009297,P0011,1,143.45,0.0
OI00016269,O0009298,P0046,1,18.91,0.0
OI00016270,O0009299,P0049,1,139.83,20.46
OI00016271,O0009300,P0041,1,30.39,2.14
OI00016272,O0009300,P0026,1,81.86,9.88
OI00016273,O0009300,P0058,1,51.33,4.47
OI00016274,O0009300,P0035,1,278.58,20.51
OI00016275,O0009301,P0048,1,92.23,16.39
OI00016276,O0009301,P0008,1,89.49,13.13
OI00016277,O0009302,P0024,1,774.56,0.0
OI00016278,O0009302,P0004,2,75.24,0.0
OI00016279,O0009303,P0029,2,288.42,83.83
OI00016280,O0009303,P0060,1,440.62,45.71
OI00016281,O0009304,P0043,1,46.55,0.0
OI00016282,O0009305,P0015,1,61.9,4.42
OI00016283,O0009305,P0002,1,81.15,10.02
OI00016284,O0009306,P0018,1,365.25,0.0
OI00016285,O0009307,P0019,2,672.21,0.0
OI00016286,O0009307,P0001,1,146.86,0.0
OI00016287,O0009307,P0058,1,51.31,0.0
OI00016288,O0009308,P0057,2,158.41,0.0
OI00016289,O0009308,P0040,1,484.8,0.0
OI00016290,O0009308,P0033,1,431.84,0.0
OI00016291,O0009308,P0016,1,123.03,0.0
OI00016292,O0009309,P0001,2,143.32,26.11
OI00016293,O0009310,P0006,1,126.93,0.0
OI00016294,O0009310,P0018,1,357.57,0.0
OI00016295,O0009311,P0001,1,141.1,0.0
OI00016296,O0009311,P0059,1,61.23,0.0
OI00016297,O0009311,P0002,1,82.01,0.0
OI00016298,O0009312,P0048,1,90.19,11.39
OI00016299,O0009312,P0032,1,413.91,36.82
OI00016300,O0009313,P0021,1,85.41,0.0
OI00016301,O0009313,P0041,1,31.56,0.0
OI00016302,O0009314,P0033,1,435.76,0.0
OI00016303,O0009314,P0035,1,278.79,0.0
OI00016304,O0009315,P0059,2,62.23,0.0
OI00016305,O0009315,P0003,1,81.0,0.0
OI00016306,O0009316,P0025,1,612.94,0.0
OI00016307,O0009317,P0057,1,161.46,19.97
OI00016308,O0009318,P0042,2,129.84,0.0
OI00016309,O0009319,P0046,1,18.98,1.61
OI00016310,O0009319,P0013,1,101.34,10.02
OI00016311,O0009319,P0029,1,288.06,18.68
OI00016312,O0009320,P0028,1,317.17,33.0
OI00016313,O0009320,P0059,1,63.52,3.89
OI00016314,O0009320,P0002,1,79.16,6.44
OI00016315,O0009321,P0001,1,141.18,7.18
OI00016316,O0009322,P0045,1,152.51,11.21
OI00016317,O0009323,P0059,1,62.67,0.0
OI00016318,O0009323,P0002,2,80.27,0.0
OI00016319,O0009324,P0022,1,333.17,0.0
OI00016320,O0009325,P0011,1,139.59,17.36
OI00016321,O0009325,P0004,1,77.69,5.26
OI00016322,O0009326,P0034,1,419.6,30.71
OI00016323,O0009327,P0038,1,273.78,34.71
OI00016324,O0009328,P0024,1,808.73,0.0
OI00016325,O0009328,P0060,1,453.25,0.0
OI00016326,O0009328,P0031,1,28.32,0.0
OI00016327,O0009328,P0045,1,145.99,0.0
OI00016328,O0009329,P0050,1,14.61,0.0
OI00016329,O0009330,P0019,2,683.72,0.0
OI00016330,O0009330,P0007,1,111.97,0.0
OI00016331,O0009331,P0054,1,134.92,0.0
OI00016332,O0009332,P0019,1,656.66,62.35
OI00016333,O0009333,P0007,1,109.22,7.29
OI00016334,O0009334,P0002,1,79.99,0.0
OI00016335,O0009335,P0041,1,31.46,0.0
OI00016336,O0009335,P0030,1,256.86,0.0
OI00016337,O0009336,P0004,1,75.76,0.0
OI00016338,O0009336,P0027,2,636.31,0.0
OI00016339,O0009336,P0049,1,144.1,0.0
OI00016340,O0009337,P0057,1,164.6,7.32
OI00016341,O0009338,P0059,2,62.92,9.84
OI00016342,O0009338,P0035,1,287.19,47.06
OI00016343,O0009339,P0018,1,371.47,0.0
OI00016344,O0009339,P0047,1,70.26,0.0
OI00016345,O0009339,P0001,2,142.67,0.0
OI00016346,O0009340,P0056,1,382.03,0.0
OI00016347,O0009341,P0035,1,278.41,47.19
OI00016348,O0009342,P0051,1,75.17,0.0
OI00016349,O0009342,P0001,1,141.51,0.0
OI00016350,O0009342,P0012,1,29.43,0.0
OI00016351,O0009343,P0019,1,660.14,40.57
OI00016352,O0009343,P0045,2,148.64,43.24
OI00016353,O0009344,P0045,2,148.86,0.0
OI00016354,O0009345,P0050,1,14.41,0.0
OI00016355,O0009345,P0043,1,45.24,0.0
OI00016356,O0009345,P0047,1,70.99,0.0
OI00016357,O0009346,P0043,2,44.92,9.36
OI00016358,O0009347,P0006,1,121.89,0.0
OI00016359,O0009347,P0029,2,285.2,0.0
OI00016360,O0009348,P0023,1,118.17,0.0
OI00016361,O0009348,P0002,1,81.25,0.0
OI00016362,O0009349,P0046,1,19.23,0.0
OI00016363,O0009350,P0039,1,329.32,0.0
OI00016364,O0009351,P0002,1,80.91,0.0
OI00016365,O0009352,P0045,2,150.54,0.0
OI00016366,O0009352,P0038,1,272.47,0.0
OI00016367,O0009353,P0045,1,148.03,15.3
OI00016368,O0009354,P0005,1,68.65,0.0
OI00016369,O0009354,P0029,1,289.32,0.0
OI00016370,O0009354,P0032,2,419.18,0.0
OI00016371,O0009354,P0045,1,146.32,0.0
OI00016372,O0009354,P0009,1,114.3,0.0
OI00016373,O0009355,P0007,1,110.62,0.0
OI00016374,O0009355,P0038,2,272.34,0.0
OI00016375,O0009355,P0056,2,377.59,0.0
OI00016376,O0009356,P0006,1,122.59,0.0
OI00016377,O0009357,P0041,1,31.29,0.0
OI00016378,O0009357,P0028,1,314.25,0.0
OI00016379,O0009358,P0057,1,157.14,0.0
OI00016380,O0009358,P0038,1,260.71,0.0
OI00016381,O0009359,P0046,1,19.73,3.11
OI00016382,O0009360,P0049,1,146.55,0.0
OI00016383,O0009361,P0016,1,121.39,0.0
OI00016384,O0009361,P0056,1,384.3,0.0
OI00016385,O0009361,P0038,1,269.42,0.0
OI00016386,O0009362,P0040,1,480.79,0.0
OI00016387,O0009362,P0010,1,157.75,0.0
OI00016388,O0009362,P0014,1,132.06,0.0
OI00016389,O0009363,P0059,1,61.86,0.0
OI00016390,O0009364,P0001,1,143.44,0.0
OI00016391,O0009365,P0043,1,46.34,0.0
OI00016392,O0009366,P0042,1,127.51,0.0
OI00016393,O0009366,P0003,1,81.56,0.0
OI00016394,O0009367,P0004,1,75.83,0.0
OI00016395,O0009368,P0002,1,80.55,0.0
OI00016396,O0009368,P0047,1,69.27,0.0
OI00016397,O0009369,P0002,1,80.53,5.11
OI00016398,O0009369,P0014,1,130.91,15.18
OI00016399,O0009369,P0057,1,157.46,10.43
OI00016400,O0009370,P0040,1,492.74,66.0
OI00016401,O0009370,P0041,1,31.71,2.76
OI00016402,O0009371,P0016,1,123.67,0.0
OI00016403,O0009372,P0018,1,376.43,0.0
OI00016404,O0009373,P0013,1,101.34,0.0
OI00016405,O0009374,P0006,1,126.41,0.0
OI00016406,O0009375,P0021,1,85.21,0.0
OI00016407,O0009375,P0028,2,310.4,0.0
OI00016408,O0009375,P0042,2,131.98,0.0
OI00016409,O0009376,P0043,1,45.72,4.05
OI00016410,O0009377,P0026,2,85.44,0.0
OI00016411,O0009378,P0040,2,484.68,46.26
OI00016412,O0009378,P0042,1,133.37,14.78
OI00016413,O0009379,P0038,1,273.81,0.0
OI00016414,O0009379,P0014,1,132.26,0.0
OI00016415,O0009379,P0003,1,80.91,0.0
OI00016416,O0009380,P0057,1,160.64,0.0
OI00016417,O0009380,P0038,1,268.94,0.0
OI00016418,O0009380,P0024,1,789.31,0.0
OI00016419,O0009381,P0010,1,159.55,0.0
OI00016420,O0009382,P0016,1,125.14,0.0
OI00016421,O0009383,P0049,1,142.06,6.14
OI00016422,O0009384,P0057,1,159.7,0.0
OI00016423,O0009384,P0016,1,120.98,0.0
OI00016424,O0009384,P0032,1,397.66,0.0
OI00016425,O0009385,P0032,1,404.67,35.1
OI00016426,O0009385,P0016,1,121.56,15.18
OI00016427,O0009386,P0033,1,427.39,26.96
OI00016428,O0009387,P0059,1,63.61,10.63
OI00016429,O0009388,P0029,2,297.37,0.0
OI00016430,O0009388,P0033,1,442.91,0.0
OI00016431,O0009388,P0013,1,102.61,0.0
OI00016432,O0009389,P0032,1,403.38,0.0
OI00016433,O0009389,P0024,1,790.83,0.0
OI00016434,O0009389,P0023,2,121.58,0.0
OI00016435,O0009389,P0015,1,61.34,0.0
OI00016436,O0009390,P0006,1,126.52,21.83
OI00016437,O0009391,P0038,1,274.44,12.53
OI00016438,O0009391,P0039,1,326.68,31.0
OI00016439,O0009391,P0048,1,92.36,13.99
OI00016440,O0009392,P0050,1,13.89,1.87
OI00016441,O0009393,P0006,1,125.59,0.0
OI00016442,O0009393,P0003,1,79.99,0.0
OI00016443,O0009394,P0027,1,651.29,72.77
OI00016444,O0009395,P0049,1,142.88,0.0
OI00016445,O0009395,P0054,1,137.29,0.0
OI00016446,O0009395,P0033,1,440.68,0.0
OI00016447,O0009396,P0038,2,266.76,0.0
OI00016448,O0009396,P0018,1,360.34,0.0
OI00016449,O0009396,P0057,1,164.53,0.0
OI00016450,O0009396,P0016,1,121.29,0.0
OI00016451,O0009396,P0027,2,645.37,0.0
OI00016452,O0009397,P0051,1,74.8,9.59
OI00016453,O0009398,P0018,1,360.43,0.0
OI00016454,O0009398,P0038,1,268.69,0.0
OI00016455,O0009399,P0003,1,82.59,8.76
OI00016456,O0009399,P0057,1,165.48,8.38
OI00016457,O0009400,P0040,1,477.2,0.0
OI00016458,O0009401,P0036,1,196.87,13.21
OI00016459,O0009401,P0027,1,644.11,66.47
OI00016460,O0009402,P0058,1,52.39,0.0
OI00016461,O0009402,P0003,1,80.55,0.0
OI00016462,O0009403,P0029,1,294.53,0.0
OI00016463,O0009403,P0040,1,477.75,0.0
OI00016464,O0009403,P0016,1,124.72,0.0
OI00016465,O0009404,P0010,1,163.84,0.0
OI00016466,O0009404,P0013,1,99.8,0.0
OI00016467,O0009405,P0057,1,161.53,0.0
OI00016468,O0009405,P0023,1,123.1,0.0
OI00016469,O0009406,P0023,1,118.6,0.0
OI00016470,O0009406,P0015,1,60.89,0.0
OI00016471,O0009407,P0038,1,262.63,0.0
OI00016472,O0009408,P0038,1,263.97,41.99
OI00016473,O0009409,P0013,1,103.9,0.0
OI00016474,O0009409,P0044,1,54.67,0.0
OI00016475,O0009410,P0034,1,430.14,0.0
OI00016476,O0009410,P0040,1,472.06,0.0
OI00016477,O0009411,P0045,1,147.39,12.17
OI00016478,O0009412,P0039,2,322.27,65.38
OI00016479,O0009413,P0009,1,112.33,0.0
OI00016480,O0009414,P0009,1,109.1,0.0
OI00016481,O0009414,P0045,1,148.65,0.0
OI00016482,O0009415,P0037,1,65.12,0.0
OI00016483,O0009416,P0055,1,146.47,16.83
OI00016484,O0009417,P0001,1,141.14,0.0
OI00016485,O0009417,P0038,1,261.11,0.0
OI00016486,O0009418,P0051,1,76.14,6.25
OI00016487,O0009419,P0013,1,100.22,0.0
OI00016488,O0009419,P0050,1,14.39,0.0
OI00016489,O0009420,P0046,1,18.93,0.0
OI00016490,O0009421,P0003,1,83.85,0.0
OI00016491,O0009421,P0039,1,330.04,0.0
OI00016492,O0009421,P0042,1,129.05,0.0
OI00016493,O0009422,P0007,1,110.56,0.0
OI00016494,O0009422,P0041,2,31.41,0.0
OI00016495,O0009422,P0028,1,321.4,0.0
OI00016496,O0009423,P0038,1,270.79,0.0
OI00016497,O0009424,P0036,2,197.35,0.0
OI00016498,O0009425,P0003,1,82.29,9.48
OI00016499,O0009426,P0004,1,74.59,0.0
OI00016500,O0009426,P0029,1,294.01,0.0
OI00016501,O0009427,P0022,1,334.11,41.36
OI00016502,O0009427,P0047,1,71.72,11.72
OI00016503,O0009428,P0006,1,127.0,0.0
OI00016504,O0009429,P0033,1,428.18,0.0
OI00016505,O0009429,P0017,1,158.82,0.0
OI00016506,O0009429,P0038,1,270.1,0.0
OI00016507,O0009430,P0026,1,85.07,0.0
OI00016508,O0009431,P0020,1,672.72,50.21
OI00016509,O0009431,P0038,2,266.26,22.7
OI00016510,O0009432,P0032,1,402.11,0.0
OI00016511,O0009433,P0038,1,274.85,0.0
OI00016512,O0009433,P0045,1,146.58,0.0
OI00016513,O0009433,P0023,1,124.43,0.0
OI00016514,O0009434,P0011,1,144.41,0.0
OI00016515,O0009434,P0026,2,86.09,0.0
OI00016516,O0009435,P0046,1,18.63,0.0
OI00016517,O0009435,P0026,2,82.92,0.0
OI00016518,O0009435,P0054,1,135.58,0.0
OI00016519,O0009435,P0007,1,108.57,0.0
OI00016520,O0009435,P0009,1,111.26,0.0
OI00016521,O0009436,P0012,1,28.48,4.17
OI00016522,O0009436,P0032,1,416.45,49.16
OI00016523,O0009437,P0028,1,310.53,0.0
OI00016524,O0009438,P0038,1,260.56,0.0
OI00016525,O0009438,P0017,1,156.85,0.0
OI00016526,O0009439,P0026,1,81.76,11.05
OI00016527,O0009440,P0038,2,275.65,0.0
OI00016528,O0009441,P0006,2,126.68,0.0
OI00016529,O0009442,P0038,1,271.01,0.0
OI00016530,O0009442,P0001,1,148.46,0.0
OI00016531,O0009442,P0054,1,135.24,0.0
OI00016532,O0009443,P0028,1,319.5,25.38
OI00016533,O0009443,P0060,1,447.93,55.74
OI00016534,O0009444,P0059,1,63.28,3.56
OI00016535,O0009444,P0020,1,668.38,107.3
OI00016536,O0009444,P0008,1,88.66,6.45
OI00016537,O0009444,P0030,1,257.33,33.88
OI00016538,O0009445,P0043,1,46.81,0.0
OI00016539,O0009445,P0050,1,13.89,0.0
OI00016540,O0009446,P0042,1,133.36,0.0
OI00016541,O0009446,P0037,1,63.3,0.0
OI00016542,O0009447,P0021,1,85.22,10.35
OI00016543,O0009448,P0056,2,375.05,0.0
OI00016544,O0009448,P0031,1,28.25,0.0
OI00016545,O0009448,P0038,1,263.81,0.0
OI00016546,O0009449,P0006,1,124.28,17.01
OI00016547,O0009449,P0043,2,44.95,11.3
OI00016548,O0009449,P0027,2,646.39,220.61
OI00016549,O0009450,P0016,1,123.52,16.55
OI00016550,O0009451,P0004,1,75.31,0.0
OI00016551,O0009452,P0019,2,673.92,92.53
OI00016552,O0009452,P0009,1,113.51,14.48
OI00016553,O0009453,P0029,1,284.87,0.0
OI00016554,O0009454,P0036,1,189.43,0.0
OI00016555,O0009455,P0016,2,123.3,0.0
OI00016556,O0009455,P0042,1,131.75,0.0
OI00016557,O0009456,P0003,2,83.78,0.0
OI00016558,O0009456,P0030,1,258.52,0.0
OI00016559,O0009456,P0040,1,475.76,0.0
OI00016560,O0009457,P0033,1,423.67,41.12
OI00016561,O0009458,P0051,1,73.9,0.0
OI00016562,O0009458,P0001,1,148.24,0.0
OI00016563,O0009459,P0035,1,284.94,0.0
OI00016564,O0009459,P0005,1,65.24,0.0
OI00016565,O0009460,P0040,1,486.22,66.47
OI00016566,O0009460,P0020,1,660.31,54.82
OI00016567,O0009461,P0021,2,81.7,0.0
OI00016568,O0009462,P0018,1,366.22,0.0
OI00016569,O0009462,P0044,1,55.29,0.0
OI00016570,O0009463,P0006,1,127.82,0.0
OI00016571,O0009463,P0060,1,459.95,0.0
OI00016572,O0009464,P0044,1,54.9,0.0
OI00016573,O0009465,P0003,2,82.73,0.0
OI00016574,O0009465,P0016,2,125.16,0.0
OI00016575,O0009466,P0030,1,254.59,0.0
OI00016576,O0009466,P0060,1,458.12,0.0
OI00016577,O0009467,P0036,1,186.86,31.57
OI00016578,O0009467,P0003,1,79.79,12.05
OI00016579,O0009468,P0018,2,360.08,0.0
OI00016580,O0009468,P0042,1,128.52,0.0
OI00016581,O0009469,P0001,1,141.78,0.0
OI00016582,O0009470,P0003,2,81.54,0.0
OI00016583,O0009471,P0006,2,121.44,0.0
OI00016584,O0009472,P0056,1,384.55,0.0
OI00016585,O0009473,P0011,1,138.64,0.0
OI00016586,O0009473,P0052,1,420.43,0.0
OI00016587,O0009474,P0040,1,467.31,0.0
OI00016588,O0009475,P0060,1,456.21,22.22
OI00016589,O0009476,P0028,1,325.59,19.03
OI00016590,O0009476,P0019,1,685.83,122.17
OI00016591,O0009477,P0016,1,122.87,0.0
OI00016592,O0009477,P0029,1,296.48,0.0
OI00016593,O0009478,P0042,1,131.13,0.0
OI00016594,O0009479,P0023,2,118.28,0.0
OI00016595,O0009479,P0043,1,44.75,0.0
OI00016596,O0009480,P0030,1,255.43,0.0
OI00016597,O0009480,P0049,1,144.59,0.0
OI00016598,O0009481,P0042,1,133.93,0.0
OI00016599,O0009482,P0016,1,123.65,17.54
OI00016600,O0009482,P0045,1,149.46,12.55
OI00016601,O0009483,P0034,1,433.57,0.0
OI00016602,O0009483,P0059,1,62.41,0.0
OI00016603,O0009483,P0020,1,686.51,0.0
OI00016604,O0009483,P0045,1,151.56,0.0
OI00016605,O0009484,P0013,1,101.39,5.32
OI00016606,O0009485,P0046,1,18.66,2.21
OI00016607,O0009486,P0032,1,401.0,0.0
OI00016608,O0009486,P0010,1,159.29,0.0
OI00016609,O0009486,P0024,1,781.48,0.0
OI00016610,O0009487,P0024,1,802.23,0.0
OI00016611,O0009488,P0055,1,149.49,0.0
OI00016612,O0009489,P0016,1,124.02,0.0
OI00016613,O0009490,P0038,1,269.65,0.0
OI00016614,O0009490,P0019,1,657.43,0.0
OI00016615,O0009491,P0057,1,159.95,0.0
OI00016616,O0009492,P0035,2,280.4,0.0
OI00016617,O0009493,P0048,2,94.1,23.15
OI00016618,O0009493,P0033,2,431.41,135.67
OI00016619,O0009493,P0016,1,125.79,9.93
OI00016620,O0009493,P0056,1,372.17,38.94
OI00016621,O0009494,P0030,1,258.57,27.26
OI00016622,O0009495,P0001,1,142.33,0.0
OI00016623,O0009496,P0018,1,367.95,0.0
OI00016624,O0009496,P0003,1,83.58,0.0
OI00016625,O0009496,P0056,1,374.68,0.0
OI00016626,O0009497,P0035,1,277.68,0.0
OI00016627,O0009498,P0045,1,151.65,0.0
OI00016628,O0009498,P0036,1,193.7,0.0
OI00016629,O0009498,P0049,1,142.33,0.0
OI00016630,O0009499,P0019,2,656.7,0.0
OI00016631,O0009500,P0044,1,53.71,8.4
OI00016632,O0009501,P0019,2,658.22,228.35
OI00016633,O0009502,P0039,1,329.67,0.0
OI00016634,O0009502,P0032,1,411.23,0.0
OI00016635,O0009503,P0009,2,113.63,0.0
OI00016636,O0009504,P0030,1,254.94,14.11
OI00016637,O0009505,P0043,1,45.98,0.0
OI00016638,O0009505,P0053,1,549.58,0.0
OI00016639,O0009505,P0032,1,400.5,0.0
OI00016640,O0009506,P0049,1,146.5,10.14
OI00016641,O0009506,P0056,2,381.71,70.25
OI00016642,O0009507,P0023,1,124.62,0.0
OI00016643,O0009508,P0030,1,249.6,0.0
OI00016644,O0009508,P0036,1,194.7,0.0
OI00016645,O0009509,P0029,1,283.38,0.0
OI00016646,O0009509,P0043,1,45.79,0.0
OI00016647,O0009510,P0038,1,272.75,23.01
OI00016648,O0009511,P0045,1,151.86,0.0
OI00016649,O0009512,P0001,1,142.15,0.0
OI00016650,O0009513,P0013,2,101.74,0.0
OI00016651,O0009514,P0049,1,138.48,14.52
OI00016652,O0009514,P0042,1,131.41,14.38
OI00016653,O0009515,P0013,1,104.05,0.0
OI00016654,O0009516,P0003,1,81.12,11.46
OI00016655,O0009516,P0002,1,79.45,12.23
OI00016656,O0009517,P0023,1,123.57,0.0
OI00016657,O0009517,P0033,1,425.31,0.0
OI00016658,O0009518,P0049,1,141.91,14.26
OI00016659,O0009518,P0043,1,44.31,2.44
OI00016660,O0009519,P0036,1,188.41,0.0
OI00016661,O0009520,P0019,2,664.06,156.09
OI00016662,O0009520,P0012,1,29.3,2.09
OI00016663,O0009521,P0005,1,67.97,0.0
OI00016664,O0009522,P0038,1,274.72,0.0
OI00016665,O0009523,P0032,1,407.37,57.42
OI00016666,O0009524,P0025,2,626.23,68.7
OI00016667,O0009525,P0003,2,79.31,28.01
OI00016668,O0009526,P0045,1,147.69,0.0
OI00016669,O0009526,P0020,1,678.74,0.0
OI00016670,O0009526,P0038,1,263.48,0.0
OI00016671,O0009527,P0058,1,50.72,7.24
OI00016672,O0009527,P0050,1,13.86,1.86
OI00016673,O0009528,P0032,1,419.58,52.2
OI00016674,O0009529,P0032,1,416.03,0.0
OI00016675,O0009530,P0023,1,121.71,7.87
OI00016676,O0009530,P0029,1,294.68,33.46
OI00016677,O0009531,P0006,1,123.52,0.0
OI00016678,O0009532,P0055,1,144.37,20.35
OI00016679,O0009532,P0033,2,442.47,55.18
OI00016680,O0009533,P0028,1,312.35,0.0
OI00016681,O0009534,P0007,1,111.3,0.0
OI00016682,O0009535,P0012,2,29.13,0.0
OI00016683,O0009535,P0027,1,644.38,0.0
OI00016684,O0009536,P0037,1,66.45,0.0
OI00016685,O0009537,P0016,1,121.14,0.0
OI00016686,O0009537,P0045,1,145.76,0.0
OI00016687,O0009537,P0040,1,484.73,0.0
OI00016688,O0009538,P0056,1,381.89,0.0
OI00016689,O0009538,P0041,1,31.81,0.0
OI00016690,O0009539,P0056,1,363.42,17.25
OI00016691,O0009540,P0003,1,81.21,0.0
OI00016692,O0009541,P0056,1,378.91,0.0
OI00016693,O0009541,P0041,1,30.78,0.0
OI00016694,O0009542,P0009,1,113.56,16.67
OI00016695,O0009543,P0046,1,18.87,0.0
OI00016696,O0009543,P0038,1,273.38,0.0
OI00016697,O0009543,P0006,1,121.75,0.0
OI00016698,O0009544,P0038,1,272.45,0.0
OI00016699,O0009544,P0050,1,13.95,0.0
OI00016700,O0009545,P0047,1,71.12,0.0
OI00016701,O0009546,P0003,1,80.75,0.0
OI00016702,O0009546,P0038,2,262.13,0.0
OI00016703,O0009546,P0054,1,140.86,0.0
OI00016704,O0009547,P0032,1,420.83,0.0
OI00016705,O0009548,P0044,2,53.3,0.0
OI00016706,O0009549,P0001,1,144.67,0.0
OI00016707,O0009550,P0058,1,51.11,2.81
OI00016708,O0009551,P0041,1,31.7,0.0
OI00016709,O0009551,P0057,1,158.53,0.0
OI00016710,O0009551,P0049,1,140.26,0.0
OI00016711,O0009552,P0050,1,13.85,0.0
OI00016712,O0009552,P0052,2,400.85,0.0
OI00016713,O0009553,P0046,2,19.41,2.46
OI00016714,O0009554,P0035,1,292.41,0.0
OI00016715,O0009554,P0034,2,418.6,0.0
OI00016716,O0009555,P0024,1,788.48,0.0
OI00016717,O0009556,P0042,1,132.11,0.0
OI00016718,O0009556,P0059,2,60.16,0.0
OI00016719,O0009557,P0045,1,150.23,12.13
OI00016720,O0009558,P0023,1,125.16,0.0
OI00016721,O0009558,P0046,1,19.05,0.0
OI00016722,O0009559,P0025,1,630.7,59.41
OI00016723,O0009560,P0053,1,527.33,93.84
OI00016724,O0009560,P0020,1,684.85,72.12
OI00016725,O0009560,P0055,1,149.49,9.95
OI00016726,O0009561,P0049,1,143.78,15.11
OI00016727,O0009561,P0006,1,123.91,17.14
OI00016728,O0009562,P0002,2,83.11,0.0
OI00016729,O0009563,P0058,1,51.42,0.0
OI00016730,O0009564,P0045,1,153.89,21.35
OI00016731,O0009564,P0013,1,99.04,13.27
OI00016732,O0009565,P0014,1,136.81,0.0
OI00016733,O0009566,P0003,1,83.24,0.0
OI00016734,O0009567,P0007,1,107.72,0.0
OI00016735,O0009567,P0035,1,290.78,0.0
OI00016736,O0009568,P0029,1,289.75,0.0
OI00016737,O0009569,P0013,1,102.14,7.93
OI00016738,O0009570,P0021,1,81.73,0.0
OI00016739,O0009570,P0026,1,85.23,0.0
OI00016740,O0009571,P0040,1,469.7,30.86
OI00016741,O0009571,P0017,1,154.28,19.73
OI00016742,O0009572,P0027,1,622.85,0.0
OI00016743,O0009573,P0004,2,77.61,0.0
OI00016744,O0009573,P0001,1,147.13,0.0
OI00016745,O0009574,P0037,1,66.32,6.92
OI00016746,O0009574,P0003,1,83.28,6.12
OI00016747,O0009574,P0030,2,250.28,39.99
OI00016748,O0009575,P0022,1,347.93,39.9
OI00016749,O0009575,P0050,1,14.23,0.68
OI00016750,O0009576,P0059,1,63.79,7.56
OI00016751,O0009577,P0012,1,29.37,0.0
OI00016752,O0009578,P0023,1,122.42,0.0
OI00016753,O0009579,P0022,1,333.18,0.0
OI00016754,O0009579,P0005,2,67.54,0.0
OI00016755,O0009580,P0059,1,62.84,0.0
OI00016756,O0009580,P0032,1,419.18,0.0
OI00016757,O0009581,P0038,1,269.98,32.46
OI00016758,O0009582,P0051,1,76.3,0.0
OI00016759,O0009583,P0023,1,123.78,11.7
OI00016760,O0009583,P0021,1,83.27,12.95
OI00016761,O0009583,P0017,2,159.34,42.95
OI00016762,O0009584,P0044,1,53.77,0.0
OI00016763,O0009585,P0040,1,472.22,0.0
OI00016764,O0009585,P0055,1,144.39,0.0
OI00016765,O0009585,P0032,1,400.49,0.0
OI00016766,O0009585,P0003,2,83.4,0.0
OI00016767,O0009585,P0053,1,544.34,0.0
OI00016768,O0009586,P0019,1,690.5,121.39
OI00016769,O0009586,P0029,1,287.38,40.31
OI00016770,O0009586,P0008,1,89.77,8.08
OI00016771,O0009587,P0033,1,428.01,0.0
OI00016772,O0009588,P0059,2,63.52,0.0
OI00016773,O0009588,P0056,1,370.57,0.0
OI00016774,O0009588,P0013,1,98.29,0.0
OI00016775,O0009589,P0048,2,94.85,0.0
OI00016776,O0009590,P0027,1,650.03,74.49
OI00016777,O0009590,P0052,1,409.27,47.68
OI00016778,O0009591,P0006,2,122.36,0.0
OI00016779,O0009591,P0029,1,287.09,0.0
OI00016780,O0009591,P0015,1,62.34,0.0
OI00016781,O0009592,P0003,1,82.04,0.0
OI00016782,O0009593,P0058,1,50.34,8.12
OI00016783,O0009594,P0018,1,360.89,45.52
OI00016784,O0009594,P0060,1,440.36,38.91
OI00016785,O0009594,P0032,1,407.89,51.86
OI00016786,O0009594,P0005,1,65.54,2.87
OI00016787,O0009594,P0038,2,265.11,85.63
OI00016788,O0009595,P0026,1,83.08,0.0
OI00016789,O0009595,P0025,1,626.34,0.0
OI00016790,O0009595,P0042,1,130.13,0.0
OI00016791,O0009596,P0029,2,284.0,0.0
OI00016792,O0009597,P0041,1,30.96,0.0
OI00016793,O0009598,P0035,2,277.56,34.12
OI00016794,O0009598,P0043,2,46.1,6.53
OI00016795,O0009599,P0020,1,663.58,0.0
OI00016796,O0009600,P0021,1,83.51,8.0
OI00016797,O0009600,P0003,1,81.6,13.84
OI00016798,O0009600,P0017,1,159.31,16.53
OI00016799,O0009601,P0027,1,654.77,0.0
OI00016800,O0009602,P0010,1,159.44,0.0
OI00016801,O0009602,P0030,1,247.25,0.0
OI00016802,O0009602,P0003,1,80.68,0.0
OI00016803,O0009603,P0059,1,61.46,8.15
OI00016804,O0009603,P0021,1,82.69,7.4
OI00016805,O0009604,P0006,1,121.99,16.18
OI00016806,O0009604,P0024,1,782.75,41.11
OI00016807,O0009604,P0028,1,318.51,51.66
OI00016808,O0009605,P0013,2,103.59,15.83
OI00016809,O0009606,P0019,1,685.43,116.34
OI00016810,O0009607,P0004,1,77.48,0.0
OI00016811,O0009607,P0055,1,145.48,0.0
OI00016812,O0009608,P0028,1,322.59,0.0
OI00016813,O0009608,P0057,1,159.05,0.0
OI00016814,O0009608,P0034,2,433.82,0.0
OI00016815,O0009609,P0046,1,19.25,3.44
OI00016816,O0009610,P0059,1,60.47,0.0
OI00016817,O0009610,P0004,2,75.15,0.0
OI00016818,O0009610,P0052,2,411.21,0.0
OI00016819,O0009611,P0003,1,82.27,10.82
OI00016820,O0009612,P0012,2,29.01,4.05
OI00016821,O0009612,P0002,1,79.32,8.07
OI00016822,O0009613,P0054,1,136.78,15.62
OI00016823,O0009614,P0043,1,44.73,2.45
OI00016824,O0009614,P0037,1,65.01,8.37
OI00016825,O0009615,P0038,1,270.08,0.0
OI00016826,O0009616,P0059,1,63.65,0.0
OI00016827,O0009616,P0056,2,375.56,0.0
OI00016828,O0009616,P0042,1,132.37,0.0
OI00016829,O0009617,P0043,2,46.6,0.0
OI00016830,O0009618,P0041,1,30.24,0.0
OI00016831,O0009619,P0019,1,664.82,0.0
OI00016832,O0009620,P0020,2,698.19,75.44
OI00016833,O0009621,P0022,2,341.83,0.0
OI00016834,O0009622,P0015,1,59.9,0.0
OI00016835,O0009622,P0002,1,80.58,0.0
OI00016836,O0009622,P0024,1,808.57,0.0
OI00016837,O0009623,P0019,1,652.97,41.74
OI00016838,O0009624,P0016,1,125.37,16.35
OI00016839,O0009624,P0002,1,83.49,4.69
OI00016840,O0009624,P0020,2,667.2,219.4
OI00016841,O0009624,P0001,1,149.01,17.34
OI00016842,O0009625,P0023,1,125.02,0.0
OI00016843,O0009625,P0038,1,269.46,0.0
OI00016844,O0009625,P0041,2,31.41,0.0
OI00016845,O0009626,P0010,2,162.31,19.18
OI00016846,O0009626,P0005,2,67.86,18.9
OI00016847,O0009627,P0006,2,127.73,0.0
OI00016848,O0009627,P0007,1,108.4,0.0
OI00016849,O0009627,P0050,1,14.58,0.0
OI00016850,O0009628,P0040,1,482.88,72.08
OI00016851,O0009629,P0052,1,402.8,50.51
OI00016852,O0009630,P0057,1,165.04,0.0
OI00016853,O0009631,P0019,1,666.05,0.0
OI00016854,O0009631,P0038,1,266.63,0.0
OI00016855,O0009631,P0022,1,342.7,0.0
OI00016856,O0009632,P0003,1,83.38,0.0
OI00016857,O0009633,P0035,1,280.96,25.99
OI00016858,O0009633,P0043,1,45.68,5.85
OI00016859,O0009634,P0049,1,139.17,21.01
OI00016860,O0009634,P0024,1,808.91,117.89
OI00016861,O0009635,P0054,1,135.94,0.0
OI00016862,O0009635,P0001,1,143.19,0.0
OI00016863,O0009636,P0035,1,292.73,44.33
OI00016864,O0009636,P0049,1,140.49,25.03
OI00016865,O0009636,P0013,2,101.9,25.36
OI00016866,O0009637,P0006,1,121.71,5.41
OI00016867,O0009638,P0038,1,272.86,0.0
OI00016868,O0009639,P0057,1,161.22,0.0
OI00016869,O0009640,P0023,2,118.27,0.0
OI00016870,O0009640,P0020,1,680.79,0.0
OI00016871,O0009640,P0045,1,153.61,0.0
OI00016872,O0009641,P0058,1,51.53,0.0
OI00016873,O0009642,P0045,1,149.02,16.79
OI00016874,O0009642,P0038,1,276.18,22.89
OI00016875,O0009642,P0003,1,80.54,3.64
OI00016876,O0009643,P0027,1,633.45,79.32
OI00016877,O0009643,P0004,1,78.13,7.83
OI00016878,O0009644,P0020,1,692.38,0.0
OI00016879,O0009645,P0032,1,420.6,0.0
OI00016880,O0009645,P0001,1,145.95,0.0
OI00016881,O0009645,P0003,2,82.33,0.0
OI00016882,O0009646,P0038,1,275.51,0.0
OI00016883,O0009647,P0027,1,630.97,0.0
OI00016884,O0009648,P0016,2,126.58,22.19
OI00016885,O0009648,P0019,1,677.72,88.08
OI00016886,O0009649,P0032,2,399.43,0.0
OI00016887,O0009649,P0010,1,162.02,0.0
OI00016888,O0009649,P0014,1,136.22,0.0
OI00016889,O0009650,P0019,2,688.91,0.0
OI00016890,O0009650,P0034,1,418.69,0.0
OI00016891,O0009651,P0006,1,126.23,20.46
OI00016892,O0009652,P0056,1,366.02,40.74
OI00016893,O0009652,P0027,1,650.72,84.34
OI00016894,O0009652,P0016,1,124.51,10.63
OI00016895,O0009653,P0042,1,134.88,0.0
OI00016896,O0009654,P0010,1,157.26,0.0
OI00016897,O0009654,P0045,1,146.96,0.0
OI00016898,O0009655,P0003,1,82.13,0.0
OI00016899,O0009655,P0052,1,411.21,0.0
OI00016900,O0009656,P0054,1,134.65,10.11
OI00016901,O0009656,P0059,1,62.51,7.98
OI00016902,O0009657,P0005,1,68.44,9.09
OI00016903,O0009657,P0031,1,28.86,3.69
OI00016904,O0009658,P0011,1,142.44,0.0
OI00016905,O0009659,P0060,1,445.96,0.0
OI00016906,O0009660,P0039,1,318.93,0.0
OI00016907,O0009661,P0032,1,405.17,0.0
OI00016908,O0009661,P0059,1,61.67,0.0
OI00016909,O0009662,P0036,1,197.15,12.45
OI00016910,O0009662,P0055,1,148.39,12.61
OI00016911,O0009663,P0012,1,28.12,0.0
OI00016912,O0009664,P0001,1,148.71,0.0
OI00016913,O0009664,P0040,1,484.95,0.0
OI00016914,O0009665,P0036,1,192.41,0.0
OI00016915,O0009665,P0038,1,272.23,0.0
OI00016916,O0009665,P0016,1,121.85,0.0
OI00016917,O0009666,P0017,1,159.04,0.0
OI00016918,O0009667,P0027,2,620.66,0.0
OI00016919,O0009667,P0020,1,695.06,0.0
OI00016920,O0009668,P0002,1,80.66,0.0
OI00016921,O0009668,P0057,1,160.22,0.0
OI00016922,O0009668,P0039,1,322.56,0.0
OI00016923,O0009668,P0003,1,81.0,0.0
OI00016924,O0009669,P0055,1,144.03,0.0
OI00016925,O0009670,P0020,1,691.93,0.0
OI00016926,O0009670,P0006,1,122.32,0.0
OI00016927,O0009671,P0028,1,322.94,57.2
OI00016928,O0009672,P0036,1,191.92,33.64
OI00016929,O0009672,P0038,1,273.9,21.59
OI00016930,O0009673,P0009,1,110.74,9.6
OI00016931,O0009674,P0028,1,319.71,39.72
OI00016932,O0009675,P0039,2,324.97,0.0
OI00016933,O0009675,P0004,1,75.82,0.0
OI00016934,O0009676,P0004,1,74.38,13.2
OI00016935,O0009676,P0023,1,124.24,10.93
OI00016936,O0009677,P0013,2,103.07,0.0
OI00016937,O0009677,P0039,1,320.28,0.0
OI00016938,O0009678,P0045,1,153.63,0.0
OI00016939,O0009678,P0059,1,61.07,0.0
OI00016940,O0009679,P0057,1,160.2,20.48
OI00016941,O0009679,P0020,1,671.78,68.59
OI00016942,O0009680,P0020,1,691.17,0.0
OI00016943,O0009681,P0055,1,146.85,23.77
OI00016944,O0009681,P0006,1,123.08,18.18
OI00016945,O0009681,P0013,2,100.77,27.95
OI00016946,O0009682,P0015,1,59.98,0.0
OI00016947,O0009682,P0029,1,291.98,0.0
OI00016948,O0009683,P0047,1,69.43,0.0
OI00016949,O0009684,P0059,1,61.51,0.0
OI00016950,O0009685,P0032,2,407.13,0.0
OI00016951,O0009686,P0004,1,76.49,11.21
OI00016952,O0009686,P0043,2,45.41,7.22
OI00016953,O0009687,P0021,2,82.12,13.02
OI00016954,O0009688,P0003,1,82.4,0.0
OI00016955,O0009688,P0055,2,150.44,0.0
OI00016956,O0009688,P0057,1,162.58,0.0
OI00016957,O0009689,P0001,1,147.97,0.0
OI00016958,O0009690,P0049,2,142.18,0.0
OI00016959,O0009690,P0024,1,770.09,0.0
OI00016960,O0009690,P0009,2,109.21,0.0
OI00016961,O0009691,P0020,1,674.13,0.0
OI00016962,O0009691,P0033,1,423.84,0.0
OI00016963,O0009692,P0014,1,136.26,17.33
OI00016964,O0009693,P0045,1,147.35,15.49
OI00016965,O0009694,P0050,1,13.84,0.0
OI00016966,O0009694,P0007,1,108.63,0.0
OI00016967,O0009694,P0039,1,331.26,0.0
OI00016968,O0009695,P0001,1,146.37,0.0
OI00016969,O0009695,P0045,1,151.64,0.0
OI00016970,O0009696,P0040,1,493.6,34.21
OI00016971,O0009696,P0011,1,141.32,20.15
OI00016972,O0009696,P0001,1,141.6,11.47
OI00016973,O0009697,P0045,1,149.64,0.0
OI00016974,O0009697,P0034,1,413.63,0.0
OI00016975,O0009697,P0020,1,682.46,0.0
OI00016976,O0009698,P0019,1,675.62,0.0
OI00016977,O0009699,P0039,1,312.54,0.0
OI00016978,O0009699,P0016,1,123.99,0.0
OI00016979,O0009700,P0052,1,419.21,0.0
OI00016980,O0009700,P0016,2,124.14,0.0
OI00016981,O0009701,P0022,1,330.26,0.0
OI00016982,O0009701,P0020,1,690.46,0.0
OI00016983,O0009702,P0055,1,143.79,0.0
OI00016984,O0009703,P0019,1,651.15,0.0
OI00016985,O0009704,P0002,1,81.49,0.0
OI00016986,O0009705,P0041,1,31.31,0.0
OI00016987,O0009706,P0001,1,148.63,0.0
OI00016988,O0009707,P0027,1,636.76,83.2
OI00016989,O0009707,P0025,1,607.18,93.42
OI00016990,O0009707,P0006,1,127.16,9.43
OI00016991,O0009708,P0020,2,682.05,154.23
OI00016992,O0009709,P0042,2,132.08,19.94
OI00016993,O0009710,P0042,1,134.97,0.0
OI00016994,O0009710,P0043,1,47.01,0.0
OI00016995,O0009711,P0006,1,121.43,0.0
OI00016996,O0009712,P0022,1,330.18,0.0
OI00016997,O0009713,P0057,1,161.66,8.01
OI00016998,O0009714,P0020,1,667.71,0.0
OI00016999,O0009714,P0030,1,261.62,0.0
OI00017000,O0009714,P0005,1,65.07,0.0
OI00017001,O0009715,P0041,1,30.13,0.0
OI00017002,O0009715,P0022,1,332.59,0.0
OI00017003,O0009716,P0026,1,84.44,0.0
OI00017004,O0009716,P0006,1,121.94,0.0
OI00017005,O0009717,P0008,2,85.94,0.0
OI00017006,O0009717,P0021,1,82.83,0.0
OI00017007,O0009718,P0005,1,67.67,0.0
OI00017008,O0009719,P0033,2,439.55,0.0
OI00017009,O0009719,P0039,1,327.55,0.0
OI00017010,O0009720,P0006,1,123.43,0.0
OI00017011,O0009721,P0045,1,153.48,0.0
OI00017012,O0009721,P0037,1,65.12,0.0
OI00017013,O0009721,P0035,2,279.17,0.0
OI00017014,O0009722,P0011,1,144.33,0.0
OI00017015,O0009722,P0017,1,153.69,0.0
OI00017016,O0009723,P0031,1,27.37,0.0
OI00017017,O0009724,P0056,2,366.02,111.23
OI00017018,O0009725,P0003,1,81.73,12.68
OI00017019,O0009726,P0009,1,110.65,0.0
OI00017020,O0009727,P0060,1,457.04,0.0
OI00017021,O0009728,P0012,1,28.64,0.0
OI00017022,O0009729,P0006,1,123.68,0.0
OI00017023,O0009729,P0038,1,265.23,0.0
OI00017024,O0009729,P0029,1,288.92,0.0
OI00017025,O0009730,P0040,1,465.99,73.26
OI00017026,O0009730,P0002,1,81.74,5.82
OI00017027,O0009730,P0005,1,65.2,4.3
OI00017028,O0009731,P0049,1,140.97,0.0
OI00017029,O0009732,P0003,1,81.16,0.0
OI00017030,O0009732,P0038,1,272.77,0.0
OI00017031,O0009732,P0006,1,124.8,0.0
OI00017032,O0009732,P0047,1,71.11,0.0
OI00017033,O0009733,P0038,1,273.96,0.0
OI00017034,O0009733,P0028,1,316.38,0.0
OI00017035,O0009734,P0058,1,50.56,0.0
OI00017036,O0009735,P0023,1,124.75,0.0
OI00017037,O0009736,P0023,1,118.97,18.4
OI00017038,O0009736,P0046,1,19.02,1.71
OI00017039,O0009737,P0032,1,397.67,35.87
OI00017040,O0009738,P0045,1,152.54,0.0
OI00017041,O0009738,P0059,1,63.74,0.0
OI00017042,O0009739,P0024,1,804.6,76.6
OI00017043,O0009739,P0010,1,161.8,9.14
OI00017044,O0009740,P0024,1,788.23,0.0
OI00017045,O0009740,P0057,1,163.11,0.0
OI00017046,O0009741,P0059,1,61.38,5.1
OI00017047,O0009741,P0001,1,147.63,13.62
OI00017048,O0009742,P0020,1,694.1,0.0
OI00017049,O0009742,P0011,1,140.04,0.0
OI00017050,O0009742,P0028,1,316.89,0.0
OI00017051,O0009743,P0037,1,67.01,6.77
OI00017052,O0009743,P0024,1,776.97,45.69
OI00017053,O0009743,P0016,1,124.09,11.18
OI00017054,O0009744,P0029,1,292.18,0.0
OI00017055,O0009745,P0001,1,145.04,0.0
OI00017056,O0009745,P0006,1,127.62,0.0
OI00017057,O0009746,P0040,2,466.96,0.0
OI00017058,O0009746,P0054,2,141.01,0.0
OI00017059,O0009746,P0058,1,50.44,0.0
OI00017060,O0009747,P0036,1,186.53,0.0
OI00017061,O0009747,P0002,1,82.06,0.0
OI00017062,O0009747,P0005,1,68.5,0.0
OI00017063,O0009748,P0023,1,120.0,8.94
OI00017064,O0009749,P0057,1,157.73,0.0
OI00017065,O0009749,P0003,1,81.58,0.0
OI00017066,O0009750,P0003,1,83.74,5.08
OI00017067,O0009750,P0041,1,30.35,5.41
OI00017068,O0009751,P0003,1,83.57,13.3
OI00017069,O0009751,P0033,1,421.97,30.29
OI00017070,O0009752,P0036,1,196.58,0.0
OI00017071,O0009752,P0023,1,122.57,0.0
OI00017072,O0009752,P0001,1,145.39,0.0
OI00017073,O0009753,P0018,1,372.14,58.89
OI00017074,O0009753,P0026,1,82.23,13.11
OI00017075,O0009754,P0003,1,82.46,0.0
OI00017076,O0009754,P0045,1,148.92,0.0
OI00017077,O0009755,P0009,1,112.3,18.24
OI00017078,O0009755,P0004,1,74.41,9.77
OI00017079,O0009755,P0045,1,147.5,20.6
OI00017080,O0009755,P0032,1,407.05,65.71
OI00017081,O0009755,P0019,1,661.89,34.01
OI00017082,O0009756,P0054,1,139.84,19.51
OI00017083,O0009757,P0001,1,147.55,11.31
OI00017084,O0009757,P0003,2,80.88,27.8
OI00017085,O0009757,P0019,1,659.85,32.29
OI00017086,O0009758,P0010,1,163.55,23.48
OI00017087,O0009759,P0021,1,85.06,6.25
OI00017088,O0009759,P0052,1,405.71,72.25
OI00017089,O0009759,P0042,1,130.28,20.63
OI00017090,O0009760,P0006,1,122.54,0.0
OI00017091,O0009760,P0018,1,377.19,0.0
OI00017092,O0009761,P0003,1,80.75,12.87
OI00017093,O0009761,P0024,1,777.99,121.81
OI00017094,O0009762,P0028,1,326.53,0.0
OI00017095,O0009762,P0044,1,53.51,0.0
OI00017096,O0009763,P0004,1,74.27,0.0
OI00017097,O0009764,P0040,1,485.17,84.41
OI00017098,O0009764,P0026,1,82.91,3.79
OI00017099,O0009765,P0024,1,801.15,121.17
OI00017100,O0009765,P0011,1,143.16,18.06
OI00017101,O0009765,P0045,1,154.19,23.32
OI00017102,O0009765,P0001,2,143.06,21.88
OI00017103,O0009766,P0058,1,51.74,0.0
OI00017104,O0009766,P0045,1,152.65,0.0
OI00017105,O0009766,P0014,1,130.93,0.0
OI00017106,O0009767,P0041,1,31.1,0.0
OI00017107,O0009767,P0016,1,126.51,0.0
OI00017108,O0009768,P0006,1,123.99,0.0
OI00017109,O0009768,P0030,2,257.74,0.0
OI00017110,O0009768,P0016,2,120.96,0.0
OI00017111,O0009769,P0040,1,479.16,0.0
OI00017112,O0009769,P0054,1,133.2,0.0
OI00017113,O0009769,P0001,1,148.43,0.0
OI00017114,O0009769,P0027,1,637.41,0.0
OI00017115,O0009770,P0022,1,344.24,0.0
OI00017116,O0009770,P0013,2,102.91,0.0
OI00017117,O0009770,P0054,1,137.04,0.0
OI00017118,O0009771,P0010,1,161.19,19.96
OI00017119,O0009772,P0021,1,83.33,0.0
OI00017120,O0009772,P0032,1,404.5,0.0
OI00017121,O0009773,P0016,1,127.0,13.01
OI00017122,O0009774,P0004,1,77.68,7.45
OI00017123,O0009774,P0026,1,86.06,9.19
OI00017124,O0009775,P0020,1,683.61,84.28
OI00017125,O0009775,P0025,1,627.0,51.68
OI00017126,O0009776,P0009,2,114.21,22.47
OI00017127,O0009777,P0033,1,418.63,59.15
OI00017128,O0009778,P0042,1,132.58,0.0
OI00017129,O0009778,P0052,1,410.24,0.0
OI00017130,O0009778,P0043,1,44.37,0.0
OI00017131,O0009779,P0028,1,312.07,51.74
OI00017132,O0009779,P0034,1,430.53,65.65
OI00017133,O0009779,P0039,1,331.08,46.72
OI00017134,O0009780,P0019,1,691.01,0.0
OI00017135,O0009781,P0004,3,77.12,0.0
OI00017136,O0009782,P0017,1,150.67,0.0
OI00017137,O0009783,P0009,1,110.41,0.0
OI00017138,O0009783,P0010,1,157.59,0.0
OI00017139,O0009784,P0032,1,404.27,0.0
OI00017140,O0009785,P0028,1,310.31,0.0
OI00017141,O0009786,P0049,1,145.5,0.0
OI00017142,O0009786,P0010,1,159.1,0.0
OI00017143,O0009787,P0017,1,157.74,0.0
OI00017144,O0009788,P0041,1,31.74,0.0
OI00017145,O0009788,P0056,1,363.28,0.0
OI00017146,O0009789,P0006,1,128.06,0.0
OI00017147,O0009790,P0008,1,86.18,6.56
OI00017148,O0009790,P0031,1,28.36,3.71
OI00017149,O0009791,P0043,2,46.83,0.0
OI00017150,O0009792,P0060,1,435.44,41.77
OI00017151,O0009792,P0050,1,13.86,1.37
OI00017152,O0009793,P0005,1,66.82,0.0
OI00017153,O0009794,P0017,2,151.72,25.24
OI00017154,O0009795,P0038,1,271.63,0.0
OI00017155,O0009796,P0008,1,85.95,0.0
OI00017156,O0009796,P0009,1,109.16,0.0
OI00017157,O0009797,P0050,1,14.23,0.0
OI00017158,O0009797,P0001,1,142.36,0.0
OI00017159,O0009798,P0030,1,251.16,0.0
OI00017160,O0009799,P0052,1,413.7,0.0
OI00017161,O0009800,P0042,1,127.83,17.43
OI00017162,O0009801,P0058,1,51.06,7.43
OI00017163,O0009801,P0016,1,123.96,17.11
OI00017164,O0009802,P0058,1,50.34,2.9
OI00017165,O0009803,P0002,1,83.56,7.97
OI00017166,O0009804,P0031,1,27.4,2.46
OI00017167,O0009804,P0049,1,142.98,18.45
OI00017168,O0009805,P0032,3,412.62,0.0
OI00017169,O0009806,P0016,2,125.86,0.0
OI00017170,O0009806,P0058,1,52.77,0.0
OI00017171,O0009807,P0004,1,74.31,0.0
OI00017172,O0009808,P0020,1,678.48,0.0
OI00017173,O0009808,P0037,1,65.6,0.0
OI00017174,O0009808,P0027,1,620.52,0.0
OI00017175,O0009809,P0005,1,65.45,11.49
OI00017176,O0009810,P0035,1,290.59,42.15
OI00017177,O0009810,P0007,1,112.21,10.52
OI00017178,O0009811,P0024,1,808.78,124.64
OI00017179,O0009812,P0055,1,144.97,0.0
OI00017180,O0009813,P0023,1,122.3,0.0
OI00017181,O0009814,P0003,1,81.28,0.0
OI00017182,O0009815,P0032,1,418.05,0.0
OI00017183,O0009816,P0038,2,264.2,0.0
OI00017184,O0009816,P0002,1,82.44,0.0
OI00017185,O0009817,P0039,1,317.77,0.0
OI00017186,O0009817,P0012,1,28.38,0.0
OI00017187,O0009817,P0003,2,83.59,0.0
OI00017188,O0009818,P0023,1,118.19,15.5
OI00017189,O0009818,P0001,1,141.36,21.68
OI00017190,O0009819,P0033,1,418.84,0.0
OI00017191,O0009820,P0045,1,148.89,21.58
OI00017192,O0009820,P0002,1,79.72,4.21
OI00017193,O0009821,P0005,1,66.99,0.0
OI00017194,O0009822,P0003,1,81.09,0.0
OI00017195,O0009823,P0045,2,148.55,39.96
OI00017196,O0009824,P0046,1,18.72,1.83
OI00017197,O0009824,P0032,1,407.4,35.54
OI00017198,O0009825,P0038,1,260.98,0.0
OI00017199,O0009825,P0040,1,475.35,0.0
OI00017200,O0009826,P0041,1,30.41,0.0
OI00017201,O0009826,P0046,1,18.61,0.0
OI00017202,O0009827,P0040,1,476.78,30.57
OI00017203,O0009827,P0052,1,412.46,67.03
OI00017204,O0009828,P0003,1,81.49,13.73
OI00017205,O0009829,P0056,2,378.75,115.48
OI00017206,O0009830,P0038,1,275.26,0.0
OI00017207,O0009831,P0057,1,157.84,27.8
OI00017208,O0009831,P0003,1,80.41,7.82
OI00017209,O0009832,P0016,1,122.06,0.0
OI00017210,O0009833,P0034,1,417.47,0.0
OI00017211,O0009834,P0048,1,90.93,0.0
OI00017212,O0009835,P0045,1,150.92,0.0
OI00017213,O0009836,P0021,1,81.1,5.78
OI00017214,O0009837,P0043,1,44.44,0.0
OI00017215,O0009837,P0001,1,145.91,0.0
OI00017216,O0009838,P0051,1,73.17,11.83
OI00017217,O0009838,P0031,1,29.0,3.93
OI00017218,O0009839,P0016,2,121.0,0.0
OI00017219,O0009839,P0027,1,654.79,0.0
OI00017220,O0009840,P0047,1,71.64,0.0
OI00017221,O0009840,P0005,1,67.94,0.0
OI00017222,O0009841,P0024,1,777.08,0.0
OI00017223,O0009841,P0038,1,267.58,0.0
OI00017224,O0009842,P0052,1,415.48,0.0
OI00017225,O0009843,P0020,1,669.82,43.78
OI00017226,O0009843,P0041,1,30.21,3.29
OI00017227,O0009844,P0003,1,83.21,7.43
OI00017228,O0009844,P0026,1,84.11,13.31
OI00017229,O0009845,P0013,1,99.71,5.29
OI00017230,O0009846,P0022,1,329.22,43.17
OI00017231,O0009846,P0020,1,668.89,94.91
OI00017232,O0009846,P0040,1,485.0,70.08
OI00017233,O0009847,P0003,1,80.43,0.0
OI00017234,O0009847,P0001,1,144.26,0.0
OI00017235,O0009847,P0058,1,51.67,0.0
OI00017236,O0009848,P0001,1,149.6,0.0
OI00017237,O0009849,P0039,1,329.69,53.59
OI00017238,O0009850,P0038,1,272.8,29.21
OI00017239,O0009851,P0022,1,337.02,57.94
OI00017240,O0009852,P0003,1,82.41,12.8
OI00017241,O0009852,P0045,2,151.28,52.94
OI00017242,O0009853,P0059,1,63.26,0.0
OI00017243,O0009853,P0030,1,251.18,0.0
OI00017244,O0009854,P0019,1,691.15,85.5
OI00017245,O0009855,P0002,1,81.43,0.0
OI00017246,O0009856,P0021,2,84.83,0.0
OI00017247,O0009856,P0057,1,159.19,0.0
OI00017248,O0009856,P0014,1,130.79,0.0
OI00017249,O0009857,P0024,1,772.46,0.0
OI00017250,O0009858,P0045,1,150.23,20.9
OI00017251,O0009859,P0024,1,805.25,0.0
OI00017252,O0009859,P0041,1,31.02,0.0
OI00017253,O0009860,P0049,1,142.34,0.0
OI00017254,O0009860,P0043,2,45.09,0.0
OI00017255,O0009861,P0030,1,260.66,19.94
OI00017256,O0009861,P0001,2,142.27,16.68
OI00017257,O0009862,P0057,1,158.04,0.0
OI00017258,O0009862,P0045,1,148.42,0.0
OI00017259,O0009862,P0021,1,82.53,0.0
OI00017260,O0009863,P0023,2,122.66,0.0
OI00017261,O0009863,P0051,1,76.65,0.0
OI00017262,O0009864,P0055,1,143.57,0.0
OI00017263,O0009864,P0059,1,62.24,0.0
OI00017264,O0009865,P0055,1,145.16,0.0
OI00017265,O0009866,P0056,1,382.8,66.46
OI00017266,O0009866,P0002,1,83.0,12.85
OI00017267,O0009867,P0005,1,66.08,0.0
OI00017268,O0009868,P0040,1,492.31,0.0
OI00017269,O0009869,P0017,1,158.57,10.59
OI00017270,O0009870,P0034,1,431.87,0.0
OI00017271,O0009870,P0024,2,773.75,0.0
OI00017272,O0009871,P0049,1,140.09,0.0
OI00017273,O0009871,P0040,1,492.36,0.0
OI00017274,O0009872,P0045,1,145.5,0.0
OI00017275,O0009872,P0004,1,74.97,0.0
OI00017276,O0009873,P0035,1,284.87,0.0
OI00017277,O0009873,P0047,1,71.29,0.0
OI00017278,O0009874,P0032,1,422.14,0.0
OI00017279,O0009875,P0034,1,419.71,0.0
OI00017280,O0009876,P0031,1,27.6,0.0
OI00017281,O0009876,P0008,1,86.98,0.0
OI00017282,O0009877,P0043,2,46.39,0.0
OI00017283,O0009877,P0020,2,690.32,0.0
OI00017284,O0009877,P0039,1,331.34,0.0
OI00017285,O0009878,P0038,1,270.0,0.0
OI00017286,O0009878,P0049,1,146.53,0.0
OI00017287,O0009879,P0058,2,51.02,0.0
OI00017288,O0009880,P0039,1,326.5,44.15
OI00017289,O0009881,P0027,1,640.52,83.51
OI00017290,O0009881,P0057,1,161.57,13.7
OI00017291,O0009882,P0032,2,406.57,94.81
OI00017292,O0009882,P0001,1,143.07,22.33
OI00017293,O0009883,P0024,1,790.29,0.0
OI00017294,O0009884,P0054,1,139.44,0.0
OI00017295,O0009885,P0003,1,83.93,8.14
OI00017296,O0009886,P0057,1,157.95,0.0
OI00017297,O0009886,P0006,1,122.37,0.0
OI00017298,O0009886,P0011,1,143.55,0.0
OI00017299,O0009886,P0044,1,54.67,0.0
OI00017300,O0009887,P0049,2,144.88,0.0
OI00017301,O0009887,P0033,1,442.1,0.0
OI00017302,O0009888,P0034,1,433.83,48.08
OI00017303,O0009888,P0020,1,676.22,105.64
OI00017304,O0009889,P0033,1,427.09,0.0
OI00017305,O0009890,P0002,2,82.73,11.55
OI00017306,O0009890,P0001,1,149.41,19.52
OI00017307,O0009891,P0025,1,607.98,0.0
OI00017308,O0009891,P0023,1,124.43,0.0
OI00017309,O0009892,P0001,1,145.43,8.64
OI00017310,O0009893,P0001,1,142.91,0.0
OI00017311,O0009894,P0041,1,31.05,0.0
OI00017312,O0009894,P0038,1,264.39,0.0
OI00017313,O0009895,P0020,1,697.01,121.23
OI00017314,O0009895,P0043,1,45.91,5.76
OI00017315,O0009896,P0001,1,143.43,0.0
OI00017316,O0009897,P0045,1,147.7,0.0
OI00017317,O0009897,P0006,1,127.29,0.0
OI00017318,O0009898,P0034,1,429.24,51.41
OI00017319,O0009898,P0052,1,400.34,35.35
OI00017320,O0009898,P0011,1,144.5,13.76
OI00017321,O0009899,P0027,1,624.67,0.0
OI00017322,O0009900,P0046,1,18.71,0.0
OI00017323,O0009900,P0038,1,266.02,0.0
OI00017324,O0009901,P0012,1,28.04,0.0
OI00017325,O0009901,P0045,1,148.96,0.0
OI00017326,O0009902,P0057,1,158.81,27.42
OI00017327,O0009902,P0034,1,418.03,41.57
OI00017328,O0009903,P0035,1,284.48,0.0
OI00017329,O0009903,P0028,1,326.07,0.0
OI00017330,O0009903,P0041,1,31.78,0.0
OI00017331,O0009904,P0045,2,148.8,0.0
OI00017332,O0009904,P0054,1,135.42,0.0
OI00017333,O0009904,P0023,1,121.6,0.0
OI00017334,O0009905,P0009,2,113.03,0.0
OI00017335,O0009906,P0006,1,125.04,8.86
OI00017336,O0009906,P0029,2,288.59,87.11
OI00017337,O0009907,P0051,1,74.69,0.0
OI00017338,O0009907,P0043,1,45.73,0.0
OI00017339,O0009907,P0027,1,645.07,0.0
OI00017340,O0009908,P0042,1,128.9,15.32
OI00017341,O0009909,P0038,1,275.59,0.0
OI00017342,O0009909,P0042,1,128.25,0.0
OI00017343,O0009909,P0027,1,652.84,0.0
OI00017344,O0009910,P0030,1,253.99,30.7
OI00017345,O0009910,P0003,1,82.05,9.9
OI00017346,O0009911,P0026,1,85.13,0.0
OI00017347,O0009911,P0038,2,264.69,0.0
OI00017348,O0009911,P0036,1,187.65,0.0
OI00017349,O0009912,P0032,1,404.36,0.0
OI00017350,O0009912,P0019,1,661.34,0.0
OI00017351,O0009913,P0020,1,660.39,0.0
OI00017352,O0009914,P0001,1,149.07,0.0
OI00017353,O0009915,P0026,1,86.15,0.0
OI00017354,O0009916,P0026,1,81.61,3.93
OI00017355,O0009916,P0051,1,74.22,9.81
OI00017356,O0009917,P0019,1,688.48,73.88
OI00017357,O0009918,P0022,1,343.65,0.0
OI00017358,O0009919,P0032,2,400.48,118.0
OI00017359,O0009920,P0029,1,292.12,51.0
OI00017360,O0009920,P0049,2,139.03,24.16
OI00017361,O0009921,P0024,1,791.43,0.0
OI00017362,O0009921,P0036,1,187.0,0.0
OI00017363,O0009921,P0006,1,126.56,0.0
OI00017364,O0009921,P0013,1,103.22,0.0
OI00017365,O0009921,P0040,2,469.54,0.0
OI00017366,O0009922,P0029,1,289.23,0.0
OI00017367,O0009923,P0044,2,53.97,0.0
OI00017368,O0009924,P0011,1,141.34,19.86
OI00017369,O0009924,P0005,2,65.9,6.71
OI00017370,O0009925,P0020,1,677.61,0.0
OI00017371,O0009925,P0023,1,123.69,0.0
OI00017372,O0009925,P0060,1,441.28,0.0
OI00017373,O0009926,P0023,1,120.37,0.0
OI00017374,O0009926,P0045,1,146.79,0.0
OI00017375,O0009927,P0045,1,151.45,0.0
OI00017376,O0009927,P0043,1,45.25,0.0
OI00017377,O0009928,P0024,1,802.21,114.57
OI00017378,O0009929,P0007,1,110.22,0.0
OI00017379,O0009929,P0038,1,271.03,0.0
OI00017380,O0009930,P0033,1,437.72,0.0
OI00017381,O0009930,P0052,1,406.11,0.0
OI00017382,O0009930,P0003,2,83.15,0.0
OI00017383,O0009931,P0055,1,150.21,21.57
OI00017384,O0009931,P0044,1,53.05,7.53
OI00017385,O0009932,P0006,1,123.87,0.0
OI00017386,O0009933,P0027,1,646.57,0.0
OI00017387,O0009934,P0001,1,142.48,0.0
OI00017388,O0009934,P0040,1,491.38,0.0
OI00017389,O0009935,P0003,1,83.79,0.0
OI00017390,O0009936,P0048,1,90.46,0.0
OI00017391,O0009936,P0024,1,792.49,0.0
OI00017392,O0009936,P0019,1,667.21,0.0
OI00017393,O0009936,P0017,3,150.95,0.0
OI00017394,O0009937,P0053,1,523.13,0.0
OI00017395,O0009938,P0024,1,810.41,0.0
OI00017396,O0009939,P0036,1,188.44,0.0
OI00017397,O0009939,P0045,1,151.5,0.0
OI00017398,O0009939,P0049,1,141.65,0.0
OI00017399,O0009940,P0058,1,49.92,0.0
OI00017400,O0009940,P0029,1,286.26,0.0
OI00017401,O0009941,P0021,1,83.46,0.0
OI00017402,O0009942,P0006,2,123.63,22.55
OI00017403,O0009942,P0040,1,487.45,57.94
OI00017404,O0009943,P0042,1,134.04,0.0
OI00017405,O0009944,P0010,1,163.64,0.0
OI00017406,O0009944,P0035,1,285.36,0.0
OI00017407,O0009945,P0024,1,808.92,0.0
OI00017408,O0009945,P0011,1,140.09,0.0
OI00017409,O0009945,P0039,1,326.04,0.0
OI00017410,O0009946,P0019,1,674.54,107.38
OI00017411,O0009946,P0033,1,442.24,23.08
OI00017412,O0009947,P0032,1,406.39,44.63
OI00017413,O0009947,P0035,2,291.11,54.74
OI00017414,O0009948,P0006,1,124.25,0.0
OI00017415,O0009948,P0047,1,71.4,0.0
OI00017416,O0009949,P0060,2,448.14,0.0
OI00017417,O0009949,P0033,1,434.69,0.0
OI00017418,O0009949,P0001,2,145.85,0.0
OI00017419,O0009950,P0046,1,18.75,0.0
OI00017420,O0009950,P0003,1,79.49,0.0
OI00017421,O0009950,P0005,1,67.72,0.0
OI00017422,O0009951,P0035,2,280.81,0.0
OI00017423,O0009952,P0045,1,151.91,22.7
OI00017424,O0009952,P0054,1,135.2,12.71
OI00017425,O0009953,P0044,1,53.61,7.79
OI00017426,O0009953,P0001,1,143.74,6.17
OI00017427,O0009953,P0034,1,436.04,45.16
OI00017428,O0009954,P0004,1,78.22,0.0
OI00017429,O0009954,P0032,1,418.27,0.0
OI00017430,O0009954,P0015,1,60.94,0.0
OI00017431,O0009955,P0038,1,261.89,0.0
OI00017432,O0009956,P0041,1,31.02,2.35
OI00017433,O0009956,P0043,2,46.54,4.28
OI00017434,O0009957,P0013,1,102.85,0.0
OI00017435,O0009957,P0024,1,773.95,0.0
OI00017436,O0009958,P0009,1,110.59,0.0
OI00017437,O0009959,P0042,1,127.4,0.0
OI00017438,O0009959,P0023,1,121.02,0.0
OI00017439,O0009960,P0011,1,143.41,0.0
OI00017440,O0009961,P0057,1,163.9,18.83
OI00017441,O0009962,P0006,2,127.41,14.26
OI00017442,O0009963,P0009,1,109.89,17.22
OI00017443,O0009964,P0032,1,419.38,0.0
OI00017444,O0009964,P0033,2,424.14,0.0
OI00017445,O0009964,P0016,1,124.17,0.0
OI00017446,O0009965,P0040,1,490.68,0.0
OI00017447,O0009965,P0029,1,286.52,0.0
OI00017448,O0009965,P0023,1,125.01,0.0
OI00017449,O0009966,P0013,1,100.81,0.0
OI00017450,O0009967,P0015,1,61.77,0.0
OI00017451,O0009967,P0038,2,274.5,0.0
OI00017452,O0009967,P0009,1,107.88,0.0
OI00017453,O0009968,P0045,2,151.67,0.0
OI00017454,O0009968,P0041,2,31.05,0.0
OI00017455,O0009969,P0059,1,60.19,0.0
OI00017456,O0009969,P0036,1,189.27,0.0
OI00017457,O0009970,P0038,1,265.89,0.0
OI00017458,O0009971,P0006,2,123.43,35.93
OI00017459,O0009971,P0040,1,474.39,21.08
OI00017460,O0009971,P0004,1,75.55,8.09
OI00017461,O0009972,P0057,2,159.81,0.0
OI00017462,O0009973,P0059,1,63.26,5.26
OI00017463,O0009973,P0029,1,285.27,48.58
OI00017464,O0009974,P0038,1,263.15,28.01
OI00017465,O0009975,P0038,2,269.39,0.0
OI00017466,O0009976,P0038,1,273.85,0.0
OI00017467,O0009976,P0032,1,411.49,0.0
OI00017468,O0009976,P0023,1,118.66,0.0
OI00017469,O0009977,P0022,1,340.63,0.0
OI00017470,O0009978,P0056,1,371.11,0.0
OI00017471,O0009978,P0055,1,148.3,0.0
OI00017472,O0009979,P0046,1,18.88,0.0
OI00017473,O0009979,P0015,1,60.4,0.0
OI00017474,O0009980,P0019,1,651.71,81.05
OI00017475,O0009980,P0050,1,13.97,1.17
OI00017476,O0009981,P0057,1,159.51,0.0
OI00017477,O0009981,P0005,1,67.35,0.0
OI00017478,O0009982,P0001,1,145.22,17.07
OI00017479,O0009983,P0040,1,465.8,0.0
OI00017480,O0009984,P0013,2,99.01,0.0
OI00017481,O0009985,P0050,1,13.91,1.14
OI00017482,O0009986,P0006,2,121.54,0.0
OI00017483,O0009986,P0030,1,250.45,0.0
OI00017484,O0009986,P0045,1,149.38,0.0
OI00017485,O0009986,P0024,1,771.99,0.0
OI00017486,O0009986,P0023,1,125.06,0.0
OI00017487,O0009987,P0038,1,262.56,0.0
OI00017488,O0009987,P0025,1,633.93,0.0
OI00017489,O0009988,P0034,1,431.04,0.0
OI00017490,O0009988,P0032,1,405.49,0.0
OI00017491,O0009988,P0056,2,370.47,0.0
OI00017492,O0009989,P0059,2,60.86,0.0
OI00017493,O0009989,P0020,1,675.7,0.0
OI00017494,O0009990,P0005,2,68.89,0.0
OI00017495,O0009990,P0018,2,375.23,0.0
OI00017496,O0009991,P0024,1,795.76,0.0
OI00017497,O0009991,P0060,1,454.4,0.0
OI00017498,O0009992,P0003,1,81.85,14.49
OI00017499,O0009993,P0024,1,765.84,59.27
OI00017500,O0009993,P0003,1,82.31,14.59
OI00017501,O0009994,P0003,1,81.71,8.58
OI00017502,O0009994,P0038,1,275.64,24.74
OI00017503,O0009994,P0035,1,286.48,19.41
OI00017504,O0009995,P0036,1,192.09,0.0
OI00017505,O0009995,P0030,1,248.36,0.0
OI00017506,O0009996,P0054,1,135.47,19.15
OI00017507,O0009997,P0044,1,54.36,0.0
OI00017508,O0009997,P0055,1,145.25,0.0
OI00017509,O0009998,P0006,1,121.82,10.89
OI00017510,O0009999,P0032,1,417.01,70.55
OI00017511,O0009999,P0036,1,192.67,31.09
OI00017512,O0009999,P0026,1,83.37,13.18
OI00017513,O0010000,P0048,1,94.08,0.0
OI00017514,O0010001,P0038,2,269.07,0.0
OI00017515,O0010001,P0013,2,98.16,0.0
OI00017516,O0010001,P0022,2,330.41,0.0
OI00017517,O0010002,P0038,1,265.21,0.0
OI00017518,O0010002,P0035,1,291.16,0.0
OI00017519,O0010003,P0027,2,621.03,0.0
OI00017520,O0010004,P0048,2,90.44,15.63
OI00017521,O0010004,P0052,1,417.16,60.75
OI00017522,O0010005,P0041,1,30.05,0.0
OI00017523,O0010005,P0059,1,62.22,0.0
OI00017524,O0010006,P0043,1,45.87,0.0
OI00017525,O0010006,P0042,1,127.7,0.0
OI00017526,O0010007,P0006,1,124.43,0.0
OI00017527,O0010007,P0057,1,162.9,0.0
OI00017528,O0010008,P0022,1,334.62,0.0
OI00017529,O0010009,P0039,1,318.11,16.65
OI00017530,O0010010,P0038,1,263.0,22.81
OI00017531,O0010011,P0013,1,102.69,0.0
OI00017532,O0010012,P0020,1,698.5,0.0
OI00017533,O0010012,P0011,2,136.96,0.0
OI00017534,O0010013,P0003,2,79.76,0.0
OI00017535,O0010014,P0016,1,126.35,0.0
OI00017536,O0010014,P0005,1,67.99,0.0
OI00017537,O0010015,P0003,1,83.09,11.66
OI00017538,O0010015,P0020,1,664.54,78.5
OI00017539,O0010016,P0016,1,126.55,0.0
OI00017540,O0010016,P0038,2,275.08,0.0
OI00017541,O0010017,P0040,1,480.5,0.0
OI00017542,O0010017,P0038,1,260.23,0.0
OI00017543,O0010018,P0011,1,139.92,0.0
OI00017544,O0010019,P0020,1,690.21,0.0
OI00017545,O0010020,P0030,1,259.16,0.0
OI00017546,O0010021,P0029,1,288.43,0.0
OI00017547,O0010022,P0054,2,139.25,48.53
OI00017548,O0010023,P0059,1,63.57,4.39
OI00017549,O0010024,P0006,1,126.58,15.38
OI00017550,O0010025,P0049,2,140.21,40.47
OI00017551,O0010025,P0023,1,121.61,15.99
OI00017552,O0010025,P0039,1,323.12,57.84
OI00017553,O0010026,P0049,1,146.25,0.0
OI00017554,O0010026,P0033,1,436.16,0.0
OI00017555,O0010026,P0029,2,288.42,0.0
OI00017556,O0010027,P0054,2,133.66,0.0
OI00017557,O0010028,P0008,1,87.52,0.0
OI00017558,O0010029,P0028,1,317.88,0.0
OI00017559,O0010030,P0020,1,666.32,0.0
OI00017560,O0010031,P0046,1,18.68,0.0
OI00017561,O0010031,P0042,1,130.98,0.0
OI00017562,O0010031,P0043,1,45.39,0.0
OI00017563,O0010032,P0007,1,108.77,17.17
OI00017564,O0010033,P0003,1,83.08,0.0
OI00017565,O0010033,P0049,1,145.79,0.0
OI00017566,O0010034,P0006,1,126.37,0.0
OI00017567,O0010034,P0020,1,680.25,0.0
OI00017568,O0010035,P0012,1,28.47,2.56
OI00017569,O0010035,P0050,1,14.18,1.14
OI00017570,O0010036,P0007,1,113.13,0.0
OI00017571,O0010036,P0044,1,52.7,0.0
OI00017572,O0010036,P0005,1,67.24,0.0
OI00017573,O0010037,P0056,2,382.74,0.0
OI00017574,O0010038,P0009,2,109.0,27.24
OI00017575,O0010038,P0040,1,470.27,61.11
OI00017576,O0010039,P0033,1,423.16,0.0
OI00017577,O0010039,P0038,1,271.79,0.0
OI00017578,O0010040,P0022,1,341.78,0.0
OI00017579,O0010040,P0011,2,144.02,0.0
OI00017580,O0010041,P0045,1,146.62,0.0
OI00017581,O0010041,P0018,1,365.57,0.0
OI00017582,O0010042,P0054,1,139.4,0.0
OI00017583,O0010043,P0026,1,83.69,0.0
OI00017584,O0010044,P0040,2,485.19,158.11
OI00017585,O0010045,P0002,1,79.56,12.52
OI00017586,O0010046,P0038,1,264.53,38.15
OI00017587,O0010047,P0033,2,434.96,0.0
OI00017588,O0010048,P0041,1,31.05,0.0
OI00017589,O0010049,P0055,1,150.84,0.0
OI00017590,O0010050,P0005,1,66.7,0.0
OI00017591,O0010051,P0003,2,82.86,0.0
OI00017592,O0010051,P0026,1,81.86,0.0
OI00017593,O0010051,P0043,1,44.32,0.0
OI00017594,O0010051,P0019,1,681.46,0.0
OI00017595,O0010051,P0005,1,68.56,0.0
OI00017596,O0010052,P0048,1,93.18,0.0
OI00017597,O0010052,P0021,1,85.35,0.0
OI00017598,O0010053,P0052,2,417.22,67.19
OI00017599,O0010053,P0060,1,442.97,40.31
OI00017600,O0010054,P0053,1,523.08,40.35
OI00017601,O0010055,P0021,1,84.96,5.4
OI00017602,O0010056,P0024,1,769.52,0.0
OI00017603,O0010056,P0007,1,111.92,0.0
OI00017604,O0010057,P0038,1,261.45,0.0
OI00017605,O0010057,P0044,1,54.56,0.0
OI00017606,O0010058,P0048,1,95.09,0.0
OI00017607,O0010058,P0038,1,272.86,0.0
OI00017608,O0010059,P0042,2,132.95,15.31
OI00017609,O0010059,P0049,1,144.31,8.11
OI00017610,O0010060,P0011,2,143.72,0.0
OI00017611,O0010060,P0042,1,129.4,0.0
OI00017612,O0010061,P0013,1,100.19,0.0
OI00017613,O0010062,P0054,1,137.57,0.0
OI00017614,O0010062,P0005,1,66.9,0.0
OI00017615,O0010062,P0057,2,158.65,0.0
OI00017616,O0010062,P0049,1,145.37,0.0
OI00017617,O0010063,P0019,1,682.48,117.37
OI00017618,O0010064,P0043,1,46.26,2.44
OI00017619,O0010065,P0028,1,309.65,0.0
OI00017620,O0010066,P0032,1,402.0,18.76
OI00017621,O0010067,P0032,2,407.78,121.69
OI00017622,O0010067,P0028,1,317.39,41.75
OI00017623,O0010068,P0038,1,263.41,32.33
OI00017624,O0010069,P0020,1,675.09,0.0
OI00017625,O0010070,P0032,1,401.65,0.0
OI00017626,O0010070,P0021,1,84.58,0.0
OI00017627,O0010071,P0033,1,422.49,0.0
OI00017628,O0010072,P0020,1,699.12,29.22
OI00017629,O0010073,P0010,1,158.78,12.66
OI00017630,O0010073,P0048,1,89.83,8.77
OI00017631,O0010073,P0042,1,127.23,15.88
OI00017632,O0010074,P0056,1,373.61,0.0
OI00017633,O0010075,P0054,2,140.48,0.0
OI00017634,O0010075,P0057,1,164.13,0.0
OI00017635,O0010075,P0030,1,249.57,0.0
OI00017636,O0010076,P0011,1,138.21,7.72
OI00017637,O0010076,P0003,1,83.87,6.75
OI00017638,O0010077,P0001,1,149.59,0.0
OI00017639,O0010077,P0040,2,491.14,0.0
OI00017640,O0010078,P0045,1,149.75,0.0
OI00017641,O0010078,P0022,1,331.01,0.0
OI00017642,O0010078,P0006,1,124.24,0.0
OI00017643,O0010079,P0060,1,436.47,0.0
OI00017644,O0010079,P0011,1,136.57,0.0
OI00017645,O0010080,P0030,1,258.03,0.0
OI00017646,O0010080,P0019,1,655.21,0.0
OI00017647,O0010081,P0019,2,653.92,0.0
OI00017648,O0010082,P0040,1,478.66,0.0
OI00017649,O0010083,P0044,2,53.13,0.0
OI00017650,O0010084,P0003,1,82.5,0.0
OI00017651,O0010084,P0058,1,50.54,0.0
OI00017652,O0010085,P0028,1,327.86,0.0
OI00017653,O0010085,P0041,1,31.74,0.0
OI00017654,O0010085,P0007,1,110.05,0.0
OI00017655,O0010086,P0028,1,319.8,0.0
OI00017656,O0010086,P0015,1,63.43,0.0
OI00017657,O0010086,P0013,1,101.4,0.0
OI00017658,O0010087,P0009,2,111.82,0.0
OI00017659,O0010087,P0013,1,101.46,0.0
OI00017660,O0010088,P0040,2,472.54,0.0
OI00017661,O0010089,P0037,2,63.89,6.44
OI00017662,O0010090,P0003,2,81.84,0.0
OI00017663,O0010091,P0016,1,123.48,22.07
OI00017664,O0010091,P0006,2,127.42,36.77
OI00017665,O0010092,P0014,2,134.37,17.1
OI00017666,O0010092,P0043,1,45.84,7.67
OI00017667,O0010093,P0035,1,282.55,45.28
OI00017668,O0010093,P0001,1,143.83,19.55
OI00017669,O0010094,P0039,1,326.27,0.0
OI00017670,O0010094,P0040,1,482.68,0.0
OI00017671,O0010095,P0020,1,678.69,0.0
OI00017672,O0010095,P0001,1,142.2,0.0
OI00017673,O0010095,P0021,1,83.74,0.0
OI00017674,O0010095,P0008,1,89.82,0.0
OI00017675,O0010096,P0016,1,121.96,0.0
OI00017676,O0010096,P0026,2,82.05,0.0
OI00017677,O0010097,P0059,1,61.68,0.0
OI00017678,O0010097,P0020,1,688.12,0.0
OI00017679,O0010098,P0002,1,83.2,6.79
OI00017680,O0010098,P0026,2,84.03,15.7
OI00017681,O0010099,P0057,1,162.96,15.15
OI00017682,O0010100,P0054,1,139.03,0.0
OI00017683,O0010101,P0049,1,138.74,0.0
OI00017684,O0010102,P0055,1,148.03,0.0
OI00017685,O0010102,P0005,1,67.75,0.0
OI00017686,O0010103,P0020,2,696.62,0.0
OI00017687,O0010104,P0055,1,149.36,0.0
OI00017688,O0010105,P0022,1,342.76,0.0
OI00017689,O0010106,P0017,2,156.99,0.0
OI00017690,O0010106,P0058,1,50.4,0.0
OI00017691,O0010107,P0041,1,30.87,0.0
OI00017692,O0010107,P0013,1,101.04,0.0
OI00017693,O0010108,P0054,1,140.91,0.0
OI00017694,O0010108,P0024,2,774.53,0.0
OI00017695,O0010109,P0005,1,65.07,5.5
OI00017696,O0010110,P0049,2,140.17,0.0
OI00017697,O0010111,P0056,1,376.45,0.0
OI00017698,O0010112,P0021,1,84.47,0.0
OI00017699,O0010113,P0003,1,80.84,0.0
OI00017700,O0010114,P0005,1,66.04,0.0
OI00017701,O0010115,P0043,1,45.45,2.8
OI00017702,O0010115,P0002,1,79.81,12.65
OI00017703,O0010115,P0041,1,30.23,2.54
OI00017704,O0010116,P0019,1,687.69,0.0
OI00017705,O0010116,P0009,1,110.16,0.0
OI00017706,O0010117,P0058,2,51.11,0.0
OI00017707,O0010117,P0002,2,81.37,0.0
OI00017708,O0010118,P0007,1,110.63,7.42
OI00017709,O0010118,P0016,1,124.99,10.28
OI00017710,O0010119,P0046,1,18.83,0.0
OI00017711,O0010120,P0006,1,127.37,0.0
OI00017712,O0010121,P0010,1,160.99,0.0
OI00017713,O0010121,P0039,2,314.48,0.0
OI00017714,O0010122,P0024,1,788.12,0.0
OI00017715,O0010123,P0028,2,324.17,83.67
OI00017716,O0010123,P0019,1,662.62,51.2
OI00017717,O0010123,P0020,1,690.04,29.71
OI00017718,O0010124,P0038,1,266.08,0.0
OI00017719,O0010124,P0045,1,149.94,0.0
OI00017720,O0010125,P0034,1,418.04,59.96
OI00017721,O0010126,P0055,2,147.07,0.0
OI00017722,O0010127,P0022,1,330.73,0.0
OI00017723,O0010128,P0029,1,294.72,0.0
OI00017724,O0010129,P0040,1,489.94,0.0
OI00017725,O0010129,P0018,1,358.21,0.0
OI00017726,O0010130,P0038,2,268.31,0.0
OI00017727,O0010131,P0045,1,147.18,0.0
OI00017728,O0010132,P0045,1,152.95,0.0
OI00017729,O0010133,P0001,1,145.7,0.0
OI00017730,O0010133,P0008,1,88.62,0.0
OI00017731,O0010133,P0046,1,19.23,0.0
OI00017732,O0010134,P0032,1,420.01,0.0
OI00017733,O0010134,P0036,2,191.97,0.0
OI00017734,O0010135,P0032,1,411.51,56.84
OI00017735,O0010135,P0005,2,67.26,16.8
OI00017736,O0010136,P0038,1,264.57,21.0
OI00017737,O0010137,P0036,1,191.48,14.39
OI00017738,O0010137,P0001,1,142.8,17.87
OI00017739,O0010138,P0001,1,148.74,0.0
OI00017740,O0010139,P0036,1,195.21,0.0
OI00017741,O0010139,P0044,1,53.47,0.0
OI00017742,O0010140,P0024,1,802.94,0.0
OI00017743,O0010140,P0023,2,119.95,0.0
OI00017744,O0010141,P0043,1,46.7,0.0
OI00017745,O0010141,P0016,1,123.57,0.0
OI00017746,O0010142,P0041,1,31.0,0.0
OI00017747,O0010142,P0006,1,124.72,0.0
OI00017748,O0010142,P0003,1,79.54,0.0
OI00017749,O0010143,P0016,1,124.32,13.58
OI00017750,O0010143,P0059,1,60.83,10.7
OI00017751,O0010144,P0003,2,80.54,0.0
OI00017752,O0010144,P0051,1,73.72,0.0
OI00017753,O0010145,P0029,1,288.02,0.0
OI00017754,O0010145,P0015,1,63.41,0.0
OI00017755,O0010146,P0041,1,30.03,0.0
OI00017756,O0010146,P0050,1,14.02,0.0
OI00017757,O0010147,P0009,2,111.3,0.0
OI00017758,O0010148,P0020,1,678.15,0.0
OI00017759,O0010148,P0025,1,622.09,0.0
OI00017760,O0010149,P0016,1,124.37,0.0
OI00017761,O0010149,P0003,2,83.17,0.0
OI00017762,O0010150,P0001,1,143.97,0.0
OI00017763,O0010151,P0043,1,46.91,0.0
OI00017764,O0010151,P0054,1,133.66,0.0
OI00017765,O0010152,P0054,2,133.5,0.0
OI00017766,O0010153,P0038,2,270.63,0.0
OI00017767,O0010153,P0034,1,436.16,0.0
OI00017768,O0010154,P0041,1,30.47,0.0
OI00017769,O0010155,P0021,2,82.43,0.0
OI00017770,O0010155,P0023,1,123.33,0.0
OI00017771,O0010156,P0037,1,65.62,4.89
OI00017772,O0010157,P0038,1,262.93,0.0
OI00017773,O0010158,P0058,1,51.0,0.0
OI00017774,O0010159,P0015,1,61.34,0.0
OI00017775,O0010159,P0044,1,53.85,0.0
OI00017776,O0010160,P0009,1,112.3,0.0
OI00017777,O0010160,P0033,1,421.49,0.0
OI00017778,O0010161,P0040,1,468.25,0.0
OI00017779,O0010161,P0029,1,292.08,0.0
OI00017780,O0010162,P0039,1,318.66,0.0
OI00017781,O0010163,P0056,1,383.23,0.0
OI00017782,O0010164,P0054,1,141.06,0.0
OI00017783,O0010164,P0036,1,188.26,0.0
OI00017784,O0010165,P0035,1,284.26,32.02
OI00017785,O0010165,P0038,1,272.57,35.49
OI00017786,O0010166,P0026,1,85.66,0.0
OI00017787,O0010167,P0023,1,120.06,0.0
OI00017788,O0010168,P0014,1,134.95,0.0
OI00017789,O0010168,P0009,1,111.7,0.0
OI00017790,O0010168,P0007,1,112.38,0.0
OI00017791,O0010168,P0003,1,79.15,0.0
OI00017792,O0010168,P0021,1,80.82,0.0
OI00017793,O0010169,P0059,1,62.1,0.0
OI00017794,O0010169,P0004,1,78.04,0.0
OI00017795,O0010170,P0015,1,60.58,0.0
OI00017796,O0010171,P0006,1,127.64,0.0
OI00017797,O0010172,P0021,1,81.74,0.0
OI00017798,O0010172,P0031,1,28.61,0.0
OI00017799,O0010172,P0003,1,83.12,0.0
OI00017800,O0010173,P0024,1,786.77,132.09
OI00017801,O0010173,P0035,1,288.43,49.78
OI00017802,O0010173,P0026,2,85.49,20.51
OI00017803,O0010174,P0003,1,81.42,0.0
OI00017804,O0010175,P0056,1,369.67,44.9
OI00017805,O0010175,P0032,1,420.59,26.16
OI00017806,O0010176,P0057,1,162.83,26.1
OI00017807,O0010176,P0027,1,650.43,84.56
OI00017808,O0010177,P0013,1,103.99,0.0
OI00017809,O0010177,P0045,1,146.79,0.0
OI00017810,O0010178,P0010,1,163.38,0.0
OI00017811,O0010179,P0003,1,80.53,8.43
OI00017812,O0010179,P0059,1,62.67,9.72
OI00017813,O0010180,P0038,1,263.2,0.0
OI00017814,O0010180,P0034,1,434.84,0.0
OI00017815,O0010181,P0003,1,79.74,0.0
OI00017816,O0010181,P0057,2,160.61,0.0
OI00017817,O0010181,P0020,1,661.98,0.0
OI00017818,O0010182,P0009,1,111.39,8.94
OI00017819,O0010182,P0032,1,399.28,38.2
OI00017820,O0010182,P0058,1,49.87,6.47
OI00017821,O0010183,P0056,1,380.45,0.0
OI00017822,O0010183,P0003,1,79.24,0.0
OI00017823,O0010184,P0003,1,83.98,0.0
OI00017824,O0010185,P0045,1,149.66,0.0
OI00017825,O0010185,P0032,1,417.31,0.0
OI00017826,O0010185,P0011,1,141.43,0.0
OI00017827,O0010186,P0002,1,82.44,14.1
OI00017828,O0010186,P0034,1,421.66,51.81
OI00017829,O0010187,P0056,1,366.81,56.5
OI00017830,O0010187,P0010,1,164.63,9.35
OI00017831,O0010188,P0009,1,114.02,0.0
OI00017832,O0010188,P0039,1,322.86,0.0
OI00017833,O0010188,P0012,1,29.39,0.0
OI00017834,O0010189,P0016,1,120.07,0.0
OI00017835,O0010189,P0040,2,467.46,0.0
OI00017836,O0010190,P0039,1,315.05,0.0
OI00017837,O0010191,P0020,1,690.65,111.78
OI00017838,O0010192,P0010,1,162.92,24.42
OI00017839,O0010193,P0030,1,255.11,38.17
OI00017840,O0010194,P0060,1,452.81,26.19
OI00017841,O0010195,P0013,1,100.92,0.0
OI00017842,O0010195,P0005,1,66.99,0.0
OI00017843,O0010195,P0038,2,263.12,0.0
OI00017844,O0010196,P0055,1,146.05,0.0
OI00017845,O0010196,P0032,1,409.74,0.0
OI00017846,O0010196,P0007,2,112.66,0.0
OI00017847,O0010196,P0052,1,405.06,0.0
OI00017848,O0010196,P0001,1,148.5,0.0
OI00017849,O0010197,P0057,1,166.44,0.0
OI00017850,O0010198,P0018,2,366.57,71.85
OI00017851,O0010199,P0045,1,150.2,0.0
OI00017852,O0010200,P0039,1,325.34,0.0
OI00017853,O0010200,P0059,1,62.9,0.0
OI00017854,O0010201,P0034,1,419.48,0.0
OI00017855,O0010202,P0013,1,99.31,4.47
OI00017856,O0010203,P0041,2,30.49,0.0
OI00017857,O0010204,P0002,1,83.31,0.0
OI00017858,O0010204,P0008,1,85.42,0.0
OI00017859,O0010204,P0034,1,420.18,0.0
OI00017860,O0010205,P0028,1,318.76,0.0
OI00017861,O0010206,P0044,1,53.2,0.0
OI00017862,O0010207,P0038,1,267.36,0.0
OI00017863,O0010208,P0043,1,46.35,0.0
OI00017864,O0010209,P0038,1,273.74,0.0
OI00017865,O0010210,P0034,1,413.18,0.0
OI00017866,O0010210,P0013,1,99.81,0.0
OI00017867,O0010211,P0005,1,66.98,0.0
OI00017868,O0010212,P0045,1,145.48,19.46
OI00017869,O0010212,P0042,1,132.33,22.17
OI00017870,O0010213,P0041,1,31.62,0.0
OI00017871,O0010214,P0038,1,266.54,0.0
OI00017872,O0010215,P0009,2,112.63,0.0
OI00017873,O0010216,P0019,1,673.75,0.0
OI00017874,O0010216,P0051,1,74.03,0.0
OI00017875,O0010217,P0058,1,50.68,9.02
OI00017876,O0010217,P0038,1,260.51,15.69
OI00017877,O0010218,P0006,1,121.73,0.0
OI00017878,O0010218,P0056,1,382.73,0.0
OI00017879,O0010219,P0050,1,14.28,0.0
OI00017880,O0010219,P0045,1,153.08,0.0
OI00017881,O0010220,P0054,1,135.87,0.0
OI00017882,O0010221,P0032,1,419.4,22.11
OI00017883,O0010222,P0051,1,74.44,0.0
OI00017884,O0010222,P0022,1,334.28,0.0
OI00017885,O0010223,P0016,1,124.52,0.0
OI00017886,O0010223,P0041,1,31.25,0.0
OI00017887,O0010223,P0048,2,90.42,0.0
OI00017888,O0010224,P0003,1,83.01,0.0
OI00017889,O0010225,P0004,1,74.51,11.76
OI00017890,O0010225,P0039,1,329.59,30.74
OI00017891,O0010225,P0035,1,285.02,15.41
OI00017892,O0010226,P0046,1,19.13,1.09
OI00017893,O0010226,P0017,2,151.89,43.62
OI00017894,O0010226,P0006,1,121.5,5.99
OI00017895,O0010227,P0015,1,62.68,7.84
OI00017896,O0010228,P0002,1,81.69,10.96
OI00017897,O0010228,P0009,1,109.65,15.57
OI00017898,O0010229,P0013,1,100.75,0.0
OI00017899,O0010230,P0006,1,121.44,0.0
OI00017900,O0010230,P0048,1,90.83,0.0
OI00017901,O0010231,P0056,1,368.23,50.03
OI00017902,O0010231,P0006,1,121.43,10.06
OI00017903,O0010231,P0019,1,667.07,74.66
OI00017904,O0010232,P0006,1,121.79,0.0
OI00017905,O0010232,P0043,1,45.4,0.0
OI00017906,O0010233,P0020,1,665.06,53.29
OI00017907,O0010233,P0028,1,327.05,31.66
OI00017908,O0010233,P0022,1,328.6,58.62
OI00017909,O0010234,P0041,1,30.27,0.0
OI00017910,O0010234,P0050,2,14.4,0.0
OI00017911,O0010235,P0001,1,144.9,0.0
OI00017912,O0010235,P0034,2,421.05,0.0
OI00017913,O0010235,P0031,2,27.72,0.0
OI00017914,O0010236,P0043,1,45.56,0.0
OI00017915,O0010237,P0020,3,693.88,0.0
OI00017916,O0010238,P0046,1,19.31,0.0
OI00017917,O0010239,P0042,1,130.34,0.0
OI00017918,O0010240,P0009,1,108.93,0.0
OI00017919,O0010241,P0021,1,84.97,0.0
OI00017920,O0010241,P0030,1,260.64,0.0
OI00017921,O0010242,P0045,2,149.7,48.66
OI00017922,O0010242,P0014,1,134.93,11.63
OI00017923,O0010243,P0056,1,375.49,0.0
OI00017924,O0010244,P0004,1,76.41,0.0
OI00017925,O0010245,P0023,1,118.37,0.0
OI00017926,O0010245,P0006,1,123.27,0.0
OI00017927,O0010245,P0004,1,77.92,0.0
OI00017928,O0010246,P0005,1,66.83,0.0
OI00017929,O0010247,P0007,1,113.05,0.0
OI00017930,O0010248,P0039,1,322.62,0.0
OI00017931,O0010248,P0035,1,284.83,0.0
OI00017932,O0010248,P0045,1,151.78,0.0
OI00017933,O0010249,P0019,1,660.65,0.0
OI00017934,O0010249,P0049,1,142.16,0.0
OI00017935,O0010249,P0039,1,320.16,0.0
OI00017936,O0010250,P0039,1,313.6,14.08
OI00017937,O0010250,P0001,1,143.15,7.23
OI00017938,O0010250,P0013,1,100.76,15.69
OI00017939,O0010251,P0032,2,421.86,76.03
OI00017940,O0010251,P0054,1,138.93,17.37
OI00017941,O0010252,P0003,1,80.04,0.0
OI00017942,O0010253,P0029,1,285.49,0.0
OI00017943,O0010253,P0036,1,197.15,0.0
OI00017944,O0010254,P0035,1,285.47,0.0
OI00017945,O0010254,P0032,1,420.99,0.0
OI00017946,O0010255,P0017,1,157.67,24.96
OI00017947,O0010255,P0029,1,291.08,44.99
OI00017948,O0010256,P0046,1,19.02,0.0
OI00017949,O0010256,P0017,1,151.62,0.0
OI00017950,O0010257,P0058,2,52.79,6.82
OI00017951,O0010258,P0052,1,407.26,0.0
OI00017952,O0010258,P0001,1,145.32,0.0
OI00017953,O0010259,P0032,1,412.86,0.0
OI00017954,O0010260,P0035,1,284.06,0.0
OI00017955,O0010261,P0022,1,334.39,43.51
OI00017956,O0010261,P0023,1,118.54,15.04
OI00017957,O0010262,P0030,1,251.07,0.0
OI00017958,O0010262,P0056,1,372.36,0.0
OI00017959,O0010263,P0050,2,14.49,1.68
OI00017960,O0010263,P0054,1,140.32,17.97
OI00017961,O0010264,P0013,2,99.34,0.0
OI00017962,O0010265,P0005,1,68.48,0.0
OI00017963,O0010265,P0043,1,45.55,0.0
OI00017964,O0010266,P0045,1,152.77,0.0
OI00017965,O0010266,P0057,1,165.49,0.0
OI00017966,O0010266,P0028,1,322.16,0.0
OI00017967,O0010267,P0001,1,143.56,0.0
OI00017968,O0010267,P0016,2,120.84,0.0
OI00017969,O0010268,P0010,1,158.08,20.89
OI00017970,O0010269,P0034,1,430.61,58.76
OI00017971,O0010269,P0018,1,369.96,63.72
OI00017972,O0010270,P0006,1,123.09,0.0
OI00017973,O0010271,P0045,2,147.06,0.0
OI00017974,O0010271,P0003,1,82.12,0.0
OI00017975,O0010272,P0040,1,475.03,0.0
OI00017976,O0010273,P0004,1,78.06,12.31
OI00017977,O0010273,P0032,2,421.94,93.47
OI00017978,O0010274,P0054,1,133.1,0.0
OI00017979,O0010275,P0009,2,111.41,0.0
OI00017980,O0010275,P0007,1,109.9,0.0
OI00017981,O0010275,P0017,1,157.23,0.0
OI00017982,O0010276,P0019,1,675.67,0.0
OI00017983,O0010276,P0038,2,260.51,0.0
OI00017984,O0010277,P0027,1,640.86,0.0
OI00017985,O0010278,P0038,1,265.51,0.0
OI00017986,O0010279,P0048,1,91.97,5.52
OI00017987,O0010279,P0027,1,644.49,78.79
OI00017988,O0010280,P0028,1,321.14,0.0
OI00017989,O0010281,P0011,1,142.52,0.0
OI00017990,O0010281,P0030,1,261.09,0.0
OI00017991,O0010282,P0038,1,269.39,0.0
OI00017992,O0010282,P0014,2,134.35,0.0
OI00017993,O0010283,P0058,1,52.45,0.0
OI00017994,O0010284,P0003,1,82.83,0.0
OI00017995,O0010284,P0041,1,30.66,0.0
OI00017996,O0010284,P0054,1,135.07,0.0
OI00017997,O0010285,P0050,1,14.16,2.1
OI00017998,O0010285,P0006,1,122.4,8.77
OI00017999,O0010285,P0009,2,108.7,27.01
OI00018000,O0010285,P0013,1,98.41,8.7
OI00018001,O0010286,P0002,2,80.68,21.01
OI00018002,O0010287,P0016,1,122.87,0.0
OI00018003,O0010287,P0015,1,60.46,0.0
OI00018004,O0010288,P0047,1,69.95,0.0
OI00018005,O0010289,P0038,1,266.57,0.0
OI00018006,O0010289,P0032,2,417.77,0.0
OI00018007,O0010290,P0022,1,346.88,22.84
OI00018008,O0010290,P0041,1,31.6,5.16
OI00018009,O0010290,P0038,1,273.3,38.53
OI00018010,O0010291,P0006,1,121.7,15.0
OI00018011,O0010292,P0050,1,13.96,0.0
OI00018012,O0010292,P0052,2,420.47,0.0
OI00018013,O0010293,P0023,1,120.25,0.0
OI00018014,O0010293,P0054,1,133.07,0.0
OI00018015,O0010294,P0011,1,138.46,0.0
OI00018016,O0010294,P0019,2,679.07,0.0
OI00018017,O0010295,P0032,1,409.16,0.0
OI00018018,O0010296,P0043,1,46.0,7.55
OI00018019,O0010296,P0010,1,163.84,26.44
OI00018020,O0010296,P0038,1,265.68,24.65
OI00018021,O0010297,P0042,1,132.93,19.03
OI00018022,O0010298,P0013,2,101.96,0.0
OI00018023,O0010299,P0029,1,296.55,0.0
OI00018024,O0010299,P0013,1,100.65,0.0
OI00018025,O0010299,P0007,1,110.75,0.0
OI00018026,O0010300,P0025,1,628.54,54.43
OI00018027,O0010300,P0014,1,131.32,18.27
OI00018028,O0010301,P0057,1,165.68,10.75
OI00018029,O0010301,P0056,1,369.28,64.91
OI00018030,O0010301,P0009,1,108.75,8.54
OI00018031,O0010302,P0019,1,656.57,91.34
OI00018032,O0010302,P0035,2,293.28,84.51
OI00018033,O0010303,P0056,1,367.0,0.0
OI00018034,O0010303,P0039,2,330.45,0.0
OI00018035,O0010304,P0038,1,262.02,30.15
OI00018036,O0010305,P0022,1,346.39,0.0
OI00018037,O0010306,P0038,1,263.28,0.0
OI00018038,O0010306,P0020,2,662.07,0.0
OI00018039,O0010307,P0055,1,144.5,20.79
OI00018040,O0010308,P0049,2,141.12,0.0
OI00018041,O0010309,P0006,1,124.67,0.0
OI00018042,O0010309,P0038,1,267.49,0.0
OI00018043,O0010309,P0026,1,84.21,0.0
OI00018044,O0010310,P0029,1,293.44,0.0
OI00018045,O0010310,P0013,1,103.83,0.0
OI00018046,O0010311,P0016,1,123.44,0.0
OI00018047,O0010311,P0017,2,159.61,0.0
OI00018048,O0010312,P0045,1,149.41,0.0
OI00018049,O0010313,P0003,2,80.22,0.0
OI00018050,O0010313,P0001,1,149.43,0.0
OI00018051,O0010313,P0023,1,124.71,0.0
OI00018052,O0010313,P0036,1,187.72,0.0
OI00018053,O0010314,P0034,1,430.37,0.0
OI00018054,O0010314,P0001,2,145.48,0.0
OI00018055,O0010315,P0003,2,82.44,29.0
OI00018056,O0010315,P0054,1,139.18,18.09
OI00018057,O0010315,P0036,1,195.52,31.25
OI00018058,O0010316,P0012,1,29.15,0.0
OI00018059,O0010317,P0004,1,74.88,0.0
OI00018060,O0010317,P0014,1,134.29,0.0
OI00018061,O0010317,P0024,1,809.1,0.0
OI00018062,O0010318,P0033,1,420.93,56.73
OI00018063,O0010318,P0039,1,330.95,17.46
OI00018064,O0010319,P0005,1,66.3,0.0
OI00018065,O0010319,P0042,1,131.18,0.0
OI00018066,O0010320,P0015,1,61.82,0.0
OI00018067,O0010320,P0052,1,412.17,0.0
OI00018068,O0010321,P0035,1,293.22,0.0
OI00018069,O0010321,P0033,1,442.83,0.0
OI00018070,O0010321,P0042,1,131.68,0.0
OI00018071,O0010322,P0005,1,68.6,0.0
OI00018072,O0010322,P0029,1,297.79,0.0
OI00018073,O0010323,P0042,1,133.22,0.0
OI00018074,O0010323,P0014,1,138.67,0.0
OI00018075,O0010324,P0001,1,148.84,0.0
OI00018076,O0010325,P0056,1,365.46,0.0
OI00018077,O0010325,P0059,1,63.62,0.0
OI00018078,O0010326,P0020,1,673.3,0.0
OI00018079,O0010326,P0050,1,13.99,0.0
OI00018080,O0010327,P0057,1,163.05,0.0
OI00018081,O0010327,P0018,1,365.83,0.0
OI00018082,O0010327,P0004,1,76.37,0.0
OI00018083,O0010328,P0041,1,30.78,0.0
OI00018084,O0010329,P0057,1,158.6,19.91
OI00018085,O0010329,P0001,1,146.29,6.65
OI00018086,O0010329,P0029,1,286.97,28.96
OI00018087,O0010330,P0001,1,144.24,0.0
OI00018088,O0010331,P0007,1,111.76,6.82
OI00018089,O0010331,P0060,1,436.06,46.32
OI00018090,O0010332,P0003,1,83.14,0.0
OI00018091,O0010332,P0040,1,470.25,0.0
OI00018092,O0010332,P0051,1,75.63,0.0
OI00018093,O0010333,P0049,1,144.61,15.86
OI00018094,O0010334,P0017,1,155.31,13.11
OI00018095,O0010334,P0058,1,51.51,2.24
OI00018096,O0010334,P0053,1,546.01,93.93
OI00018097,O0010335,P0006,1,126.41,21.69
OI00018098,O0010335,P0031,1,28.81,3.56
OI00018099,O0010336,P0031,1,29.0,4.78
OI00018100,O0010336,P0004,1,76.8,11.57
OI00018101,O0010337,P0010,1,159.27,17.31
OI00018102,O0010337,P0026,1,84.54,11.69
OI00018103,O0010338,P0048,2,94.97,0.0
OI00018104,O0010338,P0040,1,480.82,0.0
OI00018105,O0010338,P0003,2,81.93,0.0
OI00018106,O0010339,P0016,1,121.17,0.0
OI00018107,O0010340,P0044,1,54.33,0.0
OI00018108,O0010341,P0039,1,320.3,0.0
OI00018109,O0010342,P0023,1,121.88,0.0
OI00018110,O0010342,P0003,2,83.12,0.0
OI00018111,O0010342,P0010,1,161.57,0.0
OI00018112,O0010342,P0049,1,142.09,0.0
OI00018113,O0010343,P0044,1,52.27,3.86
OI00018114,O0010344,P0004,1,78.32,0.0
OI00018115,O0010344,P0003,1,80.83,0.0
OI00018116,O0010345,P0050,1,14.55,0.0
OI00018117,O0010345,P0006,2,122.13,0.0
OI00018118,O0010346,P0022,1,328.16,0.0
OI00018119,O0010346,P0001,1,148.39,0.0
OI00018120,O0010346,P0059,1,63.59,0.0
OI00018121,O0010347,P0032,1,403.74,66.6
OI00018122,O0010347,P0003,1,82.57,6.11
OI00018123,O0010347,P0060,1,436.48,57.14
OI00018124,O0010348,P0038,1,270.02,0.0
OI00018125,O0010348,P0044,1,53.94,0.0
OI00018126,O0010349,P0017,1,150.84,0.0
OI00018127,O0010350,P0022,1,330.96,17.9
OI00018128,O0010351,P0017,1,152.14,0.0
OI00018129,O0010352,P0011,1,136.44,0.0
OI00018130,O0010353,P0004,1,77.99,0.0
OI00018131,O0010354,P0038,1,273.46,16.66
OI00018132,O0010355,P0003,2,81.75,0.0
OI00018133,O0010356,P0003,2,83.42,0.0
OI00018134,O0010357,P0023,1,122.55,0.0
OI00018135,O0010357,P0060,2,443.12,0.0
OI00018136,O0010358,P0009,1,110.29,0.0
OI00018137,O0010359,P0033,1,420.9,0.0
OI00018138,O0010360,P0019,1,690.55,77.57
OI00018139,O0010360,P0006,1,127.46,11.06
OI00018140,O0010360,P0050,1,14.22,2.25
OI00018141,O0010361,P0031,1,28.94,0.0
OI00018142,O0010361,P0037,1,67.01,0.0
OI00018143,O0010361,P0028,1,311.16,0.0
OI00018144,O0010362,P0003,1,80.53,0.0
OI00018145,O0010362,P0056,2,362.43,0.0
OI00018146,O0010363,P0055,1,144.47,0.0
OI00018147,O0010363,P0038,1,260.27,0.0
OI00018148,O0010363,P0052,1,406.47,0.0
OI00018149,O0010364,P0060,1,438.46,69.07
OI00018150,O0010365,P0016,1,127.27,0.0
OI00018151,O0010365,P0042,1,133.11,0.0
OI00018152,O0010365,P0020,1,673.81,0.0
OI00018153,O0010366,P0007,1,110.32,0.0
OI00018154,O0010367,P0029,1,297.73,47.58
OI00018155,O0010368,P0042,1,131.74,0.0
OI00018156,O0010369,P0008,1,86.63,0.0
OI00018157,O0010370,P0003,1,83.9,0.0
OI00018158,O0010371,P0011,1,141.12,11.32
OI00018159,O0010371,P0005,1,67.57,6.45
OI00018160,O0010371,P0050,1,14.51,2.56
OI00018161,O0010372,P0039,1,316.52,40.41
OI00018162,O0010373,P0034,1,433.38,0.0
OI00018163,O0010373,P0056,2,381.88,0.0
OI00018164,O0010374,P0033,1,421.24,0.0
OI00018165,O0010375,P0032,1,411.31,59.68
OI00018166,O0010376,P0057,1,161.27,0.0
OI00018167,O0010377,P0036,1,193.54,0.0
OI00018168,O0010377,P0013,1,103.06,0.0
OI00018169,O0010378,P0024,1,773.62,0.0
OI00018170,O0010379,P0056,3,363.01,88.19
OI00018171,O0010379,P0055,1,143.3,10.53
OI00018172,O0010380,P0058,1,50.22,0.0
OI00018173,O0010380,P0006,1,128.33,0.0
OI00018174,O0010381,P0006,1,121.21,0.0
OI00018175,O0010382,P0055,1,142.82,0.0
OI00018176,O0010383,P0060,1,456.98,0.0
OI00018177,O0010383,P0033,1,420.3,0.0
OI00018178,O0010383,P0050,1,14.07,0.0
OI00018179,O0010384,P0010,1,161.65,0.0
OI00018180,O0010384,P0037,1,66.48,0.0
OI00018181,O0010385,P0040,1,466.38,0.0
OI00018182,O0010385,P0034,1,435.95,0.0
OI00018183,O0010386,P0038,1,273.7,0.0
OI00018184,O0010386,P0029,1,286.93,0.0
OI00018185,O0010386,P0006,1,125.49,0.0
OI00018186,O0010387,P0042,2,134.51,0.0
OI00018187,O0010388,P0004,2,74.47,0.0
OI00018188,O0010388,P0038,1,273.03,0.0
OI00018189,O0010389,P0018,1,372.97,30.25
OI00018190,O0010389,P0038,1,274.13,11.5
OI00018191,O0010390,P0040,1,481.25,60.78
OI00018192,O0010390,P0003,1,83.31,6.77
OI00018193,O0010390,P0002,2,79.11,19.03
OI00018194,O0010391,P0026,1,83.22,0.0
OI00018195,O0010392,P0057,1,158.02,0.0
OI00018196,O0010392,P0001,1,149.44,0.0
OI00018197,O0010392,P0036,1,190.12,0.0
OI00018198,O0010393,P0023,1,123.24,10.14
OI00018199,O0010393,P0020,1,678.61,40.53
OI00018200,O0010394,P0032,1,400.64,0.0
OI00018201,O0010394,P0036,1,194.57,0.0
OI00018202,O0010394,P0028,1,324.54,0.0
OI00018203,O0010394,P0046,1,19.68,0.0
OI00018204,O0010394,P0010,1,162.2,0.0
OI00018205,O0010395,P0003,1,81.98,0.0
OI00018206,O0010395,P0046,1,18.95,0.0
OI00018207,O0010396,P0005,1,66.32,0.0
OI00018208,O0010397,P0040,1,483.59,0.0
OI00018209,O0010398,P0019,1,665.85,0.0
OI00018210,O0010399,P0056,1,383.78,65.64
OI00018211,O0010400,P0033,1,418.6,0.0
OI00018212,O0010401,P0037,1,65.47,0.0
OI00018213,O0010401,P0020,1,659.28,0.0
OI00018214,O0010402,P0016,1,121.57,0.0
OI00018215,O0010403,P0039,1,326.73,27.52
OI00018216,O0010404,P0003,1,81.48,12.5
OI00018217,O0010404,P0036,1,196.14,13.87
OI00018218,O0010405,P0055,2,151.0,51.58
OI00018219,O0010405,P0032,1,413.98,43.75
OI00018220,O0010405,P0038,1,270.87,41.08
OI00018221,O0010406,P0033,1,427.27,0.0
OI00018222,O0010407,P0045,1,148.46,0.0
OI00018223,O0010408,P0011,1,137.77,23.49
OI00018224,O0010408,P0041,1,30.0,3.57
OI00018225,O0010408,P0023,1,119.21,16.82
OI00018226,O0010409,P0040,1,480.6,24.91
OI00018227,O0010410,P0020,1,670.29,0.0
OI00018228,O0010411,P0019,1,674.7,103.22
OI00018229,O0010411,P0038,1,268.69,23.22
OI00018230,O0010412,P0057,1,162.01,0.0
OI00018231,O0010412,P0002,1,80.1,0.0
OI00018232,O0010413,P0008,1,89.51,8.34
OI00018233,O0010413,P0050,1,13.96,0.96
OI00018234,O0010414,P0055,1,145.01,0.0
OI00018235,O0010414,P0016,1,120.95,0.0
OI00018236,O0010415,P0016,1,126.66,0.0
OI00018237,O0010416,P0001,2,145.11,0.0
OI00018238,O0010417,P0004,2,74.5,0.0
OI00018239,O0010417,P0029,1,294.38,0.0
OI00018240,O0010418,P0047,1,70.85,5.12
OI00018241,O0010418,P0016,2,122.23,33.07
OI00018242,O0010418,P0014,1,134.62,7.21
OI00018243,O0010419,P0058,1,51.91,0.0
OI00018244,O0010419,P0005,1,67.55,0.0
OI00018245,O0010419,P0038,1,265.45,0.0
OI00018246,O0010420,P0023,1,122.52,0.0
OI00018247,O0010420,P0040,1,478.35,0.0
OI00018248,O0010421,P0051,1,76.69,0.0
OI00018249,O0010421,P0016,1,122.59,0.0
OI00018250,O0010422,P0028,1,323.63,0.0
OI00018251,O0010423,P0034,1,424.92,0.0
OI00018252,O0010423,P0052,1,414.99,0.0
OI00018253,O0010423,P0017,1,158.15,0.0
OI00018254,O0010424,P0057,1,159.41,24.07
OI00018255,O0010424,P0005,1,65.94,7.89
OI00018256,O0010425,P0027,1,644.31,0.0
OI00018257,O0010426,P0026,1,81.9,0.0
OI00018258,O0010427,P0043,1,46.51,0.0
OI00018259,O0010428,P0014,1,130.91,18.96
OI00018260,O0010428,P0038,1,271.92,25.16
OI00018261,O0010429,P0024,2,780.14,0.0
OI00018262,O0010430,P0004,1,77.45,0.0
OI00018263,O0010430,P0032,1,421.28,0.0
OI00018264,O0010431,P0023,2,119.68,14.31
OI00018265,O0010432,P0031,2,28.9,8.05
OI00018266,O0010433,P0011,1,138.26,0.0
OI00018267,O0010434,P0060,1,457.56,0.0
OI00018268,O0010435,P0057,1,158.02,10.39
OI00018269,O0010435,P0006,1,127.44,18.93
OI00018270,O0010436,P0003,1,80.88,0.0
OI00018271,O0010436,P0027,1,631.89,0.0
OI00018272,O0010437,P0020,1,668.1,0.0
OI00018273,O0010437,P0038,1,262.42,0.0
OI00018274,O0010438,P0023,1,122.24,0.0
OI00018275,O0010439,P0029,1,297.35,0.0
OI00018276,O0010440,P0058,1,51.4,0.0
OI00018277,O0010441,P0060,1,437.61,0.0
OI00018278,O0010441,P0003,2,82.55,0.0
OI00018279,O0010441,P0045,2,145.89,0.0
OI00018280,O0010442,P0003,1,81.22,7.25
OI00018281,O0010442,P0040,1,471.75,77.34
OI00018282,O0010442,P0045,2,147.41,17.65
OI00018283,O0010442,P0058,2,50.98,15.88
OI00018284,O0010442,P0002,1,79.31,12.99
OI00018285,O0010443,P0048,1,95.11,0.0
OI00018286,O0010444,P0039,1,329.76,14.15
OI00018287,O0010444,P0006,1,127.81,8.83
OI00018288,O0010445,P0050,1,14.45,0.0
OI00018289,O0010446,P0014,1,133.52,0.0
OI00018290,O0010446,P0020,1,675.35,0.0
OI00018291,O0010447,P0001,1,141.94,0.0
OI00018292,O0010448,P0018,1,361.25,0.0
OI00018293,O0010449,P0017,1,156.18,0.0
OI00018294,O0010449,P0003,1,79.91,0.0
OI00018295,O0010449,P0056,1,376.46,0.0
OI00018296,O0010450,P0026,1,85.62,0.0
OI00018297,O0010451,P0002,1,82.61,0.0
OI00018298,O0010451,P0012,1,29.67,0.0
OI00018299,O0010452,P0047,1,71.59,9.55
OI00018300,O0010452,P0049,1,140.24,7.11
OI00018301,O0010452,P0051,1,76.23,4.17
OI00018302,O0010453,P0055,1,142.5,0.0
OI00018303,O0010454,P0059,1,62.86,0.0
OI00018304,O0010454,P0006,1,122.43,0.0
OI00018305,O0010455,P0023,1,120.67,0.0
OI00018306,O0010456,P0043,1,46.66,0.0
OI00018307,O0010456,P0047,1,68.09,0.0
OI00018308,O0010457,P0058,1,51.71,0.0
OI00018309,O0010457,P0022,1,345.9,0.0
OI00018310,O0010458,P0026,1,83.47,0.0
OI00018311,O0010458,P0027,1,642.27,0.0
OI00018312,O0010458,P0030,2,250.07,0.0
OI00018313,O0010459,P0017,1,151.99,8.9
OI00018314,O0010459,P0042,1,135.04,18.09
OI00018315,O0010460,P0045,1,151.13,0.0
OI00018316,O0010460,P0017,1,153.38,0.0
OI00018317,O0010461,P0038,2,264.79,0.0
OI00018318,O0010462,P0046,1,18.63,0.0
OI00018319,O0010462,P0024,1,767.16,0.0
OI00018320,O0010462,P0048,1,92.39,0.0
OI00018321,O0010462,P0043,1,46.66,0.0
OI00018322,O0010463,P0060,1,451.19,0.0
OI00018323,O0010464,P0006,2,125.92,0.0
OI00018324,O0010464,P0020,1,692.81,0.0
OI00018325,O0010465,P0013,1,100.29,17.76
OI00018326,O0010466,P0049,1,138.63,6.37
OI00018327,O0010466,P0024,1,797.1,121.73
OI00018328,O0010467,P0051,1,77.25,3.24
OI00018329,O0010468,P0045,1,148.29,9.0
OI00018330,O0010469,P0039,1,319.39,38.71
OI00018331,O0010470,P0041,1,31.28,0.0
OI00018332,O0010471,P0043,1,44.85,0.0
OI00018333,O0010472,P0020,1,676.29,58.79
OI00018334,O0010472,P0006,1,121.75,14.36
OI00018335,O0010473,P0057,2,165.14,0.0
OI00018336,O0010474,P0019,2,686.32,0.0
OI00018337,O0010475,P0058,2,50.97,0.0
OI00018338,O0010475,P0057,1,165.39,0.0
OI00018339,O0010476,P0026,1,81.66,0.0
OI00018340,O0010476,P0048,1,93.76,0.0
OI00018341,O0010477,P0006,1,122.05,17.81
OI00018342,O0010478,P0040,2,467.4,0.0
OI00018343,O0010479,P0019,1,653.17,81.84
OI00018344,O0010480,P0023,1,119.03,0.0
OI00018345,O0010480,P0024,1,793.03,0.0
OI00018346,O0010481,P0057,1,157.33,27.64
OI00018347,O0010482,P0039,2,330.73,101.39
OI00018348,O0010483,P0019,1,684.12,0.0
OI00018349,O0010484,P0058,1,51.96,2.18
OI00018350,O0010484,P0006,1,123.96,8.04
OI00018351,O0010485,P0003,1,83.27,0.0
OI00018352,O0010485,P0008,1,85.47,0.0
OI00018353,O0010486,P0050,2,14.63,0.0
OI00018354,O0010486,P0049,1,142.27,0.0
OI00018355,O0010487,P0032,1,406.32,70.7
OI00018356,O0010487,P0059,1,61.29,5.2
OI00018357,O0010487,P0023,1,120.5,7.37
OI00018358,O0010488,P0042,1,127.67,0.0
OI00018359,O0010488,P0036,1,189.93,0.0
OI00018360,O0010489,P0015,1,63.21,5.6
OI00018361,O0010490,P0053,2,549.1,0.0
OI00018362,O0010490,P0042,1,127.83,0.0
OI00018363,O0010490,P0034,1,426.68,0.0
OI00018364,O0010490,P0038,1,268.29,0.0
OI00018365,O0010491,P0038,1,269.07,13.35
OI00018366,O0010491,P0033,2,423.04,137.65
OI00018367,O0010491,P0054,1,138.35,7.25
OI00018368,O0010492,P0057,1,160.83,0.0
OI00018369,O0010492,P0055,1,142.61,0.0
OI00018370,O0010493,P0006,1,123.77,0.0
OI00018371,O0010493,P0005,1,66.8,0.0
OI00018372,O0010494,P0045,1,146.85,0.0
OI00018373,O0010494,P0016,1,126.11,0.0
OI00018374,O0010495,P0019,1,660.5,0.0
OI00018375,O0010495,P0013,1,99.49,0.0
OI00018376,O0010495,P0045,1,149.75,0.0
OI00018377,O0010496,P0047,1,69.06,0.0
OI00018378,O0010496,P0042,1,129.99,0.0
OI00018379,O0010496,P0038,2,260.25,0.0
OI00018380,O0010497,P0040,1,473.49,0.0
OI00018381,O0010498,P0010,1,155.69,0.0
OI00018382,O0010498,P0039,1,312.17,0.0
OI00018383,O0010499,P0032,1,400.23,0.0
OI00018384,O0010500,P0050,1,14.08,0.0
OI00018385,O0010500,P0013,1,101.38,0.0
OI00018386,O0010500,P0006,1,126.36,0.0
OI00018387,O0010501,P0027,1,640.89,0.0
OI00018388,O0010502,P0053,2,540.07,0.0
OI00018389,O0010503,P0016,1,123.64,0.0
OI00018390,O0010504,P0042,1,134.35,12.05
OI00018391,O0010504,P0036,1,194.37,13.33
OI00018392,O0010504,P0023,1,120.95,6.05
OI00018393,O0010505,P0056,1,382.43,0.0
OI00018394,O0010506,P0007,1,113.37,0.0
OI00018395,O0010507,P0011,1,144.12,0.0
OI00018396,O0010507,P0042,1,129.5,0.0
OI00018397,O0010507,P0043,1,44.96,0.0
OI00018398,O0010508,P0006,1,121.33,19.21
OI00018399,O0010508,P0016,1,120.87,5.94
OI00018400,O0010509,P0016,2,124.43,0.0
OI00018401,O0010509,P0048,1,95.05,0.0
OI00018402,O0010509,P0046,1,18.7,0.0
OI00018403,O0010510,P0003,1,81.5,13.38
OI00018404,O0010511,P0042,1,134.45,0.0
OI00018405,O0010512,P0022,1,343.85,0.0
OI00018406,O0010512,P0019,1,651.18,0.0
OI00018407,O0010513,P0019,1,678.74,0.0
OI00018408,O0010513,P0052,1,404.85,0.0
OI00018409,O0010514,P0052,1,401.12,0.0
OI00018410,O0010514,P0059,1,62.53,0.0
OI00018411,O0010515,P0060,1,438.35,34.69
OI00018412,O0010515,P0005,1,66.53,9.05
OI00018413,O0010516,P0011,1,137.62,0.0
OI00018414,O0010517,P0053,1,539.87,69.38
OI00018415,O0010517,P0003,1,83.66,7.56
OI00018416,O0010517,P0027,1,648.02,52.3
OI00018417,O0010517,P0019,1,680.33,112.68
OI00018418,O0010517,P0023,1,120.73,13.52
OI00018419,O0010518,P0030,1,257.99,0.0
OI00018420,O0010518,P0013,2,102.75,0.0
OI00018421,O0010519,P0057,1,161.35,0.0
OI00018422,O0010519,P0054,1,137.42,0.0
OI00018423,O0010520,P0003,1,81.39,7.15
OI00018424,O0010520,P0016,1,125.48,20.3
OI00018425,O0010521,P0009,1,108.43,0.0
OI00018426,O0010522,P0003,1,79.44,0.0
OI00018427,O0010522,P0056,2,363.42,0.0
OI00018428,O0010523,P0005,1,66.97,4.01
OI00018429,O0010524,P0032,2,413.57,0.0
OI00018430,O0010525,P0016,1,126.99,13.97
OI00018431,O0010525,P0001,1,144.56,6.95
OI00018432,O0010525,P0003,1,79.68,8.77
OI00018433,O0010525,P0006,1,126.63,20.76
OI00018434,O0010526,P0005,2,66.16,0.0
OI00018435,O0010526,P0045,1,147.9,0.0
OI00018436,O0010526,P0014,3,133.34,0.0
OI00018437,O0010527,P0055,2,145.95,0.0
OI00018438,O0010527,P0047,1,68.96,0.0
OI00018439,O0010528,P0029,1,288.69,0.0
OI00018440,O0010528,P0011,1,140.53,0.0
OI00018441,O0010529,P0058,2,50.26,17.05
OI00018442,O0010529,P0045,1,146.29,17.77
OI00018443,O0010530,P0027,1,623.23,0.0
OI00018444,O0010530,P0029,1,289.11,0.0
OI00018445,O0010531,P0037,1,66.58,0.0
OI00018446,O0010532,P0050,1,14.54,0.0
OI00018447,O0010533,P0042,1,134.56,0.0
OI00018448,O0010533,P0040,1,479.44,0.0
OI00018449,O0010534,P0028,1,312.94,45.0
OI00018450,O0010535,P0003,2,83.04,0.0
OI00018451,O0010535,P0019,1,685.93,0.0
OI00018452,O0010536,P0025,2,607.93,0.0
OI00018453,O0010537,P0004,1,74.78,0.0
OI00018454,O0010538,P0056,1,380.29,30.76
OI00018455,O0010539,P0032,1,402.37,32.86
OI00018456,O0010539,P0041,2,31.65,10.17
OI00018457,O0010540,P0033,1,419.81,0.0
OI00018458,O0010540,P0026,1,84.31,0.0
OI00018459,O0010540,P0059,1,60.7,0.0
OI00018460,O0010540,P0016,1,124.01,0.0
OI00018461,O0010541,P0041,1,31.44,0.0
OI00018462,O0010542,P0023,1,121.02,0.0
OI00018463,O0010543,P0039,2,319.38,0.0
OI00018464,O0010544,P0009,1,111.35,0.0
OI00018465,O0010544,P0032,1,397.76,0.0
OI00018466,O0010545,P0035,1,291.02,0.0
OI00018467,O0010546,P0006,1,122.89,0.0
OI00018468,O0010547,P0043,1,46.43,7.2
OI00018469,O0010548,P0040,1,484.91,39.12
OI00018470,O0010548,P0025,1,607.21,46.38
OI00018471,O0010549,P0040,2,474.67,0.0
OI00018472,O0010550,P0023,2,124.61,0.0
OI00018473,O0010551,P0057,1,158.12,0.0
OI00018474,O0010552,P0003,2,79.31,0.0
OI00018475,O0010553,P0040,1,479.26,62.37
OI00018476,O0010554,P0021,1,84.81,0.0
OI00018477,O0010555,P0059,1,62.36,0.0
OI00018478,O0010556,P0016,1,121.02,0.0
OI00018479,O0010556,P0036,1,196.49,0.0
OI00018480,O0010557,P0005,1,65.8,0.0
OI00018481,O0010558,P0054,1,135.02,0.0
OI00018482,O0010558,P0043,1,45.02,0.0
OI00018483,O0010558,P0020,2,675.76,0.0
OI00018484,O0010559,P0002,2,82.74,0.0
OI00018485,O0010560,P0003,1,82.03,0.0
OI00018486,O0010560,P0032,1,405.32,0.0
OI00018487,O0010561,P0003,1,83.35,0.0
OI00018488,O0010561,P0001,2,146.41,0.0
OI00018489,O0010562,P0059,1,61.26,0.0
OI00018490,O0010562,P0003,1,79.83,0.0
OI00018491,O0010563,P0060,1,442.66,0.0
OI00018492,O0010563,P0052,1,407.39,0.0
OI00018493,O0010564,P0010,1,157.41,24.34
OI00018494,O0010564,P0027,1,647.22,53.12
OI00018495,O0010565,P0034,1,427.96,22.4
OI00018496,O0010566,P0039,1,330.26,0.0
OI00018497,O0010566,P0052,1,418.19,0.0
OI00018498,O0010567,P0039,1,331.12,0.0
OI00018499,O0010567,P0003,1,80.73,0.0
OI00018500,O0010567,P0018,2,358.38,0.0
OI00018501,O0010568,P0042,1,127.32,16.38
OI00018502,O0010569,P0024,1,782.05,103.5
OI00018503,O0010570,P0023,1,118.55,0.0
OI00018504,O0010571,P0001,1,149.09,12.3
OI00018505,O0010572,P0023,2,119.14,22.11
OI00018506,O0010573,P0034,1,422.62,0.0
OI00018507,O0010574,P0052,1,408.88,54.23
OI00018508,O0010575,P0003,1,83.48,0.0
OI00018509,O0010576,P0026,1,84.87,10.01
OI00018510,O0010577,P0057,1,160.31,0.0
OI00018511,O0010577,P0056,1,371.49,0.0
OI00018512,O0010578,P0005,1,67.99,3.63
OI00018513,O0010579,P0060,1,458.71,28.94
OI00018514,O0010580,P0002,1,81.39,0.0
OI00018515,O0010581,P0019,1,654.53,34.85
OI00018516,O0010581,P0056,1,381.85,21.38
OI00018517,O0010582,P0038,2,260.55,65.49
OI00018518,O0010583,P0009,1,111.87,0.0
OI00018519,O0010584,P0014,1,133.7,6.69
OI00018520,O0010585,P0017,2,157.17,49.33
OI00018521,O0010585,P0038,1,268.94,21.38
OI00018522,O0010585,P0043,1,46.74,2.03
OI00018523,O0010586,P0030,1,258.91,0.0
OI00018524,O0010586,P0051,1,75.94,0.0
OI00018525,O0010586,P0057,1,164.78,0.0
OI00018526,O0010587,P0003,1,79.19,8.13
OI00018527,O0010587,P0030,2,249.5,66.96
OI00018528,O0010587,P0009,1,114.2,10.36
OI00018529,O0010588,P0030,1,251.42,14.07
OI00018530,O0010588,P0006,1,124.38,16.7
OI00018531,O0010589,P0048,2,93.86,0.0
OI00018532,O0010590,P0039,1,316.23,0.0
OI00018533,O0010591,P0036,1,194.03,27.43
OI00018534,O0010592,P0038,1,261.15,41.13
OI00018535,O0010592,P0041,1,30.46,4.87
OI00018536,O0010592,P0029,1,300.66,49.53
OI00018537,O0010593,P0006,1,123.96,11.89
OI00018538,O0010594,P0019,1,680.85,95.71
OI00018539,O0010594,P0038,1,261.68,26.67
OI00018540,O0010595,P0011,1,141.52,24.06
OI00018541,O0010595,P0017,1,158.62,16.81
OI00018542,O0010596,P0005,1,65.53,0.0
OI00018543,O0010596,P0021,1,80.67,0.0
OI00018544,O0010597,P0010,1,157.17,16.98
OI00018545,O0010598,P0002,1,83.82,0.0
OI00018546,O0010598,P0016,1,123.77,0.0
OI00018547,O0010599,P0053,1,549.97,0.0
OI00018548,O0010599,P0001,2,146.7,0.0
OI00018549,O0010599,P0032,2,412.28,0.0
OI00018550,O0010600,P0047,1,70.61,0.0
OI00018551,O0010600,P0054,1,137.08,0.0
OI00018552,O0010601,P0056,1,375.19,0.0
OI00018553,O0010602,P0022,1,330.62,0.0
OI00018554,O0010603,P0027,1,653.74,0.0
OI00018555,O0010603,P0021,2,81.82,0.0
OI00018556,O0010604,P0035,1,286.58,42.13
OI00018557,O0010604,P0059,1,62.3,3.42
OI00018558,O0010605,P0049,1,138.37,0.0
OI00018559,O0010606,P0033,1,419.97,0.0
OI00018560,O0010607,P0001,1,141.34,0.0
OI00018561,O0010608,P0007,2,110.85,0.0
OI00018562,O0010609,P0023,1,121.9,17.8
OI00018563,O0010609,P0056,1,372.78,42.8
OI00018564,O0010610,P0006,2,123.44,0.0
OI00018565,O0010610,P0016,1,127.24,0.0
OI00018566,O0010611,P0003,1,81.47,0.0
OI00018567,O0010611,P0046,1,19.6,0.0
OI00018568,O0010612,P0042,1,134.17,0.0
OI00018569,O0010613,P0057,1,160.72,0.0
OI00018570,O0010613,P0026,1,86.09,0.0
OI00018571,O0010614,P0019,1,659.31,0.0
OI00018572,O0010614,P0057,1,163.12,0.0
OI00018573,O0010615,P0023,1,122.74,18.62
OI00018574,O0010615,P0006,1,126.33,15.65
OI00018575,O0010616,P0030,2,256.83,0.0
OI00018576,O0010616,P0006,1,126.26,0.0
OI00018577,O0010616,P0056,2,371.08,0.0
OI00018578,O0010617,P0045,2,152.51,0.0
OI00018579,O0010617,P0021,1,84.28,0.0
OI00018580,O0010618,P0027,1,620.55,47.58
OI00018581,O0010619,P0045,1,150.31,0.0
OI00018582,O0010619,P0024,1,793.62,0.0
OI00018583,O0010620,P0029,1,296.45,0.0
OI00018584,O0010620,P0031,1,28.87,0.0
OI00018585,O0010621,P0038,1,260.33,0.0
OI00018586,O0010622,P0038,1,263.05,0.0
OI00018587,O0010623,P0003,1,82.12,0.0
OI00018588,O0010624,P0036,2,191.35,43.7
OI00018589,O0010625,P0009,1,109.17,0.0
OI00018590,O0010625,P0040,1,476.08,0.0
OI00018591,O0010625,P0030,1,251.83,0.0
OI00018592,O0010626,P0041,2,31.82,0.0
OI00018593,O0010627,P0033,1,436.71,0.0
OI00018594,O0010628,P0054,1,134.65,0.0
OI00018595,O0010629,P0006,2,125.09,0.0
OI00018596,O0010630,P0050,1,14.39,0.0
OI00018597,O0010631,P0001,2,149.41,0.0
OI00018598,O0010632,P0045,1,150.54,0.0
OI00018599,O0010632,P0005,1,68.83,0.0
OI00018600,O0010633,P0029,1,289.29,0.0
OI00018601,O0010633,P0045,1,149.26,0.0
OI00018602,O0010633,P0030,1,260.99,0.0
OI00018603,O0010634,P0038,1,270.09,0.0
OI00018604,O0010635,P0036,1,187.4,0.0
OI00018605,O0010636,P0049,1,144.03,7.48
OI00018606,O0010637,P0042,1,132.74,0.0
OI00018607,O0010638,P0023,1,121.23,0.0
OI00018608,O0010638,P0003,2,82.43,0.0
OI00018609,O0010639,P0013,1,100.27,5.07
OI00018610,O0010639,P0050,1,14.31,1.23
OI00018611,O0010639,P0003,1,80.92,6.52
OI00018612,O0010640,P0004,1,77.16,3.47
OI00018613,O0010640,P0022,1,345.65,19.02
OI00018614,O0010641,P0049,1,141.1,0.0
OI00018615,O0010641,P0011,2,141.7,0.0
OI00018616,O0010642,P0057,1,157.31,0.0
OI00018617,O0010643,P0006,1,121.53,12.15
OI00018618,O0010643,P0055,1,150.06,13.16
OI00018619,O0010643,P0043,1,46.44,5.06
OI00018620,O0010643,P0052,1,419.2,71.62
OI00018621,O0010644,P0009,1,109.85,0.0
OI00018622,O0010645,P0032,1,414.14,0.0
OI00018623,O0010645,P0036,1,193.71,0.0
OI00018624,O0010645,P0009,1,108.7,0.0
OI00018625,O0010645,P0019,2,663.81,0.0
OI00018626,O0010646,P0001,1,142.51,0.0
OI00018627,O0010646,P0040,2,469.21,0.0
OI00018628,O0010647,P0046,1,18.71,1.96
OI00018629,O0010647,P0056,1,374.77,59.84
OI00018630,O0010648,P0057,1,163.61,0.0
OI00018631,O0010648,P0032,2,410.79,0.0
OI00018632,O0010649,P0005,1,66.47,6.01
OI00018633,O0010649,P0002,1,81.62,5.09
OI00018634,O0010649,P0008,1,86.79,9.98
OI00018635,O0010650,P0026,1,81.64,6.36
OI00018636,O0010650,P0042,2,129.04,28.85
OI00018637,O0010651,P0001,2,147.6,0.0
OI00018638,O0010651,P0019,1,659.58,0.0
OI00018639,O0010652,P0034,1,414.05,0.0
OI00018640,O0010653,P0012,1,28.66,0.0
OI00018641,O0010654,P0054,1,138.79,0.0
OI00018642,O0010655,P0013,2,101.99,0.0
OI00018643,O0010655,P0038,1,267.52,0.0
OI00018644,O0010655,P0006,2,123.19,0.0
OI00018645,O0010656,P0022,1,330.98,38.05
OI00018646,O0010657,P0029,2,285.36,0.0
OI00018647,O0010657,P0001,1,148.06,0.0
OI00018648,O0010658,P0019,1,688.99,0.0
OI00018649,O0010659,P0021,1,80.75,0.0
OI00018650,O0010659,P0016,1,127.34,0.0
OI00018651,O0010659,P0045,1,148.46,0.0
OI00018652,O0010660,P0035,1,288.91,0.0
OI00018653,O0010661,P0049,1,143.42,0.0
OI00018654,O0010661,P0047,1,70.76,0.0
OI00018655,O0010662,P0003,2,81.65,0.0
OI00018656,O0010663,P0027,1,635.13,94.28
OI00018657,O0010663,P0058,1,50.77,7.39
OI00018658,O0010663,P0023,1,118.53,17.85
OI00018659,O0010664,P0020,2,681.12,0.0
OI00018660,O0010665,P0005,1,68.27,0.0
OI00018661,O0010665,P0015,1,61.84,0.0
OI00018662,O0010665,P0022,1,328.12,0.0
OI00018663,O0010666,P0040,2,471.61,0.0
OI00018664,O0010666,P0016,1,122.88,0.0
OI00018665,O0010667,P0020,1,692.83,0.0
OI00018666,O0010667,P0002,1,80.48,0.0
OI00018667,O0010668,P0046,1,19.16,3.23
OI00018668,O0010669,P0016,1,127.21,0.0
OI00018669,O0010669,P0040,1,473.2,0.0
OI00018670,O0010670,P0045,1,152.3,0.0
OI00018671,O0010670,P0056,2,377.64,0.0
OI00018672,O0010671,P0020,1,663.14,55.29
OI00018673,O0010672,P0060,1,450.38,0.0
OI00018674,O0010672,P0054,1,135.84,0.0
OI00018675,O0010672,P0038,2,260.77,0.0
OI00018676,O0010672,P0028,1,320.94,0.0
OI00018677,O0010673,P0019,1,675.15,98.24
OI00018678,O0010673,P0011,2,144.57,41.12
OI00018679,O0010674,P0043,1,45.19,0.0
OI00018680,O0010675,P0005,2,68.72,0.0
OI00018681,O0010675,P0045,1,153.2,0.0
OI00018682,O0010675,P0056,1,373.94,0.0
OI00018683,O0010675,P0054,1,135.9,0.0
OI00018684,O0010675,P0047,2,68.41,0.0
OI00018685,O0010676,P0007,1,109.62,0.0
OI00018686,O0010676,P0043,1,45.33,0.0
OI00018687,O0010677,P0011,1,138.7,23.14
OI00018688,O0010677,P0020,1,684.29,62.83
OI00018689,O0010677,P0040,1,466.57,46.43
OI00018690,O0010678,P0002,1,83.68,10.86
OI00018691,O0010678,P0029,2,298.92,82.73
OI00018692,O0010679,P0038,1,269.51,0.0
OI00018693,O0010680,P0028,1,327.05,0.0
OI00018694,O0010681,P0023,1,122.76,0.0
OI00018695,O0010681,P0016,1,124.27,0.0
OI00018696,O0010682,P0013,1,103.32,0.0
OI00018697,O0010683,P0026,1,86.18,0.0
OI00018698,O0010684,P0009,2,112.03,23.36
OI00018699,O0010684,P0039,1,322.2,30.55
OI00018700,O0010684,P0060,1,436.74,63.47
OI00018701,O0010685,P0014,1,137.52,0.0
OI00018702,O0010686,P0024,1,772.82,0.0
OI00018703,O0010687,P0029,1,296.48,23.18
OI00018704,O0010688,P0038,1,273.01,0.0
OI00018705,O0010688,P0002,1,81.42,0.0
OI00018706,O0010689,P0013,1,103.46,0.0
OI00018707,O0010689,P0055,1,145.04,0.0
OI00018708,O0010689,P0016,1,122.16,0.0
OI00018709,O0010690,P0046,1,18.83,0.0
OI00018710,O0010690,P0003,1,83.48,0.0
OI00018711,O0010691,P0003,1,80.44,0.0
OI00018712,O0010691,P0006,1,126.83,0.0
OI00018713,O0010692,P0038,1,270.33,24.3
OI00018714,O0010692,P0006,1,124.02,12.43
OI00018715,O0010693,P0030,1,255.55,0.0
OI00018716,O0010694,P0045,1,146.55,22.98
OI00018717,O0010695,P0041,1,30.49,4.12
OI00018718,O0010695,P0049,1,142.47,21.61
OI00018719,O0010696,P0059,1,62.35,0.0
OI00018720,O0010697,P0003,2,82.92,8.76
OI00018721,O0010697,P0043,1,46.59,7.65
OI00018722,O0010697,P0030,1,252.56,32.07
OI00018723,O0010698,P0059,1,62.52,0.0
OI00018724,O0010699,P0056,1,372.29,0.0
OI00018725,O0010699,P0003,2,83.71,0.0
OI00018726,O0010700,P0045,1,146.99,26.13
OI00018727,O0010700,P0056,1,380.31,49.22
OI00018728,O0010701,P0049,1,140.21,0.0
OI00018729,O0010701,P0016,1,120.64,0.0
OI00018730,O0010702,P0006,1,121.28,0.0
OI00018731,O0010702,P0023,2,120.73,0.0
OI00018732,O0010703,P0006,2,123.93,22.45
OI00018733,O0010704,P0046,1,19.35,0.0
OI00018734,O0010704,P0047,1,70.44,0.0
OI00018735,O0010705,P0014,1,136.15,0.0
OI00018736,O0010706,P0036,2,193.64,59.76
OI00018737,O0010706,P0005,1,65.22,6.42
OI00018738,O0010707,P0024,1,794.94,0.0
OI00018739,O0010708,P0044,1,54.32,2.54
OI00018740,O0010709,P0006,1,128.11,0.0
OI00018741,O0010709,P0005,2,68.21,0.0
OI00018742,O0010710,P0006,1,128.06,0.0
OI00018743,O0010711,P0024,1,805.06,0.0
OI00018744,O0010711,P0047,1,68.12,0.0
OI00018745,O0010712,P0004,1,76.79,0.0
OI00018746,O0010712,P0022,2,340.61,0.0
OI00018747,O0010712,P0048,1,91.9,0.0
OI00018748,O0010713,P0029,1,296.18,0.0
OI00018749,O0010713,P0019,1,690.83,0.0
OI00018750,O0010713,P0042,1,132.9,0.0
OI00018751,O0010714,P0059,1,63.71,0.0
OI00018752,O0010715,P0046,2,18.79,0.0
OI00018753,O0010715,P0003,1,81.04,0.0
OI00018754,O0010716,P0045,1,152.08,15.88
OI00018755,O0010717,P0053,1,522.59,48.67
OI00018756,O0010717,P0008,1,89.21,15.11
OI00018757,O0010718,P0045,1,148.96,0.0
OI00018758,O0010718,P0038,1,272.77,0.0
OI00018759,O0010719,P0005,1,68.75,9.93
OI00018760,O0010720,P0006,1,126.31,0.0
OI00018761,O0010720,P0045,1,148.45,0.0
OI00018762,O0010721,P0003,1,79.51,0.0
OI00018763,O0010721,P0043,1,46.23,0.0
OI00018764,O0010722,P0001,1,144.24,0.0
OI00018765,O0010723,P0038,1,269.71,0.0
OI00018766,O0010724,P0007,1,111.23,17.31
OI00018767,O0010724,P0040,1,487.34,77.67
OI00018768,O0010724,P0050,1,14.02,0.84
OI00018769,O0010724,P0019,2,682.51,219.94
OI00018770,O0010724,P0043,1,44.87,2.92
OI00018771,O0010725,P0041,1,30.57,0.0
OI00018772,O0010726,P0015,1,63.14,0.0
OI00018773,O0010726,P0004,1,76.08,0.0
OI00018774,O0010727,P0060,1,438.54,36.81
OI00018775,O0010727,P0006,1,124.12,14.7
OI00018776,O0010727,P0050,1,14.48,1.84
OI00018777,O0010728,P0019,1,681.84,0.0
OI00018778,O0010728,P0005,1,68.4,0.0
OI00018779,O0010729,P0002,1,83.41,0.0
OI00018780,O0010729,P0060,1,441.72,0.0
OI00018781,O0010730,P0034,2,420.48,90.47
OI00018782,O0010731,P0033,1,422.61,40.11
OI00018783,O0010731,P0059,1,63.03,10.9
OI00018784,O0010732,P0031,1,28.23,0.0
OI00018785,O0010732,P0042,1,128.56,0.0
OI00018786,O0010732,P0048,1,90.74,0.0
OI00018787,O0010733,P0032,1,407.45,65.93
OI00018788,O0010733,P0038,2,267.03,54.4
OI00018789,O0010734,P0038,1,261.97,24.47
OI00018790,O0010734,P0021,1,84.93,6.81
OI00018791,O0010734,P0027,1,646.86,72.01
OI00018792,O0010735,P0018,1,359.42,27.4
OI00018793,O0010735,P0010,1,163.12,15.94
OI00018794,O0010736,P0023,1,118.68,0.0
OI00018795,O0010737,P0003,1,80.05,6.57
OI00018796,O0010738,P0034,1,424.78,76.02
OI00018797,O0010739,P0057,1,162.76,0.0
OI00018798,O0010739,P0003,1,82.02,0.0
OI00018799,O0010740,P0006,1,127.12,0.0
OI00018800,O0010740,P0037,1,66.07,0.0
OI00018801,O0010741,P0033,1,419.72,0.0
OI00018802,O0010741,P0023,2,123.68,0.0
OI00018803,O0010742,P0025,2,605.83,0.0
OI00018804,O0010742,P0054,1,138.0,0.0
OI00018805,O0010742,P0021,1,81.75,0.0
OI00018806,O0010743,P0049,1,140.32,21.84
OI00018807,O0010744,P0003,2,80.47,0.0
OI00018808,O0010745,P0047,1,68.78,0.0
OI00018809,O0010746,P0006,1,121.44,19.56
OI00018810,O0010746,P0049,1,145.5,13.03
OI00018811,O0010747,P0006,1,123.97,0.0
OI00018812,O0010747,P0003,1,80.66,0.0
OI00018813,O0010748,P0054,1,139.95,19.89
OI00018814,O0010748,P0032,1,403.85,41.52
OI00018815,O0010749,P0043,1,45.5,0.0
OI00018816,O0010750,P0038,1,273.73,0.0
OI00018817,O0010751,P0014,1,137.19,0.0
OI00018818,O0010751,P0019,1,661.92,0.0
OI00018819,O0010751,P0034,2,416.28,0.0
OI00018820,O0010752,P0016,1,126.8,0.0
OI00018821,O0010752,P0044,1,54.69,0.0
OI00018822,O0010753,P0023,1,119.79,17.11
OI00018823,O0010753,P0017,1,153.69,25.57
OI00018824,O0010754,P0060,1,459.68,27.27
OI00018825,O0010754,P0020,1,684.88,98.46
OI00018826,O0010755,P0001,1,143.71,0.0
OI00018827,O0010756,P0019,1,676.67,98.76
OI00018828,O0010756,P0008,1,85.68,12.1
OI00018829,O0010757,P0045,1,153.73,11.97
OI00018830,O0010757,P0001,1,148.74,14.11
OI00018831,O0010757,P0046,2,18.68,6.57
OI00018832,O0010758,P0006,1,123.99,7.43
OI00018833,O0010758,P0050,1,13.86,2.2
OI00018834,O0010758,P0015,1,61.96,9.77
OI00018835,O0010759,P0016,1,126.23,0.0
OI00018836,O0010759,P0022,1,338.08,0.0
OI00018837,O0010759,P0038,1,262.83,0.0
OI00018838,O0010760,P0043,2,45.49,9.42
OI00018839,O0010761,P0029,1,300.03,51.02
OI00018840,O0010762,P0005,1,66.28,0.0
OI00018841,O0010762,P0003,1,82.38,0.0
OI00018842,O0010763,P0041,1,30.71,0.0
OI00018843,O0010764,P0003,1,83.25,0.0
OI00018844,O0010764,P0057,2,163.91,0.0
OI00018845,O0010765,P0049,1,145.34,23.99
OI00018846,O0010766,P0006,1,124.68,0.0
OI00018847,O0010767,P0042,1,130.7,20.37
OI00018848,O0010768,P0056,1,366.21,0.0
OI00018849,O0010769,P0023,1,118.89,0.0
OI00018850,O0010769,P0042,1,129.6,0.0
OI00018851,O0010770,P0037,1,64.68,0.0
OI00018852,O0010771,P0006,1,125.34,0.0
OI00018853,O0010771,P0023,1,121.21,0.0
OI00018854,O0010771,P0056,1,373.53,0.0
OI00018855,O0010772,P0039,2,320.94,54.99
OI00018856,O0010772,P0047,1,69.89,11.56
OI00018857,O0010773,P0039,1,316.76,0.0
OI00018858,O0010773,P0037,1,65.4,0.0
OI00018859,O0010774,P0001,1,143.55,0.0
OI00018860,O0010775,P0025,1,609.65,0.0
OI00018861,O0010776,P0006,1,124.07,10.53
OI00018862,O0010776,P0038,1,267.95,36.41
OI00018863,O0010777,P0055,1,150.56,16.11
OI00018864,O0010777,P0030,1,254.85,13.54
OI00018865,O0010778,P0021,1,80.93,0.0
OI00018866,O0010779,P0003,1,80.32,13.12
OI00018867,O0010780,P0015,1,60.98,0.0
OI00018868,O0010781,P0022,1,334.35,0.0
OI00018869,O0010782,P0006,1,122.82,0.0
OI00018870,O0010783,P0013,1,101.05,8.7
OI00018871,O0010784,P0020,1,664.46,0.0
OI00018872,O0010784,P0056,1,364.25,0.0
OI00018873,O0010784,P0037,1,67.07,0.0
OI00018874,O0010785,P0057,1,160.47,26.79
OI00018875,O0010785,P0045,2,145.72,39.77
OI00018876,O0010786,P0058,1,51.6,5.09
OI00018877,O0010786,P0043,1,45.77,2.68
OI00018878,O0010787,P0042,1,135.07,7.91
OI00018879,O0010788,P0005,1,68.51,11.72
OI00018880,O0010788,P0033,1,435.55,27.13
OI00018881,O0010789,P0006,1,124.57,17.97
OI00018882,O0010790,P0024,1,782.04,37.96
OI00018883,O0010790,P0060,1,447.74,21.47
OI00018884,O0010791,P0030,1,247.07,0.0
OI00018885,O0010792,P0005,2,65.56,0.0
OI00018886,O0010792,P0016,1,120.37,0.0
OI00018887,O0010792,P0038,1,265.11,0.0
OI00018888,O0010792,P0050,1,14.19,0.0
OI00018889,O0010793,P0035,1,283.33,0.0
OI00018890,O0010793,P0047,2,69.21,0.0
OI00018891,O0010794,P0003,2,80.86,0.0
OI00018892,O0010794,P0054,1,135.28,0.0
OI00018893,O0010795,P0056,1,381.74,0.0
OI00018894,O0010795,P0003,1,81.67,0.0
OI00018895,O0010796,P0038,1,269.25,0.0
OI00018896,O0010797,P0033,1,424.6,0.0
OI00018897,O0010798,P0023,1,123.93,15.85
OI00018898,O0010798,P0052,1,418.17,20.57
OI00018899,O0010799,P0045,2,149.55,0.0
OI00018900,O0010799,P0012,1,28.52,0.0
OI00018901,O0010799,P0046,1,19.23,0.0
OI00018902,O0010800,P0059,1,60.84,0.0
OI00018903,O0010801,P0024,1,799.95,0.0
OI00018904,O0010801,P0039,1,327.94,0.0
OI00018905,O0010802,P0001,1,142.94,0.0
OI00018906,O0010803,P0038,1,274.02,0.0
OI00018907,O0010804,P0001,1,144.76,0.0
OI00018908,O0010804,P0024,1,801.59,0.0
OI00018909,O0010805,P0024,2,782.98,0.0
OI00018910,O0010806,P0056,1,363.53,46.14
OI00018911,O0010807,P0058,1,50.68,0.0
OI00018912,O0010807,P0019,1,661.04,0.0
OI00018913,O0010807,P0017,1,153.2,0.0
OI00018914,O0010808,P0015,1,63.35,10.14
OI00018915,O0010809,P0019,1,682.16,0.0
OI00018916,O0010809,P0045,2,149.17,0.0
OI00018917,O0010809,P0046,2,19.25,0.0
OI00018918,O0010809,P0059,1,61.44,0.0
OI00018919,O0010810,P0017,1,159.05,0.0
OI00018920,O0010811,P0005,1,65.51,0.0
OI00018921,O0010811,P0038,1,264.12,0.0
OI00018922,O0010811,P0045,1,150.49,0.0
OI00018923,O0010812,P0032,2,420.1,59.07
OI00018924,O0010812,P0060,2,447.5,155.01
OI00018925,O0010813,P0034,1,420.86,0.0
OI00018926,O0010814,P0019,1,683.13,0.0
OI00018927,O0010815,P0042,1,130.21,18.38
OI00018928,O0010815,P0004,1,76.31,10.49
OI00018929,O0010815,P0020,1,666.22,96.2
OI00018930,O0010816,P0059,1,60.69,0.0
OI00018931,O0010817,P0010,1,162.79,0.0
OI00018932,O0010818,P0049,1,142.08,15.02
OI00018933,O0010819,P0044,1,52.76,0.0
OI00018934,O0010819,P0030,1,249.41,0.0
OI00018935,O0010820,P0020,2,677.74,221.23
OI00018936,O0010820,P0029,2,295.84,33.13
OI00018937,O0010821,P0038,1,274.07,48.3
OI00018938,O0010822,P0048,1,93.42,3.93
OI00018939,O0010822,P0038,1,272.97,26.99
OI00018940,O0010823,P0024,1,792.37,68.54
OI00018941,O0010823,P0042,1,129.46,22.34
OI00018942,O0010823,P0013,1,104.06,5.16
OI00018943,O0010824,P0009,1,112.47,0.0
OI00018944,O0010824,P0003,1,81.38,0.0
OI00018945,O0010825,P0026,1,83.71,0.0
OI00018946,O0010826,P0052,1,405.5,55.08
OI00018947,O0010827,P0020,1,686.09,0.0
OI00018948,O0010827,P0028,2,311.65,0.0
OI00018949,O0010827,P0038,1,271.86,0.0
OI00018950,O0010828,P0035,1,279.76,25.94
OI00018951,O0010829,P0057,1,158.06,18.39
OI00018952,O0010830,P0049,1,145.48,0.0
OI00018953,O0010830,P0019,1,651.34,0.0
OI00018954,O0010831,P0034,2,414.95,0.0
OI00018955,O0010832,P0003,1,80.9,0.0
OI00018956,O0010832,P0060,1,444.42,0.0
OI00018957,O0010833,P0060,1,451.52,0.0
OI00018958,O0010834,P0034,1,411.67,69.28
OI00018959,O0010834,P0037,1,67.05,8.51
OI00018960,O0010835,P0038,1,271.83,20.6
OI00018961,O0010835,P0006,1,125.47,21.86
OI00018962,O0010836,P0038,1,273.25,34.59
OI00018963,O0010837,P0041,1,31.14,0.0
OI00018964,O0010837,P0045,1,152.31,0.0
OI00018965,O0010838,P0045,1,151.25,0.0
OI00018966,O0010839,P0005,1,66.64,0.0
OI00018967,O0010840,P0059,1,62.52,0.0
OI00018968,O0010841,P0052,1,406.26,34.09
OI00018969,O0010842,P0019,1,655.11,56.09
OI00018970,O0010843,P0013,1,103.82,0.0
OI00018971,O0010844,P0016,1,121.78,0.0
OI00018972,O0010845,P0004,1,77.36,0.0
OI00018973,O0010845,P0046,1,18.78,0.0
OI00018974,O0010846,P0011,1,141.62,0.0
OI00018975,O0010847,P0003,1,81.59,0.0
OI00018976,O0010848,P0045,1,147.47,10.6
OI00018977,O0010849,P0046,1,18.66,0.0
OI00018978,O0010850,P0049,1,138.4,14.37
OI00018979,O0010851,P0056,1,380.5,44.86
OI00018980,O0010851,P0039,1,317.33,47.02
OI00018981,O0010852,P0020,2,688.43,0.0
OI00018982,O0010852,P0021,1,85.05,0.0
OI00018983,O0010853,P0005,1,68.61,0.0
OI00018984,O0010854,P0027,1,643.13,63.95
OI00018985,O0010854,P0056,1,380.75,66.29
OI00018986,O0010855,P0009,1,110.58,0.0
OI00018987,O0010855,P0006,1,125.62,0.0
OI00018988,O0010855,P0007,1,107.59,0.0
OI00018989,O0010855,P0036,1,196.07,0.0
OI00018990,O0010856,P0016,1,123.67,5.66
OI00018991,O0010857,P0002,1,80.41,0.0
OI00018992,O0010858,P0021,1,81.68,4.59
OI00018993,O0010859,P0054,1,137.3,0.0
OI00018994,O0010859,P0011,2,142.11,0.0
OI00018995,O0010860,P0031,1,27.89,0.0
OI00018996,O0010861,P0006,2,126.43,0.0
OI00018997,O0010861,P0003,1,81.41,0.0
OI00018998,O0010862,P0028,1,320.57,0.0
OI00018999,O0010862,P0043,1,45.0,0.0
OI00019000,O0010863,P0033,1,435.61,0.0
OI00019001,O0010863,P0001,1,145.91,0.0
OI00019002,O0010863,P0005,1,65.92,0.0
OI00019003,O0010864,P0032,1,400.3,46.57
OI00019004,O0010865,P0017,1,150.66,0.0
OI00019005,O0010865,P0039,1,322.16,0.0
OI00019006,O0010866,P0028,1,314.21,0.0
OI00019007,O0010866,P0006,1,127.05,0.0
OI00019008,O0010867,P0014,2,135.02,0.0
OI00019009,O0010867,P0045,1,147.68,0.0
OI00019010,O0010867,P0046,1,19.25,0.0
OI00019011,O0010868,P0005,1,67.58,0.0
OI00019012,O0010869,P0022,1,342.27,0.0
OI00019013,O0010870,P0048,1,91.14,15.96
OI00019014,O0010871,P0021,1,83.95,0.0
OI00019015,O0010872,P0026,1,82.8,0.0
OI00019016,O0010872,P0060,1,448.55,0.0
OI00019017,O0010873,P0016,1,125.5,0.0
OI00019018,O0010873,P0042,1,127.28,0.0
OI00019019,O0010873,P0021,2,82.52,0.0
OI00019020,O0010874,P0029,1,298.38,40.36
OI00019021,O0010875,P0058,1,50.76,5.88
OI00019022,O0010875,P0049,1,146.07,11.25
OI00019023,O0010875,P0041,1,31.32,2.16
OI00019024,O0010876,P0032,1,409.82,0.0
OI00019025,O0010876,P0001,1,149.53,0.0
OI00019026,O0010877,P0031,1,28.71,0.0
OI00019027,O0010877,P0025,1,631.7,0.0
OI00019028,O0010878,P0003,1,80.78,0.0
OI00019029,O0010879,P0005,1,68.86,0.0
OI00019030,O0010880,P0038,2,261.55,0.0
OI00019031,O0010881,P0001,1,149.43,0.0
OI00019032,O0010882,P0041,1,30.65,0.0
OI00019033,O0010882,P0017,1,153.77,0.0
OI00019034,O0010883,P0019,1,689.72,92.43
OI00019035,O0010884,P0059,1,61.46,0.0
OI00019036,O0010884,P0031,1,27.76,0.0
OI00019037,O0010884,P0036,1,194.74,0.0
OI00019038,O0010885,P0024,1,776.7,106.47
OI00019039,O0010885,P0030,1,247.01,11.22
OI00019040,O0010885,P0023,2,124.79,41.51
OI00019041,O0010885,P0036,1,194.54,27.72
OI00019042,O0010886,P0009,1,109.38,0.0
OI00019043,O0010887,P0021,1,84.29,0.0
OI00019044,O0010888,P0023,1,120.78,0.0
OI00019045,O0010889,P0022,1,343.7,0.0
OI00019046,O0010890,P0060,1,446.06,0.0
OI00019047,O0010890,P0019,1,688.31,0.0
OI00019048,O0010890,P0026,1,83.7,0.0
OI00019049,O0010891,P0023,1,124.21,0.0
OI00019050,O0010892,P0002,1,83.07,0.0
OI00019051,O0010892,P0006,1,124.94,0.0
OI00019052,O0010892,P0056,1,365.37,0.0
OI00019053,O0010893,P0031,1,27.68,0.0
OI00019054,O0010894,P0030,1,255.36,30.68
OI00019055,O0010894,P0049,1,142.5,20.59
OI00019056,O0010895,P0009,1,109.94,0.0
OI00019057,O0010895,P0055,1,144.88,0.0
OI00019058,O0010896,P0001,1,146.12,0.0
OI00019059,O0010897,P0060,1,440.05,0.0
OI00019060,O0010897,P0034,1,416.89,0.0
OI00019061,O0010897,P0022,1,342.1,0.0
OI00019062,O0010898,P0006,1,126.38,0.0
OI00019063,O0010898,P0057,1,159.35,0.0
OI00019064,O0010899,P0005,1,65.48,0.0
OI00019065,O0010899,P0054,1,133.02,0.0
OI00019066,O0010900,P0001,1,141.47,0.0
OI00019067,O0010901,P0039,1,331.14,0.0
OI00019068,O0010902,P0003,1,81.78,6.44
OI00019069,O0010902,P0044,2,52.14,14.41
OI00019070,O0010903,P0008,1,88.06,12.45
OI00019071,O0010903,P0025,1,635.96,113.06
OI00019072,O0010904,P0029,1,290.48,45.62
OI00019073,O0010904,P0021,1,84.44,7.23
OI00019074,O0010904,P0059,2,63.74,14.23
OI00019075,O0010904,P0039,1,324.73,34.38
OI00019076,O0010904,P0006,1,122.58,5.58
OI00019077,O0010905,P0038,1,267.88,0.0
OI00019078,O0010905,P0021,1,84.83,0.0
OI00019079,O0010905,P0013,1,102.74,0.0
OI00019080,O0010906,P0045,1,150.53,24.51
OI00019081,O0010907,P0029,1,293.89,13.05
OI00019082,O0010908,P0032,1,405.71,0.0
OI00019083,O0010909,P0016,1,126.67,12.01
OI00019084,O0010909,P0054,2,139.74,23.68
OI00019085,O0010910,P0019,1,668.61,0.0
OI00019086,O0010910,P0028,1,310.63,0.0
OI00019087,O0010911,P0038,2,266.43,0.0
OI00019088,O0010912,P0016,1,123.18,19.79
OI00019089,O0010913,P0038,2,261.51,0.0
OI00019090,O0010914,P0025,1,628.12,0.0
OI00019091,O0010915,P0031,1,28.72,0.0
OI00019092,O0010916,P0038,1,262.04,0.0
OI00019093,O0010916,P0025,1,609.83,0.0
OI00019094,O0010917,P0020,1,673.1,0.0
OI00019095,O0010917,P0001,2,148.59,0.0
OI00019096,O0010918,P0037,1,64.96,0.0
OI00019097,O0010918,P0038,2,269.29,0.0
OI00019098,O0010919,P0024,1,797.47,0.0
OI00019099,O0010919,P0059,1,62.76,0.0
OI00019100,O0010920,P0020,2,659.12,0.0
OI00019101,O0010920,P0038,1,264.78,0.0
OI00019102,O0010921,P0040,1,468.27,0.0
OI00019103,O0010922,P0009,2,108.72,27.09
OI00019104,O0010923,P0035,1,283.24,0.0
OI00019105,O0010924,P0050,1,13.87,0.0
OI00019106,O0010924,P0035,2,293.13,0.0
OI00019107,O0010924,P0059,1,63.62,0.0
OI00019108,O0010925,P0011,1,139.79,0.0
OI00019109,O0010925,P0056,1,372.63,0.0
OI00019110,O0010926,P0006,2,125.38,37.82
OI00019111,O0010927,P0004,1,77.35,10.16
OI00019112,O0010928,P0038,2,270.17,74.81
OI00019113,O0010928,P0016,2,124.57,38.44
OI00019114,O0010929,P0006,1,127.89,10.02
OI00019115,O0010929,P0023,1,124.51,13.15
OI00019116,O0010930,P0059,1,63.13,7.71
OI00019117,O0010930,P0032,1,408.88,53.08
OI00019118,O0010931,P0029,2,292.23,0.0
OI00019119,O0010931,P0001,1,149.0,0.0
OI00019120,O0010932,P0019,1,671.41,104.25
OI00019121,O0010933,P0028,1,317.35,0.0
OI00019122,O0010933,P0011,1,137.06,0.0
OI00019123,O0010933,P0032,1,414.39,0.0
OI00019124,O0010934,P0005,1,66.01,0.0
OI00019125,O0010935,P0022,1,336.28,0.0
OI00019126,O0010935,P0024,2,769.07,0.0
OI00019127,O0010936,P0023,2,119.17,33.12
OI00019128,O0010937,P0026,1,85.16,0.0
OI00019129,O0010938,P0015,1,60.45,0.0
OI00019130,O0010938,P0033,1,437.9,0.0
OI00019131,O0010938,P0011,1,137.53,0.0
OI00019132,O0010939,P0010,2,155.81,0.0
OI00019133,O0010940,P0041,1,30.15,3.97
OI00019134,O0010941,P0003,1,82.4,12.35
OI00019135,O0010942,P0043,2,45.48,0.0
OI00019136,O0010943,P0018,1,356.88,0.0
OI00019137,O0010943,P0017,1,159.27,0.0
OI00019138,O0010943,P0023,1,119.29,0.0
OI00019139,O0010944,P0029,1,293.93,0.0
OI00019140,O0010944,P0002,2,82.5,0.0
OI00019141,O0010945,P0035,1,288.63,0.0
OI00019142,O0010945,P0031,1,28.49,0.0
OI00019143,O0010945,P0013,1,102.22,0.0
OI00019144,O0010946,P0046,1,19.61,0.0
OI00019145,O0010946,P0020,1,688.75,0.0
OI00019146,O0010946,P0011,1,144.18,0.0
OI00019147,O0010947,P0019,2,685.92,156.86
OI00019148,O0010947,P0055,1,145.88,24.21
OI00019149,O0010948,P0035,1,277.55,24.98
OI00019150,O0010949,P0014,2,132.25,0.0
OI00019151,O0010950,P0051,2,74.18,0.0
OI00019152,O0010951,P0044,2,53.57,0.0
OI00019153,O0010951,P0024,1,783.38,0.0
OI00019154,O0010951,P0004,1,77.47,0.0
OI00019155,O0010952,P0052,1,418.31,0.0
OI00019156,O0010953,P0027,1,621.97,0.0
OI00019157,O0010953,P0005,1,67.87,0.0
OI00019158,O0010953,P0057,1,164.88,0.0
OI00019159,O0010954,P0020,2,695.56,0.0
OI00019160,O0010955,P0006,2,124.32,0.0
OI00019161,O0010955,P0024,2,765.82,0.0
OI00019162,O0010956,P0020,1,682.04,0.0
OI00019163,O0010956,P0059,1,60.5,0.0
OI00019164,O0010957,P0038,1,270.13,28.3
OI00019165,O0010957,P0041,2,31.79,10.38
OI00019166,O0010958,P0024,1,781.01,47.8
OI00019167,O0010958,P0029,1,289.19,20.9
OI00019168,O0010959,P0038,1,271.2,17.04
OI00019169,O0010959,P0045,1,152.67,11.63
OI00019170,O0010959,P0021,1,85.19,11.86
OI00019171,O0010960,P0054,2,136.99,0.0
OI00019172,O0010960,P0038,1,275.92,0.0
OI00019173,O0010960,P0030,1,249.57,0.0
OI00019174,O0010960,P0055,2,146.04,0.0
OI00019175,O0010961,P0039,1,312.76,0.0
OI00019176,O0010962,P0047,1,69.1,0.0
OI00019177,O0010962,P0041,1,30.55,0.0
OI00019178,O0010963,P0030,1,249.19,0.0
OI00019179,O0010963,P0028,2,326.22,0.0
OI00019180,O0010964,P0016,1,123.7,17.6
OI00019181,O0010965,P0020,1,686.35,0.0
OI00019182,O0010966,P0038,2,270.49,56.68
OI00019183,O0010967,P0041,1,30.42,3.82
OI00019184,O0010968,P0005,1,65.17,0.0
OI00019185,O0010968,P0006,1,127.89,0.0
OI00019186,O0010969,P0006,1,122.52,0.0
OI00019187,O0010969,P0043,1,46.2,0.0
OI00019188,O0010969,P0001,1,143.75,0.0
OI00019189,O0010969,P0025,1,637.36,0.0
OI00019190,O0010970,P0005,1,68.55,0.0
OI00019191,O0010970,P0041,1,31.73,0.0
OI00019192,O0010971,P0060,1,455.4,43.3
OI00019193,O0010971,P0038,1,267.66,14.26
OI00019194,O0010972,P0038,1,265.45,0.0
OI00019195,O0010973,P0034,1,436.59,0.0
OI00019196,O0010974,P0029,1,283.54,0.0
OI00019197,O0010974,P0049,1,144.51,0.0
OI00019198,O0010975,P0034,1,431.18,0.0
OI00019199,O0010975,P0057,2,164.75,0.0
OI00019200,O0010976,P0040,1,482.77,0.0
OI00019201,O0010976,P0014,1,131.7,0.0
OI00019202,O0010976,P0052,1,420.71,0.0
OI00019203,O0010976,P0045,2,145.76,0.0
OI00019204,O0010977,P0046,1,19.49,2.17
OI00019205,O0010977,P0020,1,670.68,62.28
OI00019206,O0010978,P0017,1,158.61,0.0
OI00019207,O0010979,P0016,1,125.55,6.76
OI00019208,O0010980,P0027,1,626.21,0.0
OI00019209,O0010981,P0009,1,112.56,14.37
OI00019210,O0010981,P0050,1,13.87,1.56
OI00019211,O0010981,P0038,1,269.64,13.94
OI00019212,O0010982,P0003,1,82.6,0.0
OI00019213,O0010982,P0004,1,75.35,0.0
OI00019214,O0010983,P0001,1,141.04,18.53
OI00019215,O0010983,P0008,1,87.73,11.19
OI00019216,O0010984,P0038,1,275.81,0.0
OI00019217,O0010985,P0050,1,13.85,2.27
OI00019218,O0010986,P0007,2,107.81,24.68
OI00019219,O0010987,P0005,1,67.09,0.0
OI00019220,O0010988,P0017,1,150.51,0.0
OI00019221,O0010989,P0045,1,152.94,0.0
OI00019222,O0010989,P0038,1,265.57,0.0
OI00019223,O0010990,P0025,1,620.5,95.88
OI00019224,O0010990,P0010,1,160.78,16.34
OI00019225,O0010991,P0045,1,153.48,0.0
OI00019226,O0010992,P0043,1,45.06,7.19
OI00019227,O0010992,P0011,1,137.92,13.72
OI00019228,O0010993,P0002,1,79.94,0.0
OI00019229,O0010993,P0003,1,82.95,0.0
OI00019230,O0010993,P0032,2,420.98,0.0
OI00019231,O0010993,P0022,1,344.92,0.0
OI00019232,O0010994,P0017,1,150.76,0.0
OI00019233,O0010995,P0013,1,98.95,0.0
OI00019234,O0010996,P0029,1,288.44,0.0
OI00019235,O0010997,P0036,1,188.6,0.0
OI00019236,O0010997,P0026,1,85.6,0.0
OI00019237,O0010997,P0040,2,486.73,0.0
OI00019238,O0010998,P0020,1,669.41,71.65
OI00019239,O0010999,P0006,1,127.96,11.72
OI00019240,O0010999,P0060,1,445.62,50.5
OI00019241,O0010999,P0034,2,417.53,56.67
OI00019242,O0011000,P0001,2,149.22,38.62
OI00019243,O0011000,P0014,1,138.0,15.85
OI00019244,O0011000,P0003,2,80.3,27.14
OI00019245,O0011000,P0006,2,124.23,24.1
OI00019246,O0011001,P0001,1,148.05,0.0
OI00019247,O0011001,P0045,1,147.47,0.0
OI00019248,O0011001,P0028,2,321.78,0.0
OI00019249,O0011002,P0028,1,325.3,0.0
OI00019250,O0011002,P0026,1,83.53,0.0
OI00019251,O0011002,P0001,1,142.4,0.0
OI00019252,O0011002,P0020,1,695.33,0.0
OI00019253,O0011003,P0054,1,140.19,0.0
OI00019254,O0011003,P0020,1,691.15,0.0
OI00019255,O0011003,P0023,1,122.6,0.0
OI00019256,O0011004,P0040,1,493.58,72.6
OI00019257,O0011004,P0043,1,46.34,3.74
OI00019258,O0011005,P0019,2,669.47,0.0
OI00019259,O0011005,P0022,1,338.91,0.0
OI00019260,O0011005,P0038,1,269.76,0.0
OI00019261,O0011006,P0015,1,63.16,0.0
OI00019262,O0011006,P0060,1,446.11,0.0
OI00019263,O0011007,P0045,1,149.24,24.57
OI00019264,O0011007,P0024,1,781.86,104.69
OI00019265,O0011008,P0020,1,674.07,0.0
OI00019266,O0011009,P0041,1,31.51,0.0
OI00019267,O0011009,P0015,1,62.06,0.0
OI00019268,O0011009,P0002,1,82.06,0.0
OI00019269,O0011009,P0036,2,187.77,0.0
OI00019270,O0011009,P0019,1,676.55,0.0
OI00019271,O0011010,P0003,1,83.32,0.0
OI00019272,O0011010,P0024,1,794.8,0.0
OI00019273,O0011010,P0017,1,152.22,0.0
OI00019274,O0011010,P0023,2,118.73,0.0
OI00019275,O0011011,P0055,2,150.96,52.78
OI00019276,O0011012,P0046,1,19.11,0.0
OI00019277,O0011013,P0005,1,68.3,0.0
OI00019278,O0011014,P0001,1,146.86,0.0
OI00019279,O0011015,P0003,1,81.0,12.19
OI00019280,O0011016,P0036,1,189.6,23.05
OI00019281,O0011017,P0003,2,80.08,8.81
OI00019282,O0011018,P0022,1,331.59,17.24
OI00019283,O0011018,P0002,1,83.53,14.68
OI00019284,O0011019,P0060,2,440.91,143.47
OI00019285,O0011019,P0059,1,63.53,8.57
OI00019286,O0011020,P0013,1,101.54,0.0
OI00019287,O0011021,P0030,1,252.51,0.0
OI00019288,O0011021,P0006,1,125.23,0.0
OI00019289,O0011022,P0043,1,46.73,0.0
OI00019290,O0011023,P0029,1,287.22,0.0
OI00019291,O0011023,P0039,1,312.51,0.0
OI00019292,O0011024,P0024,1,789.07,0.0
OI00019293,O0011025,P0038,1,262.16,31.53
OI00019294,O0011026,P0005,1,66.24,4.22
OI00019295,O0011026,P0049,1,143.37,10.74
OI00019296,O0011027,P0055,1,143.26,15.66
OI00019297,O0011027,P0001,1,145.89,6.2
OI00019298,O0011028,P0041,1,31.7,2.61
OI00019299,O0011029,P0047,1,68.84,0.0
OI00019300,O0011029,P0001,1,146.49,0.0
OI00019301,O0011030,P0005,1,65.14,0.0
OI00019302,O0011030,P0029,1,296.41,0.0
OI00019303,O0011031,P0027,1,619.07,104.67
OI00019304,O0011031,P0030,1,248.76,20.7
OI00019305,O0011031,P0041,1,30.23,2.06
OI00019306,O0011031,P0020,1,668.05,43.64
OI00019307,O0011032,P0005,1,66.59,0.0
OI00019308,O0011032,P0026,1,84.16,0.0
OI00019309,O0011033,P0032,1,417.08,53.77
OI00019310,O0011033,P0004,1,78.01,10.8
OI00019311,O0011034,P0022,2,340.62,0.0
OI00019312,O0011035,P0016,2,125.39,30.14
OI00019313,O0011035,P0038,1,275.6,42.63
OI00019314,O0011036,P0008,1,85.04,0.0
OI00019315,O0011037,P0050,1,14.56,1.58
OI00019316,O0011037,P0032,1,417.06,45.79
OI00019317,O0011037,P0049,1,140.04,22.18
OI00019318,O0011038,P0021,2,84.65,0.0
OI00019319,O0011038,P0036,2,191.18,0.0
OI00019320,O0011038,P0011,1,144.41,0.0
OI00019321,O0011038,P0020,2,674.59,0.0
OI00019322,O0011039,P0037,1,63.31,0.0
OI00019323,O0011039,P0054,1,140.25,0.0
OI00019324,O0011039,P0020,2,698.23,0.0
OI00019325,O0011040,P0004,1,75.9,8.56
OI00019326,O0011041,P0049,1,145.18,10.33
OI00019327,O0011042,P0023,1,119.74,12.56
OI00019328,O0011042,P0032,1,413.36,25.86
OI00019329,O0011042,P0003,1,81.02,3.76
OI00019330,O0011043,P0059,1,60.62,0.0
OI00019331,O0011044,P0026,1,83.19,0.0
OI00019332,O0011044,P0003,1,83.17,0.0
OI00019333,O0011045,P0048,1,93.31,9.29
OI00019334,O0011046,P0015,2,61.67,0.0
OI00019335,O0011046,P0055,1,142.56,0.0
OI00019336,O0011047,P0038,1,266.29,38.28
OI00019337,O0011047,P0045,1,147.68,7.16
OI00019338,O0011048,P0057,2,160.17,0.0
OI00019339,O0011049,P0020,1,673.77,31.47
OI00019340,O0011050,P0053,1,529.76,0.0
OI00019341,O0011050,P0014,1,136.25,0.0
OI00019342,O0011050,P0057,1,164.71,0.0
OI00019343,O0011051,P0019,1,685.17,0.0
OI00019344,O0011051,P0049,1,142.17,0.0
OI00019345,O0011052,P0043,1,44.53,0.0
OI00019346,O0011053,P0038,2,275.68,70.76
OI00019347,O0011054,P0059,1,62.29,0.0
OI00019348,O0011055,P0038,1,267.99,24.13
OI00019349,O0011055,P0032,1,421.62,24.72
OI00019350,O0011056,P0048,2,92.47,0.0
OI00019351,O0011056,P0024,1,792.52,0.0
OI00019352,O0011057,P0018,2,365.09,0.0
OI00019353,O0011057,P0057,1,160.99,0.0
OI00019354,O0011057,P0002,1,80.97,0.0
OI00019355,O0011058,P0026,1,85.4,0.0
OI00019356,O0011059,P0052,1,403.37,0.0
OI00019357,O0011059,P0002,1,81.11,0.0
OI00019358,O0011060,P0029,2,292.16,0.0
OI00019359,O0011061,P0011,1,140.27,0.0
OI00019360,O0011061,P0017,1,154.16,0.0
OI00019361,O0011062,P0055,2,149.39,0.0
OI00019362,O0011063,P0019,1,658.01,29.53
OI00019363,O0011064,P0029,1,290.74,0.0
OI00019364,O0011065,P0040,1,484.83,0.0
OI00019365,O0011066,P0017,1,151.62,0.0
OI00019366,O0011066,P0043,1,45.67,0.0
OI00019367,O0011066,P0055,1,144.33,0.0
OI00019368,O0011067,P0001,1,147.38,0.0
OI00019369,O0011067,P0034,1,430.78,0.0
OI00019370,O0011068,P0056,1,378.73,0.0
OI00019371,O0011068,P0032,1,410.04,0.0
OI00019372,O0011068,P0038,1,268.29,0.0
OI00019373,O0011069,P0045,1,148.64,0.0
OI00019374,O0011069,P0013,1,98.54,0.0
OI00019375,O0011069,P0035,1,288.38,0.0
OI00019376,O0011070,P0038,1,270.65,0.0
OI00019377,O0011071,P0001,1,148.68,0.0
OI00019378,O0011071,P0029,1,283.83,0.0
OI00019379,O0011072,P0003,1,82.31,0.0
OI00019380,O0011073,P0003,1,81.68,0.0
OI00019381,O0011073,P0018,1,376.01,0.0
OI00019382,O0011073,P0045,1,149.57,0.0
OI00019383,O0011074,P0045,1,151.33,23.26
OI00019384,O0011075,P0017,1,154.45,0.0
OI00019385,O0011076,P0038,1,272.42,39.82
OI00019386,O0011077,P0060,1,437.52,0.0
OI00019387,O0011077,P0041,1,30.56,0.0
OI00019388,O0011077,P0039,1,324.81,0.0
OI00019389,O0011077,P0014,1,132.33,0.0
OI00019390,O0011078,P0054,1,135.53,16.33
OI00019391,O0011079,P0029,1,298.76,0.0
OI00019392,O0011079,P0060,1,451.5,0.0
OI00019393,O0011079,P0006,1,125.64,0.0
OI00019394,O0011080,P0004,1,78.63,0.0
OI00019395,O0011080,P0042,1,128.89,0.0
OI00019396,O0011080,P0038,1,272.93,0.0
OI00019397,O0011080,P0008,1,88.4,0.0
OI00019398,O0011081,P0043,1,46.65,0.0
OI00019399,O0011081,P0002,1,81.63,0.0
OI00019400,O0011081,P0033,1,423.98,0.0
OI00019401,O0011082,P0036,2,193.52,0.0
OI00019402,O0011083,P0008,1,88.86,0.0
OI00019403,O0011084,P0038,1,270.46,38.34
OI00019404,O0011084,P0039,1,328.64,36.3
OI00019405,O0011085,P0038,1,275.35,32.22
OI00019406,O0011085,P0001,2,146.58,20.75
OI00019407,O0011086,P0034,1,421.12,0.0
OI00019408,O0011086,P0050,2,13.87,0.0
OI00019409,O0011087,P0038,1,260.41,0.0
OI00019410,O0011088,P0043,1,45.48,0.0
OI00019411,O0011089,P0045,1,149.29,0.0
OI00019412,O0011090,P0054,1,134.89,18.9
OI00019413,O0011090,P0024,2,766.37,212.23
OI00019414,O0011091,P0026,1,82.56,0.0
OI00019415,O0011091,P0054,1,134.58,0.0
OI00019416,O0011092,P0038,1,260.67,23.41
OI00019417,O0011093,P0001,1,146.22,15.84
OI00019418,O0011093,P0024,1,797.73,93.08
OI00019419,O0011093,P0020,2,665.12,61.68
OI00019420,O0011093,P0023,1,122.93,6.3
OI00019421,O0011094,P0011,1,142.11,0.0
OI00019422,O0011094,P0038,1,274.36,0.0
OI00019423,O0011095,P0019,1,662.21,0.0
OI00019424,O0011095,P0002,1,81.84,0.0
OI00019425,O0011096,P0046,2,19.52,0.0
OI00019426,O0011096,P0024,1,787.51,0.0
OI00019427,O0011097,P0019,1,653.9,107.03
OI00019428,O0011097,P0002,1,79.69,11.53
OI00019429,O0011098,P0006,1,121.84,0.0
OI00019430,O0011099,P0017,1,156.78,17.79
OI00019431,O0011099,P0016,1,127.17,6.05
OI00019432,O0011100,P0050,2,14.13,0.0
OI00019433,O0011101,P0038,1,264.52,0.0
OI00019434,O0011102,P0010,1,157.56,0.0
OI00019435,O0011102,P0020,2,670.16,0.0
OI00019436,O0011103,P0025,1,602.22,0.0
OI00019437,O0011103,P0039,1,329.73,0.0
OI00019438,O0011104,P0050,1,13.86,0.0
OI00019439,O0011104,P0019,2,680.66,0.0
OI00019440,O0011105,P0043,1,45.38,7.5
OI00019441,O0011106,P0060,1,440.4,48.98
OI00019442,O0011106,P0042,1,131.24,13.59
OI00019443,O0011107,P0024,1,778.98,123.55
OI00019444,O0011108,P0012,1,28.54,0.0
OI00019445,O0011109,P0003,1,80.72,3.38
OI00019446,O0011110,P0032,1,402.94,0.0
OI00019447,O0011110,P0003,2,79.93,0.0
OI00019448,O0011110,P0043,1,45.32,0.0
OI00019449,O0011111,P0025,1,601.79,0.0
OI00019450,O0011111,P0055,2,142.51,0.0
OI00019451,O0011112,P0038,1,273.27,0.0
OI00019452,O0011113,P0038,1,267.35,0.0
OI00019453,O0011114,P0046,1,18.61,0.0
OI00019454,O0011115,P0020,2,671.88,187.99
OI00019455,O0011115,P0045,1,151.33,19.58
OI00019456,O0011116,P0043,2,46.31,0.0
OI00019457,O0011116,P0039,2,328.55,0.0
OI00019458,O0011117,P0028,1,317.19,0.0
OI00019459,O0011117,P0005,1,68.4,0.0
OI00019460,O0011118,P0034,1,431.83,43.0
OI00019461,O0011119,P0024,1,788.3,0.0
OI00019462,O0011120,P0001,2,141.43,15.11
OI00019463,O0011121,P0033,1,421.48,0.0
OI00019464,O0011122,P0029,1,295.99,0.0
OI00019465,O0011123,P0009,2,109.86,34.5
OI00019466,O0011123,P0050,1,14.52,1.58
OI00019467,O0011123,P0023,1,121.37,14.48
OI00019468,O0011124,P0032,2,408.81,0.0
OI00019469,O0011125,P0059,1,62.05,0.0
OI00019470,O0011126,P0006,1,128.15,10.48
OI00019471,O0011127,P0048,2,91.22,0.0
OI00019472,O0011128,P0036,1,191.66,0.0
OI00019473,O0011129,P0045,1,146.27,0.0
OI00019474,O0011129,P0010,1,162.16,0.0
OI00019475,O0011129,P0003,1,83.87,0.0
OI00019476,O0011130,P0050,1,13.83,2.43
OI00019477,O0011130,P0023,1,118.76,18.21
OI00019478,O0011131,P0041,2,30.62,0.0
OI00019479,O0011132,P0045,1,148.48,0.0
OI00019480,O0011132,P0023,1,122.3,0.0
OI00019481,O0011132,P0031,1,28.68,0.0
OI00019482,O0011133,P0005,1,66.44,0.0
OI00019483,O0011134,P0057,1,161.57,0.0
OI00019484,O0011134,P0024,1,801.15,0.0
OI00019485,O0011135,P0036,1,189.9,0.0
OI00019486,O0011135,P0001,1,143.53,0.0
OI00019487,O0011135,P0004,2,74.46,0.0
OI00019488,O0011136,P0023,3,119.62,0.0
OI00019489,O0011136,P0057,1,165.62,0.0
OI00019490,O0011137,P0059,1,63.42,9.68
OI00019491,O0011138,P0042,1,127.31,20.6
OI00019492,O0011139,P0047,1,70.89,0.0
OI00019493,O0011139,P0050,2,14.63,0.0
OI00019494,O0011140,P0019,1,684.55,0.0
OI00019495,O0011140,P0039,1,315.73,0.0
OI00019496,O0011141,P0047,1,69.96,0.0
OI00019497,O0011141,P0054,2,138.4,0.0
OI00019498,O0011142,P0038,1,265.18,27.29
OI00019499,O0011143,P0056,1,375.31,0.0
OI00019500,O0011144,P0049,1,139.47,0.0
OI00019501,O0011145,P0029,1,285.47,24.76
OI00019502,O0011146,P0019,1,675.03,86.28
OI00019503,O0011146,P0006,1,125.45,15.46
OI00019504,O0011147,P0047,1,68.14,0.0
OI00019505,O0011148,P0041,1,31.23,0.0
OI00019506,O0011148,P0058,1,51.06,0.0
OI00019507,O0011149,P0027,1,633.74,44.52
OI00019508,O0011149,P0056,1,369.64,52.43
OI00019509,O0011150,P0056,1,380.07,0.0
OI00019510,O0011151,P0054,1,141.03,0.0
OI00019511,O0011152,P0057,1,165.72,0.0
OI00019512,O0011153,P0033,1,435.44,0.0
OI00019513,O0011153,P0041,1,31.77,0.0
OI00019514,O0011153,P0053,1,529.79,0.0
OI00019515,O0011154,P0004,1,74.64,0.0
OI00019516,O0011154,P0057,1,166.18,0.0
OI00019517,O0011155,P0033,1,432.01,0.0
OI00019518,O0011155,P0004,1,74.37,0.0
OI00019519,O0011156,P0031,1,27.7,0.0
OI00019520,O0011157,P0031,1,28.43,2.93
OI00019521,O0011158,P0037,2,66.15,0.0
OI00019522,O0011158,P0019,2,654.0,0.0
OI00019523,O0011159,P0023,1,124.48,0.0
OI00019524,O0011160,P0019,1,679.4,0.0
OI00019525,O0011160,P0040,2,478.61,0.0
OI00019526,O0011161,P0054,1,138.25,0.0
OI00019527,O0011162,P0001,1,147.11,24.75
OI00019528,O0011162,P0040,1,478.42,46.32
OI00019529,O0011163,P0010,1,163.91,0.0
OI00019530,O0011164,P0042,1,133.4,0.0
OI00019531,O0011165,P0016,1,122.35,0.0
OI00019532,O0011165,P0039,1,315.76,0.0
OI00019533,O0011166,P0036,1,190.9,0.0
OI00019534,O0011166,P0030,1,247.87,0.0
OI00019535,O0011166,P0043,1,46.28,0.0
OI00019536,O0011167,P0045,1,151.73,0.0
OI00019537,O0011167,P0059,1,62.89,0.0
OI00019538,O0011168,P0029,1,293.87,0.0
OI00019539,O0011168,P0012,2,28.05,0.0
OI00019540,O0011169,P0048,1,91.61,0.0
OI00019541,O0011170,P0031,2,28.32,0.0
OI00019542,O0011170,P0017,1,159.68,0.0
OI00019543,O0011171,P0027,1,641.87,0.0
OI00019544,O0011171,P0017,1,157.65,0.0
OI00019545,O0011171,P0030,1,247.5,0.0
OI00019546,O0011171,P0022,1,334.35,0.0
OI00019547,O0011172,P0014,1,135.01,0.0
OI00019548,O0011173,P0051,1,74.58,0.0
OI00019549,O0011173,P0056,1,384.43,0.0
OI00019550,O0011174,P0014,1,138.12,0.0
OI00019551,O0011174,P0032,1,420.08,0.0
OI00019552,O0011175,P0027,1,622.21,0.0
OI00019553,O0011176,P0021,1,85.36,0.0
OI00019554,O0011177,P0026,2,86.17,21.59
OI00019555,O0011178,P0049,1,143.93,0.0
OI00019556,O0011179,P0050,1,14.13,0.0
OI00019557,O0011180,P0060,1,436.86,0.0
OI00019558,O0011181,P0038,2,265.47,38.84
OI00019559,O0011181,P0019,1,656.91,29.52
OI00019560,O0011182,P0050,1,13.81,0.0
OI00019561,O0011183,P0049,1,140.25,0.0
OI00019562,O0011184,P0030,1,249.72,12.5
OI00019563,O0011184,P0032,1,410.18,26.73
OI00019564,O0011185,P0055,2,143.36,0.0
OI00019565,O0011186,P0059,1,62.03,10.06
OI00019566,O0011186,P0029,2,296.54,33.62
OI00019567,O0011187,P0052,1,403.96,21.23
OI00019568,O0011188,P0009,2,113.45,0.0
OI00019569,O0011188,P0003,1,83.59,0.0
OI00019570,O0011189,P0043,1,46.38,2.64
OI00019571,O0011189,P0057,1,162.41,24.72
OI00019572,O0011190,P0056,1,373.5,33.94
OI00019573,O0011191,P0004,1,76.73,0.0
OI00019574,O0011191,P0038,1,273.82,0.0
OI00019575,O0011192,P0038,1,267.06,19.56
OI00019576,O0011193,P0039,1,330.97,18.3
OI00019577,O0011193,P0032,1,414.0,64.83
OI00019578,O0011194,P0036,1,193.56,0.0
OI00019579,O0011195,P0059,1,61.77,0.0
OI00019580,O0011195,P0055,2,147.99,0.0
OI00019581,O0011195,P0022,1,335.89,0.0
OI00019582,O0011196,P0007,2,107.39,29.7
OI00019583,O0011197,P0034,1,425.99,0.0
OI00019584,O0011197,P0006,1,123.17,0.0
OI00019585,O0011198,P0040,1,489.2,79.08
OI00019586,O0011198,P0035,1,288.2,23.9
OI00019587,O0011198,P0016,2,126.29,17.95
OI00019588,O0011199,P0040,1,471.57,0.0
OI00019589,O0011200,P0038,1,271.28,13.17
OI00019590,O0011200,P0002,1,81.05,11.45
OI00019591,O0011201,P0032,2,420.52,0.0
OI00019592,O0011202,P0057,1,161.84,0.0
OI00019593,O0011202,P0016,2,123.21,0.0
OI00019594,O0011203,P0001,1,142.92,0.0
OI00019595,O0011203,P0019,1,672.44,0.0
OI00019596,O0011203,P0010,1,159.73,0.0
OI00019597,O0011204,P0031,2,28.61,9.77
OI00019598,O0011205,P0040,1,473.39,0.0
OI00019599,O0011206,P0017,1,154.29,0.0
OI00019600,O0011207,P0043,1,45.7,0.0
OI00019601,O0011207,P0019,1,659.14,0.0
OI00019602,O0011207,P0007,1,111.97,0.0
OI00019603,O0011208,P0040,1,479.79,45.52
OI00019604,O0011208,P0038,1,270.47,25.31
OI00019605,O0011208,P0016,1,126.25,17.2
OI00019606,O0011209,P0041,1,31.77,0.0
OI00019607,O0011210,P0005,1,67.41,0.0
OI00019608,O0011211,P0054,1,134.38,22.49
OI00019609,O0011212,P0023,1,123.65,0.0
OI00019610,O0011213,P0060,1,442.18,38.53
OI00019611,O0011214,P0019,1,673.69,0.0
OI00019612,O0011215,P0024,1,811.99,0.0
OI00019613,O0011216,P0013,1,98.32,0.0
OI00019614,O0011217,P0038,1,268.4,0.0
OI00019615,O0011218,P0001,1,147.61,0.0
OI00019616,O0011219,P0052,1,420.18,28.64
OI00019617,O0011219,P0038,1,264.67,26.6
OI00019618,O0011220,P0050,1,14.25,0.0
OI00019619,O0011220,P0037,1,63.76,0.0
OI00019620,O0011221,P0050,1,14.51,0.0
OI00019621,O0011222,P0040,1,476.64,0.0
OI00019622,O0011222,P0056,1,369.41,0.0
OI00019623,O0011223,P0002,1,79.68,0.0
OI00019624,O0011223,P0030,1,259.27,0.0
OI00019625,O0011224,P0021,1,81.5,0.0
OI00019626,O0011224,P0056,2,370.55,0.0
OI00019627,O0011225,P0042,2,132.79,0.0
OI00019628,O0011226,P0049,1,144.32,0.0
OI00019629,O0011226,P0008,1,88.22,0.0
OI00019630,O0011227,P0055,1,149.38,16.24
OI00019631,O0011228,P0023,1,124.7,0.0
OI00019632,O0011229,P0036,1,193.13,0.0
OI00019633,O0011229,P0016,1,125.97,0.0
OI00019634,O0011230,P0021,1,80.79,0.0
OI00019635,O0011231,P0050,1,13.86,0.0
OI00019636,O0011232,P0013,1,100.97,0.0
OI00019637,O0011233,P0006,1,122.92,9.83
OI00019638,O0011234,P0029,1,298.56,45.16
OI00019639,O0011234,P0009,1,114.15,18.6
OI00019640,O0011234,P0019,1,656.35,99.61
OI00019641,O0011234,P0016,1,122.88,14.43
OI00019642,O0011235,P0016,1,124.44,0.0
OI00019643,O0011236,P0007,1,108.48,0.0
OI00019644,O0011237,P0039,1,320.58,0.0
OI00019645,O0011237,P0038,1,272.63,0.0
OI00019646,O0011238,P0043,1,46.65,0.0
OI00019647,O0011239,P0022,1,335.52,30.63
OI00019648,O0011239,P0054,1,135.49,5.77
OI00019649,O0011240,P0003,1,82.6,14.6
OI00019650,O0011241,P0032,1,415.47,0.0
OI00019651,O0011241,P0048,1,89.93,0.0
OI00019652,O0011242,P0032,1,417.44,61.13
OI00019653,O0011243,P0013,1,102.95,4.74
OI00019654,O0011243,P0059,2,61.88,16.87
OI00019655,O0011244,P0032,2,399.97,0.0
OI00019656,O0011244,P0004,1,75.06,0.0
OI00019657,O0011245,P0043,1,46.68,0.0
OI00019658,O0011245,P0013,2,103.36,0.0
OI00019659,O0011246,P0005,1,66.45,0.0
OI00019660,O0011247,P0038,1,271.33,0.0
OI00019661,O0011248,P0013,1,98.78,0.0
OI00019662,O0011248,P0050,2,14.15,0.0
OI00019663,O0011248,P0003,1,81.96,0.0
OI00019664,O0011249,P0048,1,89.89,9.69
OI00019665,O0011250,P0046,1,18.84,0.0
OI00019666,O0011250,P0025,1,632.52,0.0
OI00019667,O0011251,P0009,1,108.62,9.16
OI00019668,O0011251,P0003,1,83.32,12.3
OI00019669,O0011252,P0050,1,14.44,0.92
OI00019670,O0011253,P0042,1,131.17,0.0
OI00019671,O0011253,P0052,1,416.63,0.0
OI00019672,O0011254,P0021,2,81.58,0.0
OI00019673,O0011254,P0041,1,31.31,0.0
OI00019674,O0011255,P0037,2,66.2,0.0
OI00019675,O0011255,P0024,1,775.36,0.0
OI00019676,O0011255,P0056,1,383.65,0.0
OI00019677,O0011255,P0039,1,319.57,0.0
OI00019678,O0011256,P0012,1,28.38,0.0
OI00019679,O0011256,P0044,1,54.66,0.0
OI00019680,O0011257,P0019,1,656.38,0.0
OI00019681,O0011257,P0020,1,675.67,0.0
OI00019682,O0011258,P0040,1,493.37,0.0
OI00019683,O0011258,P0029,1,298.94,0.0
OI00019684,O0011258,P0034,1,436.43,0.0
OI00019685,O0011259,P0007,2,109.08,0.0
OI00019686,O0011260,P0039,1,314.04,0.0
OI00019687,O0011261,P0006,1,124.88,0.0
OI00019688,O0011261,P0009,1,110.03,0.0
OI00019689,O0011262,P0011,1,141.76,0.0
OI00019690,O0011263,P0021,1,82.41,0.0
OI00019691,O0011263,P0006,1,123.39,0.0
OI00019692,O0011264,P0013,1,100.27,10.03
OI00019693,O0011264,P0035,1,287.98,41.59
OI00019694,O0011265,P0057,1,166.21,0.0
OI00019695,O0011265,P0045,1,147.87,0.0
OI00019696,O0011265,P0049,1,145.05,0.0
OI00019697,O0011266,P0003,1,81.11,0.0
OI00019698,O0011266,P0008,1,86.54,0.0
OI00019699,O0011266,P0022,1,340.11,0.0
OI00019700,O0011267,P0022,1,334.57,0.0
OI00019701,O0011268,P0043,1,45.82,7.29
OI00019702,O0011268,P0038,1,263.03,32.23
OI00019703,O0011268,P0055,1,148.3,13.21
OI00019704,O0011269,P0026,1,85.4,0.0
OI00019705,O0011270,P0036,1,197.29,0.0
OI00019706,O0011270,P0057,1,159.82,0.0
OI00019707,O0011271,P0005,1,67.73,3.35
OI00019708,O0011272,P0003,1,79.24,0.0
OI00019709,O0011272,P0004,1,74.32,0.0
OI00019710,O0011273,P0019,1,689.25,0.0
OI00019711,O0011274,P0047,1,71.02,0.0
OI00019712,O0011274,P0019,1,686.1,0.0
OI00019713,O0011275,P0060,1,439.34,41.54
OI00019714,O0011276,P0046,1,18.81,2.64
OI00019715,O0011277,P0044,1,53.43,0.0
OI00019716,O0011277,P0012,1,29.01,0.0
OI00019717,O0011278,P0057,1,161.9,20.33
OI00019718,O0011278,P0020,1,673.13,91.03
OI00019719,O0011279,P0051,2,75.83,0.0
OI00019720,O0011280,P0016,1,124.23,0.0
OI00019721,O0011281,P0002,1,80.22,0.0
OI00019722,O0011282,P0054,1,138.87,0.0
OI00019723,O0011282,P0023,2,118.96,0.0
OI00019724,O0011283,P0024,1,806.43,0.0
OI00019725,O0011284,P0032,1,421.67,0.0
OI00019726,O0011284,P0049,1,141.44,0.0
OI00019727,O0011285,P0035,1,281.83,0.0
OI00019728,O0011286,P0058,1,49.79,6.06
OI00019729,O0011286,P0020,1,667.65,101.45
OI00019730,O0011287,P0040,1,479.44,0.0
OI00019731,O0011287,P0016,1,124.47,0.0
OI00019732,O0011288,P0044,1,53.59,0.0
OI00019733,O0011288,P0058,1,50.68,0.0
OI00019734,O0011288,P0008,2,87.6,0.0
OI00019735,O0011289,P0001,1,145.59,0.0
OI00019736,O0011289,P0003,1,83.07,0.0
OI00019737,O0011289,P0032,2,422.05,0.0
OI00019738,O0011290,P0023,1,121.16,19.47
OI00019739,O0011291,P0033,1,438.4,62.79
OI00019740,O0011292,P0045,1,148.97,0.0
OI00019741,O0011292,P0048,1,93.45,0.0
OI00019742,O0011292,P0014,1,134.7,0.0
OI00019743,O0011293,P0042,1,132.54,0.0
OI00019744,O0011293,P0040,1,482.35,0.0
OI00019745,O0011293,P0027,2,636.14,0.0
OI00019746,O0011294,P0033,1,434.98,0.0
OI00019747,O0011295,P0048,1,94.83,10.7
OI00019748,O0011296,P0003,1,79.8,12.32
OI00019749,O0011297,P0047,1,67.91,7.36
OI00019750,O0011297,P0058,1,51.08,4.45
OI00019751,O0011298,P0050,1,14.06,0.61
OI00019752,O0011298,P0007,1,109.52,7.01
OI00019753,O0011298,P0040,2,470.38,100.33
OI00019754,O0011299,P0043,1,46.47,5.68
OI00019755,O0011299,P0029,1,288.55,38.49
OI00019756,O0011300,P0032,1,410.01,0.0
OI00019757,O0011301,P0013,1,102.04,0.0
OI00019758,O0011301,P0049,1,142.39,0.0
OI00019759,O0011302,P0047,1,71.06,9.9
OI00019760,O0011302,P0002,1,82.07,12.84
OI00019761,O0011302,P0050,1,13.85,2.45
OI00019762,O0011303,P0049,1,140.38,0.0
OI00019763,O0011303,P0007,1,112.2,0.0
OI00019764,O0011304,P0023,1,118.26,0.0
OI00019765,O0011305,P0051,1,73.24,11.25
OI00019766,O0011305,P0015,1,62.73,9.13
OI00019767,O0011305,P0036,1,191.8,10.18
OI00019768,O0011306,P0006,1,121.98,0.0
OI00019769,O0011307,P0045,1,153.71,0.0
OI00019770,O0011307,P0025,1,628.36,0.0
OI00019771,O0011308,P0029,1,297.82,0.0
OI00019772,O0011309,P0009,1,113.64,0.0
OI00019773,O0011309,P0054,1,136.62,0.0
OI00019774,O0011310,P0014,1,132.33,12.02
OI00019775,O0011310,P0029,1,292.53,20.0
OI00019776,O0011311,P0056,2,368.19,0.0
OI00019777,O0011312,P0050,1,14.55,0.0
OI00019778,O0011312,P0034,1,420.55,0.0
OI00019779,O0011313,P0044,1,54.14,3.92
OI00019780,O0011314,P0056,1,364.54,0.0
OI00019781,O0011314,P0033,1,431.0,0.0
OI00019782,O0011315,P0020,1,696.49,0.0
OI00019783,O0011315,P0001,2,141.02,0.0
OI00019784,O0011316,P0014,2,136.04,0.0
OI00019785,O0011317,P0019,1,685.63,0.0
OI00019786,O0011317,P0032,2,410.86,0.0
OI00019787,O0011318,P0016,1,126.13,6.45
OI00019788,O0011318,P0060,1,452.6,43.1
OI00019789,O0011318,P0045,1,154.14,8.81
OI00019790,O0011318,P0006,1,122.09,15.62
OI00019791,O0011319,P0021,1,82.97,0.0
OI00019792,O0011319,P0022,2,345.59,0.0
OI00019793,O0011320,P0033,1,420.68,0.0
OI00019794,O0011320,P0031,1,27.86,0.0
OI00019795,O0011321,P0007,1,113.68,9.79
OI00019796,O0011322,P0041,1,31.45,3.11
OI00019797,O0011323,P0046,1,19.53,2.12
OI00019798,O0011323,P0039,1,312.56,35.84
OI00019799,O0011323,P0004,1,74.91,9.02
OI00019800,O0011323,P0003,1,80.24,8.08
OI00019801,O0011324,P0060,1,454.52,0.0
OI00019802,O0011325,P0003,2,79.59,0.0
OI00019803,O0011326,P0042,1,133.04,0.0
OI00019804,O0011326,P0009,1,108.24,0.0
OI00019805,O0011326,P0035,1,281.17,0.0
OI00019806,O0011327,P0020,1,683.33,74.36
OI00019807,O0011327,P0030,1,252.99,19.5
OI00019808,O0011327,P0006,1,125.07,8.9
OI00019809,O0011328,P0023,2,121.84,0.0
OI00019810,O0011329,P0045,2,152.75,26.11
OI00019811,O0011329,P0042,1,129.98,21.45
OI00019812,O0011330,P0019,1,681.67,0.0
OI00019813,O0011331,P0027,1,643.59,0.0
OI00019814,O0011331,P0049,1,138.28,0.0
OI00019815,O0011332,P0029,1,294.07,0.0
OI00019816,O0011332,P0060,1,452.15,0.0
OI00019817,O0011332,P0006,1,128.63,0.0
OI00019818,O0011333,P0006,2,123.06,0.0
OI00019819,O0011334,P0019,2,676.87,0.0
OI00019820,O0011334,P0021,2,84.21,0.0
OI00019821,O0011334,P0038,1,270.53,0.0
OI00019822,O0011335,P0012,1,29.53,0.0
OI00019823,O0011335,P0005,2,66.16,0.0
OI00019824,O0011335,P0019,1,662.9,0.0
OI00019825,O0011336,P0033,1,434.04,0.0
OI00019826,O0011336,P0050,1,14.18,0.0
OI00019827,O0011336,P0011,1,138.69,0.0
OI00019828,O0011336,P0034,2,435.81,0.0
OI00019829,O0011336,P0040,1,479.22,0.0
OI00019830,O0011337,P0010,1,158.35,7.96
OI00019831,O0011338,P0032,1,412.71,0.0
OI00019832,O0011339,P0023,1,122.11,19.21
OI00019833,O0011339,P0046,1,19.56,1.04
OI00019834,O0011339,P0039,1,312.48,45.21
OI00019835,O0011340,P0006,1,128.16,0.0
OI00019836,O0011340,P0057,1,166.11,0.0
OI00019837,O0011341,P0059,1,61.81,0.0
OI00019838,O0011342,P0017,1,155.48,0.0
OI00019839,O0011343,P0021,1,83.34,13.81
OI00019840,O0011344,P0038,1,273.35,0.0
OI00019841,O0011345,P0018,1,374.43,0.0
OI00019842,O0011345,P0045,1,149.01,0.0
OI00019843,O0011346,P0029,1,299.37,0.0
OI00019844,O0011346,P0003,1,80.06,0.0
OI00019845,O0011346,P0042,1,130.57,0.0
OI00019846,O0011347,P0017,1,157.5,16.81
OI00019847,O0011348,P0016,1,125.14,0.0
OI00019848,O0011348,P0002,2,81.31,0.0
OI00019849,O0011349,P0057,1,166.08,13.13
OI00019850,O0011349,P0054,1,134.06,15.0
OI00019851,O0011349,P0056,1,372.75,27.99
OI00019852,O0011350,P0032,1,403.75,0.0
OI00019853,O0011351,P0006,1,122.08,17.18
OI00019854,O0011351,P0019,2,670.88,64.0
OI00019855,O0011352,P0041,1,31.23,3.78
OI00019856,O0011352,P0005,2,66.78,22.68
OI00019857,O0011353,P0059,1,61.2,4.77
OI00019858,O0011354,P0041,1,30.87,4.15
OI00019859,O0011354,P0053,1,522.2,69.96
OI00019860,O0011354,P0038,1,266.97,20.0
OI00019861,O0011355,P0005,2,66.39,0.0
OI00019862,O0011356,P0054,1,135.37,0.0
OI00019863,O0011357,P0059,1,60.53,6.15
OI00019864,O0011358,P0008,1,88.72,0.0
OI00019865,O0011358,P0052,1,416.52,0.0
OI00019866,O0011359,P0001,1,145.73,0.0
OI00019867,O0011360,P0038,2,270.22,0.0
OI00019868,O0011360,P0040,1,470.32,0.0
OI00019869,O0011360,P0032,1,419.72,0.0
OI00019870,O0011361,P0008,1,85.65,0.0
OI00019871,O0011361,P0015,1,60.97,0.0
OI00019872,O0011361,P0060,1,434.31,0.0
OI00019873,O0011362,P0045,1,147.48,8.12
OI00019874,O0011362,P0039,1,313.56,18.79
OI00019875,O0011363,P0043,1,46.05,7.18
OI00019876,O0011363,P0042,1,129.57,6.01
OI00019877,O0011364,P0049,1,142.56,0.0
OI00019878,O0011364,P0018,1,360.48,0.0
OI00019879,O0011364,P0060,1,444.82,0.0
OI00019880,O0011365,P0020,1,693.56,0.0
OI00019881,O0011366,P0013,1,102.07,5.79
OI00019882,O0011367,P0015,1,60.27,0.0
OI00019883,O0011367,P0026,1,82.4,0.0
OI00019884,O0011367,P0045,1,149.1,0.0
OI00019885,O0011367,P0003,1,83.73,0.0
OI00019886,O0011368,P0023,1,124.45,18.3
OI00019887,O0011368,P0039,1,328.0,38.09
OI00019888,O0011369,P0043,1,44.34,0.0
OI00019889,O0011369,P0019,1,688.21,0.0
OI00019890,O0011370,P0048,2,94.77,0.0
OI00019891,O0011370,P0003,1,82.88,0.0
OI00019892,O0011371,P0023,1,118.7,19.24
OI00019893,O0011371,P0003,2,83.8,14.27
OI00019894,O0011371,P0005,1,68.87,7.35
OI00019895,O0011372,P0039,1,324.28,0.0
OI00019896,O0011373,P0039,1,316.14,0.0
OI00019897,O0011374,P0005,1,66.07,0.0
OI00019898,O0011374,P0042,1,134.88,0.0
OI00019899,O0011375,P0038,1,265.2,18.71
OI00019900,O0011376,P0009,2,112.49,0.0
OI00019901,O0011376,P0001,1,144.6,0.0
OI00019902,O0011376,P0020,1,686.28,0.0
OI00019903,O0011377,P0013,1,101.13,0.0
OI00019904,O0011377,P0046,1,19.52,0.0
OI00019905,O0011378,P0005,1,67.01,10.91
OI00019906,O0011379,P0039,1,321.46,0.0
OI00019907,O0011379,P0032,1,403.14,0.0
OI00019908,O0011379,P0048,1,90.0,0.0
OI00019909,O0011379,P0030,1,257.58,0.0
OI00019910,O0011380,P0040,1,466.81,0.0
OI00019911,O0011381,P0010,1,159.31,27.89
OI00019912,O0011382,P0013,1,103.16,0.0
OI00019913,O0011382,P0032,1,402.5,0.0
OI00019914,O0011383,P0005,1,65.81,0.0
OI00019915,O0011383,P0026,2,82.23,0.0
OI00019916,O0011383,P0012,1,28.1,0.0
OI00019917,O0011384,P0035,1,283.39,0.0
OI00019918,O0011385,P0011,1,140.84,0.0
OI00019919,O0011386,P0045,1,146.35,7.98
OI00019920,O0011386,P0030,1,253.29,22.22
OI00019921,O0011386,P0011,1,143.33,7.42
OI00019922,O0011387,P0023,1,125.18,0.0
OI00019923,O0011387,P0054,1,134.87,0.0
OI00019924,O0011388,P0057,1,165.61,0.0
OI00019925,O0011388,P0003,3,81.77,0.0
OI00019926,O0011389,P0019,2,654.39,0.0
OI00019927,O0011390,P0006,1,123.66,0.0
OI00019928,O0011391,P0006,1,123.18,0.0
OI00019929,O0011391,P0048,1,92.58,0.0
OI00019930,O0011392,P0027,1,628.62,0.0
OI00019931,O0011393,P0038,1,261.39,39.37
OI00019932,O0011394,P0005,1,66.43,0.0
OI00019933,O0011394,P0044,1,54.91,0.0
OI00019934,O0011395,P0027,2,623.02,127.32
OI00019935,O0011396,P0049,1,146.42,0.0
OI00019936,O0011397,P0029,1,283.96,15.99
OI00019937,O0011398,P0041,2,30.2,0.0
OI00019938,O0011398,P0032,1,405.3,0.0
OI00019939,O0011399,P0027,1,640.91,0.0
OI00019940,O0011399,P0035,1,289.97,0.0
OI00019941,O0011399,P0006,1,124.38,0.0
OI00019942,O0011400,P0028,1,319.39,0.0
OI00019943,O0011400,P0039,2,316.4,0.0
OI00019944,O0011401,P0011,2,143.05,0.0
OI00019945,O0011402,P0028,1,328.33,0.0
OI00019946,O0011403,P0036,1,192.38,0.0
OI00019947,O0011404,P0049,1,145.79,0.0
OI00019948,O0011404,P0053,2,535.7,0.0
OI00019949,O0011405,P0041,1,31.6,1.66
OI00019950,O0011406,P0006,1,126.26,0.0
OI00019951,O0011407,P0048,1,89.94,0.0
OI00019952,O0011407,P0020,1,670.3,0.0
OI00019953,O0011408,P0021,1,82.16,0.0
OI00019954,O0011409,P0032,1,418.91,0.0
OI00019955,O0011409,P0035,1,277.76,0.0
OI00019956,O0011409,P0003,1,81.48,0.0
OI00019957,O0011410,P0003,1,79.35,0.0
OI00019958,O0011411,P0060,1,457.34,0.0
OI00019959,O0011411,P0041,2,31.37,0.0
OI00019960,O0011412,P0021,1,83.34,0.0
OI00019961,O0011413,P0003,2,80.37,0.0
OI00019962,O0011414,P0020,1,676.89,0.0
OI00019963,O0011415,P0001,1,144.69,20.64
OI00019964,O0011415,P0027,1,639.68,69.97
OI00019965,O0011416,P0045,1,150.66,0.0
OI00019966,O0011416,P0006,1,128.45,0.0
OI00019967,O0011417,P0040,1,472.04,34.61
OI00019968,O0011418,P0029,1,286.36,0.0
OI00019969,O0011418,P0021,1,85.04,0.0
OI00019970,O0011419,P0040,1,488.59,61.16
OI00019971,O0011420,P0029,2,286.85,0.0
OI00019972,O0011421,P0014,1,131.23,0.0
OI00019973,O0011422,P0039,1,315.22,15.95
OI00019974,O0011423,P0059,1,62.58,0.0
OI00019975,O0011423,P0029,1,290.57,0.0
OI00019976,O0011424,P0020,2,692.26,151.84
OI00019977,O0011424,P0033,1,439.59,39.84
OI00019978,O0011424,P0039,1,316.84,25.8
OI00019979,O0011425,P0059,1,63.65,0.0
OI00019980,O0011426,P0003,1,79.51,0.0
OI00019981,O0011426,P0017,1,155.53,0.0
OI00019982,O0011427,P0040,1,489.55,0.0
OI00019983,O0011427,P0010,1,160.27,0.0
OI00019984,O0011427,P0009,1,108.53,0.0
OI00019985,O0011428,P0055,2,147.82,0.0
OI00019986,O0011428,P0013,1,100.07,0.0
OI00019987,O0011429,P0054,1,137.9,0.0
OI00019988,O0011430,P0033,1,441.12,37.19
OI00019989,O0011431,P0024,1,770.85,0.0
OI00019990,O0011432,P0057,1,158.3,0.0
OI00019991,O0011433,P0040,1,479.91,0.0
OI00019992,O0011433,P0003,1,80.63,0.0
OI00019993,O0011433,P0001,1,145.99,0.0
OI00019994,O0011434,P0025,1,637.41,53.05
OI00019995,O0011435,P0013,1,98.93,0.0
OI00019996,O0011435,P0003,1,82.59,0.0
OI00019997,O0011436,P0003,1,80.73,0.0
OI00019998,O0011436,P0001,1,144.66,0.0
OI00019999,O0011437,P0019,1,673.95,0.0
OI00020000,O0011437,P0035,1,289.5,0.0
OI00020001,O0011438,P0011,2,139.44,18.24
OI00020002,O0011439,P0040,1,476.97,69.82
OI00020003,O0011440,P0038,1,265.47,0.0
OI00020004,O0011440,P0043,1,44.79,0.0
OI00020005,O0011441,P0056,1,381.81,0.0
OI00020006,O0011441,P0060,1,446.02,0.0
OI00020007,O0011442,P0045,1,152.25,0.0
OI00020008,O0011443,P0017,1,151.89,25.61
OI00020009,O0011443,P0032,2,415.43,55.44
OI00020010,O0011444,P0048,1,95.22,14.94
OI00020011,O0011444,P0027,1,643.42,114.12
OI00020012,O0011445,P0020,2,665.31,177.46
OI00020013,O0011445,P0032,2,422.17,108.26
OI00020014,O0011446,P0035,1,289.94,0.0
OI00020015,O0011446,P0054,1,133.97,0.0
OI00020016,O0011447,P0038,1,260.22,0.0
OI00020017,O0011447,P0029,1,291.24,0.0
OI00020018,O0011447,P0006,1,122.56,0.0
OI00020019,O0011448,P0003,1,83.87,0.0
OI00020020,O0011448,P0024,1,808.24,0.0
OI00020021,O0011448,P0050,2,14.08,0.0
OI00020022,O0011449,P0023,1,122.1,0.0
OI00020023,O0011449,P0006,1,122.36,0.0
OI00020024,O0011449,P0059,1,63.46,0.0
OI00020025,O0011449,P0049,1,143.42,0.0
OI00020026,O0011450,P0033,1,435.45,0.0
OI00020027,O0011451,P0045,1,147.35,0.0
OI00020028,O0011451,P0052,1,414.91,0.0
OI00020029,O0011452,P0045,1,147.62,19.81
OI00020030,O0011453,P0004,1,74.16,0.0
OI00020031,O0011453,P0008,1,86.49,0.0
OI00020032,O0011454,P0021,1,85.56,11.44
OI00020033,O0011455,P0020,2,686.21,0.0
OI00020034,O0011456,P0049,1,140.21,0.0
OI00020035,O0011457,P0016,1,126.51,19.44
OI00020036,O0011457,P0006,1,125.88,7.73
OI00020037,O0011457,P0056,1,376.93,37.17
OI00020038,O0011457,P0017,1,155.92,10.77
OI00020039,O0011458,P0023,2,121.83,29.11
OI00020040,O0011458,P0045,1,147.03,23.64
OI00020041,O0011458,P0013,1,100.32,6.94
OI00020042,O0011459,P0033,1,421.98,0.0
OI00020043,O0011460,P0014,1,133.2,0.0
OI00020044,O0011461,P0033,1,430.54,0.0
OI00020045,O0011462,P0011,1,143.72,18.19
OI00020046,O0011462,P0019,1,676.09,52.09
OI00020047,O0011462,P0027,1,648.61,33.2
OI00020048,O0011463,P0009,1,108.03,0.0
OI00020049,O0011463,P0021,1,84.73,0.0
OI00020050,O0011464,P0009,2,113.47,40.29
OI00020051,O0011465,P0008,2,89.63,0.0
OI00020052,O0011465,P0026,1,82.11,0.0
OI00020053,O0011466,P0017,2,155.1,0.0
OI00020054,O0011466,P0038,2,275.23,0.0
OI00020055,O0011467,P0060,1,457.55,0.0
OI00020056,O0011468,P0001,2,145.5,43.27
OI00020057,O0011468,P0028,2,313.64,78.91
OI00020058,O0011468,P0040,1,484.11,83.99
OI00020059,O0011469,P0045,2,147.45,24.88
OI00020060,O0011469,P0027,1,627.56,68.99
OI00020061,O0011469,P0024,1,802.57,49.85
OI00020062,O0011470,P0023,1,124.0,0.0
OI00020063,O0011471,P0001,1,148.84,0.0
OI00020064,O0011471,P0035,1,279.94,0.0
OI00020065,O0011472,P0006,1,124.58,18.69
OI00020066,O0011472,P0013,1,103.52,10.62
OI00020067,O0011473,P0058,1,52.44,0.0
OI00020068,O0011473,P0050,1,14.19,0.0
OI00020069,O0011473,P0011,1,141.37,0.0
OI00020070,O0011473,P0033,1,436.18,0.0
OI00020071,O0011474,P0042,1,134.26,21.92
OI00020072,O0011474,P0045,2,146.47,31.69
OI00020073,O0011474,P0001,1,141.06,24.35
OI00020074,O0011475,P0044,1,53.43,0.0
OI00020075,O0011476,P0019,1,687.43,0.0
OI00020076,O0011477,P0037,1,67.03,0.0
OI00020077,O0011477,P0019,1,680.91,0.0
OI00020078,O0011478,P0001,2,146.19,0.0
OI00020079,O0011478,P0052,1,422.65,0.0
OI00020080,O0011478,P0006,1,124.04,0.0
OI00020081,O0011479,P0027,2,631.99,0.0
OI00020082,O0011479,P0019,1,655.6,0.0
OI00020083,O0011480,P0039,1,312.19,0.0
OI00020084,O0011481,P0032,1,411.38,0.0
OI00020085,O0011481,P0020,1,675.23,0.0
OI00020086,O0011481,P0029,1,287.57,0.0
OI00020087,O0011482,P0059,1,61.54,0.0
OI00020088,O0011482,P0033,1,433.87,0.0
OI00020089,O0011483,P0020,1,688.23,0.0
OI00020090,O0011483,P0055,1,145.7,0.0
OI00020091,O0011484,P0038,1,272.48,0.0
OI00020092,O0011484,P0019,1,664.42,0.0
OI00020093,O0011485,P0016,1,126.71,0.0
OI00020094,O0011485,P0060,2,444.18,0.0
OI00020095,O0011486,P0004,1,75.6,0.0
OI00020096,O0011486,P0054,1,139.09,0.0
OI00020097,O0011487,P0056,1,382.21,0.0
OI00020098,O0011488,P0050,1,14.02,0.0
OI00020099,O0011489,P0048,2,95.15,23.42
OI00020100,O0011489,P0015,1,60.07,10.31
OI00020101,O0011490,P0009,1,111.74,19.12
OI00020102,O0011490,P0043,1,46.1,5.85
OI00020103,O0011491,P0005,1,68.36,0.0
OI00020104,O0011491,P0009,1,109.51,0.0
OI00020105,O0011492,P0001,1,146.64,0.0
OI00020106,O0011492,P0042,1,132.89,0.0
OI00020107,O0011493,P0041,1,30.13,0.0
OI00020108,O0011493,P0042,1,131.36,0.0
OI00020109,O0011494,P0056,1,383.76,0.0
OI00020110,O0011494,P0038,1,273.14,0.0
OI00020111,O0011495,P0038,1,263.34,15.01
OI00020112,O0011495,P0017,1,159.73,8.68
OI00020113,O0011496,P0003,1,79.9,10.6
OI00020114,O0011497,P0009,1,108.14,13.6
OI00020115,O0011497,P0024,1,789.45,113.9
OI00020116,O0011498,P0032,1,401.38,0.0
OI00020117,O0011498,P0042,1,132.44,0.0
OI00020118,O0011498,P0041,1,31.1,0.0
OI00020119,O0011499,P0006,1,126.1,0.0
OI00020120,O0011500,P0023,1,122.88,0.0
OI00020121,O0011500,P0003,1,82.32,0.0
OI00020122,O0011501,P0025,1,637.08,0.0
OI00020123,O0011501,P0011,1,137.46,0.0
OI00020124,O0011502,P0021,1,83.67,0.0
OI00020125,O0011502,P0038,1,260.6,0.0
OI00020126,O0011503,P0011,1,142.87,18.52
OI00020127,O0011503,P0040,1,493.84,25.51
OI00020128,O0011503,P0049,1,143.92,14.54
OI00020129,O0011504,P0045,1,151.17,19.37
OI00020130,O0011504,P0021,1,83.31,13.2
OI00020131,O0011504,P0040,1,489.74,48.0
OI00020132,O0011504,P0042,1,130.32,22.68
OI00020133,O0011505,P0043,1,46.0,0.0
OI00020134,O0011506,P0049,1,141.35,0.0
OI00020135,O0011507,P0029,2,294.34,0.0
OI00020136,O0011507,P0010,1,160.55,0.0
OI00020137,O0011508,P0006,1,124.38,0.0
OI00020138,O0011509,P0019,1,654.97,0.0
OI00020139,O0011510,P0013,2,100.57,0.0
OI00020140,O0011511,P0017,2,153.51,47.05
OI00020141,O0011512,P0042,1,130.12,18.74
OI00020142,O0011512,P0026,1,82.62,10.07
OI00020143,O0011513,P0020,1,686.14,0.0
OI00020144,O0011513,P0041,1,31.6,0.0
OI00020145,O0011514,P0018,1,366.41,0.0
OI00020146,O0011514,P0055,1,148.01,0.0
OI00020147,O0011515,P0013,1,99.39,0.0
OI00020148,O0011515,P0023,2,124.87,0.0
OI00020149,O0011516,P0030,2,255.22,0.0
OI00020150,O0011517,P0038,1,265.36,23.82
OI00020151,O0011518,P0056,1,366.83,0.0
OI00020152,O0011518,P0052,1,407.45,0.0
OI00020153,O0011519,P0060,1,434.06,0.0
OI00020154,O0011520,P0057,2,165.17,0.0
OI00020155,O0011520,P0042,2,129.15,0.0
OI00020156,O0011520,P0003,1,82.72,0.0
OI00020157,O0011521,P0049,1,144.31,0.0
OI00020158,O0011522,P0019,1,687.9,37.34
OI00020159,O0011522,P0043,1,44.87,3.39
OI00020160,O0011523,P0041,1,31.35,0.0
OI00020161,O0011523,P0003,1,79.57,0.0
OI00020162,O0011524,P0027,2,645.11,141.44
OI00020163,O0011525,P0030,1,259.38,30.1
OI00020164,O0011526,P0023,1,124.67,0.0
OI00020165,O0011526,P0021,1,83.0,0.0
OI00020166,O0011527,P0024,1,806.96,129.25
OI00020167,O0011527,P0057,2,162.19,35.39
OI00020168,O0011528,P0055,2,147.32,0.0
OI00020169,O0011528,P0057,1,157.61,0.0
OI00020170,O0011529,P0001,1,144.53,25.79
OI00020171,O0011529,P0005,1,66.83,11.96
OI00020172,O0011530,P0034,1,423.99,0.0
OI00020173,O0011531,P0047,1,71.95,7.42
OI00020174,O0011531,P0045,1,153.74,14.89
OI00020175,O0011531,P0052,1,420.16,66.33
OI00020176,O0011532,P0002,1,82.7,11.01
OI00020177,O0011532,P0017,1,155.97,15.23
OI00020178,O0011532,P0003,2,80.7,27.41
OI00020179,O0011533,P0059,1,63.44,9.63
OI00020180,O0011533,P0049,1,144.56,13.88
OI00020181,O0011533,P0002,1,80.95,5.94
OI00020182,O0011534,P0047,1,71.84,0.0
OI00020183,O0011535,P0038,1,271.99,30.53
OI00020184,O0011535,P0027,2,637.6,194.59
OI00020185,O0011536,P0059,1,63.2,0.0
OI00020186,O0011537,P0031,1,28.85,0.0
OI00020187,O0011538,P0027,2,640.99,213.42
OI00020188,O0011538,P0005,1,67.15,11.57
OI00020189,O0011539,P0056,1,377.3,0.0
OI00020190,O0011539,P0058,1,50.25,0.0
OI00020191,O0011540,P0006,1,127.6,17.13
OI00020192,O0011540,P0015,1,62.14,9.5
OI00020193,O0011541,P0030,1,247.85,0.0
OI00020194,O0011541,P0005,1,67.95,0.0
OI00020195,O0011541,P0032,1,399.19,0.0
OI00020196,O0011542,P0033,2,433.05,94.41
OI00020197,O0011543,P0011,1,140.47,0.0
OI00020198,O0011544,P0058,1,50.4,0.0
OI00020199,O0011544,P0038,1,261.34,0.0
OI00020200,O0011545,P0048,1,91.7,0.0
OI00020201,O0011545,P0040,1,482.57,0.0
OI00020202,O0011545,P0027,1,643.56,0.0
OI00020203,O0011546,P0057,1,158.76,14.4
OI00020204,O0011547,P0032,2,412.09,0.0
OI00020205,O0011548,P0045,1,146.75,0.0
OI00020206,O0011549,P0057,1,158.27,0.0
OI00020207,O0011549,P0002,1,78.99,0.0
OI00020208,O0011550,P0003,2,83.06,24.43
OI00020209,O0011550,P0021,2,85.39,30.45
OI00020210,O0011551,P0006,1,121.3,10.55
OI00020211,O0011551,P0019,2,667.29,121.21
OI00020212,O0011552,P0026,1,84.82,0.0
OI00020213,O0011553,P0009,1,111.82,0.0
OI00020214,O0011554,P0045,1,152.29,0.0
OI00020215,O0011555,P0036,1,194.91,8.68
OI00020216,O0011556,P0005,1,68.43,11.73
OI00020217,O0011557,P0045,1,151.97,0.0
OI00020218,O0011558,P0029,1,292.09,50.78
OI00020219,O0011559,P0048,1,94.1,0.0
OI00020220,O0011559,P0013,1,101.79,0.0
OI00020221,O0011559,P0042,1,133.77,0.0
OI00020222,O0011559,P0023,1,122.42,0.0
OI00020223,O0011560,P0030,1,260.39,46.44
OI00020224,O0011560,P0010,1,163.9,23.46
OI00020225,O0011561,P0020,1,664.2,40.54
OI00020226,O0011562,P0056,1,381.53,0.0
OI00020227,O0011563,P0022,1,338.84,0.0
OI00020228,O0011564,P0023,1,124.9,0.0
OI00020229,O0011564,P0058,2,51.76,0.0
OI00020230,O0011565,P0057,1,161.94,0.0
OI00020231,O0011566,P0043,2,46.52,16.66
OI00020232,O0011567,P0057,1,164.08,0.0
OI00020233,O0011568,P0005,2,67.2,0.0
OI00020234,O0011569,P0005,1,66.92,0.0
OI00020235,O0011570,P0016,1,120.94,0.0
OI00020236,O0011571,P0023,2,119.07,0.0
OI00020237,O0011572,P0027,2,623.92,0.0
OI00020238,O0011572,P0009,1,112.98,0.0
OI00020239,O0011573,P0038,2,262.57,0.0
OI00020240,O0011574,P0025,1,617.96,0.0
OI00020241,O0011574,P0019,1,688.89,0.0
OI00020242,O0011575,P0059,1,62.15,0.0
OI00020243,O0011576,P0057,2,165.3,0.0
OI00020244,O0011576,P0038,1,264.12,0.0
OI00020245,O0011577,P0004,1,77.47,4.16
OI00020246,O0011577,P0043,1,45.3,7.02
OI00020247,O0011578,P0045,1,150.64,17.89
OI00020248,O0011578,P0024,1,780.46,71.67
OI00020249,O0011579,P0027,1,655.8,0.0
OI00020250,O0011579,P0021,1,81.57,0.0
OI00020251,O0011580,P0021,1,82.96,9.7
OI00020252,O0011581,P0036,1,193.6,0.0
OI00020253,O0011581,P0018,2,373.6,0.0
OI00020254,O0011582,P0045,1,145.97,0.0
OI00020255,O0011583,P0043,1,44.88,0.0
OI00020256,O0011584,P0003,1,82.09,0.0
OI00020257,O0011585,P0060,1,445.69,0.0
OI00020258,O0011586,P0006,1,122.22,0.0
OI00020259,O0011587,P0030,1,250.46,0.0
OI00020260,O0011587,P0014,1,135.85,0.0
OI00020261,O0011588,P0023,1,123.89,14.72
OI00020262,O0011589,P0002,1,82.62,0.0
OI00020263,O0011590,P0001,2,145.98,0.0
OI00020264,O0011591,P0043,1,45.3,3.76
OI00020265,O0011592,P0041,2,30.43,5.85
OI00020266,O0011593,P0038,1,272.42,0.0
OI00020267,O0011594,P0013,1,99.72,0.0
OI00020268,O0011595,P0038,1,267.88,0.0
OI00020269,O0011595,P0050,1,14.1,0.0
OI00020270,O0011595,P0043,1,45.98,0.0
OI00020271,O0011595,P0023,1,119.83,0.0
OI00020272,O0011596,P0036,1,196.56,0.0
OI00020273,O0011597,P0003,1,82.15,9.12
OI00020274,O0011598,P0046,1,18.72,0.0
OI00020275,O0011599,P0039,1,329.74,0.0
OI00020276,O0011600,P0040,1,468.06,0.0
OI00020277,O0011600,P0050,1,14.14,0.0
OI00020278,O0011601,P0003,2,81.87,15.44
OI00020279,O0011601,P0033,1,419.8,51.4
OI00020280,O0011602,P0016,1,121.78,0.0
OI00020281,O0011603,P0038,1,262.58,0.0
OI00020282,O0011603,P0003,1,81.75,0.0
OI00020283,O0011604,P0054,1,136.82,0.0
OI00020284,O0011605,P0003,1,81.33,4.59
OI00020285,O0011605,P0043,2,46.64,13.92
OI00020286,O0011606,P0054,1,137.81,10.81
OI00020287,O0011607,P0022,1,345.02,27.86
OI00020288,O0011607,P0027,1,643.02,95.42
OI00020289,O0011607,P0043,2,44.82,11.46
OI00020290,O0011607,P0039,1,327.44,39.73
OI00020291,O0011607,P0023,1,120.42,20.98
OI00020292,O0011608,P0045,1,148.47,0.0
OI00020293,O0011609,P0036,1,196.83,0.0
OI00020294,O0011610,P0015,1,62.93,0.0
OI00020295,O0011610,P0009,1,109.53,0.0
OI00020296,O0011611,P0035,1,283.07,0.0
OI00020297,O0011612,P0035,1,281.76,0.0
OI00020298,O0011613,P0003,1,83.77,8.31
OI00020299,O0011613,P0021,1,84.54,14.04
OI00020300,O0011614,P0043,1,45.56,0.0
OI00020301,O0011614,P0038,2,260.7,0.0
OI00020302,O0011614,P0031,1,27.37,0.0
OI00020303,O0011615,P0002,1,79.54,3.48
OI00020304,O0011616,P0039,1,322.49,0.0
OI00020305,O0011617,P0045,1,149.17,13.6
OI00020306,O0011618,P0043,1,44.8,0.0
OI00020307,O0011619,P0031,1,28.49,4.2
OI00020308,O0011619,P0057,1,165.39,25.26
OI00020309,O0011619,P0059,3,63.54,24.64
OI00020310,O0011619,P0045,1,154.12,23.51
OI00020311,O0011620,P0039,1,315.01,0.0
OI00020312,O0011621,P0005,1,68.19,9.22
OI00020313,O0011621,P0013,1,102.64,9.28
OI00020314,O0011622,P0042,2,128.87,23.16
OI00020315,O0011622,P0010,1,158.27,25.16
OI00020316,O0011622,P0012,1,29.49,3.69
OI00020317,O0011623,P0001,1,147.13,0.0
OI00020318,O0011623,P0060,1,457.05,0.0
OI00020319,O0011623,P0045,1,146.99,0.0
OI00020320,O0011624,P0049,1,138.31,0.0
OI00020321,O0011624,P0005,1,67.44,0.0
OI00020322,O0011625,P0019,1,667.83,0.0
OI00020323,O0011625,P0041,1,31.3,0.0
OI00020324,O0011626,P0007,1,110.68,0.0
OI00020325,O0011627,P0006,1,125.23,0.0
OI00020326,O0011628,P0020,1,688.94,0.0
OI00020327,O0011628,P0014,1,131.88,0.0
OI00020328,O0011629,P0044,1,54.51,0.0
OI00020329,O0011630,P0044,1,52.2,5.29
OI00020330,O0011630,P0046,1,19.05,1.04
OI00020331,O0011631,P0021,1,81.38,4.6
OI00020332,O0011631,P0055,1,142.63,6.3
OI00020333,O0011632,P0001,1,144.48,0.0
OI00020334,O0011632,P0060,1,456.24,0.0
OI00020335,O0011633,P0003,1,79.66,3.58
OI00020336,O0011633,P0013,1,101.3,5.87
OI00020337,O0011634,P0025,1,637.19,0.0
OI00020338,O0011635,P0018,1,356.7,0.0
OI00020339,O0011635,P0045,1,146.62,0.0
OI00020340,O0011635,P0009,1,109.42,0.0
OI00020341,O0011636,P0024,1,805.89,41.37
OI00020342,O0011636,P0006,1,121.8,9.81
OI00020343,O0011637,P0004,1,77.65,0.0
OI00020344,O0011637,P0057,2,161.06,0.0
OI00020345,O0011638,P0047,1,68.31,0.0
OI00020346,O0011638,P0009,1,108.7,0.0
OI00020347,O0011638,P0028,2,327.65,0.0
OI00020348,O0011639,P0036,1,189.8,20.28
OI00020349,O0011639,P0020,1,670.5,47.05
OI00020350,O0011639,P0040,1,486.93,30.68
OI00020351,O0011639,P0038,1,269.45,35.92
OI00020352,O0011639,P0041,1,31.41,4.31
OI00020353,O0011640,P0058,2,52.12,0.0
OI00020354,O0011641,P0036,1,194.01,0.0
OI00020355,O0011642,P0024,1,795.26,0.0
OI00020356,O0011642,P0037,1,63.63,0.0
OI00020357,O0011643,P0004,1,77.42,13.37
OI00020358,O0011644,P0020,1,669.18,0.0
OI00020359,O0011645,P0045,1,148.64,0.0
OI00020360,O0011646,P0040,1,484.51,41.36
OI00020361,O0011647,P0003,1,81.74,0.0
OI00020362,O0011647,P0006,1,126.65,0.0
OI00020363,O0011647,P0040,1,488.58,0.0
OI00020364,O0011647,P0032,1,402.8,0.0
OI00020365,O0011647,P0036,1,192.47,0.0
OI00020366,O0011648,P0027,1,619.16,90.65
OI00020367,O0011649,P0038,1,264.82,35.14
OI00020368,O0011650,P0054,1,137.42,16.47
OI00020369,O0011650,P0059,1,62.11,6.56
OI00020370,O0011650,P0006,1,123.18,11.77
OI00020371,O0011650,P0013,1,101.53,10.12
OI00020372,O0011651,P0029,1,295.38,42.11
OI00020373,O0011651,P0031,1,28.27,2.72
OI00020374,O0011651,P0048,1,94.06,5.31
OI00020375,O0011652,P0031,1,28.66,2.02
OI00020376,O0011653,P0019,1,685.75,0.0
OI00020377,O0011654,P0002,1,82.34,13.39
OI00020378,O0011654,P0019,1,661.29,98.48
OI00020379,O0011655,P0045,1,148.88,10.2
OI00020380,O0011655,P0006,1,123.26,11.75
OI00020381,O0011656,P0038,1,272.72,34.33
OI00020382,O0011657,P0042,1,127.94,0.0
OI00020383,O0011657,P0059,1,61.68,0.0
OI00020384,O0011657,P0045,2,148.57,0.0
OI00020385,O0011658,P0057,1,165.18,0.0
OI00020386,O0011659,P0003,1,79.98,0.0
OI00020387,O0011660,P0047,1,69.14,0.0
OI00020388,O0011660,P0060,1,445.17,0.0
OI00020389,O0011661,P0039,1,319.81,0.0
OI00020390,O0011661,P0038,1,261.2,0.0
OI00020391,O0011661,P0006,1,126.19,0.0
OI00020392,O0011662,P0060,2,437.49,0.0
OI00020393,O0011663,P0038,1,274.48,0.0
OI00020394,O0011663,P0012,1,29.08,0.0
OI00020395,O0011664,P0045,2,153.21,0.0
OI00020396,O0011665,P0039,1,328.53,0.0
OI00020397,O0011666,P0006,1,125.21,10.53
OI00020398,O0011666,P0004,1,76.33,10.47
OI00020399,O0011667,P0049,1,141.68,0.0
OI00020400,O0011668,P0039,1,328.93,0.0
OI00020401,O0011669,P0005,1,67.02,0.0
OI00020402,O0011669,P0001,1,141.44,0.0
OI00020403,O0011670,P0037,1,65.55,4.29
OI00020404,O0011671,P0005,1,67.72,8.82
OI00020405,O0011671,P0058,1,51.73,2.4
OI00020406,O0011671,P0004,1,75.15,8.7
OI00020407,O0011672,P0022,1,347.83,61.22
OI00020408,O0011673,P0006,2,123.34,0.0
OI00020409,O0011674,P0017,1,159.31,20.83
OI00020410,O0011674,P0025,2,606.15,184.48
OI00020411,O0011675,P0019,1,651.43,0.0
OI00020412,O0011676,P0048,1,95.13,15.75
OI00020413,O0011676,P0003,2,81.9,12.95
OI00020414,O0011677,P0006,1,125.25,19.01
OI00020415,O0011678,P0055,1,148.51,20.01
OI00020416,O0011679,P0038,1,260.48,0.0
OI00020417,O0011680,P0019,2,654.15,120.67
OI00020418,O0011680,P0032,1,409.53,41.13
OI00020419,O0011680,P0030,1,248.37,22.78
OI00020420,O0011681,P0041,1,31.16,5.11
OI00020421,O0011682,P0011,2,138.44,0.0
OI00020422,O0011683,P0059,1,63.76,8.31
OI00020423,O0011684,P0005,1,67.82,0.0
OI00020424,O0011685,P0028,1,324.52,0.0
OI00020425,O0011685,P0058,1,50.84,0.0
OI00020426,O0011685,P0005,1,65.4,0.0
OI00020427,O0011686,P0020,1,680.19,0.0
OI00020428,O0011687,P0013,1,100.65,4.73
OI00020429,O0011688,P0038,2,266.32,40.42
OI00020430,O0011689,P0024,2,809.51,0.0
OI00020431,O0011689,P0038,1,265.86,0.0
OI00020432,O0011690,P0016,1,120.32,16.14
OI00020433,O0011691,P0040,1,481.62,85.57
OI00020434,O0011691,P0056,1,373.95,63.32
OI00020435,O0011692,P0024,1,768.02,52.41
OI00020436,O0011692,P0054,1,139.27,21.15
OI00020437,O0011693,P0056,1,371.14,0.0
OI00020438,O0011693,P0037,1,65.85,0.0
OI00020439,O0011694,P0055,1,143.84,0.0
OI00020440,O0011694,P0005,1,65.08,0.0
OI00020441,O0011695,P0039,2,322.01,0.0
OI00020442,O0011696,P0035,2,282.22,0.0
OI00020443,O0011697,P0009,1,111.14,10.78
OI00020444,O0011697,P0052,1,399.65,29.62
OI00020445,O0011697,P0050,1,13.91,1.43
OI00020446,O0011697,P0059,1,60.84,3.47
OI00020447,O0011698,P0022,1,337.69,0.0
OI00020448,O0011698,P0047,1,71.01,0.0
OI00020449,O0011699,P0011,1,142.02,12.31
OI00020450,O0011699,P0022,1,330.6,53.22
OI00020451,O0011699,P0019,1,667.7,47.57
OI00020452,O0011700,P0027,1,649.64,0.0
OI00020453,O0011700,P0046,1,19.1,0.0
OI00020454,O0011701,P0006,1,127.75,0.0
OI00020455,O0011702,P0045,1,148.71,0.0
OI00020456,O0011702,P0038,1,265.77,0.0
OI00020457,O0011703,P0042,1,131.52,12.24
OI00020458,O0011704,P0045,1,152.14,0.0
OI00020459,O0011705,P0039,1,312.23,23.85
OI00020460,O0011705,P0033,2,422.76,127.16
OI00020461,O0011706,P0036,1,194.82,0.0
OI00020462,O0011706,P0059,2,61.66,0.0
OI00020463,O0011707,P0008,1,88.19,0.0
OI00020464,O0011707,P0004,1,77.59,0.0
OI00020465,O0011708,P0047,1,71.48,3.97
OI00020466,O0011708,P0026,1,82.56,13.1
OI00020467,O0011709,P0057,1,160.02,0.0
OI00020468,O0011710,P0038,1,272.75,0.0
OI00020469,O0011710,P0006,1,128.6,0.0
OI00020470,O0011711,P0009,1,108.44,10.64
OI00020471,O0011712,P0041,1,31.39,5.47
OI00020472,O0011713,P0027,1,635.13,75.3
OI00020473,O0011713,P0018,2,356.64,105.07
OI00020474,O0011714,P0039,1,327.15,0.0
OI00020475,O0011714,P0024,2,786.27,0.0
OI00020476,O0011715,P0051,1,75.73,9.95
OI00020477,O0011716,P0032,1,418.3,0.0
OI00020478,O0011717,P0002,1,83.69,11.18
OI00020479,O0011717,P0036,1,193.79,32.56
OI00020480,O0011717,P0042,1,129.98,13.01
OI00020481,O0011717,P0049,1,138.85,24.21
OI00020482,O0011718,P0027,1,635.77,56.07
OI00020483,O0011719,P0004,1,75.65,0.0
OI00020484,O0011720,P0001,2,147.48,0.0
OI00020485,O0011720,P0045,1,147.11,0.0
OI00020486,O0011721,P0055,1,147.14,22.05
OI00020487,O0011721,P0038,1,272.53,34.88
OI00020488,O0011721,P0056,1,372.12,44.93
OI00020489,O0011722,P0048,1,92.71,15.93
OI00020490,O0011722,P0003,1,82.86,5.38
OI00020491,O0011723,P0038,1,262.92,0.0
OI00020492,O0011723,P0058,1,50.56,0.0
OI00020493,O0011724,P0030,2,246.68,0.0
OI00020494,O0011725,P0034,1,428.8,0.0
OI00020495,O0011726,P0060,1,442.76,0.0
OI00020496,O0011726,P0023,1,123.24,0.0
OI00020497,O0011726,P0038,1,272.46,0.0
OI00020498,O0011727,P0058,2,52.67,9.65
OI00020499,O0011728,P0003,1,80.1,0.0
OI00020500,O0011729,P0032,1,413.08,0.0
OI00020501,O0011730,P0020,1,672.33,0.0
OI00020502,O0011730,P0058,1,50.81,0.0
OI00020503,O0011731,P0043,2,46.85,9.67
OI00020504,O0011732,P0003,2,80.27,0.0
OI00020505,O0011732,P0040,1,476.56,0.0
OI00020506,O0011733,P0059,1,62.94,10.98
OI00020507,O0011734,P0001,1,144.87,0.0
OI00020508,O0011734,P0042,1,130.6,0.0
OI00020509,O0011735,P0045,1,146.95,0.0
OI00020510,O0011736,P0006,1,121.2,0.0
OI00020511,O0011736,P0024,1,767.13,0.0
OI00020512,O0011737,P0038,1,268.18,0.0
OI00020513,O0011737,P0034,1,419.75,0.0
OI00020514,O0011738,P0029,2,292.81,84.42
OI00020515,O0011739,P0003,2,80.48,0.0
OI00020516,O0011739,P0048,1,94.16,0.0
OI00020517,O0011740,P0032,1,406.36,65.12
OI00020518,O0011741,P0022,1,344.22,0.0
OI00020519,O0011742,P0014,2,137.95,0.0
OI00020520,O0011742,P0028,1,326.22,0.0
OI00020521,O0011742,P0038,1,268.18,0.0
OI00020522,O0011743,P0060,1,455.38,0.0
OI00020523,O0011743,P0008,1,88.08,0.0
OI00020524,O0011744,P0056,1,375.03,57.55
OI00020525,O0011745,P0019,1,679.96,0.0
OI00020526,O0011745,P0024,1,812.05,0.0
OI00020527,O0011746,P0056,1,377.35,33.41
OI00020528,O0011747,P0005,1,66.2,0.0
OI00020529,O0011748,P0011,1,141.93,19.12
OI00020530,O0011748,P0009,1,111.73,9.58
OI00020531,O0011749,P0008,1,86.1,9.28
OI00020532,O0011749,P0031,1,28.7,2.16
OI00020533,O0011750,P0017,1,152.57,0.0
OI00020534,O0011750,P0044,2,54.35,0.0
OI00020535,O0011750,P0038,2,272.37,0.0
OI00020536,O0011751,P0004,1,78.25,11.07
OI00020537,O0011751,P0003,1,82.28,8.31
OI00020538,O0011752,P0004,1,76.89,9.36
OI00020539,O0011752,P0009,1,108.72,17.16
OI00020540,O0011753,P0046,2,19.7,0.0
OI00020541,O0011754,P0030,2,257.66,0.0
OI00020542,O0011755,P0038,1,273.61,0.0
OI00020543,O0011755,P0049,1,142.13,0.0
OI00020544,O0011756,P0025,1,626.92,0.0
OI00020545,O0011757,P0016,2,120.68,0.0
OI00020546,O0011757,P0038,1,275.88,0.0
OI00020547,O0011758,P0038,1,275.54,14.66
OI00020548,O0011758,P0045,1,152.12,6.33
OI00020549,O0011759,P0045,1,152.16,0.0
OI00020550,O0011760,P0012,1,28.07,0.0
OI00020551,O0011760,P0021,1,85.14,0.0
OI00020552,O0011761,P0032,1,420.64,0.0
OI00020553,O0011762,P0020,1,674.16,113.86
OI00020554,O0011763,P0045,1,152.15,0.0
OI00020555,O0011763,P0043,1,45.71,0.0
OI00020556,O0011764,P0028,1,321.36,22.28
OI00020557,O0011764,P0046,1,19.27,1.98
OI00020558,O0011765,P0016,1,126.65,0.0
OI00020559,O0011765,P0049,1,138.46,0.0
OI00020560,O0011766,P0057,1,165.81,0.0
OI00020561,O0011767,P0050,1,13.87,0.85
OI00020562,O0011767,P0017,1,155.71,16.51
OI00020563,O0011768,P0033,1,439.2,0.0
OI00020564,O0011769,P0060,1,447.66,0.0
OI00020565,O0011769,P0026,1,85.71,0.0
OI00020566,O0011769,P0040,1,492.69,0.0
OI00020567,O0011770,P0016,1,123.01,0.0
OI00020568,O0011771,P0025,1,605.37,0.0
OI00020569,O0011772,P0039,1,325.61,0.0
OI00020570,O0011772,P0005,1,68.14,0.0
OI00020571,O0011773,P0020,1,689.16,0.0
OI00020572,O0011773,P0033,1,421.26,0.0
OI00020573,O0011774,P0045,1,154.22,0.0
OI00020574,O0011775,P0028,1,326.81,0.0
OI00020575,O0011775,P0041,1,30.0,0.0
OI00020576,O0011776,P0045,2,149.19,0.0
OI00020577,O0011777,P0027,1,623.9,91.8
OI00020578,O0011777,P0058,1,50.03,3.97
OI00020579,O0011778,P0003,1,83.69,0.0
OI00020580,O0011779,P0034,1,432.49,0.0
OI00020581,O0011779,P0058,1,51.71,0.0
OI00020582,O0011779,P0039,1,317.3,0.0
OI00020583,O0011780,P0022,1,331.14,15.33
OI00020584,O0011780,P0004,1,74.54,5.29
OI00020585,O0011781,P0029,1,298.97,0.0
OI00020586,O0011782,P0034,1,435.99,0.0
OI00020587,O0011783,P0003,1,82.08,11.17
OI00020588,O0011783,P0040,1,470.63,82.39
OI00020589,O0011784,P0032,1,412.75,66.11
OI00020590,O0011785,P0017,1,155.08,20.67
OI00020591,O0011785,P0007,1,113.29,6.72
OI00020592,O0011786,P0021,1,81.22,0.0
OI00020593,O0011786,P0019,1,672.77,0.0
OI00020594,O0011786,P0046,1,19.12,0.0
OI00020595,O0011786,P0003,1,79.18,0.0
OI00020596,O0011787,P0016,1,122.58,0.0
OI00020597,O0011788,P0058,2,51.03,17.26
OI00020598,O0011789,P0032,1,416.76,0.0
OI00020599,O0011790,P0001,1,144.5,0.0
OI00020600,O0011791,P0001,1,148.97,0.0
OI00020601,O0011792,P0010,1,158.22,13.95
OI00020602,O0011793,P0060,1,447.22,65.37
OI00020603,O0011793,P0041,1,30.93,3.36
OI00020604,O0011793,P0012,1,28.24,3.85
OI00020605,O0011794,P0059,1,60.79,0.0
OI00020606,O0011795,P0004,1,74.22,0.0
OI00020607,O0011795,P0049,2,142.3,0.0
OI00020608,O0011795,P0020,2,673.15,0.0
OI00020609,O0011796,P0025,1,636.34,88.49
OI00020610,O0011796,P0056,1,383.74,64.2
OI00020611,O0011797,P0016,2,125.76,0.0
OI00020612,O0011797,P0027,1,622.04,0.0
OI00020613,O0011798,P0045,1,151.86,0.0
OI00020614,O0011799,P0013,1,102.22,17.9
OI00020615,O0011799,P0040,2,474.58,123.7
OI00020616,O0011799,P0057,1,157.41,13.26
OI00020617,O0011800,P0019,1,686.28,0.0
OI00020618,O0011800,P0005,1,67.98,0.0
OI00020619,O0011800,P0021,1,82.52,0.0
OI00020620,O0011801,P0041,1,31.25,4.0
OI00020621,O0011802,P0057,2,164.24,0.0
OI00020622,O0011803,P0030,1,249.62,0.0
OI00020623,O0011804,P0056,1,367.15,0.0
OI00020624,O0011804,P0054,1,136.78,0.0
OI00020625,O0011804,P0050,1,14.53,0.0
OI00020626,O0011804,P0003,2,80.16,0.0
OI00020627,O0011805,P0055,1,147.58,0.0
OI00020628,O0011805,P0049,1,139.28,0.0
OI00020629,O0011806,P0008,1,88.03,0.0
OI00020630,O0011806,P0020,2,685.84,0.0
OI00020631,O0011807,P0036,1,186.18,12.07
OI00020632,O0011807,P0038,1,271.46,22.89
OI00020633,O0011808,P0034,1,427.0,0.0
OI00020634,O0011808,P0007,1,111.8,0.0
OI00020635,O0011809,P0033,1,427.94,26.68
OI00020636,O0011809,P0056,1,378.58,63.37
OI00020637,O0011810,P0030,1,250.94,0.0
OI00020638,O0011810,P0056,1,381.08,0.0
OI00020639,O0011811,P0005,1,68.77,0.0
OI00020640,O0011811,P0048,1,90.05,0.0
OI00020641,O0011811,P0058,1,52.44,0.0
OI00020642,O0011812,P0038,2,274.29,0.0
OI00020643,O0011812,P0059,1,60.76,0.0
OI00020644,O0011813,P0003,1,82.5,0.0
OI00020645,O0011814,P0008,1,88.13,0.0
OI00020646,O0011815,P0030,1,255.49,0.0
OI00020647,O0011815,P0003,1,80.04,0.0
OI00020648,O0011816,P0029,1,288.07,0.0
OI00020649,O0011816,P0010,1,164.91,0.0
OI00020650,O0011817,P0020,1,681.89,0.0
OI00020651,O0011818,P0008,2,88.28,0.0
OI00020652,O0011818,P0045,1,152.29,0.0
OI00020653,O0011819,P0013,1,103.59,6.3
OI00020654,O0011819,P0032,2,401.48,106.34
OI00020655,O0011819,P0021,1,82.74,8.84
OI00020656,O0011820,P0040,1,489.73,0.0
OI00020657,O0011820,P0032,1,401.6,0.0
OI00020658,O0011821,P0042,1,130.01,13.91
OI00020659,O0011821,P0040,1,465.98,26.65
OI00020660,O0011822,P0006,1,124.77,9.92
OI00020661,O0011822,P0020,1,666.97,96.65
OI00020662,O0011822,P0039,1,326.87,56.26
OI00020663,O0011823,P0023,1,118.81,15.82
OI00020664,O0011824,P0045,1,147.59,13.59
OI00020665,O0011825,P0045,1,146.45,0.0
OI00020666,O0011825,P0044,1,54.93,0.0
OI00020667,O0011825,P0040,1,470.29,0.0
OI00020668,O0011825,P0034,1,416.95,0.0
OI00020669,O0011825,P0049,1,143.25,0.0
OI00020670,O0011826,P0040,1,465.31,0.0
OI00020671,O0011826,P0013,2,103.82,0.0
OI00020672,O0011827,P0020,1,694.96,69.87
OI00020673,O0011828,P0021,1,81.96,4.63
OI00020674,O0011828,P0006,2,126.05,17.09
OI00020675,O0011829,P0048,1,93.78,5.71
OI00020676,O0011829,P0003,1,81.46,9.28
OI00020677,O0011830,P0042,1,127.57,0.0
OI00020678,O0011831,P0003,2,82.35,0.0
OI00020679,O0011831,P0056,1,378.26,0.0
OI00020680,O0011832,P0032,1,408.25,51.66
OI00020681,O0011833,P0019,1,667.48,0.0
OI00020682,O0011834,P0038,1,271.99,24.19
OI00020683,O0011835,P0056,1,373.78,16.59
OI00020684,O0011836,P0038,1,260.6,0.0
OI00020685,O0011836,P0019,1,654.17,0.0
OI00020686,O0011837,P0003,1,80.96,0.0
OI00020687,O0011838,P0002,1,83.05,6.62
OI00020688,O0011839,P0019,1,690.42,0.0
OI00020689,O0011839,P0023,1,120.74,0.0
OI00020690,O0011840,P0011,1,136.35,0.0
OI00020691,O0011840,P0027,1,655.21,0.0
OI00020692,O0011841,P0047,1,71.43,0.0
OI00020693,O0011842,P0033,2,431.79,0.0
OI00020694,O0011842,P0038,1,267.69,0.0
OI00020695,O0011842,P0004,1,76.53,0.0
OI00020696,O0011843,P0020,1,677.13,51.23
OI00020697,O0011843,P0044,1,52.35,8.73
OI00020698,O0011844,P0019,1,679.03,0.0
OI00020699,O0011845,P0022,1,340.86,0.0
OI00020700,O0011845,P0044,1,54.36,0.0
OI00020701,O0011846,P0022,1,345.51,0.0
OI00020702,O0011846,P0005,1,65.1,0.0
OI00020703,O0011847,P0015,1,62.64,0.0
OI00020704,O0011848,P0033,1,419.54,0.0
OI00020705,O0011849,P0042,1,127.97,18.41
OI00020706,O0011849,P0023,2,124.98,34.76
OI00020707,O0011849,P0014,1,133.92,19.5
OI00020708,O0011850,P0004,1,74.65,0.0
OI00020709,O0011851,P0006,1,127.37,0.0
OI00020710,O0011851,P0060,1,453.4,0.0
OI00020711,O0011851,P0029,1,284.37,0.0
OI00020712,O0011852,P0022,1,334.65,0.0
OI00020713,O0011852,P0001,1,144.93,0.0
OI00020714,O0011852,P0003,1,81.61,0.0
OI00020715,O0011853,P0016,2,123.22,16.85
OI00020716,O0011853,P0058,1,51.2,7.74
OI00020717,O0011853,P0027,1,650.32,56.65
OI00020718,O0011854,P0030,1,260.14,0.0
OI00020719,O0011855,P0029,1,298.7,0.0
OI00020720,O0011855,P0028,1,313.56,0.0
OI00020721,O0011856,P0006,1,125.15,0.0
OI00020722,O0011856,P0043,1,46.06,0.0
OI00020723,O0011856,P0055,1,145.14,0.0
OI00020724,O0011856,P0036,1,193.0,0.0
OI00020725,O0011857,P0038,1,262.32,0.0
OI00020726,O0011857,P0040,1,489.95,0.0
OI00020727,O0011858,P0057,1,165.24,8.6
OI00020728,O0011858,P0013,2,100.94,24.19
OI00020729,O0011859,P0035,1,285.97,0.0
OI00020730,O0011859,P0024,1,775.35,0.0
OI00020731,O0011860,P0017,1,151.12,10.63
OI00020732,O0011860,P0011,1,141.8,18.94
OI00020733,O0011861,P0039,1,323.3,33.79
OI00020734,O0011861,P0045,1,153.53,18.33
OI00020735,O0011862,P0041,1,31.57,5.19
OI00020736,O0011862,P0024,1,774.35,123.94
OI00020737,O0011862,P0004,1,75.03,13.15
OI00020738,O0011862,P0018,2,371.87,56.53
OI00020739,O0011863,P0018,1,376.57,30.31
OI00020740,O0011864,P0043,1,44.6,4.14
OI00020741,O0011864,P0021,1,83.18,12.27
OI00020742,O0011865,P0024,1,773.96,0.0
OI00020743,O0011866,P0033,1,434.61,46.5
OI00020744,O0011866,P0039,2,326.18,55.29
OI00020745,O0011867,P0038,1,262.8,13.75
OI00020746,O0011867,P0026,2,83.11,21.03
OI00020747,O0011868,P0045,1,146.26,0.0
OI00020748,O0011868,P0029,2,288.98,0.0
OI00020749,O0011869,P0006,2,123.68,0.0
OI00020750,O0011870,P0013,1,102.84,9.66
OI00020751,O0011871,P0017,1,159.07,0.0
OI00020752,O0011872,P0006,2,127.18,0.0
OI00020753,O0011873,P0041,1,30.44,4.73
OI00020754,O0011874,P0006,1,121.36,0.0
OI00020755,O0011875,P0032,1,414.86,0.0
OI00020756,O0011875,P0001,1,143.81,0.0
OI00020757,O0011876,P0011,1,138.27,0.0
OI00020758,O0011876,P0017,1,158.21,0.0
OI00020759,O0011877,P0022,1,338.16,38.12
OI00020760,O0011877,P0016,1,125.0,16.78
OI00020761,O0011878,P0019,1,659.51,0.0
OI00020762,O0011878,P0004,1,74.45,0.0
OI00020763,O0011879,P0038,1,262.51,0.0
OI00020764,O0011880,P0029,1,284.31,0.0
OI00020765,O0011880,P0036,1,195.6,0.0
OI00020766,O0011880,P0058,1,52.49,0.0
OI00020767,O0011881,P0003,1,83.94,4.01
OI00020768,O0011882,P0040,1,465.98,0.0
OI00020769,O0011883,P0058,1,49.9,0.0
OI00020770,O0011884,P0024,1,776.62,115.64
OI00020771,O0011885,P0055,1,150.3,0.0
OI00020772,O0011885,P0051,1,74.21,0.0
OI00020773,O0011886,P0056,1,373.52,53.11
OI00020774,O0011887,P0025,1,609.37,0.0
OI00020775,O0011888,P0003,2,81.41,23.14
OI00020776,O0011888,P0050,1,14.42,0.95
OI00020777,O0011889,P0029,1,295.42,47.49
OI00020778,O0011890,P0047,1,71.88,0.0
OI00020779,O0011890,P0050,1,14.01,0.0
OI00020780,O0011891,P0009,1,114.14,0.0
OI00020781,O0011892,P0006,2,127.26,0.0
OI00020782,O0011893,P0055,1,145.02,0.0
OI00020783,O0011893,P0050,1,14.03,0.0
OI00020784,O0011893,P0045,1,146.4,0.0
OI00020785,O0011894,P0003,1,79.83,0.0
OI00020786,O0011894,P0016,1,121.09,0.0
OI00020787,O0011895,P0024,1,778.85,67.97
OI00020788,O0011896,P0038,2,271.77,0.0
OI00020789,O0011897,P0002,1,82.38,0.0
OI00020790,O0011898,P0056,1,370.14,0.0
OI00020791,O0011898,P0006,2,121.44,0.0
OI00020792,O0011899,P0001,1,146.85,0.0
OI00020793,O0011899,P0006,1,124.78,0.0
OI00020794,O0011899,P0021,1,84.0,0.0
OI00020795,O0011900,P0008,1,86.68,7.18
OI00020796,O0011900,P0027,1,627.85,73.56
OI00020797,O0011900,P0057,1,163.23,25.97
OI00020798,O0011901,P0029,1,290.36,32.22
OI00020799,O0011902,P0004,1,78.25,13.93
OI00020800,O0011903,P0057,1,161.01,25.05
OI00020801,O0011903,P0055,1,142.94,20.75
OI00020802,O0011903,P0054,1,139.66,22.05
OI00020803,O0011904,P0045,1,152.72,0.0
OI00020804,O0011904,P0038,1,261.54,0.0
OI00020805,O0011905,P0042,1,132.3,18.63
OI00020806,O0011905,P0003,2,83.74,12.51
OI00020807,O0011905,P0006,1,123.11,21.3
OI00020808,O0011906,P0033,1,440.79,0.0
OI00020809,O0011906,P0029,1,297.52,0.0
OI00020810,O0011906,P0031,1,28.42,0.0
OI00020811,O0011907,P0042,1,132.74,0.0
OI00020812,O0011908,P0029,1,286.6,0.0
OI00020813,O0011909,P0033,1,422.07,0.0
OI00020814,O0011910,P0011,2,141.81,0.0
OI00020815,O0011911,P0038,1,261.31,0.0
OI00020816,O0011911,P0003,1,80.18,0.0
OI00020817,O0011911,P0059,1,63.7,0.0
OI00020818,O0011912,P0002,1,79.34,0.0
OI00020819,O0011912,P0038,1,265.63,0.0
OI00020820,O0011912,P0039,1,314.45,0.0
OI00020821,O0011912,P0033,1,429.42,0.0
OI00020822,O0011912,P0055,3,149.45,0.0
OI00020823,O0011913,P0013,1,101.2,0.0
OI00020824,O0011914,P0046,1,19.41,1.25
OI00020825,O0011914,P0019,1,685.59,113.12
OI00020826,O0011915,P0013,1,100.46,4.44
OI00020827,O0011915,P0031,2,27.49,3.43
OI00020828,O0011915,P0004,2,75.83,10.22
OI00020829,O0011916,P0001,1,147.0,9.02
OI00020830,O0011917,P0026,1,84.18,0.0
OI00020831,O0011917,P0002,1,81.26,0.0
OI00020832,O0011918,P0059,1,62.7,0.0
OI00020833,O0011919,P0033,1,435.35,0.0
OI00020834,O0011920,P0019,2,688.88,118.49
OI00020835,O0011920,P0044,1,53.68,6.35
OI00020836,O0011921,P0004,2,77.46,16.09
OI00020837,O0011922,P0049,1,143.66,13.32
OI00020838,O0011922,P0042,1,134.59,17.45
OI00020839,O0011923,P0025,2,607.69,0.0
OI00020840,O0011924,P0057,1,160.01,0.0
OI00020841,O0011924,P0001,1,143.05,0.0
OI00020842,O0011925,P0039,1,330.66,0.0
OI00020843,O0011925,P0056,1,379.9,0.0
OI00020844,O0011926,P0044,1,54.74,0.0
OI00020845,O0011927,P0038,2,263.88,0.0
OI00020846,O0011927,P0013,2,99.44,0.0
OI00020847,O0011927,P0022,1,328.1,0.0
OI00020848,O0011927,P0034,1,412.94,0.0
OI00020849,O0011928,P0013,1,102.96,0.0
OI00020850,O0011929,P0050,1,14.57,0.0
OI00020851,O0011930,P0055,1,147.17,0.0
OI00020852,O0011930,P0027,1,637.07,0.0
OI00020853,O0011931,P0023,1,122.53,0.0
OI00020854,O0011931,P0006,2,125.61,0.0
OI00020855,O0011932,P0034,1,433.65,0.0
OI00020856,O0011933,P0031,1,27.89,0.0
OI00020857,O0011934,P0052,1,421.71,0.0
OI00020858,O0011935,P0020,1,690.8,96.03
OI00020859,O0011936,P0002,1,80.98,0.0
OI00020860,O0011937,P0045,1,151.66,0.0
OI00020861,O0011937,P0035,1,281.26,0.0
OI00020862,O0011937,P0043,1,45.52,0.0
OI00020863,O0011937,P0029,1,297.01,0.0
OI00020864,O0011938,P0049,1,144.38,0.0
OI00020865,O0011938,P0047,1,69.14,0.0
OI00020866,O0011938,P0038,2,271.15,0.0
OI00020867,O0011939,P0051,2,75.89,17.36
OI00020868,O0011939,P0018,2,372.28,107.13
OI00020869,O0011940,P0032,1,408.94,0.0
OI00020870,O0011941,P0007,2,111.61,22.46
OI00020871,O0011942,P0043,1,45.29,3.67
OI00020872,O0011943,P0020,1,685.07,0.0
OI00020873,O0011944,P0045,1,150.25,0.0
OI00020874,O0011944,P0057,1,160.87,0.0
OI00020875,O0011945,P0054,1,133.88,22.01
OI00020876,O0011945,P0013,1,103.65,13.65
OI00020877,O0011946,P0013,1,102.68,0.0
OI00020878,O0011947,P0020,1,664.85,0.0
OI00020879,O0011948,P0047,1,70.08,0.0
OI00020880,O0011948,P0039,1,321.75,0.0
OI00020881,O0011949,P0023,1,118.39,12.84
OI00020882,O0011949,P0001,1,145.56,18.25
OI00020883,O0011950,P0017,1,158.52,0.0
OI00020884,O0011950,P0014,1,136.9,0.0
OI00020885,O0011950,P0036,1,193.37,0.0
OI00020886,O0011951,P0001,1,141.02,0.0
OI00020887,O0011951,P0045,2,149.31,0.0
OI00020888,O0011952,P0013,1,101.73,0.0
OI00020889,O0011952,P0022,1,337.43,0.0
OI00020890,O0011953,P0006,2,123.02,0.0
OI00020891,O0011954,P0045,1,148.0,8.22
OI00020892,O0011954,P0013,1,101.9,11.55
OI00020893,O0011955,P0007,2,109.35,0.0
OI00020894,O0011956,P0038,1,273.12,0.0
OI00020895,O0011957,P0038,1,262.09,30.31
OI00020896,O0011957,P0055,1,145.47,11.31
OI00020897,O0011958,P0004,1,77.11,0.0
OI00020898,O0011959,P0027,1,641.63,0.0
OI00020899,O0011960,P0001,1,148.33,0.0
OI00020900,O0011961,P0056,1,380.39,0.0
OI00020901,O0011962,P0038,2,273.07,0.0
OI00020902,O0011962,P0049,1,139.19,0.0
OI00020903,O0011963,P0030,1,254.72,0.0
OI00020904,O0011963,P0008,1,89.9,0.0
OI00020905,O0011963,P0023,1,122.02,0.0
OI00020906,O0011964,P0052,1,415.65,0.0
OI00020907,O0011964,P0045,1,146.58,0.0
OI00020908,O0011965,P0038,1,271.15,46.96
OI00020909,O0011966,P0002,1,83.15,0.0
OI00020910,O0011966,P0045,2,150.92,0.0
OI00020911,O0011966,P0018,1,372.8,0.0
OI00020912,O0011967,P0057,1,165.64,0.0
OI00020913,O0011968,P0049,1,145.73,0.0
OI00020914,O0011968,P0016,1,126.31,0.0
OI00020915,O0011968,P0038,1,273.53,0.0
OI00020916,O0011968,P0003,1,82.4,0.0
OI00020917,O0011969,P0036,1,193.04,0.0
OI00020918,O0011970,P0029,1,298.41,0.0
OI00020919,O0011970,P0030,1,248.83,0.0
OI00020920,O0011971,P0008,1,89.47,0.0
OI00020921,O0011972,P0058,2,50.22,0.0
OI00020922,O0011972,P0020,1,690.19,0.0
OI00020923,O0011972,P0019,1,690.6,0.0
OI00020924,O0011973,P0028,1,313.69,0.0
OI00020925,O0011974,P0048,1,92.34,11.92
OI00020926,O0011974,P0054,1,140.82,17.21
OI00020927,O0011974,P0016,1,126.67,13.33
OI00020928,O0011975,P0044,1,54.65,0.0
OI00020929,O0011976,P0032,1,409.23,0.0
OI00020930,O0011976,P0020,1,676.66,0.0
OI00020931,O0011977,P0028,1,311.78,0.0
OI00020932,O0011977,P0041,2,30.93,0.0
OI00020933,O0011978,P0049,1,142.41,17.31
OI00020934,O0011979,P0001,2,147.34,0.0
OI00020935,O0011980,P0003,1,83.48,3.72
OI00020936,O0011981,P0019,1,666.93,0.0
OI00020937,O0011981,P0029,1,285.24,0.0
OI00020938,O0011982,P0019,1,657.26,0.0
OI00020939,O0011982,P0011,1,138.41,0.0
OI00020940,O0011983,P0027,1,646.34,0.0
OI00020941,O0011984,P0049,1,139.98,0.0
OI00020942,O0011985,P0046,1,19.05,0.0
OI00020943,O0011986,P0024,1,769.09,0.0
OI00020944,O0011986,P0002,1,80.19,0.0
OI00020945,O0011987,P0026,1,86.65,0.0
OI00020946,O0011987,P0018,1,374.13,0.0
OI00020947,O0011988,P0041,2,31.66,0.0
OI00020948,O0011989,P0003,1,83.46,14.05
OI00020949,O0011990,P0011,2,138.62,0.0
OI00020950,O0011991,P0023,1,119.49,13.06
OI00020951,O0011992,P0015,1,60.68,5.61
OI00020952,O0011992,P0005,2,66.2,16.57
OI00020953,O0011993,P0003,2,82.33,7.42
OI00020954,O0011993,P0038,1,267.36,18.57
OI00020955,O0011994,P0056,1,379.5,49.49
OI00020956,O0011995,P0046,1,19.03,0.0
OI00020957,O0011995,P0009,2,110.22,0.0
OI00020958,O0011996,P0038,1,276.09,0.0
OI00020959,O0011997,P0044,1,54.69,0.0
OI00020960,O0011998,P0002,1,81.21,6.76
OI00020961,O0011998,P0030,1,256.77,15.87
OI00020962,O0011998,P0053,1,521.94,26.08
OI00020963,O0011999,P0039,1,313.85,0.0
OI00020964,O0011999,P0054,2,139.73,0.0
OI00020965,O0011999,P0024,1,774.14,0.0
OI00020966,O0012000,P0002,1,82.21,0.0
OI00020967,O0002602,P0032,1,400.97,0.0
OI00020968,O0003051,P0038,1,271.93,0.0
OI00020969,O0003221,P0054,1,140.21,0.0
OI00020970,O0003161,P0013,1,99.98,0.0
OI00020971,O0007790,P0010,1,160.75,0.0
OI00020972,O0006716,P0045,1,146.06,7.1
OI00020973,O0001404,P0024,1,774.72,0.0
OI00020974,O0007951,P0011,1,142.2,0.0
OI00020975,O0011398,P0041,2,30.2,0.0
OI00020976,O0005936,P0040,1,473.59,72.84
OI00020977,O0007127,P0047,1,70.61,0.0
OI00020978,O0000136,P0038,1,276.2,0.0
OI00020979,O0002754,P0019,1,658.66,0.0
OI00020980,O0005604,P0022,1,337.84,0.0
OI00020981,O0007275,P0022,1,334.6,0.0
OI00020982,O0006735,P0016,1,126.96,7.53
OI00020983,O0011452,P0045,1,147.62,19.81
OI00020984,O0004824,P0042,1,130.24,0.0
OI00020985,O0010544,P0032,1,397.76,0.0
OI00020986,O0006021,P0025,1,609.54,0.0
OI00020987,O0010819,P0044,1,52.76,0.0
OI00020988,O0004976,P0005,1,68.46,0.0
OI00020989,O0009818,P0023,1,118.19,15.5
OI00020990,O0011289,P0001,1,145.59,0.0
OI00020991,O0000100,P0048,1,92.21,0.0
OI00020992,O0002647,P0022,1,348.16,0.0
OI00020993,O0008358,P0045,1,145.82,0.0
OI00020994,O0006401,P0027,1,625.63,34.3
OI00020995,O0005781,P0011,3,136.53,0.0
OI00020996,O0005402,P0031,2,27.67,0.0
OI00020997,O0006070,P0050,1,14.51,0.0
OI00020998,O0001206,P0050,1,14.29,0.0
OI00020999,O0003740,P0055,2,149.49,0.0
OI00021000,O0001089,P0029,2,296.39,0.0
OI00021001,O0003599,P0049,2,140.63,0.0
OI00021002,O0010093,P0001,1,143.83,19.55
OI00021003,O0009304,P0043,1,46.55,0.0
OI00021004,O0005326,P0027,1,641.11,0.0
OI00021005,O0003363,P0033,1,428.51,0.0
OI00021006,O0008057,P0038,1,275.99,0.0
OI00021007,O0006864,P0055,1,145.71,0.0
OI00021008,O0000497,P0005,2,65.23,19.6
OI00021009,O0009953,P0044,1,53.61,7.79
OI00021010,O0000114,P0034,1,425.86,0.0
OI00021011,O0006832,P0050,1,14.23,0.0
OI00021012,O0004888,P0050,1,14.03,0.0
OI00021013,O0004429,P0003,2,83.16,0.0
OI00021014,O0010808,P0015,1,63.35,10.14
OI00021015,O0005997,P0055,1,145.35,0.0
