order_id,customer_id,order_date,promotion_id,order_status,shipping_revenue
O0000001,C001138,2026-01-01,PROMO_BASE,Completed,6.99
O0000002,C000305,2026-01-01,,Completed,6.99
O0000003,C000212,2026-01-01,,Completed,6.99
O0000004,C001120,2026-01-01,,Completed,0.0
O0000005,C000123,2026-01-01,PROMO_BASE,Completed,6.99
O0000006,C000212,2026-01-01,,Completed,9.99
O0000007,C001891,2026-01-01,,Completed,4.99
O0000008,C001223,2026-01-01,,Completed,0.0
O0000009,C000215,2026-01-01,,Completed,0.0
O0000010,C002273,2026-01-01,,Completed,4.99
O0000011,C000290,2026-01-01,,Completed,6.99
O0000012,C002100,2026-01-01,,Completed,0.0
O0000013,C000151,2026-01-01,,Completed,0.0
O0000014,C001987,2026-01-01,,Completed,0.0
O0000015,C000910,2026-01-01,,Completed,0.0
O0000016,C000435,2026-01-01,,Completed,0.0
O0000017,C002168,2026-01-01,PROMO_BASE,Completed,9.99
O0000018,C001017,2026-01-01,,Completed,0.0
O0000019,C001706,2026-01-01,,Completed,0.0
O0000020,C000257,2026-01-01,,Completed,0.0
O0000021,C002159,2026-01-01,,Completed,0.0
O0000022,C001027,2026-01-01,PROMO_BASE,Completed,0.0
O0000023,C000243,2026-01-01,,Completed,0.0
O0000024,C001331,2026-01-01,PROMO_BASE,Completed,4.99
O0000025,C002490,2026-01-01,,Completed,0.0
O0000026,C002007,2026-01-01,,Completed,9.99
O0000027,C000332,2026-01-01,,Completed,0.0
O0000028,C001500,2026-01-01,PROMO_BASE,Completed,0.0
O0000029,C001045,2026-01-01,,Completed,4.99
O0000030,C002481,2026-01-01,,Completed,0.0
O0000031,C000305,2026-01-01,,Completed,0.0
O0000032,C000589,2026-01-01,,Completed,0.0
O0000033,C000349,2026-01-01,,Completed,6.99
O0000034,C002325,2026-01-01,,Completed,0.0
O0000035,C000869,2026-01-01,,Completed,0.0
O0000036,C002098,2026-01-01,PROMO_BASE,Completed,0.0
O0000037,C002268,2026-01-01,,Completed,4.99
O0000038,C001824,2026-01-01,PROMO_BASE,Completed,0.0
O0000039,C002002,2026-01-01,,Completed,4.99
O0000040,C000534,2026-01-01,,Completed,0.0
O0000041,C002310,2026-01-01,,Completed,0.0
O0000042,C000151,2026-01-01,,Completed,0.0
O0000043,C000921,2026-01-01,,Completed,4.99
O0000044,C000786,2026-01-01,PROMO_BASE,Completed,0.0
O0000045,C002189,2026-01-02,,Completed,0.0
O0000046,C001179,2026-01-02,,Completed,0.0
O0000047,C002435,2026-01-02,,Completed,0.0
O0000048,C001610,2026-01-02,,Completed,9.99
O0000049,C002002,2026-01-02,,Completed,9.99
O0000050,C002052,2026-01-02,,Completed,0.0
O0000051,C001463,2026-01-02,,Completed,4.99
O0000052,C001981,2026-01-02,,Completed,0.0
O0000053,C001453,2026-01-02,PROMO_BASE,Completed,0.0
O0000054,C001258,2026-01-02,,Completed,4.99
O0000055,C000149,2026-01-02,,Completed,0.0
O0000056,C002201,2026-01-02,,Completed,9.99
O0000057,C000974,2026-01-02,,Completed,0.0
O0000058,C002348,2026-01-02,,Completed,0.0
O0000059,C000503,2026-01-02,,Completed,0.0
O0000060,C000213,2026-01-02,,Completed,6.99
O0000061,C000521,2026-01-02,,Completed,0.0
O0000062,C002400,2026-01-02,,Completed,0.0
O0000063,C001437,2026-01-02,PROMO_BASE,Completed,6.99
O0000064,C000362,2026-01-02,PROMO_BASE,Completed,4.99
O0000065,C002110,2026-01-02,,Completed,4.99
O0000066,C000633,2026-01-02,,Completed,0.0
O0000067,C001440,2026-01-02,,Completed,0.0
O0000068,C000727,2026-01-02,,Completed,0.0
O0000069,C001464,2026-01-02,,Completed,0.0
O0000070,C002350,2026-01-02,,Completed,9.99
O0000071,C001373,2026-01-02,,Completed,9.99
O0000072,C002074,2026-01-02,,Completed,4.99
O0000073,C001136,2026-01-02,,Completed,6.99
O0000074,C000589,2026-01-02,PROMO_BASE,Completed,0.0
O0000075,C001475,2026-01-02,,Completed,4.99
O0000076,C002064,2026-01-02,,Completed,4.99
O0000077,C000753,2026-01-02,,Completed,6.99
O0000078,C000943,2026-01-02,,Completed,4.99
O0000079,C002342,2026-01-02,,Completed,0.0
O0000080,C001137,2026-01-02,,Completed,0.0
O0000081,C000098,2026-01-02,,Completed,4.99
O0000082,C000562,2026-01-02,,Completed,4.99
O0000083,C000419,2026-01-02,,Completed,0.0
O0000084,C000546,2026-01-02,,Completed,0.0
O0000085,C002168,2026-01-02,PROMO_BASE,Completed,0.0
O0000086,C002469,2026-01-02,PROMO_BASE,Completed,0.0
O0000087,C000236,2026-01-02,,Completed,0.0
O0000088,C000136,2026-01-02,,Completed,9.99
O0000089,C002277,2026-01-02,,Completed,0.0
O0000090,C001373,2026-01-02,,Completed,4.99
O0000091,C002420,2026-01-03,PROMO_BASE,Completed,0.0
O0000092,C001391,2026-01-03,,Completed,0.0
O0000093,C002467,2026-01-03,PROMO_BASE,Completed,0.0
O0000094,C000564,2026-01-03,,Completed,4.99
O0000095,C002052,2026-01-03,,Completed,0.0
O0000096,C001603,2026-01-03,,Completed,6.99
O0000097,C001364,2026-01-03,,Completed,4.99
O0000098,C001284,2026-01-03,,Completed,6.99
O0000099,C000597,2026-01-03,,Completed,0.0
O0000100,C000204,2026-01-03,,Completed,0.0
O0000101,C000232,2026-01-03,,Completed,9.99
O0000102,C001408,2026-01-03,PROMO_BASE,Completed,9.99
O0000103,C000858,2026-01-03,,Completed,6.99
O0000104,C000078,2026-01-03,PROMO_BASE,Completed,0.0
O0000105,C000743,2026-01-03,,Completed,0.0
O0000106,C001861,2026-01-03,,Completed,0.0
O0000107,C001615,2026-01-03,PROMO_BASE,Completed,0.0
O0000108,C001472,2026-01-03,,Completed,0.0
O0000109,C000688,2026-01-03,PROMO_BASE,Completed,0.0
O0000110,C000524,2026-01-03,,Completed,0.0
O0000111,C002226,2026-01-03,,Completed,0.0
O0000112,C000216,2026-01-03,,Completed,0.0
O0000113,C001010,2026-01-03,,Completed,0.0
O0000114,C001459,2026-01-03,,Completed,4.99
O0000115,C001267,2026-01-03,,Completed,6.99
O0000116,C001046,2026-01-03,,Completed,4.99
O0000117,C002428,2026-01-03,PROMO_BASE,Completed,0.0
O0000118,C000033,2026-01-03,,Completed,0.0
O0000119,C000496,2026-01-03,,Completed,0.0
O0000120,C000212,2026-01-03,PROMO_BASE,Completed,4.99
O0000121,C001742,2026-01-03,,Completed,0.0
O0000122,C002409,2026-01-03,,Completed,0.0
O0000123,C000801,2026-01-03,,Completed,0.0
O0000124,C000876,2026-01-03,PROMO_BASE,Completed,4.99
O0000125,C000672,2026-01-03,,Completed,4.99
O0000126,C000665,2026-01-03,,Completed,9.99
O0000127,C001076,2026-01-03,,Completed,0.0
O0000128,C001958,2026-01-03,,Completed,0.0
O0000129,C000913,2026-01-03,PROMO_BASE,Completed,6.99
O0000130,C000802,2026-01-04,PROMO_BASE,Completed,0.0
O0000131,C000874,2026-01-04,,Completed,0.0
O0000132,C000665,2026-01-04,,Completed,6.99
O0000133,C001044,2026-01-04,PROMO_BASE,Completed,0.0
O0000134,C002473,2026-01-04,,Completed,6.99
O0000135,C002490,2026-01-04,,Completed,6.99
O0000136,C000078,2026-01-04,,Completed,0.0
O0000137,C000075,2026-01-04,,Completed,9.99
O0000138,C001335,2026-01-04,,Completed,0.0
O0000139,C001968,2026-01-04,PROMO_BASE,Completed,0.0
O0000140,C002367,2026-01-04,,Completed,6.99
O0000141,C002198,2026-01-04,,Completed,0.0
O0000142,C002299,2026-01-04,,Completed,0.0
O0000143,C002431,2026-01-04,,Completed,0.0
O0000144,C000419,2026-01-04,,Completed,0.0
O0000145,C000349,2026-01-04,,Completed,0.0
O0000146,C001812,2026-01-04,,Completed,6.99
O0000147,C001231,2026-01-04,,Completed,0.0
O0000148,C001180,2026-01-04,,Completed,0.0
O0000149,C001390,2026-01-04,,Completed,4.99
O0000150,C001916,2026-01-04,,Completed,9.99
O0000151,C001622,2026-01-04,,Completed,0.0
O0000152,C001752,2026-01-04,,Completed,0.0
O0000153,C000346,2026-01-04,,Completed,0.0
O0000154,C000975,2026-01-04,,Completed,0.0
O0000155,C001170,2026-01-04,PROMO_BASE,Completed,9.99
O0000156,C001937,2026-01-04,PROMO_BASE,Completed,9.99
O0000157,C002433,2026-01-04,,Completed,4.99
O0000158,C001881,2026-01-04,,Completed,0.0
O0000159,C001070,2026-01-04,PROMO_BASE,Completed,0.0
O0000160,C001224,2026-01-04,PROMO_BASE,Completed,6.99
O0000161,C001390,2026-01-04,PROMO_BASE,Completed,6.99
O0000162,C001902,2026-01-04,,Completed,0.0
O0000163,C000015,2026-01-04,,Completed,0.0
O0000164,C000858,2026-01-04,,Completed,0.0
O0000165,C001633,2026-01-04,,Completed,0.0
O0000166,C001697,2026-01-04,,Completed,9.99
O0000167,C001316,2026-01-04,,Completed,6.99
O0000168,C000149,2026-01-04,,Completed,9.99
O0000169,C001647,2026-01-04,,Completed,0.0
O0000170,C000518,2026-01-04,PROMO_BASE,Completed,6.99
O0000171,C001819,2026-01-04,PROMO_BASE,Completed,4.99
O0000172,C002268,2026-01-04,,Completed,4.99
O0000173,C000320,2026-01-04,,Completed,9.99
O0000174,C000852,2026-01-04,,Completed,4.99
O0000175,C002319,2026-01-04,,Completed,0.0
O0000176,C001114,2026-01-04,PROMO_BASE,Completed,4.99
O0000177,C002274,2026-01-04,PROMO_BASE,Completed,0.0
O0000178,C000964,2026-01-04,PROMO_BASE,Completed,0.0
O0000179,C002098,2026-01-04,,Completed,0.0
O0000180,C002224,2026-01-05,,Completed,0.0
O0000181,C002017,2026-01-05,,Completed,4.99
O0000182,C001421,2026-01-05,,Completed,0.0
O0000183,C001213,2026-01-05,,Completed,0.0
O0000184,C002028,2026-01-05,,Completed,0.0
O0000185,C001013,2026-01-05,,Completed,6.99
O0000186,C000743,2026-01-05,,Completed,0.0
O0000187,C001391,2026-01-05,,Completed,0.0
O0000188,C000098,2026-01-05,,Completed,4.99
O0000189,C001027,2026-01-05,PROMO_BASE,Completed,0.0
O0000190,C001812,2026-01-05,,Completed,0.0
O0000191,C000362,2026-01-05,,Completed,0.0
O0000192,C000589,2026-01-05,,Completed,0.0
O0000193,C000480,2026-01-05,,Completed,0.0
O0000194,C000137,2026-01-05,PROMO_BASE,Completed,9.99
O0000195,C000054,2026-01-05,,Completed,0.0
O0000196,C001126,2026-01-05,PROMO_BASE,Completed,0.0
O0000197,C000358,2026-01-05,,Completed,6.99
O0000198,C002141,2026-01-05,PROMO_BASE,Completed,9.99
O0000199,C001541,2026-01-05,,Completed,9.99
O0000200,C000729,2026-01-05,,Completed,0.0
O0000201,C001681,2026-01-05,,Completed,0.0
O0000202,C001551,2026-01-05,PROMO_BASE,Completed,0.0
O0000203,C000145,2026-01-05,PROMO_BASE,Completed,6.99
O0000204,C002064,2026-01-05,,Completed,0.0
O0000205,C000189,2026-01-05,,Completed,0.0
O0000206,C000415,2026-01-05,,Completed,0.0
O0000207,C002460,2026-01-05,PROMO_BASE,Completed,0.0
O0000208,C002269,2026-01-05,PROMO_BASE,Completed,0.0
O0000209,C000804,2026-01-05,,Completed,0.0
O0000210,C001037,2026-01-05,,Completed,0.0
O0000211,C000890,2026-01-05,PROMO_BASE,Completed,0.0
O0000212,C000384,2026-01-05,,Completed,6.99
O0000213,C000355,2026-01-05,,Completed,6.99
O0000214,C002214,2026-01-05,,Completed,0.0
O0000215,C000397,2026-01-05,,Completed,0.0
O0000216,C000525,2026-01-05,,Completed,0.0
O0000217,C000257,2026-01-05,,Completed,6.99
O0000218,C000016,2026-01-05,,Completed,0.0
O0000219,C000739,2026-01-05,,Completed,0.0
O0000220,C000589,2026-01-05,,Completed,0.0
O0000221,C000524,2026-01-05,,Completed,0.0
O0000222,C000748,2026-01-05,PROMO_BASE,Completed,4.99
O0000223,C001500,2026-01-05,PROMO_BASE,Completed,9.99
O0000224,C002074,2026-01-05,,Completed,0.0
O0000225,C001595,2026-01-05,,Completed,6.99
O0000226,C000170,2026-01-05,,Completed,6.99
O0000227,C001096,2026-01-05,PROMO_BASE,Completed,9.99
O0000228,C001184,2026-01-05,PROMO_BASE,Completed,0.0
O0000229,C001027,2026-01-05,,Completed,0.0
O0000230,C001070,2026-01-05,,Completed,4.99
O0000231,C000182,2026-01-06,,Completed,9.99
O0000232,C001475,2026-01-06,PROMO_BASE,Completed,0.0
O0000233,C000909,2026-01-06,,Completed,0.0
O0000234,C002339,2026-01-06,PROMO_BASE,Completed,9.99
O0000235,C000441,2026-01-06,,Completed,0.0
O0000236,C002029,2026-01-06,,Completed,0.0
O0000237,C001667,2026-01-06,,Completed,4.99
O0000238,C002214,2026-01-06,PROMO_BASE,Completed,0.0
O0000239,C000344,2026-01-06,,Completed,0.0
O0000240,C000997,2026-01-06,,Completed,0.0
O0000241,C000078,2026-01-06,,Completed,0.0
O0000242,C001227,2026-01-06,PROMO_BASE,Completed,6.99
O0000243,C001291,2026-01-06,PROMO_BASE,Completed,9.99
O0000244,C000873,2026-01-06,PROMO_BASE,Completed,0.0
O0000245,C001273,2026-01-06,,Completed,4.99
O0000246,C001995,2026-01-06,,Completed,0.0
O0000247,C000061,2026-01-06,,Completed,0.0
O0000248,C002043,2026-01-06,,Completed,9.99
O0000249,C002169,2026-01-06,,Completed,6.99
O0000250,C001405,2026-01-06,PROMO_BASE,Completed,0.0
O0000251,C002363,2026-01-06,,Completed,9.99
O0000252,C001673,2026-01-06,,Completed,0.0
O0000253,C002137,2026-01-06,,Completed,6.99
O0000254,C000604,2026-01-06,PROMO_BASE,Completed,0.0
O0000255,C001310,2026-01-06,,Completed,0.0
O0000256,C000355,2026-01-06,,Completed,0.0
O0000257,C000520,2026-01-06,PROMO_BASE,Completed,0.0
O0000258,C000160,2026-01-06,,Completed,0.0
O0000259,C002469,2026-01-06,,Completed,6.99
O0000260,C000027,2026-01-06,,Completed,0.0
O0000261,C000671,2026-01-06,PROMO_BASE,Completed,0.0
O0000262,C000266,2026-01-06,PROMO_BASE,Completed,0.0
O0000263,C002314,2026-01-06,PROMO_BASE,Completed,4.99
O0000264,C000690,2026-01-06,,Completed,0.0
O0000265,C001512,2026-01-06,,Completed,9.99
O0000266,C002441,2026-01-06,,Completed,0.0
O0000267,C000101,2026-01-06,,Completed,0.0
O0000268,C001725,2026-01-06,,Completed,0.0
O0000269,C000005,2026-01-06,,Completed,4.99
O0000270,C002466,2026-01-06,PROMO_BASE,Completed,0.0
O0000271,C002300,2026-01-06,PROMO_BASE,Completed,6.99
O0000272,C002168,2026-01-06,,Completed,0.0
O0000273,C000756,2026-01-06,PROMO_BASE,Completed,0.0
O0000274,C002225,2026-01-06,,Completed,9.99
O0000275,C001402,2026-01-06,,Completed,0.0
O0000276,C000587,2026-01-06,,Completed,4.99
O0000277,C000242,2026-01-06,,Completed,4.99
O0000278,C002318,2026-01-06,,Completed,0.0
O0000279,C002452,2026-01-06,PROMO_BASE,Completed,0.0
O0000280,C000397,2026-01-06,,Completed,0.0
O0000281,C000535,2026-01-06,,Completed,6.99
O0000282,C001722,2026-01-06,PROMO_BASE,Completed,0.0
O0000283,C000074,2026-01-06,PROMO_BASE,Completed,6.99
O0000284,C002029,2026-01-06,,Completed,0.0
O0000285,C000826,2026-01-06,PROMO_BASE,Completed,0.0
O0000286,C002485,2026-01-06,,Completed,0.0
O0000287,C000768,2026-01-06,,Completed,0.0
O0000288,C000695,2026-01-06,,Completed,4.99
O0000289,C001567,2026-01-06,,Completed,0.0
O0000290,C002007,2026-01-07,,Completed,4.99
O0000291,C001639,2026-01-07,,Completed,9.99
O0000292,C002331,2026-01-07,,Completed,9.99
O0000293,C001463,2026-01-07,,Completed,4.99
O0000294,C001853,2026-01-07,PROMO_BASE,Completed,0.0
O0000295,C000480,2026-01-07,,Completed,0.0
O0000296,C001156,2026-01-07,,Completed,6.99
O0000297,C001781,2026-01-07,PROMO_BASE,Completed,4.99
O0000298,C002032,2026-01-07,,Completed,4.99
O0000299,C000956,2026-01-07,,Completed,0.0
O0000300,C000033,2026-01-07,,Completed,0.0
O0000301,C001489,2026-01-07,,Completed,0.0
O0000302,C001081,2026-01-07,,Completed,0.0
O0000303,C001663,2026-01-07,,Completed,0.0
O0000304,C000702,2026-01-07,,Completed,0.0
O0000305,C000149,2026-01-07,,Completed,0.0
O0000306,C002364,2026-01-07,,Completed,4.99
O0000307,C000230,2026-01-07,,Completed,9.99
O0000308,C001426,2026-01-07,PROMO_BASE,Completed,9.99
O0000309,C000633,2026-01-07,,Completed,4.99
O0000310,C001620,2026-01-07,,Completed,0.0
O0000311,C000235,2026-01-07,,Completed,0.0
O0000312,C002052,2026-01-07,,Completed,0.0
O0000313,C000918,2026-01-07,,Completed,0.0
O0000314,C000418,2026-01-07,PROMO_BASE,Completed,6.99
O0000315,C001662,2026-01-07,,Completed,0.0
O0000316,C001781,2026-01-07,PROMO_BASE,Completed,9.99
O0000317,C001965,2026-01-07,,Completed,9.99
O0000318,C002385,2026-01-07,PROMO_BASE,Completed,4.99
O0000319,C000015,2026-01-07,,Completed,6.99
O0000320,C002224,2026-01-07,PROMO_BASE,Completed,0.0
O0000321,C000326,2026-01-07,,Completed,0.0
O0000322,C002434,2026-01-07,,Completed,0.0
O0000323,C000661,2026-01-07,,Completed,4.99
O0000324,C001089,2026-01-07,PROMO_BASE,Completed,0.0
O0000325,C002152,2026-01-07,,Completed,6.99
O0000326,C000323,2026-01-07,PROMO_BASE,Completed,0.0
O0000327,C001290,2026-01-07,,Completed,4.99
O0000328,C001284,2026-01-07,PROMO_BASE,Completed,0.0
O0000329,C001002,2026-01-07,,Completed,0.0
O0000330,C000111,2026-01-07,PROMO_BASE,Completed,6.99
O0000331,C000477,2026-01-07,PROMO_BASE,Completed,0.0
O0000332,C000478,2026-01-07,,Completed,6.99
O0000333,C000885,2026-01-07,,Completed,0.0
O0000334,C001330,2026-01-07,,Completed,6.99
O0000335,C001503,2026-01-07,,Completed,0.0
O0000336,C001290,2026-01-07,,Completed,0.0
O0000337,C001807,2026-01-07,PROMO_BASE,Completed,0.0
O0000338,C002052,2026-01-07,,Completed,6.99
O0000339,C000738,2026-01-07,PROMO_BASE,Completed,6.99
O0000340,C000178,2026-01-07,,Completed,0.0
O0000341,C001070,2026-01-07,,Completed,0.0
O0000342,C000888,2026-01-07,PROMO_BASE,Completed,0.0
O0000343,C000054,2026-01-07,,Completed,0.0
O0000344,C001489,2026-01-07,,Completed,0.0
O0000345,C000163,2026-01-07,,Completed,0.0
O0000346,C001091,2026-01-07,,Completed,0.0
O0000347,C000361,2026-01-07,,Completed,0.0
O0000348,C000540,2026-01-07,,Completed,0.0
O0000349,C000618,2026-01-07,PROMO_BASE,Completed,6.99
O0000350,C000637,2026-01-07,,Completed,0.0
O0000351,C000562,2026-01-07,,Completed,0.0
O0000352,C000802,2026-01-07,,Completed,9.99
O0000353,C001036,2026-01-07,PROMO_BASE,Completed,0.0
O0000354,C002373,2026-01-07,,Completed,6.99
O0000355,C001363,2026-01-07,,Completed,6.99
O0000356,C002188,2026-01-07,,Completed,0.0
O0000357,C000894,2026-01-07,,Completed,0.0
O0000358,C001492,2026-01-07,PROMO_BASE,Completed,4.99
O0000359,C001357,2026-01-07,PROMO_BASE,Completed,0.0
O0000360,C000565,2026-01-08,,Completed,4.99
O0000361,C001061,2026-01-08,PROMO_BASE,Completed,0.0
O0000362,C001170,2026-01-08,,Completed,0.0
O0000363,C001268,2026-01-08,PROMO_BASE,Completed,0.0
O0000364,C000471,2026-01-08,PROMO_BASE,Completed,0.0
O0000365,C002268,2026-01-08,,Completed,0.0
O0000366,C002098,2026-01-08,,Completed,9.99
O0000367,C001248,2026-01-08,,Completed,0.0
O0000368,C001167,2026-01-08,,Completed,4.99
O0000369,C002231,2026-01-08,PROMO_BASE,Completed,9.99
O0000370,C002162,2026-01-08,,Completed,4.99
O0000371,C000524,2026-01-08,PROMO_BASE,Completed,0.0
O0000372,C002018,2026-01-08,,Completed,9.99
O0000373,C002475,2026-01-08,,Completed,4.99
O0000374,C000495,2026-01-08,,Completed,0.0
O0000375,C000077,2026-01-08,,Completed,6.99
O0000376,C000601,2026-01-08,,Completed,0.0
O0000377,C001646,2026-01-08,,Completed,9.99
O0000378,C001911,2026-01-08,,Completed,0.0
O0000379,C000593,2026-01-08,,Completed,0.0
O0000380,C001806,2026-01-08,,Completed,0.0
O0000381,C001017,2026-01-08,PROMO_BASE,Completed,0.0
O0000382,C002046,2026-01-08,,Completed,9.99
O0000383,C000743,2026-01-08,,Completed,0.0
O0000384,C000856,2026-01-08,,Completed,9.99
O0000385,C000126,2026-01-08,,Completed,0.0
O0000386,C001675,2026-01-08,,Completed,0.0
O0000387,C000296,2026-01-08,,Completed,0.0
O0000388,C000442,2026-01-08,PROMO_BASE,Completed,0.0
O0000389,C000354,2026-01-08,PROMO_BASE,Completed,9.99
O0000390,C000420,2026-01-08,,Completed,4.99
O0000391,C001650,2026-01-08,,Completed,0.0
O0000392,C001466,2026-01-08,,Completed,0.0
O0000393,C001239,2026-01-08,,Completed,6.99
O0000394,C001485,2026-01-08,,Completed,0.0
O0000395,C002458,2026-01-08,,Completed,9.99
O0000396,C002311,2026-01-08,PROMO_BASE,Completed,6.99
O0000397,C001159,2026-01-08,PROMO_BASE,Completed,6.99
O0000398,C001586,2026-01-08,,Completed,0.0
O0000399,C000077,2026-01-08,PROMO_BASE,Completed,4.99
O0000400,C001165,2026-01-08,,Completed,0.0
O0000401,C002379,2026-01-08,PROMO_BASE,Completed,9.99
O0000402,C002096,2026-01-08,,Completed,0.0
O0000403,C002263,2026-01-08,,Completed,0.0
O0000404,C000406,2026-01-08,,Completed,0.0
O0000405,C002331,2026-01-08,,Completed,0.0
O0000406,C000256,2026-01-08,,Completed,4.99
O0000407,C002313,2026-01-08,PROMO_BASE,Completed,9.99
O0000408,C000431,2026-01-08,PROMO_BASE,Completed,6.99
O0000409,C002330,2026-01-08,PROMO_BASE,Completed,9.99
O0000410,C000389,2026-01-08,,Completed,0.0
O0000411,C000449,2026-01-08,,Completed,0.0
O0000412,C002434,2026-01-08,,Completed,6.99
O0000413,C000183,2026-01-08,PROMO_BASE,Completed,0.0
O0000414,C002010,2026-01-08,,Completed,0.0
O0000415,C001120,2026-01-08,PROMO_BASE,Completed,0.0
O0000416,C000800,2026-01-08,PROMO_BASE,Completed,0.0
O0000417,C000564,2026-01-08,,Completed,0.0
O0000418,C000113,2026-01-08,,Completed,0.0
O0000419,C002207,2026-01-08,PROMO_BASE,Completed,0.0
O0000420,C000471,2026-01-08,PROMO_BASE,Completed,9.99
O0000421,C000856,2026-01-08,PROMO_BASE,Completed,4.99
O0000422,C000239,2026-01-08,,Completed,0.0
O0000423,C000495,2026-01-08,PROMO_BASE,Completed,0.0
O0000424,C000089,2026-01-08,,Completed,0.0
O0000425,C000419,2026-01-08,PROMO_BASE,Completed,0.0
O0000426,C001669,2026-01-08,,Completed,6.99
O0000427,C000091,2026-01-08,PROMO_BASE,Completed,6.99
O0000428,C001582,2026-01-09,,Completed,6.99
O0000429,C002410,2026-01-09,PROMO_BASE,Completed,9.99
O0000430,C000428,2026-01-09,,Completed,0.0
O0000431,C000001,2026-01-09,,Completed,6.99
O0000432,C000336,2026-01-09,,Completed,4.99
O0000433,C001990,2026-01-09,,Completed,9.99
O0000434,C001463,2026-01-09,,Completed,4.99
O0000435,C000350,2026-01-09,,Completed,6.99
O0000436,C001391,2026-01-09,,Completed,6.99
O0000437,C002400,2026-01-09,,Completed,9.99
O0000438,C000346,2026-01-09,PROMO_BASE,Completed,4.99
O0000439,C001616,2026-01-09,PROMO_BASE,Completed,0.0
O0000440,C002431,2026-01-09,PROMO_BASE,Completed,0.0
O0000441,C002043,2026-01-09,,Completed,0.0
O0000442,C000885,2026-01-09,,Completed,9.99
O0000443,C000538,2026-01-09,,Completed,4.99
O0000444,C001003,2026-01-09,,Completed,6.99
O0000445,C001752,2026-01-09,,Completed,0.0
O0000446,C002440,2026-01-09,PROMO_BASE,Completed,0.0
O0000447,C000696,2026-01-09,,Completed,0.0
O0000448,C000308,2026-01-09,,Completed,6.99
O0000449,C000514,2026-01-09,,Completed,0.0
O0000450,C001806,2026-01-09,,Completed,0.0
O0000451,C000904,2026-01-09,,Completed,0.0
O0000452,C001026,2026-01-09,PROMO_BASE,Completed,0.0
O0000453,C001953,2026-01-09,,Completed,0.0
O0000454,C001159,2026-01-09,,Completed,0.0
O0000455,C000619,2026-01-09,PROMO_BASE,Completed,0.0
O0000456,C000472,2026-01-09,,Completed,0.0
O0000457,C000135,2026-01-09,,Completed,4.99
O0000458,C000852,2026-01-09,,Completed,0.0
O0000459,C002499,2026-01-09,PROMO_BASE,Completed,4.99
O0000460,C001894,2026-01-09,,Completed,0.0
O0000461,C001556,2026-01-09,,Completed,4.99
O0000462,C001421,2026-01-09,PROMO_BASE,Completed,0.0
O0000463,C001373,2026-01-09,,Completed,0.0
O0000464,C001477,2026-01-09,,Completed,6.99
O0000465,C001786,2026-01-09,,Completed,6.99
O0000466,C001300,2026-01-09,,Completed,4.99
O0000467,C001740,2026-01-09,,Completed,6.99
O0000468,C001500,2026-01-09,,Completed,9.99
O0000469,C000266,2026-01-09,,Completed,4.99
O0000470,C002179,2026-01-09,,Completed,6.99
O0000471,C000641,2026-01-09,,Completed,4.99
O0000472,C002242,2026-01-09,,Completed,6.99
O0000473,C000136,2026-01-09,PROMO_BASE,Completed,0.0
O0000474,C001354,2026-01-09,,Completed,0.0
O0000475,C000150,2026-01-09,,Completed,6.99
O0000476,C000531,2026-01-09,PROMO_BASE,Completed,6.99
O0000477,C000740,2026-01-09,,Completed,0.0
O0000478,C000705,2026-01-09,PROMO_BASE,Completed,0.0
O0000479,C001159,2026-01-09,PROMO_BASE,Completed,4.99
O0000480,C000472,2026-01-09,,Completed,0.0
O0000481,C002243,2026-01-09,,Completed,0.0
O0000482,C001981,2026-01-09,,Completed,6.99
O0000483,C000235,2026-01-09,PROMO_BASE,Completed,9.99
O0000484,C000089,2026-01-09,,Completed,0.0
O0000485,C002112,2026-01-09,,Completed,0.0
O0000486,C001835,2026-01-09,,Completed,0.0
O0000487,C000797,2026-01-09,PROMO_BASE,Completed,0.0
O0000488,C001781,2026-01-09,,Completed,9.99
O0000489,C000214,2026-01-09,,Completed,0.0
O0000490,C001427,2026-01-09,,Completed,6.99
O0000491,C002017,2026-01-09,PROMO_BASE,Completed,4.99
O0000492,C001856,2026-01-09,PROMO_BASE,Completed,6.99
O0000493,C001354,2026-01-09,,Completed,6.99
O0000494,C002481,2026-01-09,,Completed,9.99
O0000495,C000706,2026-01-09,,Completed,0.0
O0000496,C000213,2026-01-09,,Completed,0.0
O0000497,C001457,2026-01-09,PROMO_BASE,Completed,9.99
O0000498,C000037,2026-01-09,,Completed,0.0
O0000499,C002046,2026-01-09,,Completed,0.0
O0000500,C000013,2026-01-09,,Completed,0.0
O0000501,C001320,2026-01-09,,Completed,0.0
O0000502,C002293,2026-01-09,PROMO_BASE,Completed,6.99
O0000503,C000686,2026-01-09,,Completed,0.0
O0000504,C000801,2026-01-10,PROMO_BASE,Completed,6.99
O0000505,C000449,2026-01-10,,Completed,4.99
O0000506,C001481,2026-01-10,,Completed,0.0
O0000507,C002454,2026-01-10,,Completed,4.99
O0000508,C000540,2026-01-10,,Completed,0.0
O0000509,C001315,2026-01-10,,Completed,4.99
O0000510,C000705,2026-01-10,,Completed,0.0
O0000511,C000214,2026-01-10,,Completed,0.0
O0000512,C001951,2026-01-10,,Completed,0.0
O0000513,C000240,2026-01-10,PROMO_BASE,Completed,0.0
O0000514,C000359,2026-01-10,,Completed,9.99
O0000515,C001246,2026-01-10,,Completed,9.99
O0000516,C002259,2026-01-10,,Completed,0.0
O0000517,C002319,2026-01-10,PROMO_BASE,Completed,0.0
O0000518,C000027,2026-01-10,PROMO_BASE,Completed,0.0
O0000519,C001148,2026-01-10,PROMO_BASE,Completed,4.99
O0000520,C000333,2026-01-10,,Completed,0.0
O0000521,C000562,2026-01-10,PROMO_BASE,Completed,0.0
O0000522,C001459,2026-01-10,,Completed,0.0
O0000523,C000312,2026-01-10,,Completed,6.99
O0000524,C001741,2026-01-10,,Completed,0.0
O0000525,C001090,2026-01-10,,Completed,0.0
O0000526,C001301,2026-01-10,,Completed,0.0
O0000527,C000013,2026-01-10,PROMO_BASE,Completed,4.99
O0000528,C001463,2026-01-10,,Completed,0.0
O0000529,C001826,2026-01-10,,Completed,0.0
O0000530,C001991,2026-01-10,PROMO_BASE,Completed,0.0
O0000531,C000082,2026-01-10,,Completed,0.0
O0000532,C002189,2026-01-10,,Completed,0.0
O0000533,C000490,2026-01-10,,Completed,0.0
O0000534,C001514,2026-01-10,,Completed,0.0
O0000535,C001258,2026-01-10,PROMO_BASE,Completed,0.0
O0000536,C000043,2026-01-10,,Completed,0.0
O0000537,C001268,2026-01-10,,Completed,0.0
O0000538,C001096,2026-01-10,,Completed,0.0
O0000539,C000048,2026-01-10,,Completed,9.99
O0000540,C002118,2026-01-10,,Completed,6.99
O0000541,C002492,2026-01-10,,Completed,6.99
O0000542,C000885,2026-01-10,,Completed,6.99
O0000543,C001517,2026-01-10,,Completed,9.99
O0000544,C002315,2026-01-10,PROMO_BASE,Completed,9.99
O0000545,C000285,2026-01-10,,Completed,4.99
O0000546,C002453,2026-01-10,PROMO_BASE,Completed,0.0
O0000547,C000354,2026-01-10,,Completed,0.0
O0000548,C001156,2026-01-10,,Completed,9.99
O0000549,C001331,2026-01-10,,Completed,4.99
O0000550,C000757,2026-01-10,,Completed,0.0
O0000551,C000013,2026-01-10,,Completed,6.99
O0000552,C002300,2026-01-10,,Completed,0.0
O0000553,C000082,2026-01-10,PROMO_BASE,Completed,9.99
O0000554,C000683,2026-01-10,,Completed,4.99
O0000555,C001850,2026-01-10,,Completed,6.99
O0000556,C002212,2026-01-10,,Completed,9.99
O0000557,C001915,2026-01-10,,Completed,9.99
O0000558,C000372,2026-01-10,PROMO_BASE,Completed,9.99
O0000559,C000430,2026-01-10,,Completed,0.0
O0000560,C000839,2026-01-10,,Completed,0.0
O0000561,C001731,2026-01-10,,Completed,9.99
O0000562,C000173,2026-01-10,PROMO_BASE,Completed,4.99
O0000563,C000553,2026-01-10,PROMO_BASE,Completed,0.0
O0000564,C001094,2026-01-11,,Completed,0.0
O0000565,C001671,2026-01-11,,Completed,0.0
O0000566,C002291,2026-01-11,,Completed,0.0
O0000567,C002129,2026-01-11,,Completed,6.99
O0000568,C001475,2026-01-11,PROMO_BASE,Completed,0.0
O0000569,C000464,2026-01-11,,Completed,0.0
O0000570,C002299,2026-01-11,,Completed,0.0
O0000571,C001978,2026-01-11,,Completed,0.0
O0000572,C001762,2026-01-11,PROMO_BASE,Completed,6.99
O0000573,C001422,2026-01-11,PROMO_BASE,Completed,0.0
O0000574,C001017,2026-01-11,,Completed,0.0
O0000575,C002074,2026-01-11,,Completed,4.99
O0000576,C002277,2026-01-11,,Completed,0.0
O0000577,C001026,2026-01-11,,Completed,9.99
O0000578,C001861,2026-01-11,,Completed,0.0
O0000579,C002116,2026-01-11,,Completed,0.0
O0000580,C001076,2026-01-11,PROMO_BASE,Completed,9.99
O0000581,C002243,2026-01-11,,Completed,4.99
O0000582,C001662,2026-01-11,,Completed,0.0
O0000583,C002118,2026-01-11,PROMO_BASE,Completed,4.99
O0000584,C001003,2026-01-11,,Completed,0.0
O0000585,C001909,2026-01-11,,Completed,0.0
O0000586,C001071,2026-01-11,PROMO_BASE,Completed,6.99
O0000587,C002096,2026-01-11,,Completed,0.0
O0000588,C001800,2026-01-11,,Completed,9.99
O0000589,C001121,2026-01-11,,Completed,9.99
O0000590,C000125,2026-01-11,,Completed,4.99
O0000591,C001757,2026-01-11,PROMO_BASE,Completed,0.0
O0000592,C002374,2026-01-11,,Completed,4.99
O0000593,C001759,2026-01-11,PROMO_BASE,Completed,6.99
O0000594,C001533,2026-01-11,,Completed,6.99
O0000595,C001497,2026-01-11,PROMO_BASE,Completed,4.99
O0000596,C001785,2026-01-11,,Completed,6.99
O0000597,C000486,2026-01-11,,Completed,0.0
O0000598,C002293,2026-01-11,PROMO_BASE,Completed,6.99
O0000599,C000635,2026-01-11,,Completed,6.99
O0000600,C002012,2026-01-11,,Completed,4.99
O0000601,C000050,2026-01-11,,Completed,6.99
O0000602,C001619,2026-01-11,PROMO_BASE,Completed,0.0
O0000603,C001391,2026-01-11,PROMO_BASE,Completed,0.0
O0000604,C000458,2026-01-11,,Completed,0.0
O0000605,C000503,2026-01-11,PROMO_BASE,Completed,0.0
O0000606,C001882,2026-01-11,,Completed,0.0
O0000607,C000332,2026-01-11,,Completed,4.99
O0000608,C001547,2026-01-11,,Completed,6.99
O0000609,C001329,2026-01-11,,Completed,0.0
O0000610,C001582,2026-01-11,,Completed,9.99
O0000611,C000074,2026-01-11,,Completed,0.0
O0000612,C000033,2026-01-11,,Completed,0.0
O0000613,C000044,2026-01-11,PROMO_BASE,Completed,0.0
O0000614,C001752,2026-01-11,,Completed,0.0
O0000615,C001793,2026-01-11,,Completed,4.99
O0000616,C000651,2026-01-11,,Completed,0.0
O0000617,C002373,2026-01-11,,Completed,0.0
O0000618,C000437,2026-01-11,,Completed,6.99
O0000619,C000894,2026-01-11,PROMO_BASE,Completed,4.99
O0000620,C000647,2026-01-11,,Completed,4.99
O0000621,C000728,2026-01-12,,Completed,0.0
O0000622,C000578,2026-01-12,PROMO_BASE,Completed,0.0
O0000623,C000350,2026-01-12,,Completed,9.99
O0000624,C001740,2026-01-12,,Completed,4.99
O0000625,C002157,2026-01-12,,Completed,9.99
O0000626,C000664,2026-01-12,,Completed,0.0
O0000627,C000185,2026-01-12,,Completed,0.0
O0000628,C001531,2026-01-12,,Completed,0.0
O0000629,C000197,2026-01-12,,Completed,0.0
O0000630,C000942,2026-01-12,,Completed,9.99
O0000631,C000706,2026-01-12,,Completed,4.99
O0000632,C002366,2026-01-12,PROMO_BASE,Completed,4.99
O0000633,C000437,2026-01-12,,Completed,0.0
O0000634,C002365,2026-01-12,,Completed,6.99
O0000635,C002331,2026-01-12,,Completed,0.0
O0000636,C000960,2026-01-12,,Completed,4.99
O0000637,C001173,2026-01-12,,Completed,6.99
O0000638,C001089,2026-01-12,,Completed,0.0
O0000639,C002104,2026-01-12,,Completed,0.0
O0000640,C001524,2026-01-12,,Completed,0.0
O0000641,C001990,2026-01-12,,Completed,4.99
O0000642,C000155,2026-01-12,,Completed,4.99
O0000643,C002434,2026-01-12,,Completed,0.0
O0000644,C001671,2026-01-12,PROMO_BASE,Completed,6.99
O0000645,C002162,2026-01-12,,Completed,9.99
O0000646,C000546,2026-01-12,,Completed,0.0
O0000647,C001463,2026-01-12,PROMO_BASE,Completed,4.99
O0000648,C000460,2026-01-12,,Completed,9.99
O0000649,C000172,2026-01-12,,Completed,4.99
O0000650,C001715,2026-01-12,,Completed,0.0
O0000651,C002230,2026-01-12,PROMO_BASE,Completed,6.99
O0000652,C001391,2026-01-12,,Completed,6.99
O0000653,C001031,2026-01-12,PROMO_BASE,Completed,6.99
O0000654,C000478,2026-01-12,,Completed,0.0
O0000655,C002281,2026-01-12,,Completed,0.0
O0000656,C000647,2026-01-12,PROMO_BASE,Completed,6.99
O0000657,C001190,2026-01-12,,Completed,0.0
O0000658,C002189,2026-01-12,,Completed,4.99
O0000659,C002009,2026-01-12,,Completed,0.0
O0000660,C000683,2026-01-12,,Completed,0.0
O0000661,C001152,2026-01-12,PROMO_BASE,Completed,4.99
O0000662,C002372,2026-01-12,,Completed,0.0
O0000663,C002308,2026-01-12,,Completed,0.0
O0000664,C001298,2026-01-12,,Completed,6.99
O0000665,C001306,2026-01-12,PROMO_BASE,Completed,0.0
O0000666,C001684,2026-01-12,,Completed,0.0
O0000667,C001484,2026-01-12,,Completed,0.0
O0000668,C001803,2026-01-12,,Completed,4.99
O0000669,C000597,2026-01-12,PROMO_BASE,Completed,0.0
O0000670,C000307,2026-01-12,,Completed,0.0
O0000671,C000893,2026-01-12,PROMO_BASE,Completed,0.0
O0000672,C001381,2026-01-12,PROMO_BASE,Completed,0.0
O0000673,C002400,2026-01-12,,Completed,0.0
O0000674,C002201,2026-01-12,,Completed,0.0
O0000675,C001964,2026-01-12,,Completed,0.0
O0000676,C002323,2026-01-12,,Completed,4.99
O0000677,C000801,2026-01-12,,Completed,0.0
O0000678,C000064,2026-01-12,PROMO_BASE,Completed,6.99
O0000679,C002344,2026-01-12,PROMO_BASE,Completed,9.99
O0000680,C000276,2026-01-12,PROMO_BASE,Completed,0.0
O0000681,C002232,2026-01-12,,Completed,0.0
O0000682,C001411,2026-01-12,,Completed,0.0
O0000683,C001496,2026-01-12,,Completed,9.99
O0000684,C002157,2026-01-12,,Completed,6.99
O0000685,C000035,2026-01-12,,Completed,4.99
O0000686,C000393,2026-01-12,,Completed,0.0
O0000687,C002135,2026-01-12,,Completed,9.99
O0000688,C002122,2026-01-12,,Completed,9.99
O0000689,C001126,2026-01-12,,Completed,0.0
O0000690,C002451,2026-01-12,,Completed,6.99
O0000691,C001812,2026-01-12,,Completed,0.0
O0000692,C002277,2026-01-12,,Completed,6.99
O0000693,C001970,2026-01-12,,Completed,4.99
O0000694,C001068,2026-01-12,,Completed,0.0
O0000695,C001104,2026-01-12,,Completed,4.99
O0000696,C002431,2026-01-13,PROMO_BASE,Completed,0.0
O0000697,C001159,2026-01-13,,Completed,0.0
O0000698,C000281,2026-01-13,,Completed,0.0
O0000699,C001636,2026-01-13,,Completed,0.0
O0000700,C001514,2026-01-13,PROMO_BASE,Completed,0.0
O0000701,C001817,2026-01-13,PROMO_BASE,Completed,9.99
O0000702,C001533,2026-01-13,,Completed,0.0
O0000703,C001359,2026-01-13,,Completed,0.0
O0000704,C002465,2026-01-13,PROMO_BASE,Completed,9.99
O0000705,C001017,2026-01-13,PROMO_BASE,Completed,9.99
O0000706,C000180,2026-01-13,,Completed,0.0
O0000707,C002465,2026-01-13,,Completed,0.0
O0000708,C001970,2026-01-13,,Completed,6.99
O0000709,C000861,2026-01-13,,Completed,4.99
O0000710,C001191,2026-01-13,,Completed,0.0
O0000711,C001381,2026-01-13,PROMO_BASE,Completed,9.99
O0000712,C001817,2026-01-13,PROMO_BASE,Completed,0.0
O0000713,C000422,2026-01-13,,Completed,9.99
O0000714,C000240,2026-01-13,PROMO_BASE,Completed,0.0
O0000715,C000269,2026-01-13,PROMO_BASE,Completed,6.99
O0000716,C002267,2026-01-13,,Completed,4.99
O0000717,C000125,2026-01-13,PROMO_BASE,Completed,0.0
O0000718,C001315,2026-01-13,,Completed,6.99
O0000719,C000609,2026-01-13,,Completed,9.99
O0000720,C002431,2026-01-13,,Completed,0.0
O0000721,C002018,2026-01-13,,Completed,0.0
O0000722,C001044,2026-01-13,PROMO_BASE,Completed,6.99
O0000723,C001950,2026-01-13,,Completed,0.0
O0000724,C000223,2026-01-13,PROMO_BASE,Completed,9.99
O0000725,C000589,2026-01-13,,Completed,6.99
O0000726,C002400,2026-01-13,,Completed,0.0
O0000727,C001569,2026-01-13,PROMO_BASE,Completed,6.99
O0000728,C000143,2026-01-13,,Completed,0.0
O0000729,C000455,2026-01-13,,Completed,0.0
O0000730,C001186,2026-01-13,,Completed,0.0
O0000731,C001646,2026-01-13,,Completed,0.0
O0000732,C000742,2026-01-13,,Completed,0.0
O0000733,C000562,2026-01-13,PROMO_BASE,Completed,0.0
O0000734,C001104,2026-01-13,,Completed,9.99
O0000735,C001191,2026-01-13,PROMO_BASE,Completed,0.0
O0000736,C000055,2026-01-13,,Completed,9.99
O0000737,C000562,2026-01-13,,Completed,0.0
O0000738,C000355,2026-01-13,PROMO_BASE,Completed,6.99
O0000739,C000329,2026-01-13,,Completed,0.0
O0000740,C000266,2026-01-13,PROMO_BASE,Completed,0.0
O0000741,C000960,2026-01-13,,Completed,0.0
O0000742,C001331,2026-01-13,PROMO_BASE,Completed,6.99
O0000743,C000384,2026-01-13,,Completed,0.0
O0000744,C000922,2026-01-13,,Completed,0.0
O0000745,C002451,2026-01-13,,Completed,6.99
O0000746,C001684,2026-01-13,PROMO_BASE,Completed,0.0
O0000747,C001781,2026-01-13,PROMO_BASE,Completed,6.99
O0000748,C001697,2026-01-13,,Completed,9.99
O0000749,C002416,2026-01-13,,Completed,0.0
O0000750,C002481,2026-01-13,,Completed,0.0
O0000751,C000182,2026-01-13,PROMO_BASE,Completed,9.99
O0000752,C000800,2026-01-13,,Completed,4.99
O0000753,C000207,2026-01-13,,Completed,6.99
O0000754,C001121,2026-01-13,,Completed,0.0
O0000755,C000914,2026-01-13,PROMO_BASE,Completed,0.0
O0000756,C002174,2026-01-13,,Completed,0.0
O0000757,C001267,2026-01-13,PROMO_BASE,Completed,0.0
O0000758,C001939,2026-01-13,,Completed,0.0
O0000759,C002428,2026-01-13,,Completed,0.0
O0000760,C001030,2026-01-13,PROMO_BASE,Completed,0.0
O0000761,C001274,2026-01-13,,Completed,0.0
O0000762,C001752,2026-01-13,,Completed,4.99
O0000763,C002380,2026-01-13,PROMO_BASE,Completed,4.99
O0000764,C001385,2026-01-13,,Completed,0.0
O0000765,C001217,2026-01-13,PROMO_BASE,Completed,6.99
O0000766,C000565,2026-01-13,,Completed,6.99
O0000767,C001890,2026-01-13,,Completed,6.99
O0000768,C002170,2026-01-13,,Completed,6.99
O0000769,C000837,2026-01-13,,Completed,0.0
O0000770,C001217,2026-01-13,PROMO_BASE,Completed,0.0
O0000771,C001120,2026-01-13,,Completed,0.0
O0000772,C001978,2026-01-13,,Completed,0.0
O0000773,C001541,2026-01-14,PROMO_BASE,Completed,4.99
O0000774,C001650,2026-01-14,,Completed,4.99
O0000775,C001479,2026-01-14,,Completed,9.99
O0000776,C001790,2026-01-14,,Completed,6.99
O0000777,C002434,2026-01-14,,Completed,4.99
O0000778,C000562,2026-01-14,,Completed,0.0
O0000779,C002095,2026-01-14,,Completed,0.0
O0000780,C001075,2026-01-14,PROMO_BASE,Completed,0.0
O0000781,C000376,2026-01-14,PROMO_BASE,Completed,4.99
O0000782,C000866,2026-01-14,,Completed,4.99
O0000783,C002423,2026-01-14,,Completed,9.99
O0000784,C000800,2026-01-14,,Completed,0.0
O0000785,C001881,2026-01-14,,Completed,0.0
O0000786,C000606,2026-01-14,PROMO_BASE,Completed,0.0
O0000787,C002010,2026-01-14,,Completed,0.0
O0000788,C000935,2026-01-14,,Completed,0.0
O0000789,C000181,2026-01-14,,Completed,4.99
O0000790,C002344,2026-01-14,,Completed,0.0
O0000791,C001317,2026-01-14,,Completed,0.0
O0000792,C001477,2026-01-14,,Completed,0.0
O0000793,C001105,2026-01-14,,Completed,0.0
O0000794,C001592,2026-01-14,PROMO_BASE,Completed,9.99
O0000795,C000354,2026-01-14,,Completed,0.0
O0000796,C000778,2026-01-14,,Completed,6.99
O0000797,C000054,2026-01-14,,Completed,0.0
O0000798,C000735,2026-01-14,,Completed,9.99
O0000799,C001277,2026-01-14,,Completed,0.0
O0000800,C000467,2026-01-14,,Completed,0.0
O0000801,C000723,2026-01-14,,Completed,0.0
O0000802,C001570,2026-01-14,,Completed,4.99
O0000803,C000997,2026-01-14,,Completed,0.0
O0000804,C001026,2026-01-14,,Completed,0.0
O0000805,C001916,2026-01-14,PROMO_BASE,Completed,0.0
O0000806,C000386,2026-01-14,,Completed,0.0
O0000807,C001556,2026-01-14,PROMO_BASE,Completed,0.0
O0000808,C001074,2026-01-14,,Completed,9.99
O0000809,C001979,2026-01-14,,Completed,0.0
O0000810,C002291,2026-01-14,,Completed,0.0
O0000811,C002188,2026-01-14,,Completed,0.0
O0000812,C000660,2026-01-14,,Completed,0.0
O0000813,C000589,2026-01-14,,Completed,0.0
O0000814,C000530,2026-01-14,,Completed,0.0
O0000815,C002431,2026-01-14,PROMO_BASE,Completed,0.0
O0000816,C002328,2026-01-14,PROMO_BASE,Completed,0.0
O0000817,C000329,2026-01-14,,Completed,4.99
O0000818,C000160,2026-01-14,,Completed,4.99
O0000819,C001605,2026-01-14,,Completed,0.0
O0000820,C002019,2026-01-14,,Completed,9.99
O0000821,C002376,2026-01-14,,Completed,0.0
O0000822,C001678,2026-01-14,PROMO_BASE,Completed,0.0
O0000823,C001297,2026-01-14,,Completed,0.0
O0000824,C001752,2026-01-14,,Completed,0.0
O0000825,C001026,2026-01-14,PROMO_BASE,Completed,6.99
O0000826,C001978,2026-01-14,,Completed,6.99
O0000827,C002020,2026-01-14,PROMO_BASE,Completed,0.0
O0000828,C000627,2026-01-14,,Completed,0.0
O0000829,C000094,2026-01-14,,Completed,9.99
O0000830,C000855,2026-01-14,PROMO_BASE,Completed,4.99
O0000831,C000315,2026-01-14,PROMO_BASE,Completed,4.99
O0000832,C000016,2026-01-14,,Completed,0.0
O0000833,C002408,2026-01-14,,Completed,0.0
O0000834,C001596,2026-01-14,,Completed,6.99
O0000835,C000442,2026-01-14,,Completed,0.0
O0000836,C001595,2026-01-14,,Completed,4.99
O0000837,C001556,2026-01-14,PROMO_BASE,Completed,0.0
O0000838,C001586,2026-01-14,,Completed,0.0
O0000839,C000456,2026-01-14,PROMO_BASE,Completed,9.99
O0000840,C001747,2026-01-15,,Completed,6.99
O0000841,C002055,2026-01-15,,Completed,6.99
O0000842,C000013,2026-01-15,,Completed,0.0
O0000843,C001890,2026-01-15,,Completed,0.0
O0000844,C000358,2026-01-15,PROMO_BASE,Completed,0.0
O0000845,C001024,2026-01-15,,Completed,0.0
O0000846,C001369,2026-01-15,,Completed,9.99
O0000847,C001375,2026-01-15,PROMO_BASE,Completed,0.0
O0000848,C002231,2026-01-15,PROMO_BASE,Completed,4.99
O0000849,C001180,2026-01-15,PROMO_BASE,Completed,0.0
O0000850,C001183,2026-01-15,,Completed,0.0
O0000851,C002157,2026-01-15,,Completed,0.0
O0000852,C001101,2026-01-15,,Completed,0.0
O0000853,C000938,2026-01-15,PROMO_BASE,Completed,9.99
O0000854,C000025,2026-01-15,,Completed,6.99
O0000855,C002074,2026-01-15,,Completed,0.0
O0000856,C002290,2026-01-15,,Completed,0.0
O0000857,C001298,2026-01-15,,Completed,6.99
O0000858,C001890,2026-01-15,,Completed,0.0
O0000859,C002373,2026-01-15,PROMO_BASE,Completed,0.0
O0000860,C001035,2026-01-15,,Completed,0.0
O0000861,C001961,2026-01-15,,Completed,0.0
O0000862,C002453,2026-01-15,,Completed,0.0
O0000863,C001800,2026-01-15,PROMO_BASE,Completed,4.99
O0000864,C001785,2026-01-15,PROMO_BASE,Completed,0.0
O0000865,C000589,2026-01-15,PROMO_BASE,Completed,0.0
O0000866,C001292,2026-01-15,,Completed,4.99
O0000867,C001105,2026-01-15,,Completed,6.99
O0000868,C000587,2026-01-15,,Completed,0.0
O0000869,C001427,2026-01-15,,Completed,0.0
O0000870,C000848,2026-01-15,,Completed,6.99
O0000871,C002440,2026-01-15,,Completed,0.0
O0000872,C000054,2026-01-15,,Completed,0.0
O0000873,C001922,2026-01-15,,Completed,0.0
O0000874,C000244,2026-01-15,PROMO_BASE,Completed,9.99
O0000875,C001757,2026-01-15,,Completed,0.0
O0000876,C000495,2026-01-15,,Completed,0.0
O0000877,C001781,2026-01-15,,Completed,0.0
O0000878,C000033,2026-01-15,PROMO_BASE,Completed,0.0
O0000879,C001338,2026-01-15,PROMO_BASE,Completed,0.0
O0000880,C001663,2026-01-15,,Completed,4.99
O0000881,C001980,2026-01-15,PROMO_BASE,Completed,9.99
O0000882,C002465,2026-01-15,,Completed,0.0
O0000883,C001835,2026-01-15,PROMO_BASE,Completed,0.0
O0000884,C002339,2026-01-15,,Completed,0.0
O0000885,C001848,2026-01-15,PROMO_BASE,Completed,0.0
O0000886,C001268,2026-01-15,,Completed,6.99
O0000887,C000089,2026-01-15,,Completed,9.99
O0000888,C001455,2026-01-15,,Completed,0.0
O0000889,C000499,2026-01-15,,Completed,4.99
O0000890,C001027,2026-01-15,,Completed,0.0
O0000891,C000211,2026-01-15,,Completed,0.0
O0000892,C000852,2026-01-15,PROMO_BASE,Completed,0.0
O0000893,C000270,2026-01-15,,Completed,4.99
O0000894,C000359,2026-01-15,,Completed,0.0
O0000895,C000975,2026-01-15,,Completed,9.99
O0000896,C001530,2026-01-15,PROMO_BASE,Completed,4.99
O0000897,C002485,2026-01-16,,Completed,0.0
O0000898,C000904,2026-01-16,PROMO_BASE,Completed,6.99
O0000899,C001909,2026-01-16,,Completed,0.0
O0000900,C000062,2026-01-16,PROMO_BASE,Completed,0.0
O0000901,C002465,2026-01-16,,Completed,0.0
O0000902,C000090,2026-01-16,,Completed,6.99
O0000903,C000721,2026-01-16,,Completed,0.0
O0000904,C002295,2026-01-16,,Completed,0.0
O0000905,C000873,2026-01-16,,Completed,4.99
O0000906,C001500,2026-01-16,,Completed,0.0
O0000907,C000746,2026-01-16,,Completed,9.99
O0000908,C000440,2026-01-16,,Completed,9.99
O0000909,C000275,2026-01-16,,Completed,9.99
O0000910,C000456,2026-01-16,PROMO_BASE,Completed,0.0
O0000911,C002277,2026-01-16,,Completed,0.0
O0000912,C001709,2026-01-16,,Completed,4.99
O0000913,C001284,2026-01-16,,Completed,0.0
O0000914,C001431,2026-01-16,,Completed,0.0
O0000915,C002115,2026-01-16,,Completed,0.0
O0000916,C002115,2026-01-16,,Completed,9.99
O0000917,C000503,2026-01-16,,Completed,4.99
O0000918,C001605,2026-01-16,PROMO_BASE,Completed,0.0
O0000919,C000445,2026-01-16,,Completed,9.99
O0000920,C000048,2026-01-16,,Completed,0.0
O0000921,C000229,2026-01-16,,Completed,4.99
O0000922,C002019,2026-01-16,,Completed,0.0
O0000923,C000825,2026-01-16,,Completed,0.0
O0000924,C002339,2026-01-16,,Completed,0.0
O0000925,C002317,2026-01-16,,Completed,0.0
O0000926,C002219,2026-01-16,,Completed,0.0
O0000927,C000886,2026-01-16,PROMO_BASE,Completed,0.0
O0000928,C001615,2026-01-16,PROMO_BASE,Completed,9.99
O0000929,C001621,2026-01-16,,Completed,9.99
O0000930,C002205,2026-01-16,PROMO_BASE,Completed,0.0
O0000931,C001877,2026-01-16,,Completed,0.0
O0000932,C001120,2026-01-16,PROMO_BASE,Completed,0.0
O0000933,C001580,2026-01-16,PROMO_BASE,Completed,6.99
O0000934,C000126,2026-01-16,PROMO_BASE,Completed,0.0
O0000935,C000471,2026-01-16,PROMO_BASE,Completed,0.0
O0000936,C000641,2026-01-16,,Completed,0.0
O0000937,C001987,2026-01-16,PROMO_BASE,Completed,4.99
O0000938,C000523,2026-01-16,,Completed,0.0
O0000939,C001183,2026-01-16,PROMO_BASE,Completed,0.0
O0000940,C002105,2026-01-16,PROMO_BASE,Completed,6.99
O0000941,C000900,2026-01-16,,Completed,0.0
O0000942,C000007,2026-01-16,,Completed,0.0
O0000943,C000445,2026-01-16,,Completed,9.99
O0000944,C000057,2026-01-17,,Completed,0.0
O0000945,C002379,2026-01-17,PROMO_BASE,Completed,0.0
O0000946,C001793,2026-01-17,,Completed,0.0
O0000947,C000089,2026-01-17,,Completed,0.0
O0000948,C001882,2026-01-17,,Completed,4.99
O0000949,C001322,2026-01-17,,Completed,0.0
O0000950,C000901,2026-01-17,,Completed,0.0
O0000951,C000649,2026-01-17,,Completed,6.99
O0000952,C000975,2026-01-17,,Completed,0.0
O0000953,C001556,2026-01-17,,Completed,0.0
O0000954,C002076,2026-01-17,,Completed,4.99
O0000955,C001248,2026-01-17,PROMO_BASE,Completed,0.0
O0000956,C000003,2026-01-17,,Completed,0.0
O0000957,C001342,2026-01-17,,Completed,0.0
O0000958,C001748,2026-01-17,PROMO_BASE,Completed,0.0
O0000959,C000753,2026-01-17,,Completed,0.0
O0000960,C000419,2026-01-17,,Completed,9.99
O0000961,C002099,2026-01-17,PROMO_BASE,Completed,0.0
O0000962,C001009,2026-01-17,,Completed,0.0
O0000963,C002064,2026-01-17,,Completed,0.0
O0000964,C002299,2026-01-17,,Completed,4.99
O0000965,C002445,2026-01-17,PROMO_BASE,Completed,4.99
O0000966,C001860,2026-01-17,,Completed,0.0
O0000967,C000290,2026-01-17,PROMO_BASE,Completed,9.99
O0000968,C000146,2026-01-17,,Completed,6.99
O0000969,C002491,2026-01-17,PROMO_BASE,Completed,0.0
O0000970,C000078,2026-01-17,,Completed,9.99
O0000971,C001619,2026-01-17,,Completed,0.0
O0000972,C001455,2026-01-17,,Completed,6.99
O0000973,C002297,2026-01-17,PROMO_BASE,Completed,0.0
O0000974,C001540,2026-01-17,,Completed,9.99
O0000975,C001867,2026-01-17,,Completed,0.0
O0000976,C000837,2026-01-17,,Completed,9.99
O0000977,C002491,2026-01-17,,Completed,0.0
O0000978,C002492,2026-01-17,PROMO_BASE,Completed,9.99
O0000979,C000290,2026-01-17,,Completed,6.99
O0000980,C002322,2026-01-17,PROMO_BASE,Completed,0.0
O0000981,C002491,2026-01-17,,Completed,0.0
O0000982,C001684,2026-01-17,,Completed,6.99
O0000983,C000742,2026-01-17,,Completed,9.99
O0000984,C000347,2026-01-17,,Completed,0.0
O0000985,C001619,2026-01-17,,Completed,9.99
O0000986,C002205,2026-01-17,,Completed,0.0
O0000987,C000618,2026-01-17,,Completed,0.0
O0000988,C000180,2026-01-17,PROMO_BASE,Completed,9.99
O0000989,C000705,2026-01-17,,Completed,6.99
O0000990,C000976,2026-01-17,PROMO_BASE,Completed,6.99
O0000991,C000347,2026-01-17,,Completed,0.0
O0000992,C001812,2026-01-17,PROMO_BASE,Completed,6.99
O0000993,C000013,2026-01-17,,Completed,4.99
O0000994,C000355,2026-01-17,,Completed,9.99
O0000995,C000214,2026-01-17,PROMO_BASE,Completed,6.99
O0000996,C000713,2026-01-17,,Completed,9.99
O0000997,C000919,2026-01-17,,Completed,0.0
O0000998,C001766,2026-01-17,,Completed,0.0
O0000999,C002242,2026-01-17,,Completed,0.0
O0001000,C000474,2026-01-18,,Completed,0.0
O0001001,C001371,2026-01-18,,Completed,0.0
O0001002,C001328,2026-01-18,PROMO_BASE,Completed,0.0
O0001003,C002344,2026-01-18,PROMO_BASE,Completed,0.0
O0001004,C001184,2026-01-18,PROMO_BASE,Completed,0.0
O0001005,C001418,2026-01-18,PROMO_BASE,Completed,0.0
O0001006,C001621,2026-01-18,,Completed,0.0
O0001007,C000013,2026-01-18,,Completed,6.99
O0001008,C000301,2026-01-18,,Completed,6.99
O0001009,C000436,2026-01-18,PROMO_BASE,Completed,9.99
O0001010,C002164,2026-01-18,PROMO_BASE,Completed,0.0
O0001011,C002231,2026-01-18,,Completed,0.0
O0001012,C001134,2026-01-18,,Completed,0.0
O0001013,C000099,2026-01-18,,Completed,0.0
O0001014,C001667,2026-01-18,,Completed,6.99
O0001015,C002002,2026-01-18,,Completed,4.99
O0001016,C000236,2026-01-18,,Completed,4.99
O0001017,C000627,2026-01-18,,Completed,4.99
O0001018,C001580,2026-01-18,,Completed,4.99
O0001019,C000015,2026-01-18,,Completed,0.0
O0001020,C001417,2026-01-18,,Completed,0.0
O0001021,C001896,2026-01-18,,Completed,0.0
O0001022,C000327,2026-01-18,,Completed,6.99
O0001023,C000579,2026-01-18,,Completed,6.99
O0001024,C000435,2026-01-18,PROMO_BASE,Completed,6.99
O0001025,C001781,2026-01-18,,Completed,6.99
O0001026,C001477,2026-01-18,,Completed,6.99
O0001027,C000729,2026-01-18,,Completed,0.0
O0001028,C000178,2026-01-18,PROMO_BASE,Completed,9.99
O0001029,C000354,2026-01-18,,Completed,0.0
O0001030,C001405,2026-01-18,PROMO_BASE,Completed,0.0
O0001031,C001891,2026-01-18,,Completed,0.0
O0001032,C002077,2026-01-18,PROMO_BASE,Completed,0.0
O0001033,C001363,2026-01-18,PROMO_BASE,Completed,0.0
O0001034,C000729,2026-01-18,,Completed,0.0
O0001035,C001656,2026-01-18,,Completed,0.0
O0001036,C001759,2026-01-18,,Completed,0.0
O0001037,C001357,2026-01-18,,Completed,0.0
O0001038,C001516,2026-01-18,PROMO_BASE,Completed,0.0
O0001039,C002179,2026-01-18,PROMO_BASE,Completed,0.0
O0001040,C001989,2026-01-18,PROMO_BASE,Completed,0.0
O0001041,C001262,2026-01-18,PROMO_BASE,Completed,0.0
O0001042,C000576,2026-01-18,PROMO_BASE,Completed,0.0
O0001043,C001421,2026-01-18,,Completed,0.0
O0001044,C000050,2026-01-18,,Completed,6.99
O0001045,C000520,2026-01-18,PROMO_BASE,Completed,4.99
O0001046,C002284,2026-01-19,,Completed,4.99
O0001047,C001607,2026-01-19,,Completed,4.99
O0001048,C002231,2026-01-19,,Completed,0.0
O0001049,C000552,2026-01-19,,Completed,0.0
O0001050,C000266,2026-01-19,,Completed,0.0
O0001051,C002373,2026-01-19,,Completed,0.0
O0001052,C001578,2026-01-19,PROMO_BASE,Completed,0.0
O0001053,C002470,2026-01-19,,Completed,0.0
O0001054,C000361,2026-01-19,,Completed,0.0
O0001055,C000888,2026-01-19,,Completed,9.99
O0001056,C001008,2026-01-19,PROMO_BASE,Completed,4.99
O0001057,C002098,2026-01-19,,Completed,0.0
O0001058,C000587,2026-01-19,PROMO_BASE,Completed,0.0
O0001059,C001381,2026-01-19,,Completed,0.0
O0001060,C000966,2026-01-19,,Completed,9.99
O0001061,C000788,2026-01-19,,Completed,9.99
O0001062,C001660,2026-01-19,,Completed,0.0
O0001063,C001096,2026-01-19,,Completed,0.0
O0001064,C000938,2026-01-19,,Completed,0.0
O0001065,C000355,2026-01-19,,Completed,6.99
O0001066,C000349,2026-01-19,,Completed,0.0
O0001067,C000706,2026-01-19,,Completed,0.0
O0001068,C001335,2026-01-19,PROMO_BASE,Completed,4.99
O0001069,C001793,2026-01-19,PROMO_BASE,Completed,9.99
O0001070,C001421,2026-01-19,,Completed,0.0
O0001071,C000293,2026-01-19,PROMO_BASE,Completed,9.99
O0001072,C001826,2026-01-19,PROMO_BASE,Completed,6.99
O0001073,C000827,2026-01-19,PROMO_BASE,Completed,0.0
O0001074,C001459,2026-01-19,PROMO_BASE,Completed,0.0
O0001075,C000362,2026-01-19,,Completed,9.99
O0001076,C002249,2026-01-19,,Completed,6.99
O0001077,C002098,2026-01-19,,Completed,4.99
O0001078,C001026,2026-01-19,,Completed,0.0
O0001079,C002188,2026-01-19,,Completed,0.0
O0001080,C000355,2026-01-19,,Completed,9.99
O0001081,C000695,2026-01-19,,Completed,0.0
O0001082,C000733,2026-01-19,PROMO_BASE,Completed,0.0
O0001083,C000060,2026-01-19,,Completed,0.0
O0001084,C002044,2026-01-19,,Completed,4.99
O0001085,C001084,2026-01-19,,Completed,0.0
O0001086,C002344,2026-01-19,PROMO_BASE,Completed,4.99
O0001087,C000804,2026-01-19,,Completed,0.0
O0001088,C002400,2026-01-19,,Completed,0.0
O0001089,C002181,2026-01-19,,Completed,6.99
O0001090,C001363,2026-01-19,,Completed,0.0
O0001091,C001066,2026-01-19,PROMO_BASE,Completed,4.99
O0001092,C001637,2026-01-19,,Completed,0.0
O0001093,C001419,2026-01-19,,Completed,0.0
O0001094,C000966,2026-01-19,PROMO_BASE,Completed,0.0
O0001095,C002002,2026-01-19,,Completed,0.0
O0001096,C001312,2026-01-19,PROMO_BASE,Completed,0.0
O0001097,C001338,2026-01-19,PROMO_BASE,Completed,0.0
O0001098,C001939,2026-01-19,,Completed,0.0
O0001099,C000325,2026-01-19,PROMO_BASE,Completed,4.99
O0001100,C001245,2026-01-19,,Completed,0.0
O0001101,C000359,2026-01-19,PROMO_BASE,Completed,4.99
O0001102,C002203,2026-01-19,PROMO_BASE,Completed,6.99
O0001103,C000675,2026-01-20,PROMO_BASE,Completed,6.99
O0001104,C002452,2026-01-20,PROMO_BASE,Completed,9.99
O0001105,C002400,2026-01-20,,Completed,9.99
O0001106,C000931,2026-01-20,PROMO_BASE,Completed,0.0
O0001107,C001332,2026-01-20,,Completed,0.0
O0001108,C000042,2026-01-20,,Completed,4.99
O0001109,C000281,2026-01-20,PROMO_BASE,Completed,0.0
O0001110,C000763,2026-01-20,,Completed,0.0
O0001111,C000988,2026-01-20,PROMO_BASE,Completed,9.99
O0001112,C000408,2026-01-20,,Completed,4.99
O0001113,C001463,2026-01-20,PROMO_BASE,Completed,0.0
O0001114,C002477,2026-01-20,,Completed,0.0
O0001115,C000489,2026-01-20,,Completed,9.99
O0001116,C000362,2026-01-20,PROMO_BASE,Completed,0.0
O0001117,C002259,2026-01-20,,Completed,0.0
O0001118,C002137,2026-01-20,PROMO_BASE,Completed,4.99
O0001119,C000535,2026-01-20,PROMO_BASE,Completed,9.99
O0001120,C000932,2026-01-20,,Completed,6.99
O0001121,C000660,2026-01-20,,Completed,0.0
O0001122,C001650,2026-01-20,PROMO_BASE,Completed,0.0
O0001123,C000602,2026-01-20,,Completed,0.0
O0001124,C002281,2026-01-20,PROMO_BASE,Completed,0.0
O0001125,C001391,2026-01-20,,Completed,0.0
O0001126,C000823,2026-01-20,PROMO_BASE,Completed,0.0
O0001127,C002265,2026-01-20,,Completed,6.99
O0001128,C001258,2026-01-20,,Completed,0.0
O0001129,C002458,2026-01-20,,Completed,0.0
O0001130,C001664,2026-01-20,,Completed,0.0
O0001131,C002175,2026-01-20,,Completed,0.0
O0001132,C000524,2026-01-20,PROMO_BASE,Completed,6.99
O0001133,C000379,2026-01-20,PROMO_BASE,Completed,6.99
O0001134,C002398,2026-01-20,,Completed,0.0
O0001135,C002458,2026-01-20,,Completed,4.99
O0001136,C001464,2026-01-20,PROMO_BASE,Completed,4.99
O0001137,C000732,2026-01-20,PROMO_BASE,Completed,0.0
O0001138,C000749,2026-01-20,,Completed,0.0
O0001139,C001819,2026-01-20,,Completed,0.0
O0001140,C001244,2026-01-20,,Completed,0.0
O0001141,C002265,2026-01-20,,Completed,6.99
O0001142,C000586,2026-01-20,,Completed,0.0
O0001143,C000848,2026-01-20,PROMO_BASE,Completed,0.0
O0001144,C000144,2026-01-20,PROMO_BASE,Completed,0.0
O0001145,C000722,2026-01-20,,Completed,4.99
O0001146,C001298,2026-01-20,PROMO_BASE,Completed,0.0
O0001147,C000882,2026-01-20,,Completed,0.0
O0001148,C001393,2026-01-20,,Completed,0.0
O0001149,C002227,2026-01-20,,Completed,0.0
O0001150,C001556,2026-01-20,PROMO_BASE,Completed,4.99
O0001151,C000486,2026-01-20,,Completed,9.99
O0001152,C001772,2026-01-20,PROMO_BASE,Completed,0.0
O0001153,C001346,2026-01-20,,Completed,0.0
O0001154,C000856,2026-01-20,PROMO_BASE,Completed,9.99
O0001155,C002484,2026-01-20,,Completed,0.0
O0001156,C002159,2026-01-20,PROMO_BASE,Completed,9.99
O0001157,C000665,2026-01-20,,Completed,0.0
O0001158,C001903,2026-01-21,PROMO_BASE,Completed,0.0
O0001159,C002191,2026-01-21,,Completed,0.0
O0001160,C002376,2026-01-21,,Completed,4.99
O0001161,C000346,2026-01-21,,Completed,0.0
O0001162,C001315,2026-01-21,PROMO_BASE,Completed,0.0
O0001163,C001965,2026-01-21,,Completed,6.99
O0001164,C000185,2026-01-21,,Completed,9.99
O0001165,C001619,2026-01-21,,Completed,0.0
O0001166,C000692,2026-01-21,,Completed,0.0
O0001167,C000626,2026-01-21,,Completed,9.99
O0001168,C002288,2026-01-21,PROMO_BASE,Completed,0.0
O0001169,C000349,2026-01-21,,Completed,0.0
O0001170,C000589,2026-01-21,PROMO_BASE,Completed,9.99
O0001171,C002490,2026-01-21,PROMO_BASE,Completed,0.0
O0001172,C000475,2026-01-21,,Completed,4.99
O0001173,C000855,2026-01-21,,Completed,0.0
O0001174,C000372,2026-01-21,,Completed,4.99
O0001175,C001332,2026-01-21,,Completed,4.99
O0001176,C001624,2026-01-21,,Completed,0.0
O0001177,C002264,2026-01-21,,Completed,0.0
O0001178,C001226,2026-01-21,,Completed,9.99
O0001179,C002009,2026-01-21,,Completed,0.0
O0001180,C002219,2026-01-21,PROMO_BASE,Completed,0.0
O0001181,C000325,2026-01-21,,Completed,0.0
O0001182,C000821,2026-01-21,,Completed,9.99
O0001183,C000821,2026-01-21,,Completed,6.99
O0001184,C000919,2026-01-21,PROMO_BASE,Completed,0.0
O0001185,C002205,2026-01-21,PROMO_BASE,Completed,4.99
O0001186,C002267,2026-01-21,,Completed,6.99
O0001187,C001039,2026-01-21,,Completed,6.99
O0001188,C001210,2026-01-21,,Completed,0.0
O0001189,C000653,2026-01-21,,Completed,0.0
O0001190,C002471,2026-01-21,,Completed,4.99
O0001191,C000417,2026-01-21,,Completed,0.0
O0001192,C000435,2026-01-21,,Completed,0.0
O0001193,C002107,2026-01-21,,Completed,6.99
O0001194,C001761,2026-01-21,,Completed,4.99
O0001195,C000452,2026-01-21,PROMO_BASE,Completed,0.0
O0001196,C000006,2026-01-21,,Completed,0.0
O0001197,C000855,2026-01-21,,Completed,9.99
O0001198,C000729,2026-01-21,,Completed,0.0
O0001199,C000470,2026-01-21,PROMO_BASE,Completed,0.0
O0001200,C000703,2026-01-22,,Completed,4.99
O0001201,C002220,2026-01-22,,Completed,6.99
O0001202,C000687,2026-01-22,PROMO_BASE,Completed,6.99
O0001203,C002392,2026-01-22,,Completed,0.0
O0001204,C000988,2026-01-22,PROMO_BASE,Completed,4.99
O0001205,C001812,2026-01-22,,Completed,0.0
O0001206,C000964,2026-01-22,,Completed,0.0
O0001207,C002440,2026-01-22,PROMO_BASE,Completed,0.0
O0001208,C001852,2026-01-22,,Completed,0.0
O0001209,C000408,2026-01-22,,Completed,9.99
O0001210,C002076,2026-01-22,PROMO_BASE,Completed,0.0
O0001211,C000589,2026-01-22,,Completed,0.0
O0001212,C001453,2026-01-22,,Completed,4.99
O0001213,C001210,2026-01-22,,Completed,0.0
O0001214,C000078,2026-01-22,,Completed,0.0
O0001215,C001492,2026-01-22,PROMO_BASE,Completed,0.0
O0001216,C001991,2026-01-22,,Completed,0.0
O0001217,C001017,2026-01-22,PROMO_BASE,Completed,0.0
O0001218,C000362,2026-01-22,,Completed,0.0
O0001219,C002020,2026-01-22,PROMO_BASE,Completed,0.0
O0001220,C001455,2026-01-22,,Completed,0.0
O0001221,C001978,2026-01-22,,Completed,0.0
O0001222,C000193,2026-01-22,,Completed,0.0
O0001223,C002344,2026-01-22,,Completed,4.99
O0001224,C000440,2026-01-22,,Completed,0.0
O0001225,C001605,2026-01-22,PROMO_BASE,Completed,9.99
O0001226,C000470,2026-01-22,PROMO_BASE,Completed,0.0
O0001227,C000835,2026-01-22,,Completed,4.99
O0001228,C000602,2026-01-22,,Completed,0.0
O0001229,C002091,2026-01-22,PROMO_BASE,Completed,9.99
O0001230,C000393,2026-01-22,PROMO_BASE,Completed,0.0
O0001231,C000562,2026-01-22,PROMO_BASE,Completed,0.0
O0001232,C000658,2026-01-22,,Completed,0.0
O0001233,C001434,2026-01-22,PROMO_BASE,Completed,4.99
O0001234,C000124,2026-01-22,,Completed,0.0
O0001235,C002319,2026-01-22,,Completed,0.0
O0001236,C000430,2026-01-22,,Completed,0.0
O0001237,C001180,2026-01-22,PROMO_BASE,Completed,0.0
O0001238,C000751,2026-01-22,,Completed,0.0
O0001239,C000623,2026-01-22,PROMO_BASE,Completed,9.99
O0001240,C001152,2026-01-22,,Completed,0.0
O0001241,C000060,2026-01-22,PROMO_BASE,Completed,0.0
O0001242,C002451,2026-01-22,,Completed,0.0
O0001243,C001812,2026-01-22,,Completed,4.99
O0001244,C001137,2026-01-22,,Completed,6.99
O0001245,C002273,2026-01-22,,Completed,0.0
O0001246,C001812,2026-01-22,,Completed,0.0
O0001247,C001891,2026-01-23,,Completed,6.99
O0001248,C000170,2026-01-23,PROMO_BASE,Completed,0.0
O0001249,C000887,2026-01-23,,Completed,9.99
O0001250,C001524,2026-01-23,,Completed,6.99
O0001251,C000903,2026-01-23,,Completed,0.0
O0001252,C001699,2026-01-23,,Completed,0.0
O0001253,C000282,2026-01-23,,Completed,4.99
O0001254,C001819,2026-01-23,,Completed,0.0
O0001255,C000685,2026-01-23,PROMO_BASE,Completed,0.0
O0001256,C000285,2026-01-23,PROMO_BASE,Completed,0.0
O0001257,C002446,2026-01-23,,Completed,4.99
O0001258,C001764,2026-01-23,PROMO_BASE,Completed,0.0
O0001259,C002311,2026-01-23,,Completed,0.0
O0001260,C000472,2026-01-23,,Completed,0.0
O0001261,C001812,2026-01-23,,Completed,0.0
O0001262,C002310,2026-01-23,,Completed,4.99
O0001263,C001803,2026-01-23,,Completed,9.99
O0001264,C000618,2026-01-23,PROMO_BASE,Completed,0.0
O0001265,C002281,2026-01-23,,Completed,0.0
O0001266,C002157,2026-01-23,,Completed,0.0
O0001267,C001704,2026-01-23,,Completed,0.0
O0001268,C002201,2026-01-23,,Completed,0.0
O0001269,C001162,2026-01-23,,Completed,6.99
O0001270,C001130,2026-01-23,,Completed,0.0
O0001271,C001890,2026-01-23,PROMO_BASE,Completed,9.99
O0001272,C000470,2026-01-23,,Completed,0.0
O0001273,C000879,2026-01-23,,Completed,0.0
O0001274,C001987,2026-01-23,PROMO_BASE,Completed,0.0
O0001275,C001764,2026-01-23,,Completed,9.99
O0001276,C002373,2026-01-23,PROMO_BASE,Completed,9.99
O0001277,C001781,2026-01-23,,Completed,4.99
O0001278,C001877,2026-01-23,,Completed,0.0
O0001279,C000680,2026-01-23,PROMO_BASE,Completed,9.99
O0001280,C001759,2026-01-23,,Completed,0.0
O0001281,C002050,2026-01-23,,Completed,0.0
O0001282,C001766,2026-01-23,,Completed,0.0
O0001283,C001429,2026-01-23,,Completed,6.99
O0001284,C001856,2026-01-23,,Completed,4.99
O0001285,C000529,2026-01-23,,Completed,0.0
O0001286,C002226,2026-01-23,,Completed,0.0
O0001287,C001514,2026-01-23,PROMO_BASE,Completed,9.99
O0001288,C001475,2026-01-23,,Completed,0.0
O0001289,C001637,2026-01-23,PROMO_BASE,Completed,4.99
O0001290,C001905,2026-01-23,,Completed,4.99
O0001291,C001806,2026-01-23,PROMO_BASE,Completed,9.99
O0001292,C000233,2026-01-23,,Completed,0.0
O0001293,C000334,2026-01-23,,Completed,9.99
O0001294,C001785,2026-01-23,PROMO_BASE,Completed,0.0
O0001295,C001268,2026-01-23,,Completed,9.99
O0001296,C002384,2026-01-23,,Completed,4.99
O0001297,C000926,2026-01-23,,Completed,4.99
O0001298,C001138,2026-01-23,,Completed,0.0
O0001299,C001503,2026-01-23,,Completed,0.0
O0001300,C001460,2026-01-23,,Completed,6.99
O0001301,C001451,2026-01-23,,Completed,6.99
O0001302,C000529,2026-01-23,,Completed,0.0
O0001303,C001514,2026-01-23,PROMO_BASE,Completed,6.99
O0001304,C002367,2026-01-23,,Completed,9.99
O0001305,C001664,2026-01-24,PROMO_BASE,Completed,9.99
O0001306,C000719,2026-01-24,,Completed,0.0
O0001307,C001343,2026-01-24,,Completed,0.0
O0001308,C001672,2026-01-24,,Completed,6.99
O0001309,C002481,2026-01-24,,Completed,0.0
O0001310,C000955,2026-01-24,PROMO_BASE,Completed,0.0
O0001311,C000518,2026-01-24,PROMO_BASE,Completed,4.99
O0001312,C000396,2026-01-24,,Completed,0.0
O0001313,C001803,2026-01-24,,Completed,0.0
O0001314,C001329,2026-01-24,PROMO_BASE,Completed,0.0
O0001315,C000373,2026-01-24,,Completed,0.0
O0001316,C001354,2026-01-24,,Completed,0.0
O0001317,C001981,2026-01-24,,Completed,0.0
O0001318,C000596,2026-01-24,,Completed,9.99
O0001319,C001883,2026-01-24,,Completed,6.99
O0001320,C002245,2026-01-24,,Completed,0.0
O0001321,C002440,2026-01-24,PROMO_BASE,Completed,6.99
O0001322,C002484,2026-01-24,,Completed,4.99
O0001323,C000983,2026-01-24,,Completed,0.0
O0001324,C000286,2026-01-24,,Completed,0.0
O0001325,C000445,2026-01-24,,Completed,0.0
O0001326,C000445,2026-01-24,PROMO_BASE,Completed,0.0
O0001327,C002095,2026-01-24,,Completed,0.0
O0001328,C000342,2026-01-24,,Completed,0.0
O0001329,C000423,2026-01-24,,Completed,0.0
O0001330,C002116,2026-01-24,PROMO_BASE,Completed,0.0
O0001331,C000725,2026-01-24,,Completed,0.0
O0001332,C000618,2026-01-24,,Completed,0.0
O0001333,C000362,2026-01-24,,Completed,0.0
O0001334,C000243,2026-01-24,,Completed,0.0
O0001335,C000242,2026-01-24,,Completed,0.0
O0001336,C002153,2026-01-24,,Completed,0.0
O0001337,C002431,2026-01-24,PROMO_BASE,Completed,0.0
O0001338,C001402,2026-01-24,,Completed,4.99
O0001339,C001906,2026-01-24,PROMO_BASE,Completed,0.0
O0001340,C000044,2026-01-24,PROMO_BASE,Completed,0.0
O0001341,C000507,2026-01-24,PROMO_BASE,Completed,9.99
O0001342,C001627,2026-01-24,,Completed,0.0
O0001343,C000395,2026-01-24,,Completed,4.99
O0001344,C001164,2026-01-24,PROMO_BASE,Completed,0.0
O0001345,C000033,2026-01-24,,Completed,0.0
O0001346,C000343,2026-01-24,PROMO_BASE,Completed,0.0
O0001347,C002374,2026-01-24,,Completed,6.99
O0001348,C000178,2026-01-24,,Completed,9.99
O0001349,C001453,2026-01-24,,Completed,0.0
O0001350,C000804,2026-01-24,PROMO_BASE,Completed,6.99
O0001351,C001177,2026-01-24,PROMO_BASE,Completed,0.0
O0001352,C000355,2026-01-24,,Completed,0.0
O0001353,C000355,2026-01-24,,Completed,0.0
O0001354,C001697,2026-01-24,,Completed,6.99
O0001355,C001666,2026-01-24,,Completed,4.99
O0001356,C002461,2026-01-25,,Completed,9.99
O0001357,C000938,2026-01-25,,Completed,0.0
O0001358,C000735,2026-01-25,,Completed,9.99
O0001359,C001786,2026-01-25,,Completed,0.0
O0001360,C001400,2026-01-25,PROMO_BASE,Completed,0.0
O0001361,C001663,2026-01-25,,Completed,0.0
O0001362,C002481,2026-01-25,PROMO_BASE,Completed,0.0
O0001363,C001426,2026-01-25,,Completed,0.0
O0001364,C001030,2026-01-25,,Completed,0.0
O0001365,C001726,2026-01-25,,Completed,6.99
O0001366,C000855,2026-01-25,,Completed,0.0
O0001367,C000362,2026-01-25,PROMO_BASE,Completed,9.99
O0001368,C000397,2026-01-25,PROMO_BASE,Completed,9.99
O0001369,C001489,2026-01-25,,Completed,9.99
O0001370,C001500,2026-01-25,PROMO_BASE,Completed,0.0
O0001371,C001343,2026-01-25,,Completed,6.99
O0001372,C001491,2026-01-25,,Completed,0.0
O0001373,C000742,2026-01-25,PROMO_BASE,Completed,4.99
O0001374,C001806,2026-01-25,,Completed,6.99
O0001375,C000169,2026-01-25,,Completed,0.0
O0001376,C002052,2026-01-25,PROMO_BASE,Completed,0.0
O0001377,C001879,2026-01-25,,Completed,6.99
O0001378,C000970,2026-01-25,,Completed,9.99
O0001379,C001363,2026-01-25,,Completed,0.0
O0001380,C001491,2026-01-25,PROMO_BASE,Completed,0.0
O0001381,C000397,2026-01-25,,Completed,9.99
O0001382,C000831,2026-01-25,PROMO_BASE,Completed,0.0
O0001383,C000995,2026-01-25,,Completed,6.99
O0001384,C001023,2026-01-25,,Completed,0.0
O0001385,C000854,2026-01-25,,Completed,6.99
O0001386,C001477,2026-01-25,,Completed,0.0
O0001387,C002091,2026-01-25,PROMO_BASE,Completed,4.99
O0001388,C001786,2026-01-25,,Completed,0.0
O0001389,C000781,2026-01-25,PROMO_BASE,Completed,9.99
O0001390,C001026,2026-01-25,,Completed,0.0
O0001391,C001491,2026-01-25,,Completed,9.99
O0001392,C000169,2026-01-25,,Completed,0.0
O0001393,C000781,2026-01-25,,Completed,0.0
O0001394,C001564,2026-01-25,PROMO_BASE,Completed,0.0
O0001395,C002458,2026-01-25,PROMO_BASE,Completed,0.0
O0001396,C000873,2026-01-25,,Completed,9.99
O0001397,C000238,2026-01-25,,Completed,0.0
O0001398,C002043,2026-01-25,PROMO_BASE,Completed,0.0
O0001399,C000801,2026-01-25,,Completed,9.99
O0001400,C002271,2026-01-26,,Completed,4.99
O0001401,C000647,2026-01-26,,Completed,0.0
O0001402,C001596,2026-01-26,,Completed,0.0
O0001403,C000165,2026-01-26,PROMO_BASE,Completed,0.0
O0001404,C002113,2026-01-26,,Completed,9.99
O0001405,C000461,2026-01-26,,Completed,4.99
O0001406,C000647,2026-01-26,,Completed,6.99
O0001407,C001045,2026-01-26,,Completed,6.99
O0001408,C001309,2026-01-26,,Completed,0.0
O0001409,C000987,2026-01-26,,Completed,6.99
O0001410,C002046,2026-01-26,,Completed,0.0
O0001411,C002162,2026-01-26,,Completed,0.0
O0001412,C000911,2026-01-26,PROMO_BASE,Completed,4.99
O0001413,C002254,2026-01-26,,Completed,0.0
O0001414,C001980,2026-01-26,,Completed,6.99
O0001415,C000755,2026-01-26,PROMO_BASE,Completed,0.0
O0001416,C000213,2026-01-26,,Completed,0.0
O0001417,C001469,2026-01-26,PROMO_BASE,Completed,9.99
O0001418,C000503,2026-01-26,,Completed,6.99
O0001419,C000852,2026-01-26,PROMO_BASE,Completed,9.99
O0001420,C000400,2026-01-26,,Completed,0.0
O0001421,C001752,2026-01-26,,Completed,0.0
O0001422,C001793,2026-01-26,PROMO_BASE,Completed,4.99
O0001423,C001180,2026-01-26,,Completed,0.0
O0001424,C000564,2026-01-26,PROMO_BASE,Completed,0.0
O0001425,C000672,2026-01-26,,Completed,0.0
O0001426,C000887,2026-01-26,,Completed,0.0
O0001427,C001618,2026-01-26,PROMO_BASE,Completed,0.0
O0001428,C002010,2026-01-26,,Completed,0.0
O0001429,C001331,2026-01-26,,Completed,6.99
O0001430,C001135,2026-01-26,PROMO_BASE,Completed,0.0
O0001431,C001976,2026-01-26,,Completed,6.99
O0001432,C001661,2026-01-26,PROMO_BASE,Completed,9.99
O0001433,C001228,2026-01-26,,Completed,0.0
O0001434,C001315,2026-01-26,PROMO_BASE,Completed,0.0
O0001435,C002066,2026-01-26,,Completed,0.0
O0001436,C001683,2026-01-26,,Completed,0.0
O0001437,C000383,2026-01-26,,Completed,0.0
O0001438,C001784,2026-01-26,PROMO_BASE,Completed,0.0
O0001439,C000808,2026-01-26,,Completed,0.0
O0001440,C001663,2026-01-26,,Completed,6.99
O0001441,C000311,2026-01-26,,Completed,0.0
O0001442,C001186,2026-01-26,PROMO_BASE,Completed,0.0
O0001443,C001849,2026-01-26,,Completed,4.99
O0001444,C002259,2026-01-27,,Completed,0.0
O0001445,C000178,2026-01-27,,Completed,9.99
O0001446,C002030,2026-01-27,PROMO_BASE,Completed,4.99
O0001447,C000516,2026-01-27,,Completed,6.99
O0001448,C001292,2026-01-27,PROMO_BASE,Completed,9.99
O0001449,C001534,2026-01-27,,Completed,0.0
O0001450,C000196,2026-01-27,,Completed,0.0
O0001451,C002472,2026-01-27,,Completed,0.0
O0001452,C000304,2026-01-27,,Completed,9.99
O0001453,C002282,2026-01-27,,Completed,4.99
O0001454,C001045,2026-01-27,,Completed,6.99
O0001455,C002095,2026-01-27,,Completed,0.0
O0001456,C000459,2026-01-27,,Completed,0.0
O0001457,C000362,2026-01-27,,Completed,0.0
O0001458,C000516,2026-01-27,,Completed,0.0
O0001459,C001447,2026-01-27,,Completed,0.0
O0001460,C001120,2026-01-27,,Completed,0.0
O0001461,C000884,2026-01-27,PROMO_BASE,Completed,0.0
O0001462,C001268,2026-01-27,,Completed,0.0
O0001463,C001190,2026-01-27,,Completed,0.0
O0001464,C002072,2026-01-27,,Completed,0.0
O0001465,C002189,2026-01-27,PROMO_BASE,Completed,0.0
O0001466,C002443,2026-01-27,,Completed,0.0
O0001467,C001737,2026-01-27,,Completed,0.0
O0001468,C000014,2026-01-27,PROMO_BASE,Completed,4.99
O0001469,C000786,2026-01-27,,Completed,9.99
O0001470,C000490,2026-01-27,,Completed,0.0
O0001471,C002010,2026-01-27,,Completed,9.99
O0001472,C002434,2026-01-27,,Completed,9.99
O0001473,C002234,2026-01-27,,Completed,0.0
O0001474,C001951,2026-01-27,,Completed,0.0
O0001475,C000089,2026-01-27,,Completed,0.0
O0001476,C000143,2026-01-27,,Completed,0.0
O0001477,C000477,2026-01-27,,Completed,0.0
O0001478,C000226,2026-01-27,,Completed,0.0
O0001479,C001017,2026-01-27,,Completed,0.0
O0001480,C000845,2026-01-27,PROMO_BASE,Completed,0.0
O0001481,C002218,2026-01-27,,Completed,4.99
O0001482,C000396,2026-01-27,,Completed,6.99
O0001483,C002443,2026-01-27,,Completed,0.0
O0001484,C002044,2026-01-27,PROMO_BASE,Completed,4.99
O0001485,C000516,2026-01-27,,Completed,0.0
O0001486,C000397,2026-01-27,,Completed,6.99
O0001487,C002075,2026-01-27,,Completed,0.0
O0001488,C002282,2026-01-27,PROMO_BASE,Completed,0.0
O0001489,C002472,2026-01-27,,Completed,4.99
O0001490,C001031,2026-01-27,PROMO_BASE,Completed,9.99
O0001491,C000322,2026-01-27,PROMO_BASE,Completed,6.99
O0001492,C000177,2026-01-27,PROMO_BASE,Completed,0.0
O0001493,C001123,2026-01-27,,Completed,0.0
O0001494,C000885,2026-01-27,,Completed,6.99
O0001495,C002472,2026-01-27,,Completed,0.0
O0001496,C000381,2026-01-27,,Completed,0.0
O0001497,C001277,2026-01-27,PROMO_BASE,Completed,0.0
O0001498,C000109,2026-01-27,PROMO_BASE,Completed,0.0
O0001499,C000077,2026-01-27,PROMO_BASE,Completed,0.0
O0001500,C002474,2026-01-27,,Completed,0.0
O0001501,C002218,2026-01-27,,Completed,6.99
O0001502,C000516,2026-01-27,PROMO_BASE,Completed,0.0
O0001503,C001423,2026-01-27,PROMO_BASE,Completed,4.99
O0001504,C000397,2026-01-27,,Completed,4.99
O0001505,C000944,2026-01-27,PROMO_BASE,Completed,0.0
O0001506,C000431,2026-01-27,,Completed,0.0
O0001507,C002469,2026-01-28,,Completed,0.0
O0001508,C001426,2026-01-28,,Completed,0.0
O0001509,C001211,2026-01-28,,Completed,6.99
O0001510,C002137,2026-01-28,,Completed,6.99
O0001511,C000731,2026-01-28,PROMO_BASE,Completed,6.99
O0001512,C001891,2026-01-28,,Completed,6.99
O0001513,C001159,2026-01-28,PROMO_BASE,Completed,6.99
O0001514,C002125,2026-01-28,PROMO_BASE,Completed,4.99
O0001515,C000346,2026-01-28,,Completed,0.0
O0001516,C002255,2026-01-28,,Completed,0.0
O0001517,C001437,2026-01-28,PROMO_BASE,Completed,4.99
O0001518,C000499,2026-01-28,,Completed,4.99
O0001519,C000480,2026-01-28,,Completed,6.99
O0001520,C000369,2026-01-28,PROMO_BASE,Completed,6.99
O0001521,C002433,2026-01-28,,Completed,4.99
O0001522,C002271,2026-01-28,PROMO_BASE,Completed,0.0
O0001523,C000742,2026-01-28,PROMO_BASE,Completed,0.0
O0001524,C002284,2026-01-28,,Completed,4.99
O0001525,C002300,2026-01-28,PROMO_BASE,Completed,0.0
O0001526,C001656,2026-01-28,,Completed,9.99
O0001527,C000854,2026-01-28,,Completed,4.99
O0001528,C001516,2026-01-28,,Completed,0.0
O0001529,C000362,2026-01-28,PROMO_BASE,Completed,0.0
O0001530,C002263,2026-01-28,,Completed,6.99
O0001531,C001455,2026-01-28,,Completed,0.0
O0001532,C000383,2026-01-28,PROMO_BASE,Completed,4.99
O0001533,C002319,2026-01-28,,Completed,0.0
O0001534,C000033,2026-01-28,PROMO_BASE,Completed,0.0
O0001535,C001298,2026-01-28,PROMO_BASE,Completed,0.0
O0001536,C000943,2026-01-28,PROMO_BASE,Completed,9.99
O0001537,C000048,2026-01-28,PROMO_BASE,Completed,0.0
O0001538,C000552,2026-01-28,,Completed,0.0
O0001539,C000554,2026-01-28,,Completed,0.0
O0001540,C000735,2026-01-28,PROMO_BASE,Completed,9.99
O0001541,C001464,2026-01-28,,Completed,0.0
O0001542,C000225,2026-01-28,,Completed,4.99
O0001543,C000989,2026-01-28,,Completed,4.99
O0001544,C002205,2026-01-28,,Completed,0.0
O0001545,C002063,2026-01-28,,Completed,4.99
O0001546,C001386,2026-01-28,PROMO_BASE,Completed,0.0
O0001547,C000354,2026-01-28,PROMO_BASE,Completed,9.99
O0001548,C001367,2026-01-28,PROMO_BASE,Completed,0.0
O0001549,C001279,2026-01-28,PROMO_BASE,Completed,9.99
O0001550,C000969,2026-01-28,PROMO_BASE,Completed,0.0
O0001551,C000684,2026-01-28,,Completed,0.0
O0001552,C000921,2026-01-28,,Completed,0.0
O0001553,C001849,2026-01-28,PROMO_BASE,Completed,0.0
O0001554,C001437,2026-01-28,PROMO_BASE,Completed,0.0
O0001555,C001965,2026-01-28,,Completed,4.99
O0001556,C000472,2026-01-28,,Completed,0.0
O0001557,C000369,2026-01-28,,Completed,6.99
O0001558,C001473,2026-01-28,,Completed,4.99
O0001559,C000468,2026-01-28,,Completed,4.99
O0001560,C002097,2026-01-28,PROMO_BASE,Completed,0.0
O0001561,C002147,2026-01-28,,Completed,0.0
O0001562,C000472,2026-01-28,PROMO_BASE,Completed,4.99
O0001563,C002471,2026-01-28,,Completed,0.0
O0001564,C001044,2026-01-28,,Completed,0.0
O0001565,C001464,2026-01-28,,Completed,0.0
O0001566,C002002,2026-01-28,PROMO_BASE,Completed,0.0
O0001567,C000684,2026-01-28,,Completed,0.0
O0001568,C000369,2026-01-28,,Completed,0.0
O0001569,C000448,2026-01-28,,Completed,0.0
O0001570,C001633,2026-01-28,PROMO_BASE,Completed,6.99
O0001571,C001421,2026-01-28,,Completed,0.0
O0001572,C001663,2026-01-28,PROMO_BASE,Completed,4.99
O0001573,C001998,2026-01-29,,Completed,0.0
O0001574,C001026,2026-01-29,,Completed,0.0
O0001575,C000410,2026-01-29,PROMO_BASE,Completed,0.0
O0001576,C001057,2026-01-29,,Completed,6.99
O0001577,C000154,2026-01-29,PROMO_BASE,Completed,0.0
O0001578,C002479,2026-01-29,PROMO_BASE,Completed,6.99
O0001579,C001409,2026-01-29,,Completed,0.0
O0001580,C002226,2026-01-29,,Completed,0.0
O0001581,C001978,2026-01-29,PROMO_BASE,Completed,9.99
O0001582,C002155,2026-01-29,,Completed,6.99
O0001583,C000604,2026-01-29,PROMO_BASE,Completed,0.0
O0001584,C001213,2026-01-29,,Completed,0.0
O0001585,C000989,2026-01-29,,Completed,0.0
O0001586,C000419,2026-01-29,,Completed,0.0
O0001587,C000731,2026-01-29,,Completed,9.99
O0001588,C000346,2026-01-29,PROMO_BASE,Completed,6.99
O0001589,C001300,2026-01-29,PROMO_BASE,Completed,0.0
O0001590,C000524,2026-01-29,PROMO_BASE,Completed,6.99
O0001591,C000778,2026-01-29,,Completed,0.0
O0001592,C001721,2026-01-29,PROMO_BASE,Completed,0.0
O0001593,C001571,2026-01-29,PROMO_BASE,Completed,0.0
O0001594,C001039,2026-01-29,PROMO_BASE,Completed,6.99
O0001595,C000386,2026-01-29,,Completed,0.0
O0001596,C001731,2026-01-29,,Completed,6.99
O0001597,C002309,2026-01-29,,Completed,4.99
O0001598,C000729,2026-01-29,,Completed,6.99
O0001599,C001340,2026-01-29,,Completed,0.0
O0001600,C000777,2026-01-29,,Completed,0.0
O0001601,C000413,2026-01-29,,Completed,6.99
O0001602,C002206,2026-01-29,,Completed,6.99
O0001603,C000645,2026-01-29,PROMO_BASE,Completed,0.0
O0001604,C002237,2026-01-29,PROMO_BASE,Completed,6.99
O0001605,C001363,2026-01-29,,Completed,0.0
O0001606,C000144,2026-01-29,,Completed,0.0
O0001607,C001934,2026-01-29,,Completed,6.99
O0001608,C001256,2026-01-29,PROMO_BASE,Completed,6.99
O0001609,C001883,2026-01-29,PROMO_BASE,Completed,0.0
O0001610,C000152,2026-01-29,,Completed,9.99
O0001611,C000897,2026-01-29,PROMO_BASE,Completed,4.99
O0001612,C001224,2026-01-29,,Completed,4.99
O0001613,C002206,2026-01-29,PROMO_BASE,Completed,0.0
O0001614,C002206,2026-01-29,,Completed,9.99
O0001615,C000225,2026-01-29,,Completed,0.0
O0001616,C001923,2026-01-29,PROMO_BASE,Completed,4.99
O0001617,C000877,2026-01-29,,Completed,6.99
O0001618,C002206,2026-01-29,,Completed,9.99
O0001619,C001827,2026-01-29,PROMO_BASE,Completed,9.99
O0001620,C000432,2026-01-29,,Completed,0.0
O0001621,C002168,2026-01-29,,Completed,0.0
O0001622,C002328,2026-01-29,,Completed,0.0
O0001623,C002206,2026-01-29,PROMO_BASE,Completed,9.99
O0001624,C000362,2026-01-29,PROMO_BASE,Completed,0.0
O0001625,C001882,2026-01-30,PROMO_BASE,Completed,0.0
O0001626,C001744,2026-01-30,,Completed,0.0
O0001627,C000442,2026-01-30,,Completed,0.0
O0001628,C001779,2026-01-30,PROMO_BASE,Completed,6.99
O0001629,C001434,2026-01-30,,Completed,9.99
O0001630,C000796,2026-01-30,,Completed,0.0
O0001631,C000892,2026-01-30,PROMO_BASE,Completed,9.99
O0001632,C001351,2026-01-30,,Completed,0.0
O0001633,C001004,2026-01-30,,Completed,6.99
O0001634,C002451,2026-01-30,,Completed,0.0
O0001635,C000910,2026-01-30,,Completed,0.0
O0001636,C001229,2026-01-30,PROMO_BASE,Completed,0.0
O0001637,C000944,2026-01-30,,Completed,0.0
O0001638,C002253,2026-01-30,,Completed,4.99
O0001639,C001996,2026-01-30,,Completed,6.99
O0001640,C001375,2026-01-30,,Completed,9.99
O0001641,C000818,2026-01-30,PROMO_BASE,Completed,0.0
O0001642,C000441,2026-01-30,,Completed,0.0
O0001643,C001173,2026-01-30,,Completed,4.99
O0001644,C000977,2026-01-30,,Completed,6.99
O0001645,C000467,2026-01-30,,Completed,0.0
O0001646,C000521,2026-01-30,,Completed,0.0
O0001647,C002206,2026-01-30,,Completed,0.0
O0001648,C001070,2026-01-30,,Completed,0.0
O0001649,C001301,2026-01-30,PROMO_BASE,Completed,0.0
O0001650,C002331,2026-01-30,,Completed,0.0
O0001651,C000083,2026-01-30,,Completed,9.99
O0001652,C000848,2026-01-30,PROMO_BASE,Completed,0.0
O0001653,C002152,2026-01-30,,Completed,0.0
O0001654,C000706,2026-01-30,PROMO_BASE,Completed,6.99
O0001655,C001369,2026-01-30,,Completed,0.0
O0001656,C000127,2026-01-30,,Completed,0.0
O0001657,C000433,2026-01-30,,Completed,4.99
O0001658,C001907,2026-01-30,,Completed,4.99
O0001659,C001489,2026-01-30,PROMO_BASE,Completed,0.0
O0001660,C000055,2026-01-30,,Completed,0.0
O0001661,C001978,2026-01-30,,Completed,9.99
O0001662,C000476,2026-01-30,,Completed,0.0
O0001663,C001996,2026-01-30,,Completed,6.99
O0001664,C000684,2026-01-30,,Completed,0.0
O0001665,C000664,2026-01-30,PROMO_BASE,Completed,0.0
O0001666,C002108,2026-01-30,,Completed,0.0
O0001667,C000894,2026-01-30,PROMO_BASE,Completed,0.0
O0001668,C000183,2026-01-30,,Completed,0.0
O0001669,C001969,2026-01-30,,Completed,0.0
O0001670,C000900,2026-01-30,,Completed,0.0
O0001671,C000064,2026-01-30,,Completed,4.99
O0001672,C000930,2026-01-30,,Completed,4.99
O0001673,C000007,2026-01-30,PROMO_BASE,Completed,0.0
O0001674,C002029,2026-01-30,,Completed,9.99
O0001675,C001256,2026-01-30,,Completed,0.0
O0001676,C002018,2026-01-30,,Completed,4.99
O0001677,C000058,2026-01-30,PROMO_BASE,Completed,0.0
O0001678,C001003,2026-01-30,PROMO_BASE,Completed,0.0
O0001679,C000445,2026-01-30,,Completed,0.0
O0001680,C001291,2026-01-30,PROMO_BASE,Completed,6.99
O0001681,C001433,2026-01-30,,Completed,0.0
O0001682,C001395,2026-01-31,PROMO_BASE,Completed,0.0
O0001683,C001455,2026-01-31,,Completed,0.0
O0001684,C000266,2026-01-31,,Completed,9.99
O0001685,C000435,2026-01-31,,Completed,9.99
O0001686,C001631,2026-01-31,,Completed,4.99
O0001687,C001256,2026-01-31,,Completed,9.99
O0001688,C001551,2026-01-31,,Completed,0.0
O0001689,C001986,2026-01-31,PROMO_BASE,Completed,0.0
O0001690,C001215,2026-01-31,,Completed,6.99
O0001691,C002306,2026-01-31,,Completed,9.99
O0001692,C000238,2026-01-31,PROMO_BASE,Completed,4.99
O0001693,C000431,2026-01-31,,Completed,0.0
O0001694,C001877,2026-01-31,PROMO_BASE,Completed,9.99
O0001695,C000589,2026-01-31,,Completed,6.99
O0001696,C001024,2026-01-31,,Completed,0.0
O0001697,C000205,2026-01-31,,Completed,4.99
O0001698,C001671,2026-01-31,,Completed,0.0
O0001699,C000699,2026-01-31,,Completed,0.0
O0001700,C002431,2026-01-31,,Completed,9.99
O0001701,C001940,2026-01-31,,Completed,0.0
O0001702,C000751,2026-01-31,,Completed,0.0
O0001703,C002232,2026-01-31,,Completed,0.0
O0001704,C001958,2026-01-31,,Completed,4.99
O0001705,C001363,2026-01-31,,Completed,6.99
O0001706,C001363,2026-01-31,,Completed,0.0
O0001707,C001552,2026-01-31,,Completed,0.0
O0001708,C000654,2026-01-31,,Completed,6.99
O0001709,C001215,2026-01-31,PROMO_BASE,Completed,9.99
O0001710,C001685,2026-01-31,PROMO_BASE,Completed,6.99
O0001711,C000109,2026-01-31,,Completed,0.0
O0001712,C001022,2026-01-31,PROMO_BASE,Completed,6.99
O0001713,C001423,2026-01-31,,Completed,4.99
O0001714,C001202,2026-01-31,PROMO_BASE,Completed,9.99
O0001715,C000973,2026-01-31,,Completed,0.0
O0001716,C000333,2026-01-31,,Completed,0.0
O0001717,C001190,2026-01-31,PROMO_BASE,Completed,0.0
O0001718,C001454,2026-01-31,,Completed,4.99
O0001719,C001168,2026-01-31,PROMO_BASE,Completed,0.0
O0001720,C001168,2026-01-31,,Completed,0.0
O0001721,C001332,2026-01-31,,Completed,0.0
O0001722,C001481,2026-01-31,,Completed,6.99
O0001723,C002365,2026-01-31,,Completed,0.0
O0001724,C000827,2026-01-31,,Completed,0.0
O0001725,C002267,2026-01-31,,Completed,9.99
O0001726,C000516,2026-01-31,,Completed,0.0
O0001727,C001616,2026-01-31,,Completed,9.99
O0001728,C001215,2026-01-31,PROMO_BASE,Completed,4.99
O0001729,C001122,2026-01-31,,Completed,4.99
O0001730,C000890,2026-01-31,,Completed,6.99
O0001731,C000910,2026-01-31,,Completed,0.0
O0001732,C001790,2026-01-31,,Completed,9.99
O0001733,C001541,2026-01-31,,Completed,6.99
O0001734,C001215,2026-01-31,,Completed,9.99
O0001735,C000451,2026-01-31,,Completed,4.99
O0001736,C000098,2026-01-31,,Completed,0.0
O0001737,C000867,2026-01-31,PROMO_BASE,Completed,4.99
O0001738,C000735,2026-01-31,,Completed,6.99
O0001739,C001983,2026-01-31,PROMO_BASE,Completed,0.0
O0001740,C000774,2026-01-31,,Completed,0.0
O0001741,C000235,2026-01-31,,Completed,0.0
O0001742,C001216,2026-01-31,,Completed,0.0
O0001743,C001986,2026-01-31,,Completed,4.99
O0001744,C001490,2026-02-01,PROMO_BASE,Completed,0.0
O0001745,C002118,2026-02-01,,Completed,9.99
O0001746,C000540,2026-02-01,,Completed,0.0
O0001747,C000369,2026-02-01,PROMO_BASE,Completed,0.0
O0001748,C001721,2026-02-01,PROMO_BASE,Completed,9.99
O0001749,C002043,2026-02-01,,Completed,0.0
O0001750,C000436,2026-02-01,,Completed,9.99
O0001751,C000675,2026-02-01,,Completed,4.99
O0001752,C001791,2026-02-01,,Completed,0.0
O0001753,C001861,2026-02-01,,Completed,6.99
O0001754,C001325,2026-02-01,,Completed,0.0
O0001755,C002428,2026-02-01,,Completed,0.0
O0001756,C000922,2026-02-01,,Completed,9.99
O0001757,C000008,2026-02-01,,Completed,0.0
O0001758,C001213,2026-02-01,,Completed,0.0
O0001759,C000008,2026-02-01,,Completed,0.0
O0001760,C001556,2026-02-01,,Completed,0.0
O0001761,C002380,2026-02-01,,Completed,4.99
O0001762,C000487,2026-02-01,,Completed,0.0
O0001763,C002086,2026-02-01,,Completed,6.99
O0001764,C002325,2026-02-01,,Completed,6.99
O0001765,C001963,2026-02-01,,Completed,4.99
O0001766,C000844,2026-02-01,PROMO_BASE,Completed,0.0
O0001767,C000637,2026-02-01,,Completed,0.0
O0001768,C000665,2026-02-01,PROMO_BASE,Completed,0.0
O0001769,C000294,2026-02-01,,Completed,0.0
O0001770,C000496,2026-02-01,,Completed,0.0
O0001771,C000910,2026-02-01,,Completed,0.0
O0001772,C000144,2026-02-01,,Completed,4.99
O0001773,C000773,2026-02-01,PROMO_BASE,Completed,6.99
O0001774,C001807,2026-02-01,PROMO_BASE,Completed,0.0
O0001775,C001588,2026-02-01,PROMO_BASE,Completed,0.0
O0001776,C002386,2026-02-01,,Completed,6.99
O0001777,C002086,2026-02-01,,Completed,0.0
O0001778,C002466,2026-02-01,,Completed,4.99
O0001779,C000599,2026-02-01,,Completed,4.99
O0001780,C001995,2026-02-01,,Completed,0.0
O0001781,C000642,2026-02-01,PROMO_BASE,Completed,6.99
O0001782,C001218,2026-02-01,,Completed,9.99
O0001783,C000257,2026-02-01,,Completed,0.0
O0001784,C000477,2026-02-01,,Completed,0.0
O0001785,C002331,2026-02-01,,Completed,0.0
O0001786,C000645,2026-02-01,,Completed,0.0
O0001787,C002160,2026-02-01,,Completed,0.0
O0001788,C001671,2026-02-01,,Completed,0.0
O0001789,C001063,2026-02-01,,Completed,0.0
O0001790,C000090,2026-02-02,PROMO_BASE,Completed,6.99
O0001791,C000564,2026-02-02,,Completed,6.99
O0001792,C000783,2026-02-02,,Completed,0.0
O0001793,C001742,2026-02-02,PROMO_BASE,Completed,0.0
O0001794,C002095,2026-02-02,,Completed,0.0
O0001795,C001603,2026-02-02,,Completed,0.0
O0001796,C001026,2026-02-02,PROMO_BASE,Completed,4.99
O0001797,C000954,2026-02-02,PROMO_BASE,Completed,0.0
O0001798,C001450,2026-02-02,PROMO_BASE,Completed,0.0
O0001799,C000518,2026-02-02,,Completed,0.0
O0001800,C001216,2026-02-02,PROMO_BASE,Completed,4.99
O0001801,C000238,2026-02-02,PROMO_BASE,Completed,4.99
O0001802,C000217,2026-02-02,PROMO_BASE,Completed,6.99
O0001803,C000098,2026-02-02,,Completed,4.99
O0001804,C000278,2026-02-02,,Completed,9.99
O0001805,C002259,2026-02-02,,Completed,0.0
O0001806,C001848,2026-02-02,,Completed,0.0
O0001807,C000196,2026-02-02,,Completed,4.99
O0001808,C001361,2026-02-02,PROMO_BASE,Completed,0.0
O0001809,C002431,2026-02-02,PROMO_BASE,Completed,0.0
O0001810,C000699,2026-02-02,PROMO_BASE,Completed,6.99
O0001811,C001607,2026-02-02,,Completed,0.0
O0001812,C001498,2026-02-02,,Completed,0.0
O0001813,C000284,2026-02-02,,Completed,0.0
O0001814,C000078,2026-02-02,,Completed,0.0
O0001815,C001299,2026-02-02,,Completed,4.99
O0001816,C000544,2026-02-02,,Completed,0.0
O0001817,C001987,2026-02-02,PROMO_BASE,Completed,0.0
O0001818,C002232,2026-02-02,,Completed,0.0
O0001819,C000380,2026-02-02,,Completed,0.0
O0001820,C001459,2026-02-02,,Completed,0.0
O0001821,C002389,2026-02-02,,Completed,4.99
O0001822,C001120,2026-02-02,,Completed,4.99
O0001823,C000380,2026-02-02,PROMO_BASE,Completed,4.99
O0001824,C000877,2026-02-02,,Completed,4.99
O0001825,C001170,2026-02-02,,Completed,0.0
O0001826,C000734,2026-02-02,,Completed,0.0
O0001827,C002271,2026-02-02,,Completed,0.0
O0001828,C000999,2026-02-02,PROMO_BASE,Completed,0.0
O0001829,C001038,2026-02-02,,Completed,6.99
O0001830,C001378,2026-02-02,,Completed,6.99
O0001831,C000587,2026-02-02,,Completed,0.0
O0001832,C000408,2026-02-02,,Completed,6.99
O0001833,C000057,2026-02-02,,Completed,0.0
O0001834,C001978,2026-02-02,,Completed,0.0
O0001835,C002361,2026-02-02,,Completed,0.0
O0001836,C000039,2026-02-02,PROMO_BASE,Completed,9.99
O0001837,C000193,2026-02-02,,Completed,0.0
O0001838,C002497,2026-02-02,,Completed,9.99
O0001839,C000802,2026-02-02,PROMO_BASE,Completed,4.99
O0001840,C000894,2026-02-02,,Completed,0.0
O0001841,C000854,2026-02-02,,Completed,0.0
O0001842,C002319,2026-02-02,,Completed,0.0
O0001843,C000214,2026-02-03,,Completed,6.99
O0001844,C002043,2026-02-03,,Completed,0.0
O0001845,C001827,2026-02-03,,Completed,4.99
O0001846,C000027,2026-02-03,PROMO_BASE,Completed,0.0
O0001847,C000690,2026-02-03,PROMO_BASE,Completed,4.99
O0001848,C002263,2026-02-03,,Completed,6.99
O0001849,C001453,2026-02-03,,Completed,0.0
O0001850,C002071,2026-02-03,,Completed,9.99
O0001851,C000151,2026-02-03,,Completed,0.0
O0001852,C001623,2026-02-03,PROMO_BASE,Completed,0.0
O0001853,C001762,2026-02-03,PROMO_BASE,Completed,0.0
O0001854,C000702,2026-02-03,,Completed,0.0
O0001855,C002145,2026-02-03,PROMO_BASE,Completed,0.0
O0001856,C002388,2026-02-03,,Completed,4.99
O0001857,C000441,2026-02-03,,Completed,6.99
O0001858,C000603,2026-02-03,,Completed,6.99
O0001859,C001481,2026-02-03,PROMO_BASE,Completed,0.0
O0001860,C001812,2026-02-03,,Completed,4.99
O0001861,C000210,2026-02-03,,Completed,0.0
O0001862,C000603,2026-02-03,PROMO_BASE,Completed,0.0
O0001863,C002248,2026-02-03,,Completed,9.99
O0001864,C002030,2026-02-03,,Completed,0.0
O0001865,C002179,2026-02-03,,Completed,0.0
O0001866,C001505,2026-02-03,,Completed,0.0
O0001867,C000154,2026-02-03,,Completed,0.0
O0001868,C002168,2026-02-03,,Completed,4.99
O0001869,C002357,2026-02-03,,Completed,0.0
O0001870,C000938,2026-02-03,,Completed,9.99
O0001871,C000388,2026-02-03,PROMO_BASE,Completed,6.99
O0001872,C001266,2026-02-03,,Completed,0.0
O0001873,C002018,2026-02-03,,Completed,0.0
O0001874,C001455,2026-02-03,,Completed,9.99
O0001875,C001547,2026-02-03,,Completed,0.0
O0001876,C000327,2026-02-03,PROMO_BASE,Completed,0.0
O0001877,C001381,2026-02-03,PROMO_BASE,Completed,6.99
O0001878,C001451,2026-02-03,,Completed,6.99
O0001879,C002366,2026-02-03,,Completed,0.0
O0001880,C002373,2026-02-03,,Completed,0.0
O0001881,C001026,2026-02-03,,Completed,6.99
O0001882,C001273,2026-02-03,,Completed,6.99
O0001883,C001883,2026-02-03,,Completed,4.99
O0001884,C000693,2026-02-03,PROMO_BASE,Completed,9.99
O0001885,C000181,2026-02-03,,Completed,0.0
O0001886,C000495,2026-02-03,PROMO_BASE,Completed,0.0
O0001887,C001998,2026-02-03,,Completed,0.0
O0001888,C002445,2026-02-03,,Completed,6.99
O0001889,C001189,2026-02-03,,Completed,9.99
O0001890,C000281,2026-02-03,PROMO_BASE,Completed,0.0
O0001891,C000769,2026-02-03,,Completed,0.0
O0001892,C002189,2026-02-03,,Completed,0.0
O0001893,C001170,2026-02-03,,Completed,0.0
O0001894,C002434,2026-02-04,,Completed,6.99
O0001895,C000470,2026-02-04,,Completed,0.0
O0001896,C000516,2026-02-04,,Completed,9.99
O0001897,C002475,2026-02-04,,Completed,9.99
O0001898,C002206,2026-02-04,PROMO_BASE,Completed,0.0
O0001899,C002415,2026-02-04,,Completed,0.0
O0001900,C000458,2026-02-04,,Completed,0.0
O0001901,C001274,2026-02-04,,Completed,4.99
O0001902,C001905,2026-02-04,,Completed,0.0
O0001903,C001022,2026-02-04,,Completed,9.99
O0001904,C001841,2026-02-04,,Completed,4.99
O0001905,C000006,2026-02-04,PROMO_BASE,Completed,4.99
O0001906,C000727,2026-02-04,PROMO_BASE,Completed,4.99
O0001907,C002101,2026-02-04,,Completed,0.0
O0001908,C000359,2026-02-04,,Completed,9.99
O0001909,C001217,2026-02-04,,Completed,0.0
O0001910,C001080,2026-02-04,,Completed,9.99
O0001911,C000800,2026-02-04,,Completed,0.0
O0001912,C000682,2026-02-04,,Completed,4.99
O0001913,C001497,2026-02-04,,Completed,0.0
O0001914,C001643,2026-02-04,,Completed,6.99
O0001915,C000894,2026-02-04,,Completed,0.0
O0001916,C000025,2026-02-04,,Completed,4.99
O0001917,C001180,2026-02-04,,Completed,0.0
O0001918,C000360,2026-02-04,,Completed,0.0
O0001919,C001725,2026-02-04,,Completed,9.99
O0001920,C001279,2026-02-04,,Completed,0.0
O0001921,C002213,2026-02-04,PROMO_BASE,Completed,0.0
O0001922,C001436,2026-02-04,,Completed,0.0
O0001923,C002047,2026-02-04,,Completed,6.99
O0001924,C002002,2026-02-04,,Completed,0.0
O0001925,C001547,2026-02-04,,Completed,0.0
O0001926,C001033,2026-02-04,,Completed,6.99
O0001927,C000704,2026-02-04,,Completed,0.0
O0001928,C000149,2026-02-04,PROMO_BASE,Completed,9.99
O0001929,C000217,2026-02-04,PROMO_BASE,Completed,0.0
O0001930,C000960,2026-02-04,,Completed,0.0
O0001931,C000969,2026-02-04,PROMO_BASE,Completed,0.0
O0001932,C000215,2026-02-04,,Completed,0.0
O0001933,C000041,2026-02-04,,Completed,0.0
O0001934,C001331,2026-02-04,,Completed,4.99
O0001935,C000755,2026-02-04,,Completed,0.0
O0001936,C000226,2026-02-04,,Completed,0.0
O0001937,C002481,2026-02-04,,Completed,9.99
O0001938,C001572,2026-02-04,,Completed,0.0
O0001939,C001790,2026-02-04,,Completed,4.99
O0001940,C001704,2026-02-04,,Completed,0.0
O0001941,C000055,2026-02-04,,Completed,0.0
O0001942,C000058,2026-02-04,,Completed,0.0
O0001943,C001122,2026-02-04,,Completed,0.0
O0001944,C000984,2026-02-04,,Completed,0.0
O0001945,C001455,2026-02-04,PROMO_BASE,Completed,0.0
O0001946,C000308,2026-02-04,,Completed,0.0
O0001947,C000960,2026-02-04,,Completed,4.99
O0001948,C001741,2026-02-04,,Completed,6.99
O0001949,C001463,2026-02-04,,Completed,0.0
O0001950,C000877,2026-02-04,,Completed,0.0
O0001951,C001803,2026-02-04,,Completed,0.0
O0001952,C000751,2026-02-04,PROMO_BASE,Completed,6.99
O0001953,C001395,2026-02-04,,Completed,0.0
O0001954,C000765,2026-02-04,,Completed,0.0
O0001955,C000613,2026-02-04,PROMO_BASE,Completed,6.99
O0001956,C000011,2026-02-05,,Completed,0.0
O0001957,C002244,2026-02-05,PROMO_BASE,Completed,0.0
O0001958,C001833,2026-02-05,,Completed,0.0
O0001959,C000083,2026-02-05,,Completed,0.0
O0001960,C001556,2026-02-05,,Completed,0.0
O0001961,C002191,2026-02-05,,Completed,4.99
O0001962,C001199,2026-02-05,,Completed,0.0
O0001963,C001759,2026-02-05,,Completed,4.99
O0001964,C001844,2026-02-05,,Completed,0.0
O0001965,C002445,2026-02-05,PROMO_BASE,Completed,0.0
O0001966,C000749,2026-02-05,,Completed,0.0
O0001967,C001517,2026-02-05,,Completed,0.0
O0001968,C002175,2026-02-05,,Completed,4.99
O0001969,C000083,2026-02-05,PROMO_BASE,Completed,0.0
O0001970,C001026,2026-02-05,PROMO_BASE,Completed,0.0
O0001971,C001616,2026-02-05,,Completed,0.0
O0001972,C001647,2026-02-05,PROMO_BASE,Completed,9.99
O0001973,C002371,2026-02-05,,Completed,4.99
O0001974,C001711,2026-02-05,,Completed,0.0
O0001975,C002245,2026-02-05,,Completed,0.0
O0001976,C001997,2026-02-05,,Completed,0.0
O0001977,C002371,2026-02-05,,Completed,0.0
O0001978,C002371,2026-02-05,,Completed,0.0
O0001979,C001784,2026-02-05,,Completed,0.0
O0001980,C001026,2026-02-05,,Completed,0.0
O0001981,C002465,2026-02-05,,Completed,0.0
O0001982,C002364,2026-02-05,PROMO_BASE,Completed,0.0
O0001983,C001686,2026-02-05,PROMO_BASE,Completed,4.99
O0001984,C000074,2026-02-05,,Completed,0.0
O0001985,C001331,2026-02-05,,Completed,0.0
O0001986,C000355,2026-02-05,,Completed,0.0
O0001987,C001033,2026-02-05,,Completed,6.99
O0001988,C000587,2026-02-05,,Completed,0.0
O0001989,C002246,2026-02-05,PROMO_BASE,Completed,0.0
O0001990,C001449,2026-02-05,PROMO_BASE,Completed,0.0
O0001991,C002478,2026-02-05,,Completed,9.99
O0001992,C001277,2026-02-05,,Completed,0.0
O0001993,C001544,2026-02-05,,Completed,0.0
O0001994,C000891,2026-02-05,,Completed,0.0
O0001995,C001025,2026-02-05,,Completed,0.0
O0001996,C001223,2026-02-05,,Completed,0.0
O0001997,C001044,2026-02-05,PROMO_BASE,Completed,0.0
O0001998,C001403,2026-02-05,,Completed,9.99
O0001999,C001853,2026-02-05,,Completed,6.99
O0002000,C001027,2026-02-05,PROMO_BASE,Completed,0.0
O0002001,C001567,2026-02-05,,Completed,4.99
O0002002,C002148,2026-02-05,,Completed,6.99
O0002003,C000037,2026-02-05,,Completed,4.99
O0002004,C001057,2026-02-05,,Completed,4.99
O0002005,C001240,2026-02-05,,Completed,9.99
O0002006,C002388,2026-02-05,PROMO_BASE,Completed,9.99
O0002007,C000393,2026-02-05,,Completed,0.0
O0002008,C001051,2026-02-06,,Completed,0.0
O0002009,C002179,2026-02-06,,Completed,0.0
O0002010,C002431,2026-02-06,,Completed,4.99
O0002011,C002246,2026-02-06,,Completed,9.99
O0002012,C001391,2026-02-06,PROMO_BASE,Completed,0.0
O0002013,C001262,2026-02-06,,Completed,0.0
O0002014,C002259,2026-02-06,,Completed,9.99
O0002015,C000562,2026-02-06,,Completed,4.99
O0002016,C000705,2026-02-06,,Completed,0.0
O0002017,C000885,2026-02-06,,Completed,0.0
O0002018,C002431,2026-02-06,,Completed,4.99
O0002019,C001320,2026-02-06,,Completed,0.0
O0002020,C002443,2026-02-06,PROMO_BASE,Completed,9.99
O0002021,C001384,2026-02-06,PROMO_BASE,Completed,0.0
O0002022,C000540,2026-02-06,PROMO_BASE,Completed,0.0
O0002023,C002150,2026-02-06,,Completed,0.0
O0002024,C000964,2026-02-06,,Completed,6.99
O0002025,C000083,2026-02-06,,Completed,0.0
O0002026,C002314,2026-02-06,,Completed,0.0
O0002027,C000727,2026-02-06,PROMO_BASE,Completed,4.99
O0002028,C000232,2026-02-06,PROMO_BASE,Completed,0.0
O0002029,C002157,2026-02-06,,Completed,4.99
O0002030,C001229,2026-02-06,PROMO_BASE,Completed,0.0
O0002031,C000214,2026-02-06,PROMO_BASE,Completed,0.0
O0002032,C000064,2026-02-06,,Completed,6.99
O0002033,C001220,2026-02-06,,Completed,9.99
O0002034,C002374,2026-02-06,,Completed,0.0
O0002035,C001151,2026-02-06,,Completed,0.0
O0002036,C001661,2026-02-06,,Completed,0.0
O0002037,C000955,2026-02-06,PROMO_BASE,Completed,9.99
O0002038,C001713,2026-02-06,,Completed,0.0
O0002039,C002458,2026-02-06,PROMO_BASE,Completed,0.0
O0002040,C000961,2026-02-06,,Completed,0.0
O0002041,C001329,2026-02-06,,Completed,0.0
O0002042,C000882,2026-02-06,,Completed,0.0
O0002043,C001903,2026-02-06,,Completed,9.99
O0002044,C000539,2026-02-06,,Completed,9.99
O0002045,C002181,2026-02-06,,Completed,6.99
O0002046,C001478,2026-02-06,PROMO_BASE,Completed,0.0
O0002047,C000535,2026-02-06,PROMO_BASE,Completed,0.0
O0002048,C001486,2026-02-06,,Completed,0.0
O0002049,C000548,2026-02-06,,Completed,0.0
O0002050,C000298,2026-02-06,PROMO_BASE,Completed,0.0
O0002051,C001853,2026-02-06,PROMO_BASE,Completed,4.99
O0002052,C000120,2026-02-06,,Completed,4.99
O0002053,C000587,2026-02-06,,Completed,6.99
O0002054,C001978,2026-02-06,,Completed,4.99
O0002055,C001239,2026-02-06,PROMO_BASE,Completed,6.99
O0002056,C001817,2026-02-06,,Completed,0.0
O0002057,C001147,2026-02-06,,Completed,6.99
O0002058,C001963,2026-02-06,PROMO_BASE,Completed,4.99
O0002059,C000957,2026-02-06,,Completed,9.99
O0002060,C001191,2026-02-06,,Completed,0.0
O0002061,C002134,2026-02-06,PROMO_BASE,Completed,0.0
O0002062,C001332,2026-02-06,,Completed,0.0
O0002063,C000433,2026-02-06,,Completed,4.99
O0002064,C000022,2026-02-06,,Completed,0.0
O0002065,C002204,2026-02-06,PROMO_BASE,Completed,4.99
O0002066,C002431,2026-02-06,,Completed,9.99
O0002067,C001391,2026-02-06,,Completed,4.99
O0002068,C000524,2026-02-06,,Completed,0.0
O0002069,C002074,2026-02-06,,Completed,0.0
O0002070,C000734,2026-02-06,,Completed,0.0
O0002071,C000078,2026-02-06,,Completed,4.99
O0002072,C000613,2026-02-06,,Completed,0.0
O0002073,C000453,2026-02-06,PROMO_BASE,Completed,0.0
O0002074,C000586,2026-02-06,PROMO_BASE,Completed,4.99
O0002075,C000322,2026-02-06,,Completed,0.0
O0002076,C000445,2026-02-06,PROMO_BASE,Completed,0.0
O0002077,C001706,2026-02-06,PROMO_BASE,Completed,4.99
O0002078,C001716,2026-02-06,,Completed,9.99
O0002079,C000957,2026-02-06,,Completed,4.99
O0002080,C000281,2026-02-07,,Completed,0.0
O0002081,C000524,2026-02-07,,Completed,0.0
O0002082,C001502,2026-02-07,,Completed,0.0
O0002083,C000359,2026-02-07,,Completed,0.0
O0002084,C000783,2026-02-07,PROMO_BASE,Completed,6.99
O0002085,C002069,2026-02-07,,Completed,0.0
O0002086,C000253,2026-02-07,,Completed,4.99
O0002087,C001818,2026-02-07,,Completed,0.0
O0002088,C000139,2026-02-07,PROMO_BASE,Completed,0.0
O0002089,C000702,2026-02-07,,Completed,0.0
O0002090,C001663,2026-02-07,,Completed,0.0
O0002091,C002227,2026-02-07,PROMO_BASE,Completed,6.99
O0002092,C000110,2026-02-07,,Completed,0.0
O0002093,C001709,2026-02-07,,Completed,9.99
O0002094,C001450,2026-02-07,,Completed,0.0
O0002095,C002435,2026-02-07,PROMO_BASE,Completed,0.0
O0002096,C000995,2026-02-07,,Completed,0.0
O0002097,C001684,2026-02-07,,Completed,0.0
O0002098,C000368,2026-02-07,,Completed,0.0
O0002099,C000276,2026-02-07,,Completed,4.99
O0002100,C000588,2026-02-07,,Completed,4.99
O0002101,C001124,2026-02-07,,Completed,9.99
O0002102,C001662,2026-02-07,,Completed,0.0
O0002103,C001208,2026-02-07,,Completed,0.0
O0002104,C001606,2026-02-07,PROMO_BASE,Completed,9.99
O0002105,C000912,2026-02-07,,Completed,0.0
O0002106,C000419,2026-02-07,,Completed,9.99
O0002107,C001373,2026-02-07,PROMO_BASE,Completed,4.99
O0002108,C001224,2026-02-07,,Completed,4.99
O0002109,C000355,2026-02-07,,Completed,4.99
O0002110,C000882,2026-02-07,,Completed,9.99
O0002111,C001976,2026-02-07,PROMO_BASE,Completed,0.0
O0002112,C002290,2026-02-07,,Completed,0.0
O0002113,C001345,2026-02-07,,Completed,0.0
O0002114,C000038,2026-02-07,,Completed,6.99
O0002115,C000165,2026-02-07,PROMO_BASE,Completed,0.0
O0002116,C002484,2026-02-07,,Completed,0.0
O0002117,C000894,2026-02-07,,Completed,0.0
O0002118,C001731,2026-02-07,,Completed,0.0
O0002119,C001391,2026-02-07,PROMO_BASE,Completed,4.99
O0002120,C000592,2026-02-07,,Completed,4.99
O0002121,C001313,2026-02-07,,Completed,6.99
O0002122,C001373,2026-02-07,,Completed,9.99
O0002123,C000083,2026-02-07,,Completed,4.99
O0002124,C001061,2026-02-07,,Completed,4.99
O0002125,C001141,2026-02-07,,Completed,9.99
O0002126,C000197,2026-02-07,,Completed,9.99
O0002127,C001426,2026-02-07,,Completed,0.0
O0002128,C000960,2026-02-07,PROMO_BASE,Completed,0.0
O0002129,C002069,2026-02-07,,Completed,0.0
O0002130,C000925,2026-02-07,,Completed,0.0
O0002131,C000778,2026-02-07,,Completed,9.99
O0002132,C000727,2026-02-07,,Completed,9.99
O0002133,C000079,2026-02-07,,Completed,9.99
O0002134,C000019,2026-02-07,PROMO_BASE,Completed,0.0
O0002135,C002485,2026-02-07,,Completed,9.99
O0002136,C002064,2026-02-07,PROMO_BASE,Completed,0.0
O0002137,C002387,2026-02-07,,Completed,0.0
O0002138,C001972,2026-02-07,,Completed,0.0
O0002139,C002206,2026-02-07,,Completed,0.0
O0002140,C000618,2026-02-07,,Completed,9.99
O0002141,C001790,2026-02-07,PROMO_BASE,Completed,0.0
O0002142,C001135,2026-02-07,,Completed,6.99
O0002143,C001026,2026-02-07,,Completed,0.0
O0002144,C000580,2026-02-08,PROMO_BASE,Completed,0.0
O0002145,C002143,2026-02-08,,Completed,0.0
O0002146,C000505,2026-02-08,,Completed,0.0
O0002147,C000975,2026-02-08,PROMO_BASE,Completed,4.99
O0002148,C001453,2026-02-08,,Completed,9.99
O0002149,C000904,2026-02-08,,Completed,0.0
O0002150,C001421,2026-02-08,,Completed,9.99
O0002151,C000816,2026-02-08,,Completed,0.0
O0002152,C001879,2026-02-08,,Completed,0.0
O0002153,C002309,2026-02-08,,Completed,4.99
O0002154,C000531,2026-02-08,PROMO_BASE,Completed,0.0
O0002155,C000083,2026-02-08,PROMO_BASE,Completed,6.99
O0002156,C002152,2026-02-08,PROMO_BASE,Completed,9.99
O0002157,C002431,2026-02-08,,Completed,0.0
O0002158,C001557,2026-02-08,,Completed,0.0
O0002159,C000369,2026-02-08,,Completed,0.0
O0002160,C002119,2026-02-08,,Completed,0.0
O0002161,C002426,2026-02-08,,Completed,9.99
O0002162,C000771,2026-02-08,PROMO_BASE,Completed,0.0
O0002163,C000483,2026-02-08,PROMO_BASE,Completed,9.99
O0002164,C001391,2026-02-08,,Completed,4.99
O0002165,C001624,2026-02-08,PROMO_BASE,Completed,0.0
O0002166,C000216,2026-02-08,PROMO_BASE,Completed,4.99
O0002167,C002481,2026-02-08,,Completed,0.0
O0002168,C001419,2026-02-08,,Completed,6.99
O0002169,C001524,2026-02-08,,Completed,0.0
O0002170,C001298,2026-02-08,,Completed,0.0
O0002171,C001906,2026-02-08,,Completed,4.99
O0002172,C000146,2026-02-08,PROMO_BASE,Completed,0.0
O0002173,C001213,2026-02-08,PROMO_BASE,Completed,0.0
O0002174,C000952,2026-02-08,,Completed,4.99
O0002175,C002395,2026-02-08,,Completed,4.99
O0002176,C002009,2026-02-08,,Completed,6.99
O0002177,C001096,2026-02-08,PROMO_BASE,Completed,0.0
O0002178,C000969,2026-02-08,,Completed,6.99
O0002179,C002313,2026-02-08,,Completed,0.0
O0002180,C001570,2026-02-08,,Completed,0.0
O0002181,C000797,2026-02-08,,Completed,0.0
O0002182,C000270,2026-02-08,,Completed,9.99
O0002183,C001381,2026-02-08,,Completed,6.99
O0002184,C001213,2026-02-08,,Completed,9.99
O0002185,C002064,2026-02-08,PROMO_BASE,Completed,4.99
O0002186,C001693,2026-02-08,PROMO_BASE,Completed,0.0
O0002187,C000189,2026-02-08,PROMO_BASE,Completed,0.0
O0002188,C001693,2026-02-08,,Completed,0.0
O0002189,C002143,2026-02-08,,Completed,0.0
O0002190,C000865,2026-02-08,,Completed,0.0
O0002191,C002137,2026-02-08,,Completed,0.0
O0002192,C000912,2026-02-08,,Completed,0.0
O0002193,C000580,2026-02-08,,Completed,0.0
O0002194,C000016,2026-02-08,,Completed,6.99
O0002195,C002143,2026-02-08,,Completed,0.0
O0002196,C000271,2026-02-08,PROMO_BASE,Completed,4.99
O0002197,C001369,2026-02-08,,Completed,0.0
O0002198,C000175,2026-02-08,,Completed,0.0
O0002199,C000531,2026-02-08,,Completed,6.99
O0002200,C002077,2026-02-08,,Completed,0.0
O0002201,C002372,2026-02-08,,Completed,0.0
O0002202,C001623,2026-02-08,PROMO_BASE,Completed,4.99
O0002203,C002156,2026-02-08,,Completed,9.99
O0002204,C001931,2026-02-09,PROMO_BASE,Completed,6.99
O0002205,C002477,2026-02-09,,Completed,0.0
O0002206,C001284,2026-02-09,,Completed,0.0
O0002207,C000913,2026-02-09,,Completed,0.0
O0002208,C001688,2026-02-09,,Completed,0.0
O0002209,C002074,2026-02-09,,Completed,0.0
O0002210,C001729,2026-02-09,,Completed,6.99
O0002211,C002469,2026-02-09,PROMO_BASE,Completed,0.0
O0002212,C001604,2026-02-09,,Completed,4.99
O0002213,C000870,2026-02-09,,Completed,9.99
O0002214,C001092,2026-02-09,,Completed,0.0
O0002215,C000841,2026-02-09,PROMO_BASE,Completed,4.99
O0002216,C000074,2026-02-09,PROMO_BASE,Completed,4.99
O0002217,C000484,2026-02-09,,Completed,0.0
O0002218,C000160,2026-02-09,PROMO_BASE,Completed,0.0
O0002219,C000064,2026-02-09,,Completed,9.99
O0002220,C000435,2026-02-09,,Completed,0.0
O0002221,C000967,2026-02-09,,Completed,0.0
O0002222,C000731,2026-02-09,,Completed,0.0
O0002223,C000207,2026-02-09,,Completed,0.0
O0002224,C001061,2026-02-09,,Completed,6.99
O0002225,C002174,2026-02-09,,Completed,0.0
O0002226,C001359,2026-02-09,PROMO_BASE,Completed,0.0
O0002227,C000675,2026-02-09,,Completed,0.0
O0002228,C002345,2026-02-09,,Completed,0.0
O0002229,C000777,2026-02-09,,Completed,0.0
O0002230,C001817,2026-02-09,,Completed,0.0
O0002231,C000664,2026-02-09,,Completed,0.0
O0002232,C001313,2026-02-09,,Completed,6.99
O0002233,C002344,2026-02-09,PROMO_BASE,Completed,9.99
O0002234,C001202,2026-02-09,PROMO_BASE,Completed,0.0
O0002235,C001786,2026-02-09,,Completed,0.0
O0002236,C002499,2026-02-09,,Completed,4.99
O0002237,C000430,2026-02-09,,Completed,0.0
O0002238,C000558,2026-02-09,PROMO_BASE,Completed,0.0
O0002239,C000671,2026-02-09,,Completed,0.0
O0002240,C001363,2026-02-09,PROMO_BASE,Completed,0.0
O0002241,C002425,2026-02-09,,Completed,0.0
O0002242,C000335,2026-02-09,,Completed,4.99
O0002243,C001909,2026-02-09,PROMO_BASE,Completed,0.0
O0002244,C001048,2026-02-09,,Completed,0.0
O0002245,C000722,2026-02-09,PROMO_BASE,Completed,0.0
O0002246,C002345,2026-02-09,PROMO_BASE,Completed,6.99
O0002247,C001426,2026-02-09,,Completed,4.99
O0002248,C001848,2026-02-09,,Completed,6.99
O0002249,C001595,2026-02-09,,Completed,0.0
O0002250,C000121,2026-02-09,PROMO_BASE,Completed,9.99
O0002251,C002199,2026-02-09,,Completed,9.99
O0002252,C001453,2026-02-09,,Completed,4.99
O0002253,C001619,2026-02-09,,Completed,4.99
O0002254,C001106,2026-02-09,,Completed,0.0
O0002255,C002244,2026-02-09,,Completed,4.99
O0002256,C000436,2026-02-09,PROMO_BASE,Completed,4.99
O0002257,C001033,2026-02-09,,Completed,0.0
O0002258,C000008,2026-02-09,,Completed,6.99
O0002259,C001729,2026-02-09,,Completed,0.0
O0002260,C000885,2026-02-09,,Completed,0.0
O0002261,C000587,2026-02-09,,Completed,0.0
O0002262,C002359,2026-02-09,,Completed,6.99
O0002263,C000531,2026-02-09,,Completed,6.99
O0002264,C000022,2026-02-09,,Completed,4.99
O0002265,C002451,2026-02-10,,Completed,9.99
O0002266,C000508,2026-02-10,,Completed,0.0
O0002267,C000782,2026-02-10,,Completed,4.99
O0002268,C001096,2026-02-10,,Completed,4.99
O0002269,C000723,2026-02-10,PROMO_BASE,Completed,9.99
O0002270,C001240,2026-02-10,,Completed,0.0
O0002271,C002018,2026-02-10,,Completed,0.0
O0002272,C000100,2026-02-10,,Completed,0.0
O0002273,C000207,2026-02-10,,Completed,0.0
O0002274,C001185,2026-02-10,PROMO_BASE,Completed,0.0
O0002275,C002143,2026-02-10,,Completed,4.99
O0002276,C001678,2026-02-10,,Completed,0.0
O0002277,C000794,2026-02-10,PROMO_BASE,Completed,0.0
O0002278,C000635,2026-02-10,,Completed,0.0
O0002279,C002260,2026-02-10,,Completed,9.99
O0002280,C000550,2026-02-10,PROMO_BASE,Completed,0.0
O0002281,C001106,2026-02-10,,Completed,9.99
O0002282,C001071,2026-02-10,,Completed,0.0
O0002283,C002182,2026-02-10,PROMO_BASE,Completed,6.99
O0002284,C000960,2026-02-10,,Completed,0.0
O0002285,C001531,2026-02-10,,Completed,9.99
O0002286,C002191,2026-02-10,PROMO_BASE,Completed,0.0
O0002287,C002486,2026-02-10,PROMO_BASE,Completed,0.0
O0002288,C000189,2026-02-10,PROMO_BASE,Completed,9.99
O0002289,C000645,2026-02-10,,Completed,0.0
O0002290,C002201,2026-02-10,,Completed,4.99
O0002291,C001798,2026-02-10,PROMO_BASE,Completed,0.0
O0002292,C000894,2026-02-10,,Completed,9.99
O0002293,C000359,2026-02-10,PROMO_BASE,Completed,6.99
O0002294,C001158,2026-02-10,PROMO_BASE,Completed,0.0
O0002295,C002044,2026-02-10,,Completed,6.99
O0002296,C000856,2026-02-10,,Completed,9.99
O0002297,C001427,2026-02-10,,Completed,0.0
O0002298,C000232,2026-02-10,,Completed,0.0
O0002299,C002480,2026-02-10,,Completed,0.0
O0002300,C000929,2026-02-10,,Completed,0.0
O0002301,C000320,2026-02-10,PROMO_BASE,Completed,6.99
O0002302,C000647,2026-02-10,,Completed,0.0
O0002303,C000935,2026-02-10,PROMO_BASE,Completed,0.0
O0002304,C002314,2026-02-10,,Completed,0.0
O0002305,C000929,2026-02-10,,Completed,9.99
O0002306,C001533,2026-02-10,,Completed,0.0
O0002307,C000124,2026-02-10,,Completed,0.0
O0002308,C000696,2026-02-10,PROMO_BASE,Completed,4.99
O0002309,C000037,2026-02-10,,Completed,0.0
O0002310,C000115,2026-02-10,PROMO_BASE,Completed,0.0
O0002311,C001447,2026-02-10,,Completed,0.0
O0002312,C002466,2026-02-10,,Completed,0.0
O0002313,C000994,2026-02-10,,Completed,9.99
O0002314,C001248,2026-02-10,,Completed,9.99
O0002315,C000315,2026-02-10,,Completed,0.0
O0002316,C001017,2026-02-10,,Completed,0.0
O0002317,C000778,2026-02-10,,Completed,6.99
O0002318,C000213,2026-02-10,,Completed,0.0
O0002319,C000442,2026-02-10,,Completed,0.0
O0002320,C000520,2026-02-10,,Completed,0.0
O0002321,C002007,2026-02-10,,Completed,0.0
O0002322,C002155,2026-02-10,,Completed,6.99
O0002323,C000696,2026-02-11,PROMO_BASE,Completed,6.99
O0002324,C000918,2026-02-11,,Completed,4.99
O0002325,C001215,2026-02-11,,Completed,9.99
O0002326,C000894,2026-02-11,PROMO_BASE,Completed,0.0
O0002327,C002265,2026-02-11,,Completed,0.0
O0002328,C002116,2026-02-11,,Completed,0.0
O0002329,C002179,2026-02-11,PROMO_BASE,Completed,0.0
O0002330,C001987,2026-02-11,,Completed,9.99
O0002331,C001914,2026-02-11,,Completed,0.0
O0002332,C000885,2026-02-11,,Completed,0.0
O0002333,C001781,2026-02-11,,Completed,0.0
O0002334,C001248,2026-02-11,PROMO_BASE,Completed,6.99
O0002335,C000344,2026-02-11,,Completed,4.99
O0002336,C000933,2026-02-11,,Completed,9.99
O0002337,C000647,2026-02-11,,Completed,0.0
O0002338,C000134,2026-02-11,,Completed,9.99
O0002339,C000960,2026-02-11,,Completed,4.99
O0002340,C001115,2026-02-11,PROMO_BASE,Completed,0.0
O0002341,C000863,2026-02-11,PROMO_BASE,Completed,0.0
O0002342,C002064,2026-02-11,,Completed,6.99
O0002343,C001021,2026-02-11,,Completed,0.0
O0002344,C000597,2026-02-11,,Completed,0.0
O0002345,C000445,2026-02-11,,Completed,4.99
O0002346,C002371,2026-02-11,,Completed,0.0
O0002347,C002179,2026-02-11,PROMO_BASE,Completed,9.99
O0002348,C002374,2026-02-11,,Completed,9.99
O0002349,C002352,2026-02-11,PROMO_BASE,Completed,6.99
O0002350,C001800,2026-02-11,,Completed,9.99
O0002351,C002310,2026-02-11,,Completed,4.99
O0002352,C002311,2026-02-11,,Completed,4.99
O0002353,C001477,2026-02-11,,Completed,0.0
O0002354,C000346,2026-02-11,,Completed,0.0
O0002355,C001627,2026-02-11,PROMO_BASE,Completed,0.0
O0002356,C000392,2026-02-11,PROMO_BASE,Completed,4.99
O0002357,C000451,2026-02-11,PROMO_BASE,Completed,0.0
O0002358,C001986,2026-02-11,,Completed,0.0
O0002359,C000127,2026-02-11,,Completed,4.99
O0002360,C001684,2026-02-11,,Completed,6.99
O0002361,C000452,2026-02-11,,Completed,0.0
O0002362,C001256,2026-02-11,,Completed,9.99
O0002363,C001821,2026-02-11,,Completed,6.99
O0002364,C001071,2026-02-11,,Completed,4.99
O0002365,C002406,2026-02-11,PROMO_BASE,Completed,4.99
O0002366,C002409,2026-02-11,,Completed,0.0
O0002367,C001742,2026-02-11,,Completed,0.0
O0002368,C002159,2026-02-11,,Completed,0.0
O0002369,C000264,2026-02-11,PROMO_BASE,Completed,6.99
O0002370,C002363,2026-02-11,,Completed,0.0
O0002371,C000027,2026-02-11,PROMO_BASE,Completed,4.99
O0002372,C000971,2026-02-11,,Completed,0.0
O0002373,C000355,2026-02-11,,Completed,9.99
O0002374,C002350,2026-02-11,,Completed,0.0
O0002375,C000846,2026-02-11,PROMO_BASE,Completed,0.0
O0002376,C000410,2026-02-11,,Completed,6.99
O0002377,C000725,2026-02-11,,Completed,0.0
O0002378,C001812,2026-02-11,,Completed,6.99
O0002379,C000456,2026-02-11,,Completed,4.99
O0002380,C001180,2026-02-11,,Completed,0.0
O0002381,C001421,2026-02-11,,Completed,0.0
O0002382,C001077,2026-02-11,,Completed,0.0
O0002383,C001422,2026-02-11,,Completed,0.0
O0002384,C001650,2026-02-11,,Completed,0.0
O0002385,C000134,2026-02-11,,Completed,0.0
O0002386,C000672,2026-02-11,,Completed,9.99
O0002387,C000658,2026-02-11,,Completed,0.0
O0002388,C002386,2026-02-11,,Completed,0.0
O0002389,C000392,2026-02-11,,Completed,6.99
O0002390,C000392,2026-02-11,PROMO_BASE,Completed,0.0
O0002391,C001463,2026-02-11,,Completed,0.0
O0002392,C000912,2026-02-12,,Completed,0.0
O0002393,C002081,2026-02-12,,Completed,4.99
O0002394,C001601,2026-02-12,,Completed,9.99
O0002395,C002431,2026-02-12,,Completed,4.99
O0002396,C001030,2026-02-12,,Completed,0.0
O0002397,C001426,2026-02-12,,Completed,4.99
O0002398,C002328,2026-02-12,PROMO_BASE,Completed,4.99
O0002399,C001008,2026-02-12,,Completed,0.0
O0002400,C000016,2026-02-12,PROMO_BASE,Completed,6.99
O0002401,C000154,2026-02-12,,Completed,4.99
O0002402,C002481,2026-02-12,PROMO_BASE,Completed,0.0
O0002403,C000689,2026-02-12,,Completed,0.0
O0002404,C001450,2026-02-12,,Completed,4.99
O0002405,C000122,2026-02-12,,Completed,6.99
O0002406,C001623,2026-02-12,,Completed,4.99
O0002407,C000876,2026-02-12,,Completed,0.0
O0002408,C001498,2026-02-12,,Completed,9.99
O0002409,C000470,2026-02-12,,Completed,9.99
O0002410,C001438,2026-02-12,,Completed,9.99
O0002411,C002422,2026-02-12,,Completed,0.0
O0002412,C001641,2026-02-12,,Completed,0.0
O0002413,C000265,2026-02-12,PROMO_BASE,Completed,0.0
O0002414,C001599,2026-02-12,PROMO_BASE,Completed,0.0
O0002415,C001455,2026-02-12,PROMO_BASE,Completed,0.0
O0002416,C002390,2026-02-12,,Completed,6.99
O0002417,C001409,2026-02-12,PROMO_BASE,Completed,0.0
O0002418,C001708,2026-02-12,PROMO_BASE,Completed,0.0
O0002419,C002174,2026-02-12,PROMO_BASE,Completed,0.0
O0002420,C000723,2026-02-12,PROMO_BASE,Completed,0.0
O0002421,C001599,2026-02-12,,Completed,6.99
O0002422,C001941,2026-02-12,,Completed,9.99
O0002423,C000524,2026-02-12,PROMO_BASE,Completed,9.99
O0002424,C001428,2026-02-12,,Completed,4.99
O0002425,C000689,2026-02-12,,Completed,9.99
O0002426,C000095,2026-02-12,PROMO_BASE,Completed,0.0
O0002427,C000538,2026-02-12,,Completed,0.0
O0002428,C001861,2026-02-12,,Completed,6.99
O0002429,C001139,2026-02-12,,Completed,9.99
O0002430,C000953,2026-02-12,,Completed,9.99
O0002431,C000134,2026-02-12,,Completed,9.99
O0002432,C001026,2026-02-12,,Completed,0.0
O0002433,C001949,2026-02-12,,Completed,0.0
O0002434,C001981,2026-02-12,,Completed,0.0
O0002435,C002125,2026-02-12,,Completed,0.0
O0002436,C001936,2026-02-12,,Completed,9.99
O0002437,C001817,2026-02-12,,Completed,6.99
O0002438,C002245,2026-02-12,,Completed,0.0
O0002439,C001298,2026-02-12,,Completed,0.0
O0002440,C001599,2026-02-12,,Completed,0.0
O0002441,C001688,2026-02-12,PROMO_BASE,Completed,9.99
O0002442,C000985,2026-02-12,,Completed,9.99
O0002443,C002301,2026-02-12,PROMO_BASE,Completed,9.99
O0002444,C000969,2026-02-12,PROMO_BASE,Completed,9.99
O0002445,C002072,2026-02-12,PROMO_BASE,Completed,0.0
O0002446,C001318,2026-02-12,,Completed,0.0
O0002447,C001450,2026-02-12,,Completed,0.0
O0002448,C001921,2026-02-12,,Completed,0.0
O0002449,C000139,2026-02-12,,Completed,4.99
O0002450,C000774,2026-02-12,,Completed,0.0
O0002451,C002412,2026-02-12,,Completed,0.0
O0002452,C000688,2026-02-12,,Completed,0.0
O0002453,C001492,2026-02-12,PROMO_BASE,Completed,4.99
O0002454,C001599,2026-02-12,,Completed,0.0
O0002455,C000570,2026-02-12,,Completed,6.99
O0002456,C000184,2026-02-12,,Completed,0.0
O0002457,C001921,2026-02-12,PROMO_BASE,Completed,0.0
O0002458,C001509,2026-02-12,,Completed,6.99
O0002459,C000087,2026-02-12,,Completed,0.0
O0002460,C000689,2026-02-12,PROMO_BASE,Completed,0.0
O0002461,C001631,2026-02-12,,Completed,6.99
O0002462,C000796,2026-02-12,,Completed,0.0
O0002463,C001017,2026-02-12,,Completed,0.0
O0002464,C000524,2026-02-12,PROMO_BASE,Completed,4.99
O0002465,C001671,2026-02-12,,Completed,0.0
O0002466,C000270,2026-02-12,PROMO_BASE,Completed,6.99
O0002467,C001328,2026-02-12,,Completed,0.0
O0002468,C001787,2026-02-12,,Completed,0.0
O0002469,C001263,2026-02-12,PROMO_BASE,Completed,4.99
O0002470,C001426,2026-02-12,,Completed,6.99
O0002471,C000397,2026-02-13,,Completed,0.0
O0002472,C001033,2026-02-13,PROMO_BASE,Completed,6.99
O0002473,C000078,2026-02-13,PROMO_BASE,Completed,6.99
O0002474,C000749,2026-02-13,PROMO_BASE,Completed,0.0
O0002475,C000540,2026-02-13,,Completed,0.0
O0002476,C000682,2026-02-13,,Completed,6.99
O0002477,C000362,2026-02-13,PROMO_BASE,Completed,6.99
O0002478,C000056,2026-02-13,,Completed,6.99
O0002479,C001428,2026-02-13,,Completed,0.0
O0002480,C000742,2026-02-13,PROMO_BASE,Completed,0.0
O0002481,C000728,2026-02-13,,Completed,0.0
O0002482,C000976,2026-02-13,,Completed,6.99
O0002483,C000279,2026-02-13,,Completed,9.99
O0002484,C000977,2026-02-13,,Completed,4.99
O0002485,C001990,2026-02-13,,Completed,0.0
O0002486,C000078,2026-02-13,,Completed,0.0
O0002487,C000942,2026-02-13,,Completed,9.99
O0002488,C001894,2026-02-13,PROMO_BASE,Completed,9.99
O0002489,C000727,2026-02-13,PROMO_BASE,Completed,6.99
O0002490,C001646,2026-02-13,,Completed,4.99
O0002491,C002477,2026-02-13,,Completed,4.99
O0002492,C000786,2026-02-13,,Completed,4.99
O0002493,C002372,2026-02-13,,Completed,0.0
O0002494,C001391,2026-02-13,PROMO_BASE,Completed,6.99
O0002495,C000071,2026-02-13,,Completed,9.99
O0002496,C001255,2026-02-13,,Completed,9.99
O0002497,C002344,2026-02-13,,Completed,0.0
O0002498,C001683,2026-02-13,PROMO_BASE,Completed,0.0
O0002499,C001363,2026-02-13,,Completed,0.0
O0002500,C001678,2026-02-13,PROMO_BASE,Completed,0.0
O0002501,C000618,2026-02-13,,Completed,4.99
O0002502,C001525,2026-02-13,PROMO_BASE,Completed,9.99
O0002503,C000267,2026-02-13,,Completed,6.99
O0002504,C002120,2026-02-13,,Completed,9.99
O0002505,C001070,2026-02-13,,Completed,6.99
O0002506,C001352,2026-02-13,,Completed,6.99
O0002507,C001426,2026-02-13,PROMO_BASE,Completed,0.0
O0002508,C001547,2026-02-13,PROMO_BASE,Completed,6.99
O0002509,C000653,2026-02-13,,Completed,6.99
O0002510,C002118,2026-02-13,PROMO_BASE,Completed,0.0
O0002511,C000244,2026-02-13,,Completed,9.99
O0002512,C002205,2026-02-13,,Completed,6.99
O0002513,C001249,2026-02-13,PROMO_BASE,Completed,0.0
O0002514,C001495,2026-02-13,,Completed,0.0
O0002515,C001224,2026-02-13,PROMO_BASE,Completed,0.0
O0002516,C002298,2026-02-13,,Completed,0.0
O0002517,C000982,2026-02-13,,Completed,0.0
O0002518,C000027,2026-02-13,,Completed,6.99
O0002519,C000593,2026-02-13,,Completed,0.0
O0002520,C001179,2026-02-13,PROMO_BASE,Completed,0.0
O0002521,C000231,2026-02-13,PROMO_BASE,Completed,4.99
O0002522,C000734,2026-02-13,PROMO_BASE,Completed,0.0
O0002523,C002431,2026-02-13,,Completed,0.0
O0002524,C001625,2026-02-13,,Completed,0.0
O0002525,C002484,2026-02-13,PROMO_BASE,Completed,0.0
O0002526,C001870,2026-02-13,,Completed,0.0
O0002527,C002386,2026-02-13,PROMO_BASE,Completed,0.0
O0002528,C002110,2026-02-13,,Completed,6.99
O0002529,C002227,2026-02-13,PROMO_BASE,Completed,4.99
O0002530,C001202,2026-02-13,,Completed,0.0
O0002531,C000593,2026-02-13,,Completed,9.99
O0002532,C000125,2026-02-13,,Completed,0.0
O0002533,C002069,2026-02-14,,Completed,4.99
O0002534,C001519,2026-02-14,,Completed,4.99
O0002535,C000435,2026-02-14,,Completed,0.0
O0002536,C000185,2026-02-14,,Completed,0.0
O0002537,C001045,2026-02-14,,Completed,0.0
O0002538,C001634,2026-02-14,,Completed,4.99
O0002539,C001951,2026-02-14,PROMO_BASE,Completed,9.99
O0002540,C000914,2026-02-14,,Completed,0.0
O0002541,C002495,2026-02-14,,Completed,0.0
O0002542,C002226,2026-02-14,,Completed,4.99
O0002543,C002256,2026-02-14,,Completed,0.0
O0002544,C002336,2026-02-14,,Completed,0.0
O0002545,C002464,2026-02-14,PROMO_BASE,Completed,0.0
O0002546,C000078,2026-02-14,,Completed,0.0
O0002547,C001026,2026-02-14,,Completed,0.0
O0002548,C002459,2026-02-14,,Completed,0.0
O0002549,C000015,2026-02-14,PROMO_BASE,Completed,4.99
O0002550,C001391,2026-02-14,PROMO_BASE,Completed,0.0
O0002551,C001252,2026-02-14,,Completed,0.0
O0002552,C001434,2026-02-14,,Completed,0.0
O0002553,C001996,2026-02-14,PROMO_BASE,Completed,6.99
O0002554,C000015,2026-02-14,PROMO_BASE,Completed,6.99
O0002555,C000489,2026-02-14,,Completed,0.0
O0002556,C001405,2026-02-14,,Completed,0.0
O0002557,C002262,2026-02-14,PROMO_BASE,Completed,9.99
O0002558,C002373,2026-02-14,,Completed,0.0
O0002559,C000538,2026-02-14,,Completed,0.0
O0002560,C000072,2026-02-14,,Completed,0.0
O0002561,C001018,2026-02-14,,Completed,0.0
O0002562,C001981,2026-02-14,,Completed,0.0
O0002563,C000934,2026-02-14,,Completed,4.99
O0002564,C002155,2026-02-14,PROMO_BASE,Completed,0.0
O0002565,C001463,2026-02-14,PROMO_BASE,Completed,6.99
O0002566,C000619,2026-02-14,,Completed,0.0
O0002567,C001546,2026-02-14,,Completed,0.0
O0002568,C001959,2026-02-14,,Completed,0.0
O0002569,C001961,2026-02-14,PROMO_BASE,Completed,0.0
O0002570,C001179,2026-02-14,PROMO_BASE,Completed,9.99
O0002571,C001525,2026-02-14,,Completed,0.0
O0002572,C001842,2026-02-14,,Completed,6.99
O0002573,C001019,2026-02-14,,Completed,4.99
O0002574,C000554,2026-02-14,,Completed,4.99
O0002575,C000878,2026-02-14,,Completed,4.99
O0002576,C000050,2026-02-14,,Completed,9.99
O0002577,C002478,2026-02-14,,Completed,0.0
O0002578,C001678,2026-02-14,PROMO_BASE,Completed,0.0
O0002579,C002319,2026-02-14,,Completed,0.0
O0002580,C000150,2026-02-14,PROMO_BASE,Completed,6.99
O0002581,C001168,2026-02-14,,Completed,6.99
O0002582,C001580,2026-02-14,,Completed,9.99
O0002583,C002478,2026-02-14,PROMO_BASE,Completed,0.0
O0002584,C002459,2026-02-14,,Completed,0.0
O0002585,C000384,2026-02-14,PROMO_BASE,Completed,6.99
O0002586,C002344,2026-02-14,,Completed,0.0
O0002587,C001371,2026-02-14,,Completed,4.99
O0002588,C000950,2026-02-14,,Completed,4.99
O0002589,C001998,2026-02-14,PROMO_BASE,Completed,9.99
O0002590,C001637,2026-02-14,PROMO_BASE,Completed,6.99
O0002591,C002273,2026-02-14,PROMO_BASE,Completed,0.0
O0002592,C002311,2026-02-14,,Completed,4.99
O0002593,C000733,2026-02-14,,Completed,0.0
O0002594,C002272,2026-02-14,,Completed,0.0
O0002595,C000196,2026-02-14,,Completed,0.0
O0002596,C000491,2026-02-14,PROMO_BASE,Completed,0.0
O0002597,C002373,2026-02-14,,Completed,4.99
O0002598,C001582,2026-02-14,,Completed,6.99
O0002599,C002293,2026-02-14,PROMO_BASE,Completed,0.0
O0002600,C000804,2026-02-14,PROMO_BASE,Completed,0.0
O0002601,C000873,2026-02-14,PROMO_BASE,Completed,9.99
O0002602,C000664,2026-02-14,,Completed,4.99
O0002603,C000098,2026-02-14,,Completed,0.0
O0002604,C000350,2026-02-14,,Completed,0.0
O0002605,C001592,2026-02-14,,Completed,9.99
O0002606,C000861,2026-02-14,,Completed,0.0
O0002607,C002262,2026-02-14,,Completed,0.0
O0002608,C001742,2026-02-14,,Completed,4.99
O0002609,C001369,2026-02-14,PROMO_BASE,Completed,0.0
O0002610,C000943,2026-02-14,,Completed,0.0
O0002611,C001457,2026-02-14,PROMO_BASE,Completed,4.99
O0002612,C000765,2026-02-14,PROMO_BASE,Completed,4.99
O0002613,C001784,2026-02-15,,Completed,4.99
O0002614,C001206,2026-02-15,,Completed,9.99
O0002615,C001341,2026-02-15,,Completed,9.99
O0002616,C000669,2026-02-15,PROMO_BASE,Completed,9.99
O0002617,C002122,2026-02-15,,Completed,4.99
O0002618,C002059,2026-02-15,,Completed,9.99
O0002619,C001395,2026-02-15,PROMO_BASE,Completed,6.99
O0002620,C000735,2026-02-15,,Completed,0.0
O0002621,C000506,2026-02-15,,Completed,4.99
O0002622,C000893,2026-02-15,,Completed,0.0
O0002623,C002263,2026-02-15,PROMO_BASE,Completed,4.99
O0002624,C002112,2026-02-15,PROMO_BASE,Completed,0.0
O0002625,C000675,2026-02-15,PROMO_BASE,Completed,4.99
O0002626,C000389,2026-02-15,,Completed,4.99
O0002627,C001813,2026-02-15,PROMO_BASE,Completed,4.99
O0002628,C000346,2026-02-15,PROMO_BASE,Completed,9.99
O0002629,C002446,2026-02-15,PROMO_BASE,Completed,4.99
O0002630,C001044,2026-02-15,,Completed,0.0
O0002631,C001480,2026-02-15,PROMO_BASE,Completed,0.0
O0002632,C000413,2026-02-15,,Completed,0.0
O0002633,C000688,2026-02-15,,Completed,0.0
O0002634,C002375,2026-02-15,,Completed,0.0
O0002635,C000506,2026-02-15,PROMO_BASE,Completed,0.0
O0002636,C001341,2026-02-15,,Completed,0.0
O0002637,C002254,2026-02-15,,Completed,0.0
O0002638,C002415,2026-02-15,PROMO_BASE,Completed,4.99
O0002639,C001643,2026-02-15,PROMO_BASE,Completed,9.99
O0002640,C001813,2026-02-15,,Completed,6.99
O0002641,C000495,2026-02-15,,Completed,0.0
O0002642,C000859,2026-02-15,,Completed,4.99
O0002643,C002292,2026-02-15,,Completed,9.99
O0002644,C001451,2026-02-15,,Completed,0.0
O0002645,C000346,2026-02-15,,Completed,0.0
O0002646,C000059,2026-02-15,PROMO_BASE,Completed,0.0
O0002647,C000049,2026-02-15,,Completed,0.0
O0002648,C000445,2026-02-15,,Completed,9.99
O0002649,C000613,2026-02-15,,Completed,4.99
O0002650,C001995,2026-02-15,,Completed,0.0
O0002651,C002059,2026-02-15,,Completed,0.0
O0002652,C000116,2026-02-15,,Completed,4.99
O0002653,C002246,2026-02-15,PROMO_BASE,Completed,6.99
O0002654,C001210,2026-02-15,PROMO_BASE,Completed,0.0
O0002655,C001363,2026-02-15,PROMO_BASE,Completed,6.99
O0002656,C001667,2026-02-15,,Completed,0.0
O0002657,C000092,2026-02-15,PROMO_BASE,Completed,6.99
O0002658,C000303,2026-02-15,,Completed,0.0
O0002659,C000157,2026-02-15,,Completed,0.0
O0002660,C000727,2026-02-15,,Completed,0.0
O0002661,C000086,2026-02-15,,Completed,0.0
O0002662,C001641,2026-02-15,PROMO_BASE,Completed,6.99
O0002663,C000506,2026-02-15,,Completed,0.0
O0002664,C000597,2026-02-15,,Completed,4.99
O0002665,C001427,2026-02-15,,Completed,6.99
O0002666,C000417,2026-02-15,,Completed,4.99
O0002667,C000885,2026-02-15,PROMO_BASE,Completed,9.99
O0002668,C001426,2026-02-15,,Completed,0.0
O0002669,C001258,2026-02-15,PROMO_BASE,Completed,0.0
O0002670,C001956,2026-02-15,PROMO_BASE,Completed,9.99
O0002671,C001646,2026-02-15,,Completed,0.0
O0002672,C001323,2026-02-15,,Completed,0.0
O0002673,C000789,2026-02-15,,Completed,4.99
O0002674,C002159,2026-02-15,PROMO_BASE,Completed,9.99
O0002675,C000178,2026-02-15,,Completed,9.99
O0002676,C000565,2026-02-15,,Completed,9.99
O0002677,C001650,2026-02-15,PROMO_BASE,Completed,9.99
O0002678,C002460,2026-02-15,,Completed,6.99
O0002679,C002468,2026-02-15,,Completed,4.99
O0002680,C002066,2026-02-15,,Completed,0.0
O0002681,C001577,2026-02-16,PROMO_BASE,Completed,0.0
O0002682,C002052,2026-02-16,PROMO_BASE,Completed,4.99
O0002683,C000175,2026-02-16,PROMO_BASE,Completed,4.99
O0002684,C000040,2026-02-16,,Completed,0.0
O0002685,C000154,2026-02-16,,Completed,0.0
O0002686,C000997,2026-02-16,,Completed,0.0
O0002687,C001861,2026-02-16,PROMO_BASE,Completed,9.99
O0002688,C001460,2026-02-16,,Completed,0.0
O0002689,C001044,2026-02-16,,Completed,0.0
O0002690,C002434,2026-02-16,PROMO_BASE,Completed,0.0
O0002691,C000813,2026-02-16,PROMO_BASE,Completed,0.0
O0002692,C001120,2026-02-16,,Completed,9.99
O0002693,C000384,2026-02-16,,Completed,0.0
O0002694,C001515,2026-02-16,,Completed,0.0
O0002695,C001194,2026-02-16,,Completed,0.0
O0002696,C000308,2026-02-16,,Completed,6.99
O0002697,C002003,2026-02-16,,Completed,9.99
O0002698,C000486,2026-02-16,,Completed,0.0
O0002699,C000471,2026-02-16,,Completed,6.99
O0002700,C001515,2026-02-16,,Completed,4.99
O0002701,C002486,2026-02-16,,Completed,9.99
O0002702,C002263,2026-02-16,,Completed,6.99
O0002703,C000077,2026-02-16,,Completed,9.99
O0002704,C001391,2026-02-16,,Completed,9.99
O0002705,C000408,2026-02-16,,Completed,6.99
O0002706,C001034,2026-02-16,PROMO_BASE,Completed,6.99
O0002707,C000386,2026-02-16,PROMO_BASE,Completed,6.99
O0002708,C001720,2026-02-16,,Completed,0.0
O0002709,C002263,2026-02-16,PROMO_BASE,Completed,6.99
O0002710,C002030,2026-02-16,PROMO_BASE,Completed,6.99
O0002711,C000618,2026-02-16,PROMO_BASE,Completed,0.0
O0002712,C002291,2026-02-16,,Completed,0.0
O0002713,C001279,2026-02-16,,Completed,9.99
O0002714,C000933,2026-02-16,,Completed,0.0
O0002715,C000030,2026-02-16,,Completed,0.0
O0002716,C001745,2026-02-16,,Completed,0.0
O0002717,C001844,2026-02-16,,Completed,0.0
O0002718,C002098,2026-02-16,PROMO_BASE,Completed,9.99
O0002719,C000594,2026-02-16,,Completed,9.99
O0002720,C002374,2026-02-16,,Completed,9.99
O0002721,C002434,2026-02-16,,Completed,9.99
O0002722,C000780,2026-02-16,,Completed,0.0
O0002723,C001239,2026-02-16,,Completed,0.0
O0002724,C002156,2026-02-16,,Completed,9.99
O0002725,C001748,2026-02-16,,Completed,6.99
O0002726,C000771,2026-02-16,PROMO_BASE,Completed,0.0
O0002727,C001025,2026-02-16,PROMO_BASE,Completed,6.99
O0002728,C001515,2026-02-16,,Completed,0.0
O0002729,C000170,2026-02-16,,Completed,0.0
O0002730,C002434,2026-02-16,,Completed,4.99
O0002731,C000939,2026-02-16,,Completed,0.0
O0002732,C001137,2026-02-16,,Completed,0.0
O0002733,C002434,2026-02-16,PROMO_BASE,Completed,0.0
O0002734,C000512,2026-02-16,PROMO_BASE,Completed,0.0
O0002735,C000843,2026-02-16,,Completed,0.0
O0002736,C000881,2026-02-16,,Completed,0.0
O0002737,C000029,2026-02-17,,Completed,0.0
O0002738,C000074,2026-02-17,,Completed,0.0
O0002739,C000029,2026-02-17,,Completed,0.0
O0002740,C000392,2026-02-17,PROMO_BASE,Completed,4.99
O0002741,C000346,2026-02-17,,Completed,9.99
O0002742,C000769,2026-02-17,,Completed,6.99
O0002743,C000997,2026-02-17,PROMO_BASE,Completed,0.0
O0002744,C001942,2026-02-17,,Completed,0.0
O0002745,C000430,2026-02-17,,Completed,4.99
O0002746,C000216,2026-02-17,,Completed,4.99
O0002747,C001588,2026-02-17,PROMO_BASE,Completed,0.0
O0002748,C000149,2026-02-17,,Completed,0.0
O0002749,C000342,2026-02-17,,Completed,4.99
O0002750,C002339,2026-02-17,,Completed,9.99
O0002751,C000036,2026-02-17,,Completed,0.0
O0002752,C000901,2026-02-17,PROMO_BASE,Completed,4.99
O0002753,C000576,2026-02-17,,Completed,0.0
O0002754,C002227,2026-02-17,,Completed,9.99
O0002755,C000664,2026-02-17,,Completed,4.99
O0002756,C002454,2026-02-17,,Completed,0.0
O0002757,C000029,2026-02-17,PROMO_BASE,Completed,0.0
O0002758,C001213,2026-02-17,,Completed,0.0
O0002759,C000480,2026-02-17,,Completed,0.0
O0002760,C002415,2026-02-17,,Completed,9.99
O0002761,C000633,2026-02-17,,Completed,6.99
O0002762,C001019,2026-02-17,,Completed,4.99
O0002763,C000478,2026-02-17,,Completed,9.99
O0002764,C001014,2026-02-17,PROMO_BASE,Completed,0.0
O0002765,C000206,2026-02-17,PROMO_BASE,Completed,0.0
O0002766,C002085,2026-02-17,,Completed,9.99
O0002767,C002049,2026-02-17,,Completed,4.99
O0002768,C001338,2026-02-17,,Completed,0.0
O0002769,C000706,2026-02-17,,Completed,6.99
O0002770,C000229,2026-02-17,,Completed,0.0
O0002771,C001408,2026-02-17,,Completed,0.0
O0002772,C000344,2026-02-17,,Completed,6.99
O0002773,C001123,2026-02-17,,Completed,0.0
O0002774,C000435,2026-02-17,PROMO_BASE,Completed,9.99
O0002775,C001928,2026-02-17,,Completed,6.99
O0002776,C001189,2026-02-17,PROMO_BASE,Completed,0.0
O0002777,C001411,2026-02-17,PROMO_BASE,Completed,0.0
O0002778,C002035,2026-02-17,,Completed,0.0
O0002779,C001258,2026-02-17,,Completed,0.0
O0002780,C001661,2026-02-17,,Completed,0.0
O0002781,C000344,2026-02-17,PROMO_BASE,Completed,0.0
O0002782,C002002,2026-02-17,,Completed,0.0
O0002783,C000710,2026-02-17,,Completed,0.0
O0002784,C001849,2026-02-17,,Completed,6.99
O0002785,C002199,2026-02-17,,Completed,0.0
O0002786,C001744,2026-02-17,PROMO_BASE,Completed,9.99
O0002787,C002325,2026-02-17,,Completed,4.99
O0002788,C000784,2026-02-18,,Completed,0.0
O0002789,C002159,2026-02-18,,Completed,0.0
O0002790,C001503,2026-02-18,,Completed,6.99
O0002791,C000317,2026-02-18,PROMO_BASE,Completed,4.99
O0002792,C000565,2026-02-18,,Completed,4.99
O0002793,C000989,2026-02-18,PROMO_BASE,Completed,0.0
O0002794,C001594,2026-02-18,,Completed,0.0
O0002795,C000425,2026-02-18,PROMO_BASE,Completed,4.99
O0002796,C001386,2026-02-18,PROMO_BASE,Completed,9.99
O0002797,C002328,2026-02-18,,Completed,9.99
O0002798,C001440,2026-02-18,PROMO_BASE,Completed,0.0
O0002799,C000555,2026-02-18,PROMO_BASE,Completed,9.99
O0002800,C001752,2026-02-18,PROMO_BASE,Completed,0.0
O0002801,C000475,2026-02-18,,Completed,0.0
O0002802,C001250,2026-02-18,PROMO_BASE,Completed,0.0
O0002803,C001026,2026-02-18,,Completed,0.0
O0002804,C000677,2026-02-18,,Completed,0.0
O0002805,C001110,2026-02-18,,Completed,0.0
O0002806,C000712,2026-02-18,PROMO_BASE,Completed,0.0
O0002807,C001487,2026-02-18,,Completed,4.99
O0002808,C001490,2026-02-18,,Completed,0.0
O0002809,C000645,2026-02-18,,Completed,6.99
O0002810,C001802,2026-02-18,,Completed,0.0
O0002811,C001055,2026-02-18,,Completed,6.99
O0002812,C000784,2026-02-18,,Completed,0.0
O0002813,C000347,2026-02-18,PROMO_BASE,Completed,9.99
O0002814,C001917,2026-02-18,,Completed,6.99
O0002815,C000015,2026-02-18,,Completed,0.0
O0002816,C001267,2026-02-18,,Completed,4.99
O0002817,C002018,2026-02-18,,Completed,6.99
O0002818,C001619,2026-02-18,,Completed,0.0
O0002819,C002086,2026-02-18,PROMO_BASE,Completed,0.0
O0002820,C000508,2026-02-18,,Completed,9.99
O0002821,C001420,2026-02-18,PROMO_BASE,Completed,6.99
O0002822,C001250,2026-02-18,,Completed,0.0
O0002823,C001802,2026-02-18,,Completed,9.99
O0002824,C001479,2026-02-18,PROMO_BASE,Completed,6.99
O0002825,C000210,2026-02-18,,Completed,6.99
O0002826,C001266,2026-02-18,,Completed,6.99
O0002827,C000784,2026-02-18,PROMO_BASE,Completed,0.0
O0002828,C000784,2026-02-18,,Completed,0.0
O0002829,C001603,2026-02-18,,Completed,9.99
O0002830,C000753,2026-02-18,,Completed,0.0
O0002831,C001485,2026-02-18,,Completed,9.99
O0002832,C002292,2026-02-18,,Completed,6.99
O0002833,C002206,2026-02-18,,Completed,0.0
O0002834,C001037,2026-02-18,,Completed,0.0
O0002835,C002336,2026-02-18,,Completed,4.99
O0002836,C001417,2026-02-18,PROMO_BASE,Completed,0.0
O0002837,C000727,2026-02-18,PROMO_BASE,Completed,9.99
O0002838,C002328,2026-02-18,,Completed,4.99
O0002839,C001932,2026-02-18,PROMO_BASE,Completed,0.0
O0002840,C001250,2026-02-18,,Completed,0.0
O0002841,C002078,2026-02-18,,Completed,0.0
O0002842,C001117,2026-02-19,,Completed,0.0
O0002843,C002373,2026-02-19,,Completed,4.99
O0002844,C002007,2026-02-19,,Completed,0.0
O0002845,C001620,2026-02-19,PROMO_BASE,Completed,9.99
O0002846,C002072,2026-02-19,,Completed,0.0
O0002847,C002280,2026-02-19,,Completed,6.99
O0002848,C000101,2026-02-19,,Completed,0.0
O0002849,C000550,2026-02-19,PROMO_BASE,Completed,0.0
O0002850,C001492,2026-02-19,,Completed,6.99
O0002851,C000272,2026-02-19,,Completed,4.99
O0002852,C002410,2026-02-19,,Completed,9.99
O0002853,C001165,2026-02-19,,Completed,4.99
O0002854,C002032,2026-02-19,,Completed,0.0
O0002855,C000236,2026-02-19,,Completed,6.99
O0002856,C000856,2026-02-19,,Completed,0.0
O0002857,C002347,2026-02-19,,Completed,6.99
O0002858,C000048,2026-02-19,,Completed,6.99
O0002859,C001075,2026-02-19,,Completed,9.99
O0002860,C000894,2026-02-19,PROMO_BASE,Completed,4.99
O0002861,C001455,2026-02-19,,Completed,0.0
O0002862,C001986,2026-02-19,PROMO_BASE,Completed,0.0
O0002863,C000284,2026-02-19,PROMO_BASE,Completed,0.0
O0002864,C001842,2026-02-19,,Completed,0.0
O0002865,C002019,2026-02-19,,Completed,4.99
O0002866,C001455,2026-02-19,,Completed,0.0
O0002867,C001472,2026-02-19,,Completed,4.99
O0002868,C000763,2026-02-19,PROMO_BASE,Completed,0.0
O0002869,C001224,2026-02-19,PROMO_BASE,Completed,0.0
O0002870,C000355,2026-02-19,PROMO_BASE,Completed,6.99
O0002871,C000287,2026-02-19,,Completed,0.0
O0002872,C002206,2026-02-19,,Completed,0.0
O0002873,C000149,2026-02-19,PROMO_BASE,Completed,0.0
O0002874,C001646,2026-02-19,PROMO_BASE,Completed,4.99
O0002875,C000445,2026-02-19,,Completed,0.0
O0002876,C000146,2026-02-19,,Completed,0.0
O0002877,C000672,2026-02-19,,Completed,9.99
O0002878,C001318,2026-02-19,,Completed,0.0
O0002879,C002472,2026-02-19,PROMO_BASE,Completed,9.99
O0002880,C001331,2026-02-19,PROMO_BASE,Completed,0.0
O0002881,C002431,2026-02-19,,Completed,0.0
O0002882,C001258,2026-02-19,,Completed,0.0
O0002883,C001298,2026-02-19,,Completed,0.0
O0002884,C001485,2026-02-19,PROMO_BASE,Completed,0.0
O0002885,C002096,2026-02-20,PROMO_BASE,Completed,9.99
O0002886,C000590,2026-02-20,,Completed,0.0
O0002887,C000631,2026-02-20,PROMO_BASE,Completed,0.0
O0002888,C001141,2026-02-20,,Completed,4.99
O0002889,C001164,2026-02-20,,Completed,0.0
O0002890,C000397,2026-02-20,,Completed,0.0
O0002891,C000593,2026-02-20,,Completed,6.99
O0002892,C000030,2026-02-20,PROMO_BASE,Completed,0.0
O0002893,C002081,2026-02-20,,Completed,0.0
O0002894,C000834,2026-02-20,,Completed,0.0
O0002895,C002431,2026-02-20,PROMO_BASE,Completed,6.99
O0002896,C001106,2026-02-20,PROMO_BASE,Completed,6.99
O0002897,C002385,2026-02-20,,Completed,0.0
O0002898,C001327,2026-02-20,,Completed,0.0
O0002899,C001327,2026-02-20,PROMO_BASE,Completed,0.0
O0002900,C001223,2026-02-20,,Completed,0.0
O0002901,C000935,2026-02-20,,Completed,0.0
O0002902,C000985,2026-02-20,,Completed,9.99
O0002903,C000631,2026-02-20,,Completed,0.0
O0002904,C002116,2026-02-20,PROMO_BASE,Completed,6.99
O0002905,C002200,2026-02-20,,Completed,4.99
O0002906,C001327,2026-02-20,PROMO_BASE,Completed,9.99
O0002907,C001156,2026-02-20,,Completed,0.0
O0002908,C000359,2026-02-20,,Completed,4.99
O0002909,C002134,2026-02-20,,Completed,6.99
O0002910,C000284,2026-02-20,,Completed,9.99
O0002911,C001996,2026-02-20,,Completed,9.99
O0002912,C000635,2026-02-20,,Completed,0.0
O0002913,C000030,2026-02-20,,Completed,4.99
O0002914,C000265,2026-02-20,,Completed,0.0
O0002915,C001632,2026-02-20,PROMO_BASE,Completed,9.99
O0002916,C000391,2026-02-20,,Completed,0.0
O0002917,C000446,2026-02-20,,Completed,0.0
O0002918,C001331,2026-02-20,,Completed,0.0
O0002919,C000122,2026-02-20,PROMO_BASE,Completed,0.0
O0002920,C002206,2026-02-20,PROMO_BASE,Completed,0.0
O0002921,C001650,2026-02-20,PROMO_BASE,Completed,6.99
O0002922,C001958,2026-02-20,,Completed,0.0
O0002923,C000932,2026-02-20,,Completed,6.99
O0002924,C001682,2026-02-20,,Completed,0.0
O0002925,C000692,2026-02-20,,Completed,0.0
O0002926,C002349,2026-02-20,PROMO_BASE,Completed,9.99
O0002927,C001044,2026-02-21,,Completed,6.99
O0002928,C001551,2026-02-21,,Completed,4.99
O0002929,C000027,2026-02-21,,Completed,0.0
O0002930,C002022,2026-02-21,,Completed,9.99
O0002931,C001645,2026-02-21,PROMO_BASE,Completed,0.0
O0002932,C001360,2026-02-21,PROMO_BASE,Completed,0.0
O0002933,C001645,2026-02-21,PROMO_BASE,Completed,0.0
O0002934,C000874,2026-02-21,,Completed,0.0
O0002935,C002471,2026-02-21,,Completed,0.0
O0002936,C000755,2026-02-21,,Completed,9.99
O0002937,C002276,2026-02-21,,Completed,0.0
O0002938,C001453,2026-02-21,,Completed,0.0
O0002939,C002052,2026-02-21,,Completed,0.0
O0002940,C001291,2026-02-21,,Completed,0.0
O0002941,C000392,2026-02-21,PROMO_BASE,Completed,0.0
O0002942,C000804,2026-02-21,PROMO_BASE,Completed,9.99
O0002943,C002074,2026-02-21,,Completed,0.0
O0002944,C002064,2026-02-21,PROMO_BASE,Completed,0.0
O0002945,C001645,2026-02-21,,Completed,6.99
O0002946,C000998,2026-02-21,PROMO_BASE,Completed,9.99
O0002947,C000831,2026-02-21,,Completed,0.0
O0002948,C001332,2026-02-21,,Completed,0.0
O0002949,C000366,2026-02-21,PROMO_BASE,Completed,0.0
O0002950,C002033,2026-02-21,,Completed,0.0
O0002951,C002460,2026-02-21,,Completed,0.0
O0002952,C001547,2026-02-21,,Completed,4.99
O0002953,C002004,2026-02-21,,Completed,0.0
O0002954,C002436,2026-02-21,,Completed,6.99
O0002955,C001475,2026-02-21,PROMO_BASE,Completed,6.99
O0002956,C000786,2026-02-21,,Completed,0.0
O0002957,C002022,2026-02-21,,Completed,9.99
O0002958,C001019,2026-02-21,,Completed,0.0
O0002959,C001560,2026-02-21,,Completed,0.0
O0002960,C002445,2026-02-21,PROMO_BASE,Completed,4.99
O0002961,C002298,2026-02-21,,Completed,0.0
O0002962,C000085,2026-02-21,,Completed,0.0
O0002963,C002330,2026-02-21,,Completed,6.99
O0002964,C000801,2026-02-21,PROMO_BASE,Completed,0.0
O0002965,C002431,2026-02-21,,Completed,0.0
O0002966,C001340,2026-02-21,,Completed,0.0
O0002967,C001466,2026-02-21,PROMO_BASE,Completed,9.99
O0002968,C000113,2026-02-21,,Completed,0.0
O0002969,C001222,2026-02-21,PROMO_BASE,Completed,0.0
O0002970,C001645,2026-02-21,,Completed,0.0
O0002971,C000514,2026-02-21,,Completed,9.99
O0002972,C001375,2026-02-21,,Completed,0.0
O0002973,C001930,2026-02-21,,Completed,0.0
O0002974,C000317,2026-02-21,PROMO_BASE,Completed,6.99
O0002975,C001999,2026-02-21,,Completed,0.0
O0002976,C001185,2026-02-21,PROMO_BASE,Completed,0.0
O0002977,C001003,2026-02-21,,Completed,9.99
O0002978,C001477,2026-02-21,,Completed,0.0
O0002979,C002407,2026-02-21,,Completed,6.99
O0002980,C000772,2026-02-21,PROMO_BASE,Completed,4.99
O0002981,C000633,2026-02-21,,Completed,4.99
O0002982,C000987,2026-02-21,,Completed,0.0
O0002983,C000092,2026-02-21,,Completed,0.0
O0002984,C002262,2026-02-21,,Completed,9.99
O0002985,C001258,2026-02-21,,Completed,0.0
O0002986,C000882,2026-02-21,,Completed,4.99
O0002987,C002344,2026-02-21,,Completed,6.99
O0002988,C001661,2026-02-21,,Completed,0.0
O0002989,C002424,2026-02-21,,Completed,4.99
O0002990,C000900,2026-02-21,,Completed,9.99
O0002991,C000006,2026-02-21,,Completed,0.0
O0002992,C002400,2026-02-21,PROMO_BASE,Completed,4.99
O0002993,C001073,2026-02-21,,Completed,0.0
O0002994,C000239,2026-02-21,PROMO_BASE,Completed,0.0
O0002995,C001022,2026-02-21,,Completed,0.0
O0002996,C000379,2026-02-21,,Completed,4.99
O0002997,C000266,2026-02-21,,Completed,4.99
O0002998,C001619,2026-02-21,,Completed,0.0
O0002999,C001003,2026-02-21,,Completed,9.99
O0003000,C000414,2026-02-21,,Completed,4.99
O0003001,C001017,2026-02-21,,Completed,0.0
O0003002,C000150,2026-02-22,,Completed,0.0
O0003003,C002023,2026-02-22,,Completed,6.99
O0003004,C000688,2026-02-22,,Completed,0.0
O0003005,C000603,2026-02-22,,Completed,0.0
O0003006,C001586,2026-02-22,,Completed,0.0
O0003007,C000271,2026-02-22,,Completed,9.99
O0003008,C002431,2026-02-22,PROMO_BASE,Completed,0.0
O0003009,C000562,2026-02-22,PROMO_BASE,Completed,4.99
O0003010,C001568,2026-02-22,,Completed,0.0
O0003011,C001646,2026-02-22,PROMO_BASE,Completed,9.99
O0003012,C000613,2026-02-22,,Completed,4.99
O0003013,C001149,2026-02-22,PROMO_BASE,Completed,0.0
O0003014,C001300,2026-02-22,,Completed,6.99
O0003015,C001426,2026-02-22,,Completed,6.99
O0003016,C000763,2026-02-22,PROMO_BASE,Completed,0.0
O0003017,C000191,2026-02-22,PROMO_BASE,Completed,0.0
O0003018,C002152,2026-02-22,,Completed,0.0
O0003019,C002241,2026-02-22,,Completed,0.0
O0003020,C001366,2026-02-22,,Completed,0.0
O0003021,C001202,2026-02-22,,Completed,0.0
O0003022,C002173,2026-02-22,,Completed,0.0
O0003023,C000096,2026-02-22,PROMO_BASE,Completed,0.0
O0003024,C002173,2026-02-22,PROMO_BASE,Completed,9.99
O0003025,C001996,2026-02-22,PROMO_BASE,Completed,0.0
O0003026,C002173,2026-02-22,PROMO_BASE,Completed,4.99
O0003027,C002022,2026-02-22,,Completed,0.0
O0003028,C001802,2026-02-22,,Completed,0.0
O0003029,C000191,2026-02-22,PROMO_BASE,Completed,0.0
O0003030,C001580,2026-02-22,PROMO_BASE,Completed,9.99
O0003031,C000689,2026-02-22,,Completed,4.99
O0003032,C001320,2026-02-22,,Completed,0.0
O0003033,C001784,2026-02-22,,Completed,0.0
O0003034,C001498,2026-02-22,,Completed,4.99
O0003035,C000412,2026-02-22,,Completed,6.99
O0003036,C001938,2026-02-22,,Completed,0.0
O0003037,C001086,2026-02-22,,Completed,0.0
O0003038,C002206,2026-02-22,,Completed,9.99
O0003039,C001930,2026-02-22,PROMO_BASE,Completed,4.99
O0003040,C000396,2026-02-22,,Completed,0.0
O0003041,C001298,2026-02-22,,Completed,6.99
O0003042,C001416,2026-02-22,,Completed,0.0
O0003043,C000845,2026-02-22,,Completed,9.99
O0003044,C001030,2026-02-22,,Completed,6.99
O0003045,C000282,2026-02-22,,Completed,0.0
O0003046,C000397,2026-02-22,PROMO_BASE,Completed,4.99
O0003047,C001685,2026-02-22,PROMO_BASE,Completed,0.0
O0003048,C002105,2026-02-22,PROMO_BASE,Completed,9.99
O0003049,C001340,2026-02-22,,Completed,4.99
O0003050,C002418,2026-02-22,,Completed,9.99
O0003051,C000893,2026-02-22,,Completed,0.0
O0003052,C000618,2026-02-22,,Completed,9.99
O0003053,C000800,2026-02-22,,Completed,6.99
O0003054,C000975,2026-02-22,,Completed,9.99
O0003055,C000073,2026-02-22,,Completed,6.99
O0003056,C000355,2026-02-22,,Completed,0.0
O0003057,C000877,2026-02-23,,Completed,0.0
O0003058,C001549,2026-02-23,PROMO_BASE,Completed,9.99
O0003059,C000341,2026-02-23,,Completed,0.0
O0003060,C001551,2026-02-23,,Completed,9.99
O0003061,C002270,2026-02-23,,Completed,0.0
O0003062,C001478,2026-02-23,PROMO_BASE,Completed,0.0
O0003063,C000786,2026-02-23,,Completed,0.0
O0003064,C000104,2026-02-23,,Completed,4.99
O0003065,C001104,2026-02-23,,Completed,4.99
O0003066,C001437,2026-02-23,,Completed,9.99
O0003067,C000042,2026-02-23,PROMO_BASE,Completed,4.99
O0003068,C001268,2026-02-23,,Completed,4.99
O0003069,C001419,2026-02-23,,Completed,0.0
O0003070,C000749,2026-02-23,,Completed,0.0
O0003071,C001453,2026-02-23,PROMO_BASE,Completed,0.0
O0003072,C001647,2026-02-23,,Completed,0.0
O0003073,C001837,2026-02-23,PROMO_BASE,Completed,0.0
O0003074,C002271,2026-02-23,,Completed,0.0
O0003075,C000706,2026-02-23,,Completed,4.99
O0003076,C000858,2026-02-23,PROMO_BASE,Completed,4.99
O0003077,C001606,2026-02-23,,Completed,0.0
O0003078,C001116,2026-02-23,,Completed,4.99
O0003079,C000969,2026-02-23,PROMO_BASE,Completed,0.0
O0003080,C001114,2026-02-23,,Completed,0.0
O0003081,C000067,2026-02-23,,Completed,9.99
O0003082,C002240,2026-02-23,,Completed,0.0
O0003083,C000519,2026-02-23,,Completed,0.0
O0003084,C000982,2026-02-23,PROMO_BASE,Completed,0.0
O0003085,C000471,2026-02-23,PROMO_BASE,Completed,9.99
O0003086,C002460,2026-02-23,,Completed,0.0
O0003087,C000408,2026-02-23,,Completed,9.99
O0003088,C001628,2026-02-23,,Completed,9.99
O0003089,C001995,2026-02-23,,Completed,0.0
O0003090,C000183,2026-02-23,PROMO_BASE,Completed,6.99
O0003091,C002459,2026-02-23,,Completed,0.0
O0003092,C001010,2026-02-23,,Completed,4.99
O0003093,C000341,2026-02-23,PROMO_BASE,Completed,4.99
O0003094,C000905,2026-02-23,,Completed,0.0
O0003095,C001385,2026-02-23,,Completed,4.99
O0003096,C001721,2026-02-23,PROMO_BASE,Completed,0.0
O0003097,C002331,2026-02-23,,Completed,0.0
O0003098,C001248,2026-02-23,,Completed,6.99
O0003099,C002431,2026-02-23,PROMO_BASE,Completed,9.99
O0003100,C001294,2026-02-23,,Completed,0.0
O0003101,C000706,2026-02-23,PROMO_BASE,Completed,0.0
O0003102,C000933,2026-02-23,,Completed,4.99
O0003103,C001645,2026-02-23,,Completed,4.99
O0003104,C002475,2026-02-23,PROMO_BASE,Completed,6.99
O0003105,C001580,2026-02-23,,Completed,0.0
O0003106,C000149,2026-02-23,PROMO_BASE,Completed,0.0
O0003107,C000980,2026-02-23,,Completed,6.99
O0003108,C001615,2026-02-23,PROMO_BASE,Completed,0.0
O0003109,C000531,2026-02-23,PROMO_BASE,Completed,0.0
O0003110,C000225,2026-02-23,,Completed,6.99
O0003111,C000873,2026-02-24,,Completed,6.99
O0003112,C002412,2026-02-24,,Completed,0.0
O0003113,C002320,2026-02-24,,Completed,0.0
O0003114,C001759,2026-02-24,,Completed,0.0
O0003115,C001664,2026-02-24,PROMO_BASE,Completed,0.0
O0003116,C001044,2026-02-24,,Completed,0.0
O0003117,C001939,2026-02-24,,Completed,0.0
O0003118,C002226,2026-02-24,,Completed,0.0
O0003119,C000602,2026-02-24,PROMO_BASE,Completed,0.0
O0003120,C002463,2026-02-24,,Completed,0.0
O0003121,C001965,2026-02-24,,Completed,9.99
O0003122,C001459,2026-02-24,PROMO_BASE,Completed,0.0
O0003123,C001673,2026-02-24,PROMO_BASE,Completed,0.0
O0003124,C001724,2026-02-24,PROMO_BASE,Completed,0.0
O0003125,C001669,2026-02-24,,Completed,4.99
O0003126,C000172,2026-02-24,,Completed,0.0
O0003127,C002375,2026-02-24,,Completed,6.99
O0003128,C000540,2026-02-24,,Completed,0.0
O0003129,C001312,2026-02-24,,Completed,0.0
O0003130,C002434,2026-02-24,,Completed,0.0
O0003131,C001891,2026-02-24,,Completed,0.0
O0003132,C000043,2026-02-24,,Completed,4.99
O0003133,C000520,2026-02-24,PROMO_BASE,Completed,0.0
O0003134,C002026,2026-02-24,,Completed,4.99
O0003135,C000149,2026-02-24,,Completed,0.0
O0003136,C000170,2026-02-24,,Completed,6.99
O0003137,C002490,2026-02-24,PROMO_BASE,Completed,0.0
O0003138,C001996,2026-02-24,,Completed,0.0
O0003139,C000278,2026-02-24,,Completed,0.0
O0003140,C001932,2026-02-24,PROMO_BASE,Completed,0.0
O0003141,C002010,2026-02-24,,Completed,0.0
O0003142,C001940,2026-02-24,,Completed,6.99
O0003143,C002288,2026-02-24,PROMO_BASE,Completed,0.0
O0003144,C000320,2026-02-24,PROMO_BASE,Completed,0.0
O0003145,C001724,2026-02-24,PROMO_BASE,Completed,0.0
O0003146,C002460,2026-02-24,PROMO_BASE,Completed,4.99
O0003147,C002383,2026-02-24,,Completed,9.99
O0003148,C000386,2026-02-24,,Completed,0.0
O0003149,C001514,2026-02-24,,Completed,0.0
O0003150,C000346,2026-02-24,,Completed,0.0
O0003151,C001460,2026-02-24,,Completed,0.0
O0003152,C001876,2026-02-24,,Completed,0.0
O0003153,C000362,2026-02-24,,Completed,0.0
O0003154,C001356,2026-02-24,,Completed,6.99
O0003155,C001646,2026-02-24,PROMO_BASE,Completed,0.0
O0003156,C002463,2026-02-24,PROMO_BASE,Completed,0.0
O0003157,C002314,2026-02-24,,Completed,9.99
O0003158,C000344,2026-02-24,PROMO_BASE,Completed,0.0
O0003159,C002076,2026-02-24,PROMO_BASE,Completed,0.0
O0003160,C002228,2026-02-24,PROMO_BASE,Completed,0.0
O0003161,C002457,2026-02-24,,Completed,0.0
O0003162,C000888,2026-02-24,,Completed,9.99
O0003163,C000931,2026-02-24,PROMO_BASE,Completed,0.0
O0003164,C001928,2026-02-24,PROMO_BASE,Completed,0.0
O0003165,C002407,2026-02-24,PROMO_BASE,Completed,6.99
O0003166,C000415,2026-02-24,,Completed,4.99
O0003167,C001729,2026-02-25,,Completed,9.99
O0003168,C001515,2026-02-25,PROMO_BASE,Completed,9.99
O0003169,C002179,2026-02-25,PROMO_BASE,Completed,4.99
O0003170,C002163,2026-02-25,,Completed,0.0
O0003171,C000938,2026-02-25,,Completed,0.0
O0003172,C001286,2026-02-25,PROMO_BASE,Completed,6.99
O0003173,C002451,2026-02-25,,Completed,0.0
O0003174,C000022,2026-02-25,,Completed,9.99
O0003175,C000528,2026-02-25,,Completed,6.99
O0003176,C001623,2026-02-25,,Completed,0.0
O0003177,C001709,2026-02-25,,Completed,9.99
O0003178,C000528,2026-02-25,PROMO_BASE,Completed,0.0
O0003179,C000134,2026-02-25,,Completed,6.99
O0003180,C001472,2026-02-25,,Completed,0.0
O0003181,C002066,2026-02-25,PROMO_BASE,Completed,0.0
O0003182,C001286,2026-02-25,,Completed,0.0
O0003183,C002052,2026-02-25,,Completed,6.99
O0003184,C001010,2026-02-25,,Completed,4.99
O0003185,C002163,2026-02-25,,Completed,0.0
O0003186,C000438,2026-02-25,,Completed,0.0
O0003187,C002163,2026-02-25,PROMO_BASE,Completed,9.99
O0003188,C002232,2026-02-25,PROMO_BASE,Completed,9.99
O0003189,C002163,2026-02-25,PROMO_BASE,Completed,0.0
O0003190,C002162,2026-02-25,,Completed,0.0
O0003191,C002431,2026-02-25,,Completed,0.0
O0003192,C001044,2026-02-25,,Completed,9.99
O0003193,C002074,2026-02-25,,Completed,0.0
O0003194,C002141,2026-02-25,,Completed,0.0
O0003195,C002314,2026-02-25,,Completed,0.0
O0003196,C001976,2026-02-25,,Completed,0.0
O0003197,C000935,2026-02-25,,Completed,9.99
O0003198,C000125,2026-02-25,,Completed,0.0
O0003199,C000089,2026-02-25,,Completed,6.99
O0003200,C001539,2026-02-25,,Completed,4.99
O0003201,C000824,2026-02-25,,Completed,0.0
O0003202,C002310,2026-02-25,PROMO_BASE,Completed,0.0
O0003203,C000438,2026-02-25,PROMO_BASE,Completed,9.99
O0003204,C000244,2026-02-25,,Completed,9.99
O0003205,C000976,2026-02-25,,Completed,0.0
O0003206,C000282,2026-02-25,,Completed,0.0
O0003207,C000228,2026-02-25,,Completed,4.99
O0003208,C000362,2026-02-25,,Completed,0.0
O0003209,C000359,2026-02-25,,Completed,0.0
O0003210,C002251,2026-02-25,,Completed,0.0
O0003211,C001910,2026-02-25,,Completed,0.0
O0003212,C000647,2026-02-25,,Completed,4.99
O0003213,C000445,2026-02-25,,Completed,6.99
O0003214,C000438,2026-02-25,,Completed,6.99
O0003215,C001026,2026-02-25,PROMO_BASE,Completed,4.99
O0003216,C000030,2026-02-25,PROMO_BASE,Completed,0.0
O0003217,C000935,2026-02-25,,Completed,0.0
O0003218,C002420,2026-02-25,,Completed,0.0
O0003219,C000720,2026-02-25,,Completed,0.0
O0003220,C001196,2026-02-25,,Completed,6.99
O0003221,C000727,2026-02-26,,Completed,0.0
O0003222,C001123,2026-02-26,,Completed,0.0
O0003223,C001684,2026-02-26,,Completed,0.0
O0003224,C000181,2026-02-26,,Completed,6.99
O0003225,C000113,2026-02-26,,Completed,4.99
O0003226,C000689,2026-02-26,PROMO_BASE,Completed,9.99
O0003227,C001489,2026-02-26,,Completed,9.99
O0003228,C002199,2026-02-26,PROMO_BASE,Completed,0.0
O0003229,C001752,2026-02-26,PROMO_BASE,Completed,9.99
O0003230,C002434,2026-02-26,,Completed,0.0
O0003231,C000834,2026-02-26,,Completed,6.99
O0003232,C002373,2026-02-26,PROMO_BASE,Completed,9.99
O0003233,C000125,2026-02-26,,Completed,0.0
O0003234,C001453,2026-02-26,,Completed,0.0
O0003235,C001500,2026-02-26,,Completed,0.0
O0003236,C002176,2026-02-26,PROMO_BASE,Completed,0.0
O0003237,C000303,2026-02-26,PROMO_BASE,Completed,4.99
O0003238,C002176,2026-02-26,,Completed,9.99
O0003239,C001799,2026-02-26,PROMO_BASE,Completed,0.0
O0003240,C002090,2026-02-26,,Completed,9.99
O0003241,C002184,2026-02-26,PROMO_BASE,Completed,0.0
O0003242,C000015,2026-02-26,,Completed,0.0
O0003243,C000098,2026-02-26,,Completed,0.0
O0003244,C002348,2026-02-26,,Completed,6.99
O0003245,C001363,2026-02-26,PROMO_BASE,Completed,6.99
O0003246,C002141,2026-02-26,,Completed,4.99
O0003247,C000222,2026-02-26,,Completed,6.99
O0003248,C000475,2026-02-26,,Completed,9.99
O0003249,C002184,2026-02-26,PROMO_BASE,Completed,6.99
O0003250,C000095,2026-02-26,,Completed,0.0
O0003251,C002375,2026-02-26,,Completed,0.0
O0003252,C000933,2026-02-26,,Completed,0.0
O0003253,C000222,2026-02-26,PROMO_BASE,Completed,9.99
O0003254,C001861,2026-02-26,,Completed,9.99
O0003255,C000978,2026-02-26,,Completed,0.0
O0003256,C000385,2026-02-26,,Completed,4.99
O0003257,C002184,2026-02-26,,Completed,0.0
O0003258,C001842,2026-02-26,PROMO_BASE,Completed,0.0
O0003259,C001126,2026-02-26,PROMO_BASE,Completed,0.0
O0003260,C002265,2026-02-26,PROMO_BASE,Completed,6.99
O0003261,C002162,2026-02-26,PROMO_BASE,Completed,9.99
O0003262,C001144,2026-02-26,,Completed,6.99
O0003263,C002184,2026-02-26,,Completed,0.0
O0003264,C000222,2026-02-26,,Completed,9.99
O0003265,C000604,2026-02-26,,Completed,0.0
O0003266,C002237,2026-02-26,,Completed,9.99
O0003267,C000589,2026-02-26,,Completed,9.99
O0003268,C001740,2026-02-26,,Completed,9.99
O0003269,C000564,2026-02-26,PROMO_BASE,Completed,0.0
O0003270,C000222,2026-02-26,,Completed,0.0
O0003271,C000535,2026-02-26,,Completed,0.0
O0003272,C000540,2026-02-26,,Completed,0.0
O0003273,C000286,2026-02-26,,Completed,0.0
O0003274,C002077,2026-02-26,PROMO_BASE,Completed,4.99
O0003275,C000983,2026-02-26,,Completed,6.99
O0003276,C000556,2026-02-26,,Completed,0.0
O0003277,C000495,2026-02-27,,Completed,0.0
O0003278,C002279,2026-02-27,,Completed,4.99
O0003279,C001578,2026-02-27,,Completed,0.0
O0003280,C000419,2026-02-27,,Completed,0.0
O0003281,C000688,2026-02-27,,Completed,9.99
O0003282,C000419,2026-02-27,PROMO_BASE,Completed,4.99
O0003283,C002074,2026-02-27,,Completed,0.0
O0003284,C002000,2026-02-27,,Completed,0.0
O0003285,C001531,2026-02-27,,Completed,9.99
O0003286,C001165,2026-02-27,,Completed,4.99
O0003287,C002461,2026-02-27,,Completed,0.0
O0003288,C001493,2026-02-27,,Completed,0.0
O0003289,C001833,2026-02-27,,Completed,0.0
O0003290,C000589,2026-02-27,PROMO_BASE,Completed,0.0
O0003291,C000380,2026-02-27,,Completed,0.0
O0003292,C002415,2026-02-27,,Completed,0.0
O0003293,C000047,2026-02-27,,Completed,6.99
O0003294,C002189,2026-02-27,PROMO_BASE,Completed,0.0
O0003295,C002211,2026-02-27,,Completed,0.0
O0003296,C000127,2026-02-27,,Completed,9.99
O0003297,C000841,2026-02-27,PROMO_BASE,Completed,0.0
O0003298,C001003,2026-02-27,,Completed,0.0
O0003299,C001455,2026-02-27,,Completed,0.0
O0003300,C001772,2026-02-27,,Completed,9.99
O0003301,C000723,2026-02-27,,Completed,0.0
O0003302,C001138,2026-02-27,,Completed,0.0
O0003303,C000185,2026-02-27,,Completed,6.99
O0003304,C000252,2026-02-27,PROMO_BASE,Completed,0.0
O0003305,C001745,2026-02-27,,Completed,9.99
O0003306,C000520,2026-02-27,,Completed,0.0
O0003307,C000584,2026-02-27,,Completed,0.0
O0003308,C002470,2026-02-27,,Completed,0.0
O0003309,C002434,2026-02-27,,Completed,0.0
O0003310,C000252,2026-02-27,,Completed,4.99
O0003311,C000771,2026-02-27,,Completed,9.99
O0003312,C002234,2026-02-27,,Completed,0.0
O0003313,C000994,2026-02-27,,Completed,6.99
O0003314,C001297,2026-02-27,PROMO_BASE,Completed,0.0
O0003315,C001379,2026-02-27,,Completed,0.0
O0003316,C001064,2026-02-27,PROMO_BASE,Completed,9.99
O0003317,C002090,2026-02-27,PROMO_BASE,Completed,0.0
O0003318,C001330,2026-02-27,,Completed,6.99
O0003319,C001156,2026-02-27,,Completed,0.0
O0003320,C001223,2026-02-27,,Completed,9.99
O0003321,C001939,2026-02-27,PROMO_BASE,Completed,9.99
O0003322,C002279,2026-02-27,,Completed,4.99
O0003323,C001101,2026-02-27,PROMO_BASE,Completed,0.0
O0003324,C000706,2026-02-27,PROMO_BASE,Completed,0.0
O0003325,C000270,2026-02-28,,Completed,0.0
O0003326,C002050,2026-02-28,PROMO_BASE,Completed,0.0
O0003327,C001942,2026-02-28,,Completed,0.0
O0003328,C000601,2026-02-28,,Completed,0.0
O0003329,C001374,2026-02-28,,Completed,0.0
O0003330,C000417,2026-02-28,,Completed,4.99
O0003331,C001281,2026-02-28,,Completed,4.99
O0003332,C000861,2026-02-28,PROMO_BASE,Completed,9.99
O0003333,C000929,2026-02-28,PROMO_BASE,Completed,9.99
O0003334,C000408,2026-02-28,PROMO_BASE,Completed,0.0
O0003335,C002163,2026-02-28,,Completed,0.0
O0003336,C002066,2026-02-28,,Completed,0.0
O0003337,C002426,2026-02-28,,Completed,0.0
O0003338,C001699,2026-02-28,,Completed,9.99
O0003339,C001764,2026-02-28,,Completed,0.0
O0003340,C002319,2026-02-28,,Completed,0.0
O0003341,C000436,2026-02-28,,Completed,0.0
O0003342,C002264,2026-02-28,,Completed,0.0
O0003343,C000768,2026-02-28,,Completed,0.0
O0003344,C000852,2026-02-28,PROMO_BASE,Completed,9.99
O0003345,C000540,2026-02-28,,Completed,0.0
O0003346,C000911,2026-02-28,,Completed,4.99
O0003347,C001347,2026-02-28,PROMO_BASE,Completed,0.0
O0003348,C000604,2026-02-28,,Completed,9.99
O0003349,C001226,2026-02-28,,Completed,6.99
O0003350,C001033,2026-02-28,PROMO_BASE,Completed,0.0
O0003351,C002428,2026-02-28,,Completed,6.99
O0003352,C000957,2026-02-28,PROMO_BASE,Completed,6.99
O0003353,C000706,2026-02-28,,Completed,0.0
O0003354,C000302,2026-02-28,,Completed,0.0
O0003355,C000995,2026-02-28,,Completed,0.0
O0003356,C001361,2026-02-28,,Completed,6.99
O0003357,C000974,2026-02-28,,Completed,4.99
O0003358,C000565,2026-02-28,PROMO_BASE,Completed,9.99
O0003359,C000999,2026-02-28,,Completed,0.0
O0003360,C001298,2026-02-28,,Completed,0.0
O0003361,C002168,2026-02-28,,Completed,6.99
O0003362,C001426,2026-02-28,,Completed,0.0
O0003363,C001455,2026-02-28,,Completed,9.99
O0003364,C002065,2026-02-28,PROMO_BASE,Completed,0.0
O0003365,C000483,2026-02-28,PROMO_BASE,Completed,0.0
O0003366,C000699,2026-02-28,,Completed,4.99
O0003367,C000001,2026-02-28,,Completed,0.0
O0003368,C000005,2026-02-28,,Completed,0.0
O0003369,C000437,2026-02-28,,Completed,6.99
O0003370,C000483,2026-02-28,PROMO_BASE,Completed,0.0
O0003371,C001699,2026-02-28,,Completed,0.0
O0003372,C002069,2026-02-28,,Completed,4.99
O0003373,C001126,2026-02-28,PROMO_BASE,Completed,0.0
O0003374,C000073,2026-02-28,,Completed,9.99
O0003375,C001244,2026-02-28,,Completed,0.0
O0003376,C001120,2026-02-28,,Completed,0.0
O0003377,C001781,2026-02-28,,Completed,0.0
O0003378,C000727,2026-02-28,,Completed,0.0
O0003379,C000749,2026-02-28,PROMO_BASE,Completed,9.99
O0003380,C000346,2026-02-28,PROMO_BASE,Completed,9.99
O0003381,C001294,2026-02-28,,Completed,6.99
O0003382,C001619,2026-03-01,PROMO_BASE,Completed,4.99
O0003383,C000445,2026-03-01,PROMO_BASE,Completed,9.99
O0003384,C001537,2026-03-01,,Completed,0.0
O0003385,C001320,2026-03-01,PROMO_BASE,Completed,0.0
O0003386,C000270,2026-03-01,PROMO_BASE,Completed,4.99
O0003387,C001619,2026-03-01,,Completed,0.0
O0003388,C000288,2026-03-01,PROMO_BASE,Completed,9.99
O0003389,C000762,2026-03-01,,Completed,9.99
O0003390,C001026,2026-03-01,,Completed,0.0
O0003391,C000095,2026-03-01,,Completed,0.0
O0003392,C001273,2026-03-01,,Completed,0.0
O0003393,C000929,2026-03-01,PROMO_BASE,Completed,0.0
O0003394,C002362,2026-03-01,,Completed,0.0
O0003395,C001814,2026-03-01,,Completed,0.0
O0003396,C002035,2026-03-01,,Completed,6.99
O0003397,C001444,2026-03-01,,Completed,9.99
O0003398,C002431,2026-03-01,,Completed,0.0
O0003399,C002290,2026-03-01,,Completed,0.0
O0003400,C000397,2026-03-01,,Completed,0.0
O0003401,C002431,2026-03-01,,Completed,0.0
O0003402,C000015,2026-03-01,,Completed,0.0
O0003403,C002253,2026-03-01,PROMO_BASE,Completed,0.0
O0003404,C000601,2026-03-01,,Completed,0.0
O0003405,C001729,2026-03-01,,Completed,0.0
O0003406,C002092,2026-03-01,,Completed,0.0
O0003407,C000486,2026-03-01,,Completed,0.0
O0003408,C001259,2026-03-01,,Completed,6.99
O0003409,C002369,2026-03-01,,Completed,0.0
O0003410,C001517,2026-03-01,PROMO_BASE,Completed,4.99
O0003411,C002137,2026-03-01,PROMO_BASE,Completed,0.0
O0003412,C000114,2026-03-01,,Completed,6.99
O0003413,C001417,2026-03-01,,Completed,6.99
O0003414,C001638,2026-03-01,PROMO_BASE,Completed,4.99
O0003415,C002460,2026-03-01,,Completed,0.0
O0003416,C000303,2026-03-01,PROMO_BASE,Completed,6.99
O0003417,C000524,2026-03-01,PROMO_BASE,Completed,0.0
O0003418,C001729,2026-03-01,,Completed,6.99
O0003419,C002358,2026-03-01,,Completed,0.0
O0003420,C001802,2026-03-01,,Completed,6.99
O0003421,C002358,2026-03-01,,Completed,0.0
O0003422,C002452,2026-03-01,PROMO_BASE,Completed,6.99
O0003423,C002284,2026-03-01,,Completed,0.0
O0003424,C001318,2026-03-01,,Completed,0.0
O0003425,C001394,2026-03-01,PROMO_BASE,Completed,0.0
O0003426,C002314,2026-03-01,PROMO_BASE,Completed,6.99
O0003427,C000719,2026-03-01,,Completed,4.99
O0003428,C001259,2026-03-01,,Completed,0.0
O0003429,C002475,2026-03-01,PROMO_BASE,Completed,4.99
O0003430,C000160,2026-03-01,,Completed,4.99
O0003431,C000938,2026-03-01,,Completed,4.99
O0003432,C002306,2026-03-01,,Completed,4.99
O0003433,C000022,2026-03-01,,Completed,0.0
O0003434,C000358,2026-03-01,,Completed,0.0
O0003435,C002477,2026-03-01,PROMO_BASE,Completed,6.99
O0003436,C002200,2026-03-01,,Completed,6.99
O0003437,C000334,2026-03-02,,Completed,9.99
O0003438,C002432,2026-03-02,,Completed,6.99
O0003439,C000672,2026-03-02,,Completed,0.0
O0003440,C000881,2026-03-02,,Completed,6.99
O0003441,C001918,2026-03-02,PROMO_BASE,Completed,0.0
O0003442,C002096,2026-03-02,,Completed,4.99
O0003443,C002445,2026-03-02,PROMO_BASE,Completed,9.99
O0003444,C001353,2026-03-02,PROMO_BASE,Completed,0.0
O0003445,C000232,2026-03-02,,Completed,9.99
O0003446,C000557,2026-03-02,,Completed,9.99
O0003447,C001671,2026-03-02,,Completed,4.99
O0003448,C001426,2026-03-02,,Completed,0.0
O0003449,C000761,2026-03-02,,Completed,0.0
O0003450,C000013,2026-03-02,PROMO_BASE,Completed,0.0
O0003451,C002172,2026-03-02,,Completed,0.0
O0003452,C002303,2026-03-02,,Completed,0.0
O0003453,C000719,2026-03-02,,Completed,0.0
O0003454,C001514,2026-03-02,PROMO_BASE,Completed,4.99
O0003455,C000177,2026-03-02,,Completed,0.0
O0003456,C000175,2026-03-02,,Completed,0.0
O0003457,C001894,2026-03-02,PROMO_BASE,Completed,9.99
O0003458,C001698,2026-03-02,PROMO_BASE,Completed,6.99
O0003459,C002415,2026-03-02,,Completed,9.99
O0003460,C002390,2026-03-02,,Completed,0.0
O0003461,C000084,2026-03-02,,Completed,0.0
O0003462,C001645,2026-03-02,PROMO_BASE,Completed,0.0
O0003463,C000369,2026-03-02,PROMO_BASE,Completed,9.99
O0003464,C001459,2026-03-02,PROMO_BASE,Completed,0.0
O0003465,C002151,2026-03-02,,Completed,9.99
O0003466,C000743,2026-03-02,,Completed,0.0
O0003467,C002151,2026-03-02,,Completed,0.0
O0003468,C000469,2026-03-02,PROMO_BASE,Completed,0.0
O0003469,C002110,2026-03-02,PROMO_BASE,Completed,6.99
O0003470,C000684,2026-03-02,,Completed,0.0
O0003471,C000205,2026-03-02,,Completed,0.0
O0003472,C000003,2026-03-02,,Completed,4.99
O0003473,C000992,2026-03-02,,Completed,9.99
O0003474,C001309,2026-03-02,,Completed,0.0
O0003475,C000665,2026-03-02,,Completed,0.0
O0003476,C002263,2026-03-02,PROMO_BASE,Completed,0.0
O0003477,C001500,2026-03-02,PROMO_BASE,Completed,0.0
O0003478,C002160,2026-03-02,PROMO_BASE,Completed,6.99
O0003479,C002204,2026-03-02,PROMO_BASE,Completed,4.99
O0003480,C001199,2026-03-02,,Completed,0.0
O0003481,C001256,2026-03-02,,Completed,4.99
O0003482,C000763,2026-03-02,PROMO_BASE,Completed,0.0
O0003483,C001509,2026-03-02,PROMO_BASE,Completed,0.0
O0003484,C001853,2026-03-02,,Completed,0.0
O0003485,C001003,2026-03-02,PROMO_BASE,Completed,6.99
O0003486,C001017,2026-03-02,,Completed,0.0
O0003487,C002151,2026-03-02,,Completed,0.0
O0003488,C002358,2026-03-02,PROMO_BASE,Completed,0.0
O0003489,C000442,2026-03-02,PROMO_BASE,Completed,0.0
O0003490,C001386,2026-03-02,,Completed,0.0
O0003491,C000230,2026-03-02,PROMO_BASE,Completed,0.0
O0003492,C001918,2026-03-02,,Completed,0.0
O0003493,C001347,2026-03-02,,Completed,0.0
O0003494,C000249,2026-03-02,,Completed,0.0
O0003495,C000496,2026-03-02,PROMO_BASE,Completed,0.0
O0003496,C002010,2026-03-02,,Completed,9.99
O0003497,C000057,2026-03-02,,Completed,9.99
O0003498,C001699,2026-03-02,PROMO_BASE,Completed,6.99
O0003499,C000516,2026-03-02,,Completed,6.99
O0003500,C002245,2026-03-02,,Completed,4.99
O0003501,C001391,2026-03-02,,Completed,0.0
O0003502,C001660,2026-03-03,PROMO_BASE,Completed,0.0
O0003503,C000852,2026-03-03,PROMO_BASE,Completed,0.0
O0003504,C001529,2026-03-03,,Completed,0.0
O0003505,C002440,2026-03-03,,Completed,4.99
O0003506,C000749,2026-03-03,PROMO_BASE,Completed,0.0
O0003507,C001017,2026-03-03,PROMO_BASE,Completed,6.99
O0003508,C002225,2026-03-03,,Completed,0.0
O0003509,C001704,2026-03-03,PROMO_BASE,Completed,0.0
O0003510,C000069,2026-03-03,,Completed,0.0
O0003511,C002000,2026-03-03,PROMO_BASE,Completed,0.0
O0003512,C000548,2026-03-03,,Completed,0.0
O0003513,C001845,2026-03-03,PROMO_BASE,Completed,9.99
O0003514,C001817,2026-03-03,,Completed,0.0
O0003515,C001807,2026-03-03,,Completed,0.0
O0003516,C000508,2026-03-03,,Completed,0.0
O0003517,C001249,2026-03-03,,Completed,4.99
O0003518,C001664,2026-03-03,,Completed,4.99
O0003519,C000244,2026-03-03,,Completed,0.0
O0003520,C002427,2026-03-03,PROMO_BASE,Completed,4.99
O0003521,C000627,2026-03-03,,Completed,9.99
O0003522,C001540,2026-03-03,,Completed,0.0
O0003523,C000068,2026-03-03,PROMO_BASE,Completed,6.99
O0003524,C000155,2026-03-03,,Completed,0.0
O0003525,C001643,2026-03-03,,Completed,0.0
O0003526,C000767,2026-03-03,,Completed,0.0
O0003527,C002225,2026-03-03,,Completed,4.99
O0003528,C000877,2026-03-03,,Completed,9.99
O0003529,C000846,2026-03-03,,Completed,0.0
O0003530,C002270,2026-03-03,,Completed,9.99
O0003531,C001402,2026-03-03,PROMO_BASE,Completed,0.0
O0003532,C001340,2026-03-03,,Completed,0.0
O0003533,C001489,2026-03-03,PROMO_BASE,Completed,0.0
O0003534,C002151,2026-03-03,,Completed,9.99
O0003535,C002019,2026-03-03,PROMO_BASE,Completed,9.99
O0003536,C002459,2026-03-03,,Completed,0.0
O0003537,C001003,2026-03-03,PROMO_BASE,Completed,9.99
O0003538,C001538,2026-03-03,PROMO_BASE,Completed,6.99
O0003539,C001027,2026-03-03,PROMO_BASE,Completed,4.99
O0003540,C000342,2026-03-03,,Completed,4.99
O0003541,C002354,2026-03-03,,Completed,0.0
O0003542,C001651,2026-03-03,,Completed,4.99
O0003543,C000083,2026-03-03,,Completed,0.0
O0003544,C000877,2026-03-03,,Completed,0.0
O0003545,C001301,2026-03-03,,Completed,0.0
O0003546,C001185,2026-03-03,,Completed,0.0
O0003547,C001927,2026-03-03,PROMO_BASE,Completed,0.0
O0003548,C000355,2026-03-03,PROMO_BASE,Completed,0.0
O0003549,C001940,2026-03-03,,Completed,0.0
O0003550,C000446,2026-03-03,,Completed,4.99
O0003551,C002290,2026-03-03,PROMO_BASE,Completed,4.99
O0003552,C002373,2026-03-03,,Completed,4.99
O0003553,C001927,2026-03-03,PROMO_BASE,Completed,9.99
O0003554,C001460,2026-03-04,,Completed,4.99
O0003555,C002320,2026-03-04,PROMO_BASE,Completed,0.0
O0003556,C000120,2026-03-04,,Completed,0.0
O0003557,C001450,2026-03-04,PROMO_BASE,Completed,9.99
O0003558,C001151,2026-03-04,PROMO_BASE,Completed,0.0
O0003559,C000742,2026-03-04,PROMO_BASE,Completed,9.99
O0003560,C002297,2026-03-04,,Completed,9.99
O0003561,C001168,2026-03-04,PROMO_BASE,Completed,6.99
O0003562,C001402,2026-03-04,PROMO_BASE,Completed,0.0
O0003563,C001482,2026-03-04,,Completed,0.0
O0003564,C000852,2026-03-04,PROMO_BASE,Completed,6.99
O0003565,C001623,2026-03-04,,Completed,0.0
O0003566,C002023,2026-03-04,,Completed,0.0
O0003567,C000855,2026-03-04,,Completed,6.99
O0003568,C001279,2026-03-04,,Completed,0.0
O0003569,C000596,2026-03-04,,Completed,0.0
O0003570,C000643,2026-03-04,,Completed,9.99
O0003571,C001513,2026-03-04,PROMO_BASE,Completed,9.99
O0003572,C001391,2026-03-04,,Completed,0.0
O0003573,C001309,2026-03-04,,Completed,0.0
O0003574,C001090,2026-03-04,PROMO_BASE,Completed,0.0
O0003575,C002415,2026-03-04,PROMO_BASE,Completed,0.0
O0003576,C000705,2026-03-04,PROMO_BASE,Completed,0.0
O0003577,C000601,2026-03-04,,Completed,0.0
O0003578,C001981,2026-03-04,,Completed,0.0
O0003579,C002324,2026-03-04,,Completed,0.0
O0003580,C000706,2026-03-04,PROMO_BASE,Completed,9.99
O0003581,C000658,2026-03-04,,Completed,4.99
O0003582,C000903,2026-03-04,PROMO_BASE,Completed,9.99
O0003583,C000869,2026-03-04,,Completed,0.0
O0003584,C000260,2026-03-04,,Completed,6.99
O0003585,C001300,2026-03-04,,Completed,0.0
O0003586,C000804,2026-03-04,PROMO_BASE,Completed,0.0
O0003587,C000229,2026-03-04,,Completed,9.99
O0003588,C002064,2026-03-04,,Completed,0.0
O0003589,C001669,2026-03-04,,Completed,0.0
O0003590,C000724,2026-03-04,,Completed,0.0
O0003591,C002329,2026-03-04,,Completed,0.0
O0003592,C001482,2026-03-04,,Completed,0.0
O0003593,C001734,2026-03-04,PROMO_BASE,Completed,4.99
O0003594,C001865,2026-03-04,,Completed,9.99
O0003595,C002433,2026-03-04,PROMO_BASE,Completed,0.0
O0003596,C000269,2026-03-04,,Completed,0.0
O0003597,C001045,2026-03-04,PROMO_BASE,Completed,0.0
O0003598,C000742,2026-03-04,,Completed,0.0
O0003599,C001871,2026-03-04,,Completed,0.0
O0003600,C001509,2026-03-04,,Completed,9.99
O0003601,C000225,2026-03-04,,Completed,0.0
O0003602,C001179,2026-03-04,,Completed,0.0
O0003603,C000101,2026-03-04,,Completed,9.99
O0003604,C000783,2026-03-04,PROMO_BASE,Completed,0.0
O0003605,C000794,2026-03-04,,Completed,6.99
O0003606,C001482,2026-03-04,,Completed,0.0
O0003607,C002324,2026-03-04,,Completed,0.0
O0003608,C000821,2026-03-04,,Completed,6.99
O0003609,C001915,2026-03-04,PROMO_BASE,Completed,0.0
O0003610,C001744,2026-03-04,,Completed,9.99
O0003611,C001482,2026-03-04,,Completed,0.0
O0003612,C001608,2026-03-04,,Completed,6.99
O0003613,C002157,2026-03-04,,Completed,6.99
O0003614,C000923,2026-03-05,PROMO_BASE,Completed,0.0
O0003615,C000267,2026-03-05,,Completed,9.99
O0003616,C001652,2026-03-05,,Completed,0.0
O0003617,C000977,2026-03-05,,Completed,0.0
O0003618,C000665,2026-03-05,,Completed,0.0
O0003619,C001222,2026-03-05,PROMO_BASE,Completed,0.0
O0003620,C001130,2026-03-05,,Completed,4.99
O0003621,C002153,2026-03-05,,Completed,0.0
O0003622,C001841,2026-03-05,PROMO_BASE,Completed,6.99
O0003623,C001345,2026-03-05,PROMO_BASE,Completed,0.0
O0003624,C001573,2026-03-05,,Completed,4.99
O0003625,C001652,2026-03-05,,Completed,6.99
O0003626,C001864,2026-03-05,,Completed,0.0
O0003627,C001274,2026-03-05,,Completed,4.99
O0003628,C000413,2026-03-05,,Completed,6.99
O0003629,C000914,2026-03-05,,Completed,0.0
O0003630,C000637,2026-03-05,,Completed,4.99
O0003631,C002492,2026-03-05,,Completed,9.99
O0003632,C000041,2026-03-05,,Completed,0.0
O0003633,C002218,2026-03-05,,Completed,4.99
O0003634,C000562,2026-03-05,,Completed,0.0
O0003635,C001806,2026-03-05,,Completed,0.0
O0003636,C000658,2026-03-05,,Completed,0.0
O0003637,C000885,2026-03-05,,Completed,0.0
O0003638,C000320,2026-03-05,,Completed,0.0
O0003639,C001320,2026-03-05,,Completed,4.99
O0003640,C001514,2026-03-05,,Completed,0.0
O0003641,C000918,2026-03-05,,Completed,9.99
O0003642,C001610,2026-03-05,,Completed,0.0
O0003643,C002000,2026-03-05,,Completed,0.0
O0003644,C001774,2026-03-05,,Completed,9.99
O0003645,C001354,2026-03-05,,Completed,4.99
O0003646,C001793,2026-03-05,PROMO_BASE,Completed,6.99
O0003647,C001017,2026-03-05,,Completed,4.99
O0003648,C001458,2026-03-05,,Completed,6.99
O0003649,C002434,2026-03-05,PROMO_BASE,Completed,0.0
O0003650,C002436,2026-03-05,,Completed,6.99
O0003651,C000033,2026-03-05,,Completed,6.99
O0003652,C000098,2026-03-05,,Completed,0.0
O0003653,C002235,2026-03-05,,Completed,0.0
O0003654,C002226,2026-03-05,PROMO_BASE,Completed,4.99
O0003655,C000445,2026-03-05,,Completed,0.0
O0003656,C001428,2026-03-05,PROMO_BASE,Completed,4.99
O0003657,C001394,2026-03-05,PROMO_BASE,Completed,4.99
O0003658,C002032,2026-03-05,,Completed,0.0
O0003659,C002434,2026-03-05,,Completed,9.99
O0003660,C001387,2026-03-05,,Completed,0.0
O0003661,C000071,2026-03-05,,Completed,0.0
O0003662,C000048,2026-03-05,PROMO_BASE,Completed,0.0
O0003663,C001551,2026-03-05,PROMO_BASE,Completed,0.0
O0003664,C000589,2026-03-05,PROMO_BASE,Completed,0.0
O0003665,C000290,2026-03-05,PROMO_BASE,Completed,4.99
O0003666,C001453,2026-03-05,,Completed,0.0
O0003667,C000490,2026-03-05,,Completed,0.0
O0003668,C000923,2026-03-05,,Completed,9.99
O0003669,C001698,2026-03-05,PROMO_BASE,Completed,9.99
O0003670,C000911,2026-03-05,,Completed,0.0
O0003671,C000930,2026-03-05,,Completed,9.99
O0003672,C001774,2026-03-05,,Completed,4.99
O0003673,C001832,2026-03-05,,Completed,0.0
O0003674,C002399,2026-03-05,,Completed,4.99
O0003675,C001338,2026-03-05,PROMO_BASE,Completed,0.0
O0003676,C000994,2026-03-05,,Completed,0.0
O0003677,C001123,2026-03-05,,Completed,0.0
O0003678,C001774,2026-03-05,PROMO_BASE,Completed,0.0
O0003679,C001357,2026-03-05,,Completed,0.0
O0003680,C001492,2026-03-05,PROMO_BASE,Completed,0.0
O0003681,C000436,2026-03-05,,Completed,6.99
O0003682,C001812,2026-03-05,PROMO_BASE,Completed,0.0
O0003683,C001184,2026-03-05,,Completed,0.0
O0003684,C000113,2026-03-05,PROMO_BASE,Completed,0.0
O0003685,C002229,2026-03-05,,Completed,0.0
O0003686,C000442,2026-03-05,,Completed,4.99
O0003687,C000695,2026-03-06,PROMO_BASE,Completed,0.0
O0003688,C000358,2026-03-06,,Completed,9.99
O0003689,C002267,2026-03-06,PROMO_BASE,Completed,0.0
O0003690,C001519,2026-03-06,,Completed,6.99
O0003691,C001752,2026-03-06,,Completed,4.99
O0003692,C001017,2026-03-06,,Completed,0.0
O0003693,C001332,2026-03-06,,Completed,0.0
O0003694,C000331,2026-03-06,,Completed,0.0
O0003695,C000956,2026-03-06,,Completed,9.99
O0003696,C002053,2026-03-06,,Completed,0.0
O0003697,C000202,2026-03-06,,Completed,0.0
O0003698,C001414,2026-03-06,,Completed,4.99
O0003699,C002002,2026-03-06,,Completed,0.0
O0003700,C002243,2026-03-06,,Completed,0.0
O0003701,C001557,2026-03-06,,Completed,0.0
O0003702,C001753,2026-03-06,PROMO_BASE,Completed,0.0
O0003703,C002491,2026-03-06,PROMO_BASE,Completed,0.0
O0003704,C000800,2026-03-06,,Completed,6.99
O0003705,C002281,2026-03-06,PROMO_BASE,Completed,6.99
O0003706,C000016,2026-03-06,,Completed,0.0
O0003707,C001622,2026-03-06,PROMO_BASE,Completed,9.99
O0003708,C001525,2026-03-06,,Completed,4.99
O0003709,C000599,2026-03-06,,Completed,0.0
O0003710,C001939,2026-03-06,,Completed,0.0
O0003711,C002066,2026-03-06,PROMO_BASE,Completed,0.0
O0003712,C000719,2026-03-06,,Completed,0.0
O0003713,C001891,2026-03-06,,Completed,0.0
O0003714,C000588,2026-03-06,PROMO_BASE,Completed,4.99
O0003715,C000723,2026-03-06,,Completed,0.0
O0003716,C000425,2026-03-06,PROMO_BASE,Completed,0.0
O0003717,C000114,2026-03-06,PROMO_BASE,Completed,4.99
O0003718,C001089,2026-03-06,PROMO_BASE,Completed,0.0
O0003719,C001126,2026-03-06,PROMO_BASE,Completed,0.0
O0003720,C001469,2026-03-06,,Completed,6.99
O0003721,C000742,2026-03-06,,Completed,0.0
O0003722,C001441,2026-03-06,PROMO_BASE,Completed,0.0
O0003723,C001781,2026-03-06,,Completed,0.0
O0003724,C001121,2026-03-06,,Completed,0.0
O0003725,C000477,2026-03-06,,Completed,0.0
O0003726,C001867,2026-03-06,,Completed,0.0
O0003727,C002460,2026-03-06,PROMO_BASE,Completed,0.0
O0003728,C000407,2026-03-06,,Completed,0.0
O0003729,C001084,2026-03-06,,Completed,0.0
O0003730,C001146,2026-03-06,,Completed,0.0
O0003731,C001938,2026-03-06,PROMO_BASE,Completed,0.0
O0003732,C001394,2026-03-06,PROMO_BASE,Completed,0.0
O0003733,C000369,2026-03-06,,Completed,9.99
O0003734,C002459,2026-03-06,PROMO_BASE,Completed,9.99
O0003735,C000895,2026-03-06,,Completed,0.0
O0003736,C000355,2026-03-06,,Completed,0.0
O0003737,C001987,2026-03-06,PROMO_BASE,Completed,0.0
O0003738,C002239,2026-03-06,PROMO_BASE,Completed,0.0
O0003739,C002168,2026-03-06,,Completed,0.0
O0003740,C000568,2026-03-06,,Completed,0.0
O0003741,C001227,2026-03-06,,Completed,4.99
O0003742,C000087,2026-03-06,,Completed,0.0
O0003743,C000954,2026-03-06,,Completed,0.0
O0003744,C001354,2026-03-06,PROMO_BASE,Completed,6.99
O0003745,C001716,2026-03-06,PROMO_BASE,Completed,0.0
O0003746,C002316,2026-03-06,,Completed,9.99
O0003747,C001365,2026-03-06,,Completed,0.0
O0003748,C001812,2026-03-07,,Completed,6.99
O0003749,C000973,2026-03-07,,Completed,9.99
O0003750,C001076,2026-03-07,,Completed,4.99
O0003751,C000073,2026-03-07,,Completed,6.99
O0003752,C001157,2026-03-07,,Completed,4.99
O0003753,C002371,2026-03-07,,Completed,4.99
O0003754,C001833,2026-03-07,,Completed,0.0
O0003755,C002162,2026-03-07,,Completed,0.0
O0003756,C001304,2026-03-07,,Completed,6.99
O0003757,C000524,2026-03-07,,Completed,0.0
O0003758,C002374,2026-03-07,PROMO_BASE,Completed,9.99
O0003759,C000081,2026-03-07,,Completed,6.99
O0003760,C000930,2026-03-07,PROMO_BASE,Completed,9.99
O0003761,C000092,2026-03-07,,Completed,6.99
O0003762,C000999,2026-03-07,,Completed,0.0
O0003763,C000064,2026-03-07,,Completed,9.99
O0003764,C001615,2026-03-07,,Completed,4.99
O0003765,C001403,2026-03-07,,Completed,0.0
O0003766,C002330,2026-03-07,,Completed,0.0
O0003767,C000254,2026-03-07,PROMO_BASE,Completed,9.99
O0003768,C000094,2026-03-07,,Completed,0.0
O0003769,C001706,2026-03-07,PROMO_BASE,Completed,4.99
O0003770,C001076,2026-03-07,,Completed,9.99
O0003771,C001268,2026-03-07,,Completed,0.0
O0003772,C002263,2026-03-07,PROMO_BASE,Completed,0.0
O0003773,C001938,2026-03-07,,Completed,0.0
O0003774,C000232,2026-03-07,,Completed,0.0
O0003775,C001660,2026-03-07,,Completed,0.0
O0003776,C002443,2026-03-07,,Completed,9.99
O0003777,C002428,2026-03-07,PROMO_BASE,Completed,0.0
O0003778,C001649,2026-03-07,PROMO_BASE,Completed,6.99
O0003779,C000712,2026-03-07,,Completed,0.0
O0003780,C000960,2026-03-07,,Completed,0.0
O0003781,C000742,2026-03-07,,Completed,0.0
O0003782,C000261,2026-03-07,,Completed,9.99
O0003783,C000441,2026-03-07,,Completed,0.0
O0003784,C002081,2026-03-07,,Completed,0.0
O0003785,C001089,2026-03-07,PROMO_BASE,Completed,9.99
O0003786,C002471,2026-03-07,,Completed,0.0
O0003787,C000384,2026-03-07,,Completed,4.99
O0003788,C001264,2026-03-07,,Completed,6.99
O0003789,C000564,2026-03-07,,Completed,0.0
O0003790,C001829,2026-03-07,,Completed,0.0
O0003791,C001742,2026-03-07,PROMO_BASE,Completed,0.0
O0003792,C001026,2026-03-07,,Completed,0.0
O0003793,C000395,2026-03-07,,Completed,0.0
O0003794,C001667,2026-03-07,PROMO_BASE,Completed,0.0
O0003795,C001206,2026-03-07,,Completed,4.99
O0003796,C001451,2026-03-07,,Completed,0.0
O0003797,C001978,2026-03-07,,Completed,6.99
O0003798,C001306,2026-03-07,PROMO_BASE,Completed,4.99
O0003799,C002179,2026-03-07,PROMO_BASE,Completed,0.0
O0003800,C001143,2026-03-07,,Completed,9.99
O0003801,C002400,2026-03-07,PROMO_BASE,Completed,0.0
O0003802,C000249,2026-03-07,,Completed,0.0
O0003803,C002298,2026-03-07,,Completed,0.0
O0003804,C001550,2026-03-07,,Completed,4.99
O0003805,C002458,2026-03-07,,Completed,6.99
O0003806,C001826,2026-03-07,,Completed,0.0
O0003807,C000597,2026-03-07,PROMO_BASE,Completed,0.0
O0003808,C001206,2026-03-07,,Completed,0.0
O0003809,C001848,2026-03-07,PROMO_BASE,Completed,4.99
O0003810,C000867,2026-03-07,PROMO_BASE,Completed,6.99
O0003811,C000557,2026-03-07,,Completed,0.0
O0003812,C001619,2026-03-07,PROMO_BASE,Completed,0.0
O0003813,C001980,2026-03-07,PROMO_BASE,Completed,0.0
O0003814,C001126,2026-03-07,PROMO_BASE,Completed,0.0
O0003815,C002175,2026-03-07,,Completed,0.0
O0003816,C002263,2026-03-07,,Completed,9.99
O0003817,C001646,2026-03-07,,Completed,0.0
O0003818,C000488,2026-03-07,,Completed,0.0
O0003819,C001587,2026-03-07,,Completed,0.0
O0003820,C001740,2026-03-07,,Completed,6.99
O0003821,C000753,2026-03-08,PROMO_BASE,Completed,0.0
O0003822,C001120,2026-03-08,,Completed,0.0
O0003823,C000244,2026-03-08,PROMO_BASE,Completed,0.0
O0003824,C000362,2026-03-08,PROMO_BASE,Completed,0.0
O0003825,C002460,2026-03-08,,Completed,0.0
O0003826,C001090,2026-03-08,,Completed,6.99
O0003827,C000877,2026-03-08,,Completed,6.99
O0003828,C001819,2026-03-08,PROMO_BASE,Completed,9.99
O0003829,C000480,2026-03-08,,Completed,4.99
O0003830,C002041,2026-03-08,,Completed,6.99
O0003831,C002076,2026-03-08,,Completed,0.0
O0003832,C000651,2026-03-08,PROMO_BASE,Completed,0.0
O0003833,C001167,2026-03-08,,Completed,0.0
O0003834,C000876,2026-03-08,,Completed,0.0
O0003835,C002246,2026-03-08,,Completed,6.99
O0003836,C001120,2026-03-08,,Completed,0.0
O0003837,C001096,2026-03-08,,Completed,4.99
O0003838,C000969,2026-03-08,PROMO_BASE,Completed,0.0
O0003839,C000725,2026-03-08,,Completed,4.99
O0003840,C000498,2026-03-08,,Completed,4.99
O0003841,C000317,2026-03-08,PROMO_BASE,Completed,0.0
O0003842,C000910,2026-03-08,,Completed,0.0
O0003843,C001928,2026-03-08,,Completed,0.0
O0003844,C001607,2026-03-08,,Completed,0.0
O0003845,C000089,2026-03-08,,Completed,9.99
O0003846,C002114,2026-03-08,PROMO_BASE,Completed,9.99
O0003847,C000048,2026-03-08,,Completed,0.0
O0003848,C000007,2026-03-08,,Completed,0.0
O0003849,C002281,2026-03-08,,Completed,0.0
O0003850,C000014,2026-03-08,PROMO_BASE,Completed,9.99
O0003851,C000155,2026-03-08,,Completed,0.0
O0003852,C002323,2026-03-08,,Completed,9.99
O0003853,C001039,2026-03-08,,Completed,6.99
O0003854,C001167,2026-03-08,,Completed,4.99
O0003855,C002346,2026-03-08,,Completed,9.99
O0003856,C002346,2026-03-08,,Completed,9.99
O0003857,C001548,2026-03-08,,Completed,0.0
O0003858,C002157,2026-03-08,,Completed,6.99
O0003859,C001390,2026-03-08,,Completed,0.0
O0003860,C001472,2026-03-08,,Completed,6.99
O0003861,C001961,2026-03-08,,Completed,0.0
O0003862,C000753,2026-03-08,,Completed,6.99
O0003863,C001983,2026-03-08,,Completed,0.0
O0003864,C000589,2026-03-08,,Completed,0.0
O0003865,C002487,2026-03-08,,Completed,0.0
O0003866,C001586,2026-03-08,PROMO_BASE,Completed,9.99
O0003867,C000442,2026-03-08,,Completed,0.0
O0003868,C000837,2026-03-08,,Completed,0.0
O0003869,C000700,2026-03-08,,Completed,0.0
O0003870,C000801,2026-03-08,,Completed,0.0
O0003871,C002119,2026-03-08,,Completed,0.0
O0003872,C000929,2026-03-08,PROMO_BASE,Completed,6.99
O0003873,C001525,2026-03-08,,Completed,9.99
O0003874,C000589,2026-03-08,,Completed,6.99
O0003875,C001055,2026-03-08,PROMO_BASE,Completed,0.0
O0003876,C002293,2026-03-08,PROMO_BASE,Completed,0.0
O0003877,C000355,2026-03-08,,Completed,4.99
O0003878,C001628,2026-03-08,PROMO_BASE,Completed,0.0
O0003879,C002331,2026-03-08,,Completed,9.99
O0003880,C001615,2026-03-08,PROMO_BASE,Completed,0.0
O0003881,C001802,2026-03-08,,Completed,6.99
O0003882,C001819,2026-03-08,,Completed,0.0
O0003883,C000914,2026-03-08,,Completed,6.99
O0003884,C001315,2026-03-08,PROMO_BASE,Completed,0.0
O0003885,C002346,2026-03-08,,Completed,0.0
O0003886,C002277,2026-03-08,PROMO_BASE,Completed,6.99
O0003887,C001688,2026-03-08,,Completed,4.99
O0003888,C002347,2026-03-08,PROMO_BASE,Completed,0.0
O0003889,C000322,2026-03-09,,Completed,0.0
O0003890,C000598,2026-03-09,PROMO_BASE,Completed,0.0
O0003891,C000033,2026-03-09,,Completed,0.0
O0003892,C000647,2026-03-09,,Completed,0.0
O0003893,C000876,2026-03-09,,Completed,0.0
O0003894,C000541,2026-03-09,,Completed,4.99
O0003895,C001387,2026-03-09,,Completed,0.0
O0003896,C001310,2026-03-09,PROMO_BASE,Completed,0.0
O0003897,C000858,2026-03-09,,Completed,0.0
O0003898,C001418,2026-03-09,,Completed,0.0
O0003899,C000263,2026-03-09,,Completed,4.99
O0003900,C000187,2026-03-09,PROMO_BASE,Completed,0.0
O0003901,C001486,2026-03-09,,Completed,0.0
O0003902,C001812,2026-03-09,,Completed,6.99
O0003903,C002183,2026-03-09,,Completed,4.99
O0003904,C001309,2026-03-09,PROMO_BASE,Completed,4.99
O0003905,C001280,2026-03-09,PROMO_BASE,Completed,4.99
O0003906,C001431,2026-03-09,,Completed,0.0
O0003907,C000971,2026-03-09,PROMO_BASE,Completed,0.0
O0003908,C001196,2026-03-09,PROMO_BASE,Completed,0.0
O0003909,C002077,2026-03-09,,Completed,0.0
O0003910,C002383,2026-03-09,PROMO_BASE,Completed,0.0
O0003911,C001369,2026-03-09,,Completed,6.99
O0003912,C001671,2026-03-09,,Completed,4.99
O0003913,C001621,2026-03-09,,Completed,4.99
O0003914,C000598,2026-03-09,,Completed,9.99
O0003915,C000054,2026-03-09,,Completed,9.99
O0003916,C000322,2026-03-09,,Completed,0.0
O0003917,C001996,2026-03-09,,Completed,0.0
O0003918,C000430,2026-03-09,PROMO_BASE,Completed,4.99
O0003919,C001364,2026-03-09,,Completed,4.99
O0003920,C001950,2026-03-09,PROMO_BASE,Completed,9.99
O0003921,C000477,2026-03-09,PROMO_BASE,Completed,4.99
O0003922,C000263,2026-03-09,,Completed,0.0
O0003923,C000263,2026-03-09,,Completed,4.99
O0003924,C002364,2026-03-09,,Completed,4.99
O0003925,C001298,2026-03-09,,Completed,0.0
O0003926,C000335,2026-03-09,,Completed,0.0
O0003927,C000073,2026-03-09,,Completed,9.99
O0003928,C000589,2026-03-09,,Completed,0.0
O0003929,C002178,2026-03-09,PROMO_BASE,Completed,0.0
O0003930,C002064,2026-03-09,,Completed,4.99
O0003931,C000689,2026-03-09,,Completed,4.99
O0003932,C001931,2026-03-09,PROMO_BASE,Completed,0.0
O0003933,C000139,2026-03-09,,Completed,0.0
O0003934,C000428,2026-03-09,PROMO_BASE,Completed,6.99
O0003935,C000966,2026-03-09,,Completed,4.99
O0003936,C000884,2026-03-09,,Completed,6.99
O0003937,C000228,2026-03-09,,Completed,0.0
O0003938,C001294,2026-03-09,,Completed,4.99
O0003939,C000685,2026-03-09,,Completed,0.0
O0003940,C000588,2026-03-09,,Completed,9.99
O0003941,C001662,2026-03-09,,Completed,4.99
O0003942,C000255,2026-03-09,,Completed,4.99
O0003943,C002441,2026-03-09,,Completed,0.0
O0003944,C000791,2026-03-09,,Completed,4.99
O0003945,C000263,2026-03-09,,Completed,0.0
O0003946,C002428,2026-03-09,,Completed,0.0
O0003947,C000078,2026-03-09,PROMO_BASE,Completed,4.99
O0003948,C001220,2026-03-09,,Completed,4.99
O0003949,C000332,2026-03-09,PROMO_BASE,Completed,0.0
O0003950,C001605,2026-03-09,,Completed,9.99
O0003951,C001338,2026-03-09,PROMO_BASE,Completed,6.99
O0003952,C002460,2026-03-09,,Completed,0.0
O0003953,C000706,2026-03-09,,Completed,4.99
O0003954,C001215,2026-03-09,,Completed,0.0
O0003955,C001918,2026-03-09,,Completed,0.0
O0003956,C000419,2026-03-09,,Completed,0.0
O0003957,C001612,2026-03-10,,Completed,0.0
O0003958,C000985,2026-03-10,PROMO_BASE,Completed,0.0
O0003959,C000492,2026-03-10,PROMO_BASE,Completed,0.0
O0003960,C000300,2026-03-10,PROMO_BASE,Completed,6.99
O0003961,C000472,2026-03-10,,Completed,6.99
O0003962,C001395,2026-03-10,PROMO_BASE,Completed,4.99
O0003963,C001258,2026-03-10,,Completed,0.0
O0003964,C000704,2026-03-10,,Completed,6.99
O0003965,C000430,2026-03-10,,Completed,0.0
O0003966,C000742,2026-03-10,,Completed,6.99
O0003967,C002244,2026-03-10,,Completed,4.99
O0003968,C000933,2026-03-10,,Completed,0.0
O0003969,C000011,2026-03-10,,Completed,0.0
O0003970,C002460,2026-03-10,,Completed,0.0
O0003971,C001136,2026-03-10,PROMO_BASE,Completed,4.99
O0003972,C000954,2026-03-10,PROMO_BASE,Completed,0.0
O0003973,C002461,2026-03-10,PROMO_BASE,Completed,0.0
O0003974,C000178,2026-03-10,PROMO_BASE,Completed,9.99
O0003975,C000098,2026-03-10,,Completed,9.99
O0003976,C000817,2026-03-10,,Completed,0.0
O0003977,C001936,2026-03-10,,Completed,0.0
O0003978,C000492,2026-03-10,,Completed,0.0
O0003979,C000301,2026-03-10,,Completed,0.0
O0003980,C002469,2026-03-10,,Completed,6.99
O0003981,C002268,2026-03-10,PROMO_BASE,Completed,9.99
O0003982,C000428,2026-03-10,,Completed,0.0
O0003983,C000270,2026-03-10,,Completed,9.99
O0003984,C002494,2026-03-10,,Completed,0.0
O0003985,C002284,2026-03-10,PROMO_BASE,Completed,9.99
O0003986,C000510,2026-03-10,,Completed,0.0
O0003987,C001803,2026-03-10,,Completed,9.99
O0003988,C000456,2026-03-10,,Completed,6.99
O0003989,C002374,2026-03-10,PROMO_BASE,Completed,0.0
O0003990,C001210,2026-03-10,,Completed,0.0
O0003991,C001011,2026-03-10,,Completed,0.0
O0003992,C001281,2026-03-10,,Completed,4.99
O0003993,C000492,2026-03-10,,Completed,0.0
O0003994,C000430,2026-03-10,,Completed,0.0
O0003995,C000441,2026-03-10,,Completed,6.99
O0003996,C002092,2026-03-10,,Completed,6.99
O0003997,C001026,2026-03-10,,Completed,9.99
O0003998,C001130,2026-03-10,PROMO_BASE,Completed,4.99
O0003999,C000479,2026-03-10,,Completed,9.99
O0004000,C000653,2026-03-10,,Completed,0.0
O0004001,C000297,2026-03-10,,Completed,0.0
O0004002,C001604,2026-03-10,,Completed,0.0
O0004003,C001674,2026-03-10,PROMO_BASE,Completed,4.99
O0004004,C002064,2026-03-10,PROMO_BASE,Completed,4.99
O0004005,C001857,2026-03-10,,Completed,0.0
O0004006,C002253,2026-03-10,PROMO_BASE,Completed,0.0
O0004007,C002424,2026-03-10,,Completed,0.0
O0004008,C002096,2026-03-10,PROMO_BASE,Completed,6.99
O0004009,C001656,2026-03-10,PROMO_BASE,Completed,6.99
O0004010,C001646,2026-03-10,,Completed,9.99
O0004011,C000471,2026-03-10,PROMO_BASE,Completed,0.0
O0004012,C002301,2026-03-10,PROMO_BASE,Completed,9.99
O0004013,C002345,2026-03-10,,Completed,0.0
O0004014,C001905,2026-03-10,,Completed,4.99
O0004015,C001757,2026-03-10,,Completed,4.99
O0004016,C001002,2026-03-10,,Completed,6.99
O0004017,C002314,2026-03-10,PROMO_BASE,Completed,6.99
O0004018,C002458,2026-03-10,,Completed,0.0
O0004019,C002470,2026-03-10,,Completed,9.99
O0004020,C000110,2026-03-10,PROMO_BASE,Completed,0.0
O0004021,C001500,2026-03-11,PROMO_BASE,Completed,0.0
O0004022,C001320,2026-03-11,PROMO_BASE,Completed,0.0
O0004023,C002077,2026-03-11,,Completed,0.0
O0004024,C001795,2026-03-11,PROMO_BASE,Completed,0.0
O0004025,C000046,2026-03-11,,Completed,0.0
O0004026,C001803,2026-03-11,,Completed,6.99
O0004027,C000923,2026-03-11,,Completed,4.99
O0004028,C000042,2026-03-11,,Completed,0.0
O0004029,C001434,2026-03-11,,Completed,0.0
O0004030,C000448,2026-03-11,,Completed,6.99
O0004031,C002286,2026-03-11,PROMO_BASE,Completed,0.0
O0004032,C002063,2026-03-11,,Completed,6.99
O0004033,C001631,2026-03-11,,Completed,4.99
O0004034,C001290,2026-03-11,,Completed,0.0
O0004035,C000599,2026-03-11,,Completed,0.0
O0004036,C000272,2026-03-11,PROMO_BASE,Completed,0.0
O0004037,C000229,2026-03-11,,Completed,0.0
O0004038,C001381,2026-03-11,,Completed,4.99
O0004039,C000918,2026-03-11,,Completed,4.99
O0004040,C001936,2026-03-11,PROMO_BASE,Completed,0.0
O0004041,C000012,2026-03-11,,Completed,0.0
O0004042,C001566,2026-03-11,PROMO_BASE,Completed,0.0
O0004043,C000411,2026-03-11,,Completed,6.99
O0004044,C001643,2026-03-11,,Completed,4.99
O0004045,C000852,2026-03-11,,Completed,0.0
O0004046,C000554,2026-03-11,PROMO_BASE,Completed,0.0
O0004047,C001258,2026-03-11,,Completed,4.99
O0004048,C000312,2026-03-11,PROMO_BASE,Completed,6.99
O0004049,C000723,2026-03-11,PROMO_BASE,Completed,9.99
O0004050,C002374,2026-03-11,,Completed,0.0
O0004051,C002401,2026-03-11,,Completed,0.0
O0004052,C000877,2026-03-11,,Completed,0.0
O0004053,C000503,2026-03-11,PROMO_BASE,Completed,4.99
O0004054,C001088,2026-03-11,PROMO_BASE,Completed,6.99
O0004055,C000160,2026-03-11,,Completed,4.99
O0004056,C001088,2026-03-11,PROMO_BASE,Completed,9.99
O0004057,C002064,2026-03-11,,Completed,9.99
O0004058,C002205,2026-03-11,,Completed,0.0
O0004059,C000466,2026-03-11,,Completed,0.0
O0004060,C002231,2026-03-11,,Completed,0.0
O0004061,C000938,2026-03-11,,Completed,0.0
O0004062,C002204,2026-03-11,,Completed,0.0
O0004063,C001786,2026-03-11,PROMO_BASE,Completed,6.99
O0004064,C000523,2026-03-11,,Completed,6.99
O0004065,C000049,2026-03-11,PROMO_BASE,Completed,6.99
O0004066,C002069,2026-03-11,,Completed,0.0
O0004067,C000362,2026-03-11,,Completed,0.0
O0004068,C002431,2026-03-11,PROMO_BASE,Completed,0.0
O0004069,C000826,2026-03-11,,Completed,4.99
O0004070,C000384,2026-03-11,,Completed,0.0
O0004071,C001627,2026-03-11,,Completed,6.99
O0004072,C000149,2026-03-11,,Completed,6.99
O0004073,C000546,2026-03-11,,Completed,0.0
O0004074,C001361,2026-03-11,,Completed,0.0
O0004075,C001652,2026-03-11,,Completed,4.99
O0004076,C001566,2026-03-11,PROMO_BASE,Completed,9.99
O0004077,C001578,2026-03-11,,Completed,6.99
O0004078,C001652,2026-03-11,,Completed,6.99
O0004079,C001997,2026-03-11,,Completed,0.0
O0004080,C001902,2026-03-11,,Completed,0.0
O0004081,C000750,2026-03-11,,Completed,9.99
O0004082,C000641,2026-03-11,,Completed,4.99
O0004083,C002238,2026-03-11,,Completed,0.0
O0004084,C000890,2026-03-11,,Completed,0.0
O0004085,C000173,2026-03-11,PROMO_BASE,Completed,0.0
O0004086,C000894,2026-03-11,PROMO_BASE,Completed,6.99
O0004087,C001964,2026-03-11,PROMO_BASE,Completed,0.0
O0004088,C001218,2026-03-11,,Completed,0.0
O0004089,C001516,2026-03-11,PROMO_BASE,Completed,9.99
O0004090,C000993,2026-03-11,PROMO_BASE,Completed,0.0
O0004091,C000389,2026-03-11,,Completed,9.99
O0004092,C000628,2026-03-12,,Completed,0.0
O0004093,C000218,2026-03-12,,Completed,9.99
O0004094,C000695,2026-03-12,,Completed,9.99
O0004095,C001158,2026-03-12,,Completed,9.99
O0004096,C001158,2026-03-12,,Completed,0.0
O0004097,C001389,2026-03-12,,Completed,4.99
O0004098,C001456,2026-03-12,,Completed,4.99
O0004099,C002498,2026-03-12,,Completed,9.99
O0004100,C000688,2026-03-12,,Completed,0.0
O0004101,C000535,2026-03-12,,Completed,0.0
O0004102,C000509,2026-03-12,,Completed,9.99
O0004103,C000253,2026-03-12,,Completed,4.99
O0004104,C000938,2026-03-12,,Completed,9.99
O0004105,C001332,2026-03-12,,Completed,9.99
O0004106,C001525,2026-03-12,,Completed,6.99
O0004107,C000683,2026-03-12,,Completed,0.0
O0004108,C000220,2026-03-12,,Completed,0.0
O0004109,C001793,2026-03-12,PROMO_BASE,Completed,6.99
O0004110,C000442,2026-03-12,,Completed,0.0
O0004111,C000576,2026-03-12,,Completed,0.0
O0004112,C000092,2026-03-12,,Completed,0.0
O0004113,C001806,2026-03-12,,Completed,0.0
O0004114,C001916,2026-03-12,PROMO_BASE,Completed,0.0
O0004115,C002227,2026-03-12,,Completed,0.0
O0004116,C000618,2026-03-12,PROMO_BASE,Completed,6.99
O0004117,C001179,2026-03-12,,Completed,6.99
O0004118,C002408,2026-03-12,,Completed,0.0
O0004119,C001369,2026-03-12,,Completed,0.0
O0004120,C001322,2026-03-12,PROMO_BASE,Completed,4.99
O0004121,C001004,2026-03-12,,Completed,0.0
O0004122,C000855,2026-03-12,,Completed,0.0
O0004123,C001493,2026-03-12,,Completed,9.99
O0004124,C000641,2026-03-12,,Completed,4.99
O0004125,C002390,2026-03-12,,Completed,4.99
O0004126,C000524,2026-03-12,PROMO_BASE,Completed,4.99
O0004127,C000077,2026-03-12,PROMO_BASE,Completed,0.0
O0004128,C001316,2026-03-12,,Completed,0.0
O0004129,C002380,2026-03-12,,Completed,0.0
O0004130,C000813,2026-03-12,,Completed,0.0
O0004131,C001531,2026-03-12,,Completed,0.0
O0004132,C001538,2026-03-12,,Completed,6.99
O0004133,C001065,2026-03-12,,Completed,0.0
O0004134,C001223,2026-03-12,,Completed,0.0
O0004135,C002092,2026-03-12,,Completed,0.0
O0004136,C001619,2026-03-12,,Completed,0.0
O0004137,C001456,2026-03-12,,Completed,9.99
O0004138,C001089,2026-03-12,PROMO_BASE,Completed,0.0
O0004139,C000392,2026-03-12,,Completed,0.0
O0004140,C002366,2026-03-12,,Completed,0.0
O0004141,C000287,2026-03-12,,Completed,0.0
O0004142,C002096,2026-03-12,PROMO_BASE,Completed,0.0
O0004143,C000997,2026-03-12,,Completed,4.99
O0004144,C001619,2026-03-12,,Completed,0.0
O0004145,C002461,2026-03-12,,Completed,0.0
O0004146,C001817,2026-03-12,PROMO_BASE,Completed,9.99
O0004147,C001764,2026-03-12,,Completed,0.0
O0004148,C000387,2026-03-12,PROMO_BASE,Completed,0.0
O0004149,C002271,2026-03-12,,Completed,6.99
O0004150,C000396,2026-03-12,,Completed,0.0
O0004151,C000041,2026-03-12,,Completed,0.0
O0004152,C000732,2026-03-12,,Completed,9.99
O0004153,C001867,2026-03-12,,Completed,6.99
O0004154,C002375,2026-03-12,PROMO_BASE,Completed,9.99
O0004155,C001937,2026-03-12,,Completed,4.99
O0004156,C000781,2026-03-12,,Completed,4.99
O0004157,C000161,2026-03-12,,Completed,0.0
O0004158,C001298,2026-03-12,PROMO_BASE,Completed,0.0
O0004159,C000113,2026-03-13,,Completed,0.0
O0004160,C001812,2026-03-13,,Completed,0.0
O0004161,C000642,2026-03-13,,Completed,4.99
O0004162,C002273,2026-03-13,PROMO_BASE,Completed,9.99
O0004163,C000611,2026-03-13,,Completed,6.99
O0004164,C000516,2026-03-13,PROMO_BASE,Completed,0.0
O0004165,C001902,2026-03-13,,Completed,0.0
O0004166,C001064,2026-03-13,PROMO_BASE,Completed,0.0
O0004167,C001759,2026-03-13,,Completed,4.99
O0004168,C001129,2026-03-13,PROMO_BASE,Completed,0.0
O0004169,C001141,2026-03-13,,Completed,9.99
O0004170,C001758,2026-03-13,PROMO_BASE,Completed,0.0
O0004171,C002069,2026-03-13,,Completed,6.99
O0004172,C002199,2026-03-13,,Completed,0.0
O0004173,C001740,2026-03-13,,Completed,0.0
O0004174,C002031,2026-03-13,,Completed,6.99
O0004175,C001758,2026-03-13,,Completed,0.0
O0004176,C001853,2026-03-13,PROMO_BASE,Completed,0.0
O0004177,C001985,2026-03-13,,Completed,0.0
O0004178,C002342,2026-03-13,PROMO_BASE,Completed,9.99
O0004179,C001709,2026-03-13,,Completed,0.0
O0004180,C002043,2026-03-13,,Completed,6.99
O0004181,C002014,2026-03-13,,Completed,6.99
O0004182,C001180,2026-03-13,PROMO_BASE,Completed,9.99
O0004183,C002014,2026-03-13,PROMO_BASE,Completed,0.0
O0004184,C002384,2026-03-13,,Completed,6.99
O0004185,C000709,2026-03-13,PROMO_BASE,Completed,0.0
O0004186,C000709,2026-03-13,,Completed,0.0
O0004187,C002155,2026-03-13,,Completed,0.0
O0004188,C001356,2026-03-13,,Completed,0.0
O0004189,C001772,2026-03-13,,Completed,0.0
O0004190,C001639,2026-03-13,,Completed,0.0
O0004191,C001469,2026-03-13,,Completed,9.99
O0004192,C000090,2026-03-13,PROMO_BASE,Completed,0.0
O0004193,C000114,2026-03-13,,Completed,9.99
O0004194,C000055,2026-03-13,,Completed,9.99
O0004195,C002010,2026-03-13,,Completed,0.0
O0004196,C001803,2026-03-13,PROMO_BASE,Completed,0.0
O0004197,C000014,2026-03-13,,Completed,9.99
O0004198,C000488,2026-03-13,,Completed,6.99
O0004199,C001707,2026-03-13,,Completed,9.99
O0004200,C002206,2026-03-13,PROMO_BASE,Completed,0.0
O0004201,C001277,2026-03-13,,Completed,0.0
O0004202,C001991,2026-03-13,PROMO_BASE,Completed,0.0
O0004203,C000518,2026-03-13,PROMO_BASE,Completed,0.0
O0004204,C001340,2026-03-13,,Completed,0.0
O0004205,C001654,2026-03-13,,Completed,0.0
O0004206,C001061,2026-03-13,,Completed,0.0
O0004207,C001455,2026-03-13,,Completed,0.0
O0004208,C002014,2026-03-13,,Completed,0.0
O0004209,C000886,2026-03-13,,Completed,9.99
O0004210,C000719,2026-03-13,PROMO_BASE,Completed,9.99
O0004211,C000154,2026-03-13,,Completed,0.0
O0004212,C001525,2026-03-13,,Completed,9.99
O0004213,C000642,2026-03-13,,Completed,6.99
O0004214,C001467,2026-03-13,PROMO_BASE,Completed,0.0
O0004215,C000773,2026-03-13,,Completed,0.0
O0004216,C002471,2026-03-13,,Completed,6.99
O0004217,C002398,2026-03-13,PROMO_BASE,Completed,0.0
O0004218,C000392,2026-03-13,,Completed,0.0
O0004219,C000709,2026-03-13,PROMO_BASE,Completed,6.99
O0004220,C000343,2026-03-13,,Completed,4.99
O0004221,C002014,2026-03-13,,Completed,0.0
O0004222,C002428,2026-03-13,,Completed,0.0
O0004223,C002428,2026-03-13,,Completed,0.0
O0004224,C001593,2026-03-13,,Completed,0.0
O0004225,C001354,2026-03-13,PROMO_BASE,Completed,0.0
O0004226,C002014,2026-03-13,PROMO_BASE,Completed,4.99
O0004227,C000854,2026-03-14,,Completed,4.99
O0004228,C000301,2026-03-14,,Completed,0.0
O0004229,C001059,2026-03-14,PROMO_BASE,Completed,6.99
O0004230,C002097,2026-03-14,,Completed,0.0
O0004231,C000362,2026-03-14,,Completed,4.99
O0004232,C002094,2026-03-14,,Completed,4.99
O0004233,C001363,2026-03-14,,Completed,4.99
O0004234,C000138,2026-03-14,,Completed,0.0
O0004235,C002321,2026-03-14,,Completed,0.0
O0004236,C000105,2026-03-14,,Completed,9.99
O0004237,C000139,2026-03-14,,Completed,0.0
O0004238,C000672,2026-03-14,PROMO_BASE,Completed,0.0
O0004239,C000627,2026-03-14,PROMO_BASE,Completed,0.0
O0004240,C001048,2026-03-14,PROMO_BASE,Completed,0.0
O0004241,C001021,2026-03-14,,Completed,0.0
O0004242,C001664,2026-03-14,,Completed,0.0
O0004243,C001829,2026-03-14,,Completed,6.99
O0004244,C002208,2026-03-14,,Completed,0.0
O0004245,C000941,2026-03-14,,Completed,0.0
O0004246,C001187,2026-03-14,,Completed,0.0
O0004247,C002478,2026-03-14,,Completed,0.0
O0004248,C001455,2026-03-14,,Completed,0.0
O0004249,C001784,2026-03-14,PROMO_BASE,Completed,6.99
O0004250,C002194,2026-03-14,,Completed,6.99
O0004251,C002278,2026-03-14,PROMO_BASE,Completed,0.0
O0004252,C002194,2026-03-14,,Completed,0.0
O0004253,C000437,2026-03-14,,Completed,9.99
O0004254,C001214,2026-03-14,PROMO_BASE,Completed,0.0
O0004255,C001187,2026-03-14,,Completed,0.0
O0004256,C000773,2026-03-14,PROMO_BASE,Completed,0.0
O0004257,C002004,2026-03-14,,Completed,4.99
O0004258,C000216,2026-03-14,PROMO_BASE,Completed,0.0
O0004259,C002460,2026-03-14,,Completed,0.0
O0004260,C001259,2026-03-14,,Completed,6.99
O0004261,C000938,2026-03-14,,Completed,4.99
O0004262,C000897,2026-03-14,,Completed,0.0
O0004263,C001120,2026-03-14,,Completed,6.99
O0004264,C000206,2026-03-14,,Completed,0.0
O0004265,C002321,2026-03-14,,Completed,4.99
O0004266,C000524,2026-03-14,PROMO_BASE,Completed,0.0
O0004267,C002262,2026-03-14,,Completed,6.99
O0004268,C001759,2026-03-14,PROMO_BASE,Completed,6.99
O0004269,C000852,2026-03-14,,Completed,0.0
O0004270,C000178,2026-03-14,,Completed,0.0
O0004271,C001772,2026-03-14,,Completed,9.99
O0004272,C001200,2026-03-14,,Completed,4.99
O0004273,C000673,2026-03-14,,Completed,6.99
O0004274,C000114,2026-03-14,,Completed,4.99
O0004275,C002347,2026-03-14,PROMO_BASE,Completed,6.99
O0004276,C000844,2026-03-14,,Completed,0.0
O0004277,C001812,2026-03-14,,Completed,0.0
O0004278,C001942,2026-03-14,,Completed,6.99
O0004279,C001214,2026-03-14,PROMO_BASE,Completed,9.99
O0004280,C001393,2026-03-14,,Completed,0.0
O0004281,C001279,2026-03-14,,Completed,0.0
O0004282,C002194,2026-03-14,,Completed,0.0
O0004283,C001951,2026-03-14,,Completed,4.99
O0004284,C000319,2026-03-14,,Completed,0.0
O0004285,C000952,2026-03-14,PROMO_BASE,Completed,6.99
O0004286,C002194,2026-03-14,,Completed,6.99
O0004287,C000247,2026-03-14,,Completed,0.0
O0004288,C002321,2026-03-14,,Completed,0.0
O0004289,C002359,2026-03-14,,Completed,9.99
O0004290,C002271,2026-03-14,,Completed,0.0
O0004291,C001829,2026-03-14,,Completed,9.99
O0004292,C000929,2026-03-14,,Completed,4.99
O0004293,C001552,2026-03-14,,Completed,6.99
O0004294,C001984,2026-03-14,,Completed,6.99
O0004295,C002224,2026-03-15,,Completed,0.0
O0004296,C000856,2026-03-15,PROMO_BASE,Completed,0.0
O0004297,C002137,2026-03-15,,Completed,0.0
O0004298,C002231,2026-03-15,,Completed,0.0
O0004299,C001520,2026-03-15,PROMO_BASE,Completed,6.99
O0004300,C002434,2026-03-15,,Completed,0.0
O0004301,C001477,2026-03-15,,Completed,6.99
O0004302,C002347,2026-03-15,,Completed,9.99
O0004303,C000933,2026-03-15,,Completed,0.0
O0004304,C002374,2026-03-15,PROMO_BASE,Completed,0.0
O0004305,C001117,2026-03-15,,Completed,0.0
O0004306,C000026,2026-03-15,PROMO_BASE,Completed,0.0
O0004307,C000434,2026-03-15,,Completed,0.0
O0004308,C002218,2026-03-15,PROMO_BASE,Completed,4.99
O0004309,C000031,2026-03-15,,Completed,9.99
O0004310,C001643,2026-03-15,,Completed,6.99
O0004311,C002461,2026-03-15,,Completed,0.0
O0004312,C002398,2026-03-15,,Completed,0.0
O0004313,C002450,2026-03-15,PROMO_BASE,Completed,6.99
O0004314,C001856,2026-03-15,,Completed,0.0
O0004315,C000923,2026-03-15,,Completed,0.0
O0004316,C000346,2026-03-15,,Completed,0.0
O0004317,C000605,2026-03-15,,Completed,4.99
O0004318,C001169,2026-03-15,,Completed,0.0
O0004319,C000843,2026-03-15,,Completed,0.0
O0004320,C002074,2026-03-15,,Completed,0.0
O0004321,C000078,2026-03-15,,Completed,0.0
O0004322,C001315,2026-03-15,,Completed,0.0
O0004323,C001711,2026-03-15,,Completed,6.99
O0004324,C001645,2026-03-15,PROMO_BASE,Completed,0.0
O0004325,C002359,2026-03-15,,Completed,6.99
O0004326,C000264,2026-03-15,PROMO_BASE,Completed,0.0
O0004327,C000554,2026-03-15,,Completed,0.0
O0004328,C002384,2026-03-15,PROMO_BASE,Completed,4.99
O0004329,C001076,2026-03-15,PROMO_BASE,Completed,0.0
O0004330,C000129,2026-03-15,PROMO_BASE,Completed,0.0
O0004331,C000170,2026-03-15,,Completed,0.0
O0004332,C000415,2026-03-15,PROMO_BASE,Completed,0.0
O0004333,C002066,2026-03-15,,Completed,6.99
O0004334,C000315,2026-03-15,,Completed,9.99
O0004335,C001708,2026-03-15,PROMO_BASE,Completed,0.0
O0004336,C001298,2026-03-15,,Completed,0.0
O0004337,C001740,2026-03-15,,Completed,0.0
O0004338,C000911,2026-03-15,,Completed,0.0
O0004339,C001725,2026-03-15,,Completed,9.99
O0004340,C002353,2026-03-15,,Completed,0.0
O0004341,C000031,2026-03-15,,Completed,4.99
O0004342,C000884,2026-03-15,,Completed,4.99
O0004343,C001902,2026-03-15,,Completed,0.0
O0004344,C002038,2026-03-15,PROMO_BASE,Completed,6.99
O0004345,C000904,2026-03-15,,Completed,0.0
O0004346,C001391,2026-03-15,,Completed,0.0
O0004347,C001115,2026-03-15,PROMO_BASE,Completed,0.0
O0004348,C000031,2026-03-15,PROMO_BASE,Completed,0.0
O0004349,C000664,2026-03-15,,Completed,4.99
O0004350,C001135,2026-03-15,,Completed,9.99
O0004351,C000060,2026-03-15,,Completed,0.0
O0004352,C000664,2026-03-15,,Completed,4.99
O0004353,C000974,2026-03-15,,Completed,9.99
O0004354,C000804,2026-03-15,PROMO_BASE,Completed,9.99
O0004355,C002092,2026-03-15,,Completed,4.99
O0004356,C000127,2026-03-15,,Completed,9.99
O0004357,C001378,2026-03-15,,Completed,0.0
O0004358,C001569,2026-03-16,,Completed,0.0
O0004359,C000641,2026-03-16,,Completed,6.99
O0004360,C001833,2026-03-16,,Completed,0.0
O0004361,C002019,2026-03-16,,Completed,0.0
O0004362,C001717,2026-03-16,PROMO_BASE,Completed,9.99
O0004363,C000052,2026-03-16,,Completed,0.0
O0004364,C001742,2026-03-16,PROMO_BASE,Completed,6.99
O0004365,C001304,2026-03-16,PROMO_BASE,Completed,0.0
O0004366,C002433,2026-03-16,PROMO_BASE,Completed,9.99
O0004367,C001717,2026-03-16,PROMO_BASE,Completed,0.0
O0004368,C001560,2026-03-16,PROMO_BASE,Completed,9.99
O0004369,C002063,2026-03-16,,Completed,0.0
O0004370,C001454,2026-03-16,,Completed,0.0
O0004371,C001024,2026-03-16,,Completed,0.0
O0004372,C000383,2026-03-16,PROMO_BASE,Completed,9.99
O0004373,C000558,2026-03-16,,Completed,0.0
O0004374,C001152,2026-03-16,,Completed,0.0
O0004375,C002233,2026-03-16,PROMO_BASE,Completed,0.0
O0004376,C000060,2026-03-16,PROMO_BASE,Completed,0.0
O0004377,C002423,2026-03-16,,Completed,4.99
O0004378,C001279,2026-03-16,,Completed,0.0
O0004379,C000540,2026-03-16,,Completed,0.0
O0004380,C001036,2026-03-16,,Completed,6.99
O0004381,C001597,2026-03-16,,Completed,0.0
O0004382,C001195,2026-03-16,,Completed,4.99
O0004383,C000267,2026-03-16,PROMO_BASE,Completed,4.99
O0004384,C000858,2026-03-16,,Completed,0.0
O0004385,C002350,2026-03-16,PROMO_BASE,Completed,0.0
O0004386,C002204,2026-03-16,PROMO_BASE,Completed,0.0
O0004387,C000165,2026-03-16,,Completed,0.0
O0004388,C001417,2026-03-16,,Completed,6.99
O0004389,C001418,2026-03-16,PROMO_BASE,Completed,6.99
O0004390,C000791,2026-03-16,,Completed,4.99
O0004391,C001717,2026-03-16,,Completed,0.0
O0004392,C000315,2026-03-16,,Completed,9.99
O0004393,C001757,2026-03-16,,Completed,0.0
O0004394,C002420,2026-03-16,,Completed,0.0
O0004395,C002400,2026-03-16,PROMO_BASE,Completed,0.0
O0004396,C000530,2026-03-16,,Completed,9.99
O0004397,C000098,2026-03-16,,Completed,0.0
O0004398,C002274,2026-03-16,,Completed,0.0
O0004399,C001717,2026-03-16,PROMO_BASE,Completed,9.99
O0004400,C000725,2026-03-16,,Completed,0.0
O0004401,C000647,2026-03-16,,Completed,6.99
O0004402,C002436,2026-03-16,,Completed,4.99
O0004403,C000540,2026-03-16,PROMO_BASE,Completed,0.0
O0004404,C002301,2026-03-16,,Completed,9.99
O0004405,C001020,2026-03-16,,Completed,4.99
O0004406,C001902,2026-03-16,,Completed,4.99
O0004407,C001899,2026-03-16,,Completed,4.99
O0004408,C000872,2026-03-16,,Completed,0.0
O0004409,C001202,2026-03-16,PROMO_BASE,Completed,0.0
O0004410,C002110,2026-03-17,,Completed,9.99
O0004411,C002350,2026-03-17,PROMO_BASE,Completed,0.0
O0004412,C001210,2026-03-17,,Completed,9.99
O0004413,C001679,2026-03-17,,Completed,0.0
O0004414,C001619,2026-03-17,,Completed,0.0
O0004415,C002231,2026-03-17,,Completed,0.0
O0004416,C001854,2026-03-17,,Completed,0.0
O0004417,C000688,2026-03-17,,Completed,4.99
O0004418,C001381,2026-03-17,,Completed,0.0
O0004419,C000845,2026-03-17,,Completed,6.99
O0004420,C001302,2026-03-17,,Completed,0.0
O0004421,C000982,2026-03-17,PROMO_BASE,Completed,6.99
O0004422,C001070,2026-03-17,,Completed,6.99
O0004423,C001223,2026-03-17,,Completed,9.99
O0004424,C002168,2026-03-17,,Completed,0.0
O0004425,C000704,2026-03-17,,Completed,4.99
O0004426,C000078,2026-03-17,,Completed,0.0
O0004427,C001558,2026-03-17,PROMO_BASE,Completed,9.99
O0004428,C000235,2026-03-17,PROMO_BASE,Completed,0.0
O0004429,C001487,2026-03-17,,Completed,4.99
O0004430,C001972,2026-03-17,,Completed,4.99
O0004431,C001428,2026-03-17,,Completed,6.99
O0004432,C001908,2026-03-17,,Completed,0.0
O0004433,C001838,2026-03-17,,Completed,6.99
O0004434,C001908,2026-03-17,,Completed,0.0
O0004435,C001302,2026-03-17,,Completed,0.0
O0004436,C001753,2026-03-17,,Completed,4.99
O0004437,C000973,2026-03-17,,Completed,0.0
O0004438,C002431,2026-03-17,PROMO_BASE,Completed,9.99
O0004439,C001607,2026-03-17,,Completed,0.0
O0004440,C001217,2026-03-17,PROMO_BASE,Completed,0.0
O0004441,C002380,2026-03-17,,Completed,0.0
O0004442,C000942,2026-03-17,,Completed,4.99
O0004443,C001525,2026-03-17,PROMO_BASE,Completed,0.0
O0004444,C000617,2026-03-17,,Completed,0.0
O0004445,C000647,2026-03-17,PROMO_BASE,Completed,0.0
O0004446,C000218,2026-03-17,,Completed,0.0
O0004447,C001779,2026-03-17,,Completed,0.0
O0004448,C002168,2026-03-17,,Completed,9.99
O0004449,C000742,2026-03-17,PROMO_BASE,Completed,4.99
O0004450,C000959,2026-03-17,PROMO_BASE,Completed,6.99
O0004451,C001363,2026-03-17,,Completed,4.99
O0004452,C000881,2026-03-17,PROMO_BASE,Completed,0.0
O0004453,C001711,2026-03-17,,Completed,0.0
O0004454,C002007,2026-03-17,,Completed,0.0
O0004455,C000006,2026-03-17,,Completed,0.0
O0004456,C000959,2026-03-17,,Completed,6.99
O0004457,C001393,2026-03-17,PROMO_BASE,Completed,9.99
O0004458,C002018,2026-03-17,,Completed,6.99
O0004459,C000959,2026-03-17,,Completed,4.99
O0004460,C000894,2026-03-17,PROMO_BASE,Completed,4.99
O0004461,C000959,2026-03-17,,Completed,0.0
O0004462,C001908,2026-03-17,PROMO_BASE,Completed,9.99
O0004463,C002006,2026-03-17,,Completed,0.0
O0004464,C002129,2026-03-17,,Completed,9.99
O0004465,C001165,2026-03-17,,Completed,9.99
O0004466,C000758,2026-03-17,,Completed,9.99
O0004467,C000476,2026-03-17,PROMO_BASE,Completed,0.0
O0004468,C000959,2026-03-17,,Completed,0.0
O0004469,C001679,2026-03-17,,Completed,4.99
O0004470,C000959,2026-03-17,,Completed,0.0
O0004471,C000335,2026-03-17,,Completed,0.0
O0004472,C001226,2026-03-17,PROMO_BASE,Completed,0.0
O0004473,C002272,2026-03-17,,Completed,0.0
O0004474,C002452,2026-03-17,,Completed,9.99
O0004475,C000541,2026-03-17,,Completed,9.99
O0004476,C001477,2026-03-17,,Completed,6.99
O0004477,C002397,2026-03-18,,Completed,0.0
O0004478,C001308,2026-03-18,,Completed,4.99
O0004479,C001026,2026-03-18,,Completed,0.0
O0004480,C002137,2026-03-18,PROMO_BASE,Completed,0.0
O0004481,C002314,2026-03-18,,Completed,0.0
O0004482,C000142,2026-03-18,PROMO_BASE,Completed,0.0
O0004483,C000099,2026-03-18,,Completed,0.0
O0004484,C001317,2026-03-18,,Completed,0.0
O0004485,C001275,2026-03-18,PROMO_BASE,Completed,0.0
O0004486,C002397,2026-03-18,,Completed,4.99
O0004487,C000723,2026-03-18,,Completed,0.0
O0004488,C001616,2026-03-18,,Completed,0.0
O0004489,C001517,2026-03-18,,Completed,0.0
O0004490,C000975,2026-03-18,,Completed,0.0
O0004491,C000240,2026-03-18,PROMO_BASE,Completed,4.99
O0004492,C002234,2026-03-18,,Completed,0.0
O0004493,C001931,2026-03-18,,Completed,6.99
O0004494,C000876,2026-03-18,,Completed,0.0
O0004495,C000923,2026-03-18,,Completed,6.99
O0004496,C001790,2026-03-18,,Completed,9.99
O0004497,C000091,2026-03-18,,Completed,0.0
O0004498,C000723,2026-03-18,PROMO_BASE,Completed,0.0
O0004499,C000397,2026-03-18,,Completed,4.99
O0004500,C000432,2026-03-18,,Completed,0.0
O0004501,C001247,2026-03-18,,Completed,9.99
O0004502,C001298,2026-03-18,PROMO_BASE,Completed,6.99
O0004503,C000589,2026-03-18,,Completed,9.99
O0004504,C000001,2026-03-18,PROMO_BASE,Completed,0.0
O0004505,C000491,2026-03-18,PROMO_BASE,Completed,0.0
O0004506,C001742,2026-03-18,,Completed,9.99
O0004507,C001126,2026-03-18,,Completed,0.0
O0004508,C002118,2026-03-18,,Completed,0.0
O0004509,C001019,2026-03-18,,Completed,9.99
O0004510,C001187,2026-03-18,PROMO_BASE,Completed,0.0
O0004511,C002310,2026-03-18,PROMO_BASE,Completed,0.0
O0004512,C000558,2026-03-18,,Completed,0.0
O0004513,C002211,2026-03-18,,Completed,0.0
O0004514,C001617,2026-03-18,,Completed,6.99
O0004515,C000696,2026-03-18,PROMO_BASE,Completed,0.0
O0004516,C000721,2026-03-18,,Completed,0.0
O0004517,C001908,2026-03-18,PROMO_BASE,Completed,9.99
O0004518,C000537,2026-03-18,,Completed,0.0
O0004519,C000685,2026-03-18,PROMO_BASE,Completed,0.0
O0004520,C000783,2026-03-18,PROMO_BASE,Completed,6.99
O0004521,C000589,2026-03-18,PROMO_BASE,Completed,0.0
O0004522,C000749,2026-03-18,,Completed,0.0
O0004523,C002440,2026-03-18,PROMO_BASE,Completed,0.0
O0004524,C000506,2026-03-18,,Completed,0.0
O0004525,C001891,2026-03-18,PROMO_BASE,Completed,0.0
O0004526,C002050,2026-03-18,,Completed,9.99
O0004527,C002397,2026-03-18,PROMO_BASE,Completed,6.99
O0004528,C001521,2026-03-18,PROMO_BASE,Completed,0.0
O0004529,C002183,2026-03-18,PROMO_BASE,Completed,0.0
O0004530,C000153,2026-03-18,,Completed,6.99
O0004531,C000961,2026-03-18,,Completed,0.0
O0004532,C000647,2026-03-18,,Completed,0.0
O0004533,C000302,2026-03-18,PROMO_BASE,Completed,0.0
O0004534,C000142,2026-03-18,,Completed,0.0
O0004535,C000530,2026-03-18,,Completed,0.0
O0004536,C002262,2026-03-18,,Completed,6.99
O0004537,C001191,2026-03-18,,Completed,0.0
O0004538,C000477,2026-03-18,,Completed,9.99
O0004539,C001855,2026-03-18,,Completed,4.99
O0004540,C001255,2026-03-18,,Completed,4.99
O0004541,C000574,2026-03-18,,Completed,0.0
O0004542,C000506,2026-03-18,,Completed,6.99
O0004543,C000956,2026-03-18,,Completed,4.99
O0004544,C000899,2026-03-18,PROMO_BASE,Completed,6.99
O0004545,C000763,2026-03-18,PROMO_BASE,Completed,4.99
O0004546,C000589,2026-03-18,,Completed,4.99
O0004547,C000597,2026-03-18,,Completed,0.0
O0004548,C000938,2026-03-18,,Completed,9.99
O0004549,C000315,2026-03-18,,Completed,0.0
O0004550,C000079,2026-03-18,,Completed,0.0
O0004551,C000628,2026-03-18,,Completed,0.0
O0004552,C001003,2026-03-18,PROMO_BASE,Completed,0.0
O0004553,C002159,2026-03-18,,Completed,9.99
O0004554,C000317,2026-03-18,,Completed,9.99
O0004555,C001521,2026-03-18,,Completed,0.0
O0004556,C001768,2026-03-19,,Completed,9.99
O0004557,C002471,2026-03-19,PROMO_BASE,Completed,0.0
O0004558,C001123,2026-03-19,PROMO_BASE,Completed,0.0
O0004559,C002322,2026-03-19,,Completed,6.99
O0004560,C001752,2026-03-19,,Completed,0.0
O0004561,C000497,2026-03-19,,Completed,0.0
O0004562,C000441,2026-03-19,,Completed,0.0
O0004563,C000035,2026-03-19,,Completed,6.99
O0004564,C000170,2026-03-19,PROMO_BASE,Completed,6.99
O0004565,C001732,2026-03-19,PROMO_BASE,Completed,0.0
O0004566,C002340,2026-03-19,PROMO_BASE,Completed,0.0
O0004567,C001713,2026-03-19,,Completed,0.0
O0004568,C002269,2026-03-19,PROMO_BASE,Completed,0.0
O0004569,C002282,2026-03-19,PROMO_BASE,Completed,9.99
O0004570,C002143,2026-03-19,PROMO_BASE,Completed,0.0
O0004571,C001388,2026-03-19,,Completed,0.0
O0004572,C000561,2026-03-19,PROMO_BASE,Completed,0.0
O0004573,C000761,2026-03-19,,Completed,0.0
O0004574,C000359,2026-03-19,,Completed,0.0
O0004575,C000477,2026-03-19,,Completed,0.0
O0004576,C000099,2026-03-19,,Completed,0.0
O0004577,C001810,2026-03-19,,Completed,9.99
O0004578,C001836,2026-03-19,,Completed,9.99
O0004579,C001628,2026-03-19,,Completed,0.0
O0004580,C002271,2026-03-19,,Completed,0.0
O0004581,C002397,2026-03-19,,Completed,0.0
O0004582,C000327,2026-03-19,,Completed,9.99
O0004583,C000869,2026-03-19,,Completed,9.99
O0004584,C001949,2026-03-19,,Completed,0.0
O0004585,C001423,2026-03-19,,Completed,0.0
O0004586,C001120,2026-03-19,,Completed,4.99
O0004587,C001114,2026-03-19,PROMO_BASE,Completed,0.0
O0004588,C000531,2026-03-19,PROMO_BASE,Completed,0.0
O0004589,C000088,2026-03-19,,Completed,6.99
O0004590,C001502,2026-03-19,,Completed,9.99
O0004591,C001008,2026-03-19,,Completed,9.99
O0004592,C002000,2026-03-19,PROMO_BASE,Completed,4.99
O0004593,C001380,2026-03-19,,Completed,0.0
O0004594,C001942,2026-03-19,PROMO_BASE,Completed,0.0
O0004595,C001930,2026-03-19,PROMO_BASE,Completed,0.0
O0004596,C001091,2026-03-19,,Completed,9.99
O0004597,C002312,2026-03-19,,Completed,9.99
O0004598,C001440,2026-03-19,PROMO_BASE,Completed,0.0
O0004599,C001177,2026-03-19,,Completed,6.99
O0004600,C000344,2026-03-20,PROMO_BASE,Completed,0.0
O0004601,C002447,2026-03-20,,Completed,4.99
O0004602,C002453,2026-03-20,,Completed,0.0
O0004603,C002309,2026-03-20,PROMO_BASE,Completed,4.99
O0004604,C001514,2026-03-20,,Completed,4.99
O0004605,C002358,2026-03-20,,Completed,0.0
O0004606,C002328,2026-03-20,,Completed,4.99
O0004607,C002179,2026-03-20,,Completed,0.0
O0004608,C000096,2026-03-20,PROMO_BASE,Completed,4.99
O0004609,C001929,2026-03-20,,Completed,9.99
O0004610,C000168,2026-03-20,,Completed,9.99
O0004611,C001320,2026-03-20,,Completed,0.0
O0004612,C000720,2026-03-20,,Completed,0.0
O0004613,C000606,2026-03-20,PROMO_BASE,Completed,0.0
O0004614,C001914,2026-03-20,,Completed,9.99
O0004615,C002053,2026-03-20,PROMO_BASE,Completed,0.0
O0004616,C001268,2026-03-20,,Completed,0.0
O0004617,C001007,2026-03-20,PROMO_BASE,Completed,4.99
O0004618,C000413,2026-03-20,PROMO_BASE,Completed,9.99
O0004619,C000653,2026-03-20,,Completed,0.0
O0004620,C002265,2026-03-20,PROMO_BASE,Completed,0.0
O0004621,C001927,2026-03-20,,Completed,4.99
O0004622,C000929,2026-03-20,,Completed,9.99
O0004623,C001885,2026-03-20,,Completed,6.99
O0004624,C000344,2026-03-20,,Completed,6.99
O0004625,C000082,2026-03-20,PROMO_BASE,Completed,0.0
O0004626,C001619,2026-03-20,,Completed,4.99
O0004627,C002300,2026-03-20,,Completed,0.0
O0004628,C002193,2026-03-20,,Completed,0.0
O0004629,C000665,2026-03-20,,Completed,6.99
O0004630,C001076,2026-03-20,,Completed,0.0
O0004631,C001427,2026-03-20,,Completed,9.99
O0004632,C002015,2026-03-20,,Completed,0.0
O0004633,C001710,2026-03-20,,Completed,0.0
O0004634,C000572,2026-03-20,,Completed,6.99
O0004635,C002264,2026-03-20,,Completed,0.0
O0004636,C000858,2026-03-20,,Completed,9.99
O0004637,C002279,2026-03-20,,Completed,0.0
O0004638,C002279,2026-03-20,,Completed,0.0
O0004639,C000870,2026-03-20,,Completed,0.0
O0004640,C002329,2026-03-20,,Completed,0.0
O0004641,C002204,2026-03-20,PROMO_BASE,Completed,6.99
O0004642,C002047,2026-03-20,,Completed,0.0
O0004643,C000745,2026-03-21,,Completed,0.0
O0004644,C001722,2026-03-21,,Completed,9.99
O0004645,C001557,2026-03-21,PROMO_BASE,Completed,0.0
O0004646,C000671,2026-03-21,,Completed,0.0
O0004647,C002066,2026-03-21,PROMO_BASE,Completed,4.99
O0004648,C001446,2026-03-21,PROMO_BASE,Completed,6.99
O0004649,C002099,2026-03-21,,Completed,9.99
O0004650,C002077,2026-03-21,,Completed,0.0
O0004651,C001420,2026-03-21,,Completed,9.99
O0004652,C000256,2026-03-21,,Completed,0.0
O0004653,C000700,2026-03-21,,Completed,0.0
O0004654,C001477,2026-03-21,,Completed,4.99
O0004655,C001726,2026-03-21,,Completed,0.0
O0004656,C002437,2026-03-21,,Completed,0.0
O0004657,C002263,2026-03-21,PROMO_BASE,Completed,0.0
O0004658,C001828,2026-03-21,,Completed,6.99
O0004659,C001970,2026-03-21,,Completed,9.99
O0004660,C002437,2026-03-21,,Completed,0.0
O0004661,C000726,2026-03-21,,Completed,0.0
O0004662,C001455,2026-03-21,,Completed,0.0
O0004663,C000894,2026-03-21,PROMO_BASE,Completed,0.0
O0004664,C001595,2026-03-21,,Completed,9.99
O0004665,C000235,2026-03-21,,Completed,9.99
O0004666,C002347,2026-03-21,,Completed,0.0
O0004667,C000711,2026-03-21,,Completed,0.0
O0004668,C000723,2026-03-21,,Completed,9.99
O0004669,C000108,2026-03-21,,Completed,0.0
O0004670,C000204,2026-03-21,PROMO_BASE,Completed,0.0
O0004671,C000430,2026-03-21,,Completed,0.0
O0004672,C000516,2026-03-21,,Completed,0.0
O0004673,C000642,2026-03-21,,Completed,4.99
O0004674,C001051,2026-03-21,,Completed,6.99
O0004675,C001258,2026-03-21,,Completed,6.99
O0004676,C001073,2026-03-21,,Completed,4.99
O0004677,C001753,2026-03-21,PROMO_BASE,Completed,4.99
O0004678,C000530,2026-03-21,PROMO_BASE,Completed,6.99
O0004679,C001828,2026-03-21,,Completed,9.99
O0004680,C002185,2026-03-21,,Completed,0.0
O0004681,C000613,2026-03-21,,Completed,9.99
O0004682,C000925,2026-03-21,PROMO_BASE,Completed,0.0
O0004683,C000232,2026-03-21,,Completed,6.99
O0004684,C002163,2026-03-21,,Completed,9.99
O0004685,C001941,2026-03-21,,Completed,0.0
O0004686,C001451,2026-03-21,,Completed,0.0
O0004687,C002118,2026-03-21,,Completed,9.99
O0004688,C001191,2026-03-21,,Completed,0.0
O0004689,C001985,2026-03-21,PROMO_BASE,Completed,0.0
O0004690,C001731,2026-03-21,,Completed,4.99
O0004691,C002009,2026-03-21,,Completed,4.99
O0004692,C001509,2026-03-21,,Completed,6.99
O0004693,C001387,2026-03-21,PROMO_BASE,Completed,4.99
O0004694,C001728,2026-03-21,,Completed,9.99
O0004695,C000434,2026-03-21,,Completed,4.99
O0004696,C002383,2026-03-21,,Completed,0.0
O0004697,C000562,2026-03-21,,Completed,9.99
O0004698,C002465,2026-03-21,PROMO_BASE,Completed,4.99
O0004699,C002482,2026-03-21,PROMO_BASE,Completed,4.99
O0004700,C000488,2026-03-21,,Completed,6.99
O0004701,C001156,2026-03-21,PROMO_BASE,Completed,0.0
O0004702,C001494,2026-03-21,,Completed,4.99
O0004703,C001486,2026-03-21,PROMO_BASE,Completed,4.99
O0004704,C000745,2026-03-21,,Completed,0.0
O0004705,C001725,2026-03-21,PROMO_BASE,Completed,0.0
O0004706,C002460,2026-03-21,,Completed,0.0
O0004707,C000745,2026-03-21,PROMO_BASE,Completed,0.0
O0004708,C001004,2026-03-21,PROMO_BASE,Completed,9.99
O0004709,C002160,2026-03-21,PROMO_BASE,Completed,4.99
O0004710,C002151,2026-03-21,PROMO_BASE,Completed,0.0
O0004711,C001838,2026-03-21,,Completed,6.99
O0004712,C000650,2026-03-21,,Completed,9.99
O0004713,C000192,2026-03-21,,Completed,0.0
O0004714,C001424,2026-03-21,,Completed,0.0
O0004715,C000777,2026-03-21,PROMO_BASE,Completed,0.0
O0004716,C002434,2026-03-21,PROMO_BASE,Completed,0.0
O0004717,C000959,2026-03-21,,Completed,9.99
O0004718,C000064,2026-03-22,,Completed,0.0
O0004719,C001431,2026-03-22,,Completed,9.99
O0004720,C000941,2026-03-22,,Completed,0.0
O0004721,C000696,2026-03-22,,Completed,0.0
O0004722,C001117,2026-03-22,,Completed,9.99
O0004723,C000269,2026-03-22,,Completed,0.0
O0004724,C000063,2026-03-22,,Completed,4.99
O0004725,C002358,2026-03-22,,Completed,9.99
O0004726,C002049,2026-03-22,,Completed,6.99
O0004727,C000035,2026-03-22,PROMO_BASE,Completed,0.0
O0004728,C001363,2026-03-22,,Completed,9.99
O0004729,C000322,2026-03-22,,Completed,4.99
O0004730,C001742,2026-03-22,PROMO_BASE,Completed,6.99
O0004731,C002337,2026-03-22,PROMO_BASE,Completed,0.0
O0004732,C001019,2026-03-22,,Completed,6.99
O0004733,C001542,2026-03-22,,Completed,0.0
O0004734,C000396,2026-03-22,,Completed,0.0
O0004735,C001222,2026-03-22,PROMO_BASE,Completed,6.99
O0004736,C001400,2026-03-22,PROMO_BASE,Completed,0.0
O0004737,C002466,2026-03-22,,Completed,0.0
O0004738,C000119,2026-03-22,PROMO_BASE,Completed,4.99
O0004739,C000013,2026-03-22,PROMO_BASE,Completed,0.0
O0004740,C000849,2026-03-22,PROMO_BASE,Completed,0.0
O0004741,C000669,2026-03-22,,Completed,0.0
O0004742,C000022,2026-03-22,PROMO_BASE,Completed,0.0
O0004743,C000130,2026-03-22,,Completed,0.0
O0004744,C001662,2026-03-22,,Completed,0.0
O0004745,C001661,2026-03-22,PROMO_BASE,Completed,0.0
O0004746,C001264,2026-03-22,,Completed,0.0
O0004747,C001224,2026-03-22,,Completed,0.0
O0004748,C001026,2026-03-22,,Completed,0.0
O0004749,C001314,2026-03-22,PROMO_BASE,Completed,0.0
O0004750,C001953,2026-03-22,,Completed,0.0
O0004751,C001646,2026-03-22,,Completed,0.0
O0004752,C000088,2026-03-22,PROMO_BASE,Completed,4.99
O0004753,C000456,2026-03-22,,Completed,4.99
O0004754,C001603,2026-03-22,PROMO_BASE,Completed,0.0
O0004755,C000471,2026-03-22,,Completed,0.0
O0004756,C000355,2026-03-22,,Completed,0.0
O0004757,C000276,2026-03-22,PROMO_BASE,Completed,6.99
O0004758,C000037,2026-03-22,,Completed,0.0
O0004759,C000042,2026-03-22,PROMO_BASE,Completed,4.99
O0004760,C000771,2026-03-22,,Completed,9.99
O0004761,C001492,2026-03-22,PROMO_BASE,Completed,4.99
O0004762,C001021,2026-03-22,,Completed,0.0
O0004763,C000191,2026-03-22,,Completed,0.0
O0004764,C001967,2026-03-22,PROMO_BASE,Completed,0.0
O0004765,C000603,2026-03-22,,Completed,9.99
O0004766,C000456,2026-03-22,,Completed,4.99
O0004767,C000758,2026-03-22,,Completed,0.0
O0004768,C001978,2026-03-22,PROMO_BASE,Completed,0.0
O0004769,C001021,2026-03-22,,Completed,9.99
O0004770,C001268,2026-03-22,PROMO_BASE,Completed,4.99
O0004771,C000589,2026-03-22,PROMO_BASE,Completed,4.99
O0004772,C001942,2026-03-22,,Completed,4.99
O0004773,C001102,2026-03-23,,Completed,4.99
O0004774,C001017,2026-03-23,PROMO_BASE,Completed,0.0
O0004775,C002297,2026-03-23,,Completed,0.0
O0004776,C000441,2026-03-23,,Completed,0.0
O0004777,C000708,2026-03-23,,Completed,6.99
O0004778,C001138,2026-03-23,,Completed,0.0
O0004779,C002380,2026-03-23,,Completed,4.99
O0004780,C000349,2026-03-23,,Completed,6.99
O0004781,C002297,2026-03-23,,Completed,4.99
O0004782,C001214,2026-03-23,PROMO_BASE,Completed,0.0
O0004783,C000219,2026-03-23,PROMO_BASE,Completed,4.99
O0004784,C002118,2026-03-23,PROMO_BASE,Completed,6.99
O0004785,C001223,2026-03-23,,Completed,6.99
O0004786,C001339,2026-03-23,,Completed,0.0
O0004787,C000160,2026-03-23,PROMO_BASE,Completed,6.99
O0004788,C002152,2026-03-23,,Completed,0.0
O0004789,C002470,2026-03-23,,Completed,9.99
O0004790,C001339,2026-03-23,PROMO_BASE,Completed,0.0
O0004791,C000615,2026-03-23,,Completed,9.99
O0004792,C000219,2026-03-23,,Completed,6.99
O0004793,C001056,2026-03-23,PROMO_BASE,Completed,6.99
O0004794,C001660,2026-03-23,,Completed,0.0
O0004795,C002002,2026-03-23,,Completed,0.0
O0004796,C000577,2026-03-23,,Completed,4.99
O0004797,C000011,2026-03-23,,Completed,0.0
O0004798,C001922,2026-03-23,,Completed,0.0
O0004799,C001075,2026-03-23,,Completed,0.0
O0004800,C000495,2026-03-23,,Completed,4.99
O0004801,C001134,2026-03-23,,Completed,0.0
O0004802,C001298,2026-03-23,PROMO_BASE,Completed,0.0
O0004803,C002492,2026-03-23,,Completed,0.0
O0004804,C001477,2026-03-23,PROMO_BASE,Completed,0.0
O0004805,C001967,2026-03-23,PROMO_BASE,Completed,0.0
O0004806,C001484,2026-03-23,,Completed,9.99
O0004807,C002075,2026-03-23,,Completed,0.0
O0004808,C001522,2026-03-23,,Completed,9.99
O0004809,C001628,2026-03-23,,Completed,4.99
O0004810,C000073,2026-03-23,,Completed,0.0
O0004811,C000451,2026-03-23,,Completed,0.0
O0004812,C001900,2026-03-23,PROMO_BASE,Completed,6.99
O0004813,C002066,2026-03-23,,Completed,0.0
O0004814,C002189,2026-03-23,,Completed,0.0
O0004815,C000250,2026-03-23,,Completed,0.0
O0004816,C001339,2026-03-23,,Completed,4.99
O0004817,C001026,2026-03-24,PROMO_BASE,Completed,6.99
O0004818,C000759,2026-03-24,,Completed,0.0
O0004819,C001662,2026-03-24,,Completed,6.99
O0004820,C000933,2026-03-24,,Completed,0.0
O0004821,C000869,2026-03-24,,Completed,0.0
O0004822,C001849,2026-03-24,PROMO_BASE,Completed,6.99
O0004823,C001562,2026-03-24,,Completed,9.99
O0004824,C000942,2026-03-24,,Completed,4.99
O0004825,C000713,2026-03-24,,Completed,0.0
O0004826,C001852,2026-03-24,,Completed,0.0
O0004827,C001045,2026-03-24,,Completed,9.99
O0004828,C001318,2026-03-24,,Completed,0.0
O0004829,C000630,2026-03-24,,Completed,0.0
O0004830,C001071,2026-03-24,,Completed,4.99
O0004831,C002226,2026-03-24,,Completed,0.0
O0004832,C001877,2026-03-24,,Completed,0.0
O0004833,C002098,2026-03-24,PROMO_BASE,Completed,9.99
O0004834,C001529,2026-03-24,PROMO_BASE,Completed,0.0
O0004835,C000125,2026-03-24,,Completed,0.0
O0004836,C001672,2026-03-24,,Completed,4.99
O0004837,C000636,2026-03-24,,Completed,0.0
O0004838,C000552,2026-03-24,,Completed,4.99
O0004839,C001211,2026-03-24,,Completed,0.0
O0004840,C001381,2026-03-24,,Completed,0.0
O0004841,C001123,2026-03-24,,Completed,4.99
O0004842,C002434,2026-03-24,,Completed,0.0
O0004843,C000841,2026-03-24,,Completed,9.99
O0004844,C002434,2026-03-24,PROMO_BASE,Completed,0.0
O0004845,C001635,2026-03-24,,Completed,0.0
O0004846,C000151,2026-03-24,PROMO_BASE,Completed,4.99
O0004847,C000618,2026-03-24,,Completed,0.0
O0004848,C000405,2026-03-24,,Completed,9.99
O0004849,C000528,2026-03-24,,Completed,0.0
O0004850,C000524,2026-03-24,,Completed,4.99
O0004851,C000016,2026-03-24,,Completed,6.99
O0004852,C002340,2026-03-24,,Completed,9.99
O0004853,C002068,2026-03-24,,Completed,0.0
O0004854,C000397,2026-03-24,,Completed,9.99
O0004855,C000645,2026-03-24,PROMO_BASE,Completed,0.0
O0004856,C000855,2026-03-24,,Completed,0.0
O0004857,C000921,2026-03-24,,Completed,0.0
O0004858,C000239,2026-03-24,PROMO_BASE,Completed,0.0
O0004859,C000721,2026-03-24,,Completed,4.99
O0004860,C001121,2026-03-24,,Completed,0.0
O0004861,C002445,2026-03-24,,Completed,6.99
O0004862,C001391,2026-03-24,PROMO_BASE,Completed,0.0
O0004863,C000170,2026-03-24,,Completed,9.99
O0004864,C002031,2026-03-24,,Completed,0.0
O0004865,C001634,2026-03-24,,Completed,0.0
O0004866,C001222,2026-03-24,,Completed,6.99
O0004867,C002346,2026-03-24,PROMO_BASE,Completed,6.99
O0004868,C000242,2026-03-24,,Completed,0.0
O0004869,C001450,2026-03-24,PROMO_BASE,Completed,0.0
O0004870,C000733,2026-03-24,PROMO_BASE,Completed,4.99
O0004871,C001832,2026-03-24,,Completed,0.0
O0004872,C000199,2026-03-24,,Completed,0.0
O0004873,C000710,2026-03-24,PROMO_BASE,Completed,4.99
O0004874,C000396,2026-03-24,,Completed,9.99
O0004875,C001006,2026-03-24,,Completed,4.99
O0004876,C001660,2026-03-25,,Completed,9.99
O0004877,C000929,2026-03-25,,Completed,0.0
O0004878,C001685,2026-03-25,PROMO_BASE,Completed,6.99
O0004879,C000641,2026-03-25,PROMO_BASE,Completed,6.99
O0004880,C001667,2026-03-25,,Completed,0.0
O0004881,C001584,2026-03-25,,Completed,9.99
O0004882,C001240,2026-03-25,PROMO_BASE,Completed,0.0
O0004883,C001048,2026-03-25,,Completed,4.99
O0004884,C002436,2026-03-25,,Completed,9.99
O0004885,C001462,2026-03-25,PROMO_BASE,Completed,0.0
O0004886,C001963,2026-03-25,,Completed,0.0
O0004887,C002453,2026-03-25,,Completed,6.99
O0004888,C000358,2026-03-25,,Completed,0.0
O0004889,C002263,2026-03-25,,Completed,6.99
O0004890,C001047,2026-03-25,,Completed,0.0
O0004891,C000445,2026-03-25,PROMO_BASE,Completed,6.99
O0004892,C001096,2026-03-25,,Completed,0.0
O0004893,C002052,2026-03-25,,Completed,6.99
O0004894,C001521,2026-03-25,,Completed,0.0
O0004895,C002153,2026-03-25,,Completed,4.99
O0004896,C000016,2026-03-25,PROMO_BASE,Completed,0.0
O0004897,C000087,2026-03-25,,Completed,4.99
O0004898,C002249,2026-03-25,,Completed,0.0
O0004899,C000693,2026-03-25,PROMO_BASE,Completed,0.0
O0004900,C000244,2026-03-25,PROMO_BASE,Completed,9.99
O0004901,C001451,2026-03-25,,Completed,0.0
O0004902,C001316,2026-03-25,,Completed,6.99
O0004903,C000632,2026-03-25,PROMO_BASE,Completed,0.0
O0004904,C000074,2026-03-25,,Completed,0.0
O0004905,C000445,2026-03-25,,Completed,0.0
O0004906,C001298,2026-03-25,,Completed,0.0
O0004907,C000059,2026-03-25,PROMO_BASE,Completed,9.99
O0004908,C002214,2026-03-25,,Completed,0.0
O0004909,C001990,2026-03-25,PROMO_BASE,Completed,0.0
O0004910,C001661,2026-03-25,PROMO_BASE,Completed,0.0
O0004911,C000852,2026-03-25,,Completed,4.99
O0004912,C000417,2026-03-25,PROMO_BASE,Completed,0.0
O0004913,C001442,2026-03-25,PROMO_BASE,Completed,6.99
O0004914,C001793,2026-03-25,,Completed,0.0
O0004915,C001126,2026-03-25,,Completed,0.0
O0004916,C001218,2026-03-25,,Completed,0.0
O0004917,C001462,2026-03-25,,Completed,6.99
O0004918,C002259,2026-03-25,,Completed,0.0
O0004919,C001017,2026-03-25,,Completed,9.99
O0004920,C001391,2026-03-25,PROMO_BASE,Completed,0.0
O0004921,C002268,2026-03-25,,Completed,4.99
O0004922,C000510,2026-03-25,,Completed,0.0
O0004923,C001940,2026-03-25,,Completed,9.99
O0004924,C000703,2026-03-25,PROMO_BASE,Completed,6.99
O0004925,C002465,2026-03-25,PROMO_BASE,Completed,0.0
O0004926,C000437,2026-03-25,,Completed,0.0
O0004927,C000278,2026-03-25,PROMO_BASE,Completed,0.0
O0004928,C001495,2026-03-25,,Completed,4.99
O0004929,C001462,2026-03-25,,Completed,9.99
O0004930,C002018,2026-03-25,PROMO_BASE,Completed,0.0
O0004931,C002184,2026-03-25,,Completed,6.99
O0004932,C002458,2026-03-25,,Completed,9.99
O0004933,C001342,2026-03-25,,Completed,0.0
O0004934,C000013,2026-03-25,,Completed,0.0
O0004935,C001682,2026-03-25,PROMO_BASE,Completed,4.99
O0004936,C000165,2026-03-25,,Completed,0.0
O0004937,C001462,2026-03-25,,Completed,0.0
O0004938,C000938,2026-03-25,,Completed,4.99
O0004939,C001968,2026-03-25,PROMO_BASE,Completed,0.0
O0004940,C002435,2026-03-26,PROMO_BASE,Completed,9.99
O0004941,C001096,2026-03-26,,Completed,6.99
O0004942,C002331,2026-03-26,,Completed,0.0
O0004943,C002263,2026-03-26,,Completed,4.99
O0004944,C001619,2026-03-26,,Completed,0.0
O0004945,C000380,2026-03-26,PROMO_BASE,Completed,0.0
O0004946,C000849,2026-03-26,,Completed,0.0
O0004947,C000761,2026-03-26,,Completed,0.0
O0004948,C001857,2026-03-26,,Completed,0.0
O0004949,C000359,2026-03-26,,Completed,4.99
O0004950,C000523,2026-03-26,PROMO_BASE,Completed,0.0
O0004951,C001328,2026-03-26,PROMO_BASE,Completed,0.0
O0004952,C000134,2026-03-26,,Completed,9.99
O0004953,C001751,2026-03-26,,Completed,0.0
O0004954,C001749,2026-03-26,,Completed,0.0
O0004955,C001354,2026-03-26,,Completed,9.99
O0004956,C000481,2026-03-26,PROMO_BASE,Completed,0.0
O0004957,C001619,2026-03-26,,Completed,0.0
O0004958,C000861,2026-03-26,,Completed,0.0
O0004959,C002406,2026-03-26,,Completed,0.0
O0004960,C000472,2026-03-26,,Completed,0.0
O0004961,C001936,2026-03-26,,Completed,6.99
O0004962,C000336,2026-03-26,,Completed,9.99
O0004963,C002077,2026-03-26,,Completed,0.0
O0004964,C002104,2026-03-26,,Completed,0.0
O0004965,C000759,2026-03-26,PROMO_BASE,Completed,6.99
O0004966,C001844,2026-03-26,,Completed,0.0
O0004967,C000406,2026-03-26,PROMO_BASE,Completed,4.99
O0004968,C001006,2026-03-26,,Completed,6.99
O0004969,C000322,2026-03-26,PROMO_BASE,Completed,0.0
O0004970,C000016,2026-03-26,,Completed,0.0
O0004971,C001395,2026-03-26,,Completed,0.0
O0004972,C002126,2026-03-26,,Completed,0.0
O0004973,C000030,2026-03-26,,Completed,4.99
O0004974,C001546,2026-03-26,,Completed,0.0
O0004975,C000490,2026-03-26,,Completed,0.0
O0004976,C001919,2026-03-26,,Completed,6.99
O0004977,C001984,2026-03-26,,Completed,6.99
O0004978,C002151,2026-03-26,PROMO_BASE,Completed,4.99
O0004979,C001213,2026-03-26,,Completed,0.0
O0004980,C000535,2026-03-26,,Completed,4.99
O0004981,C001837,2026-03-26,,Completed,0.0
O0004982,C002104,2026-03-26,,Completed,9.99
O0004983,C002267,2026-03-26,,Completed,0.0
O0004984,C001529,2026-03-26,,Completed,0.0
O0004985,C001351,2026-03-26,,Completed,0.0
O0004986,C002281,2026-03-26,,Completed,9.99
O0004987,C000441,2026-03-26,PROMO_BASE,Completed,0.0
O0004988,C000859,2026-03-26,PROMO_BASE,Completed,4.99
O0004989,C001983,2026-03-26,PROMO_BASE,Completed,4.99
O0004990,C002028,2026-03-26,,Completed,6.99
O0004991,C000413,2026-03-26,,Completed,4.99
O0004992,C000265,2026-03-26,,Completed,9.99
O0004993,C002428,2026-03-26,,Completed,9.99
O0004994,C001241,2026-03-26,,Completed,0.0
O0004995,C000319,2026-03-26,PROMO_BASE,Completed,4.99
O0004996,C001792,2026-03-26,PROMO_BASE,Completed,0.0
O0004997,C002373,2026-03-26,,Completed,4.99
O0004998,C001300,2026-03-26,,Completed,0.0
O0004999,C001048,2026-03-26,,Completed,0.0
O0005000,C000499,2026-03-26,,Completed,0.0
O0005001,C000899,2026-03-26,,Completed,0.0
O0005002,C002325,2026-03-26,PROMO_BASE,Completed,0.0
O0005003,C000232,2026-03-26,,Completed,0.0
O0005004,C002126,2026-03-26,PROMO_BASE,Completed,0.0
O0005005,C002054,2026-03-26,,Completed,9.99
O0005006,C000083,2026-03-26,,Completed,6.99
O0005007,C000749,2026-03-26,PROMO_BASE,Completed,0.0
O0005008,C002126,2026-03-26,,Completed,0.0
O0005009,C000155,2026-03-26,,Completed,6.99
O0005010,C000035,2026-03-26,PROMO_BASE,Completed,0.0
O0005011,C002205,2026-03-27,,Completed,9.99
O0005012,C001454,2026-03-27,,Completed,6.99
O0005013,C001258,2026-03-27,,Completed,0.0
O0005014,C000381,2026-03-27,PROMO_BASE,Completed,4.99
O0005015,C000214,2026-03-27,,Completed,4.99
O0005016,C000802,2026-03-27,,Completed,0.0
O0005017,C000768,2026-03-27,PROMO_BASE,Completed,9.99
O0005018,C002116,2026-03-27,,Completed,4.99
O0005019,C001921,2026-03-27,,Completed,0.0
O0005020,C001930,2026-03-27,,Completed,6.99
O0005021,C001177,2026-03-27,,Completed,0.0
O0005022,C001671,2026-03-27,PROMO_BASE,Completed,4.99
O0005023,C001844,2026-03-27,PROMO_BASE,Completed,9.99
O0005024,C000272,2026-03-27,,Completed,0.0
O0005025,C000050,2026-03-27,,Completed,0.0
O0005026,C001532,2026-03-27,,Completed,0.0
O0005027,C000025,2026-03-27,,Completed,6.99
O0005028,C001908,2026-03-27,,Completed,0.0
O0005029,C000155,2026-03-27,,Completed,0.0
O0005030,C001524,2026-03-27,PROMO_BASE,Completed,0.0
O0005031,C002263,2026-03-27,,Completed,0.0
O0005032,C001375,2026-03-27,,Completed,4.99
O0005033,C002046,2026-03-27,,Completed,0.0
O0005034,C000875,2026-03-27,,Completed,0.0
O0005035,C002006,2026-03-27,,Completed,0.0
O0005036,C000185,2026-03-27,,Completed,9.99
O0005037,C002238,2026-03-27,,Completed,0.0
O0005038,C000293,2026-03-27,,Completed,0.0
O0005039,C000095,2026-03-27,,Completed,0.0
O0005040,C001489,2026-03-27,,Completed,0.0
O0005041,C000737,2026-03-27,,Completed,0.0
O0005042,C002142,2026-03-27,PROMO_BASE,Completed,0.0
O0005043,C001453,2026-03-27,,Completed,6.99
O0005044,C000335,2026-03-27,,Completed,9.99
O0005045,C002297,2026-03-27,,Completed,0.0
O0005046,C002030,2026-03-27,,Completed,0.0
O0005047,C000938,2026-03-27,,Completed,0.0
O0005048,C000786,2026-03-27,,Completed,0.0
O0005049,C001170,2026-03-27,,Completed,9.99
O0005050,C002048,2026-03-27,PROMO_BASE,Completed,4.99
O0005051,C001459,2026-03-27,,Completed,9.99
O0005052,C002233,2026-03-27,,Completed,6.99
O0005053,C001250,2026-03-27,,Completed,4.99
O0005054,C002434,2026-03-27,PROMO_BASE,Completed,9.99
O0005055,C002110,2026-03-28,,Completed,0.0
O0005056,C001363,2026-03-28,PROMO_BASE,Completed,0.0
O0005057,C000305,2026-03-28,,Completed,0.0
O0005058,C000291,2026-03-28,PROMO_BASE,Completed,4.99
O0005059,C000273,2026-03-28,,Completed,6.99
O0005060,C001033,2026-03-28,,Completed,4.99
O0005061,C001148,2026-03-28,,Completed,0.0
O0005062,C000731,2026-03-28,,Completed,6.99
O0005063,C002353,2026-03-28,,Completed,6.99
O0005064,C001676,2026-03-28,,Completed,0.0
O0005065,C000212,2026-03-28,,Completed,4.99
O0005066,C000647,2026-03-28,,Completed,0.0
O0005067,C002103,2026-03-28,PROMO_BASE,Completed,0.0
O0005068,C001530,2026-03-28,,Completed,0.0
O0005069,C000703,2026-03-28,PROMO_BASE,Completed,0.0
O0005070,C000560,2026-03-28,PROMO_BASE,Completed,0.0
O0005071,C002199,2026-03-28,,Completed,9.99
O0005072,C000700,2026-03-28,,Completed,4.99
O0005073,C000071,2026-03-28,,Completed,0.0
O0005074,C001256,2026-03-28,,Completed,0.0
O0005075,C001964,2026-03-28,,Completed,6.99
O0005076,C001595,2026-03-28,PROMO_BASE,Completed,0.0
O0005077,C001390,2026-03-28,,Completed,6.99
O0005078,C002158,2026-03-28,PROMO_BASE,Completed,4.99
O0005079,C002119,2026-03-28,,Completed,0.0
O0005080,C001377,2026-03-28,,Completed,0.0
O0005081,C000957,2026-03-28,PROMO_BASE,Completed,4.99
O0005082,C002168,2026-03-28,,Completed,9.99
O0005083,C002125,2026-03-28,,Completed,0.0
O0005084,C001753,2026-03-28,,Completed,0.0
O0005085,C002366,2026-03-28,PROMO_BASE,Completed,0.0
O0005086,C000876,2026-03-28,,Completed,0.0
O0005087,C001298,2026-03-28,,Completed,0.0
O0005088,C000291,2026-03-28,,Completed,0.0
O0005089,C000814,2026-03-28,,Completed,6.99
O0005090,C000822,2026-03-28,PROMO_BASE,Completed,4.99
O0005091,C000422,2026-03-28,,Completed,0.0
O0005092,C001461,2026-03-28,PROMO_BASE,Completed,4.99
O0005093,C000577,2026-03-28,PROMO_BASE,Completed,4.99
O0005094,C000098,2026-03-28,,Completed,0.0
O0005095,C000291,2026-03-28,PROMO_BASE,Completed,0.0
O0005096,C002028,2026-03-28,,Completed,0.0
O0005097,C000078,2026-03-28,PROMO_BASE,Completed,9.99
O0005098,C000301,2026-03-28,,Completed,0.0
O0005099,C002243,2026-03-28,,Completed,0.0
O0005100,C001507,2026-03-28,,Completed,6.99
O0005101,C000446,2026-03-28,,Completed,0.0
O0005102,C000291,2026-03-28,,Completed,6.99
O0005103,C000022,2026-03-28,PROMO_BASE,Completed,9.99
O0005104,C000720,2026-03-28,,Completed,0.0
O0005105,C000687,2026-03-28,PROMO_BASE,Completed,9.99
O0005106,C000858,2026-03-28,,Completed,4.99
O0005107,C002311,2026-03-28,,Completed,0.0
O0005108,C000929,2026-03-28,,Completed,0.0
O0005109,C002242,2026-03-28,,Completed,0.0
O0005110,C001126,2026-03-28,,Completed,9.99
O0005111,C002081,2026-03-28,,Completed,0.0
O0005112,C000982,2026-03-28,,Completed,9.99
O0005113,C001466,2026-03-28,PROMO_BASE,Completed,6.99
O0005114,C001199,2026-03-29,,Completed,0.0
O0005115,C002337,2026-03-29,PROMO_BASE,Completed,6.99
O0005116,C000166,2026-03-29,,Completed,0.0
O0005117,C001300,2026-03-29,PROMO_BASE,Completed,6.99
O0005118,C001316,2026-03-29,,Completed,0.0
O0005119,C001893,2026-03-29,,Completed,0.0
O0005120,C000639,2026-03-29,,Completed,9.99
O0005121,C000524,2026-03-29,,Completed,9.99
O0005122,C000895,2026-03-29,,Completed,9.99
O0005123,C002074,2026-03-29,PROMO_BASE,Completed,9.99
O0005124,C002271,2026-03-29,,Completed,9.99
O0005125,C000196,2026-03-29,,Completed,0.0
O0005126,C002153,2026-03-29,PROMO_BASE,Completed,6.99
O0005127,C001810,2026-03-29,,Completed,0.0
O0005128,C001582,2026-03-29,,Completed,0.0
O0005129,C002460,2026-03-29,,Completed,4.99
O0005130,C000382,2026-03-29,,Completed,0.0
O0005131,C002477,2026-03-29,,Completed,0.0
O0005132,C000633,2026-03-29,,Completed,0.0
O0005133,C001388,2026-03-29,,Completed,0.0
O0005134,C001514,2026-03-29,,Completed,9.99
O0005135,C001575,2026-03-29,PROMO_BASE,Completed,9.99
O0005136,C001740,2026-03-29,,Completed,0.0
O0005137,C000205,2026-03-29,,Completed,4.99
O0005138,C000169,2026-03-29,,Completed,0.0
O0005139,C002145,2026-03-29,,Completed,0.0
O0005140,C001069,2026-03-29,PROMO_BASE,Completed,9.99
O0005141,C000836,2026-03-29,,Completed,9.99
O0005142,C001393,2026-03-29,,Completed,0.0
O0005143,C001273,2026-03-29,,Completed,6.99
O0005144,C001298,2026-03-29,,Completed,0.0
O0005145,C000422,2026-03-29,,Completed,0.0
O0005146,C001530,2026-03-29,,Completed,9.99
O0005147,C000997,2026-03-29,PROMO_BASE,Completed,0.0
O0005148,C000146,2026-03-29,,Completed,0.0
O0005149,C001492,2026-03-29,,Completed,0.0
O0005150,C000642,2026-03-29,,Completed,4.99
O0005151,C002072,2026-03-29,,Completed,0.0
O0005152,C000541,2026-03-29,,Completed,9.99
O0005153,C000096,2026-03-29,,Completed,0.0
O0005154,C002204,2026-03-29,,Completed,0.0
O0005155,C001026,2026-03-29,,Completed,0.0
O0005156,C000524,2026-03-29,,Completed,0.0
O0005157,C002258,2026-03-29,,Completed,9.99
O0005158,C000865,2026-03-29,,Completed,0.0
O0005159,C000882,2026-03-29,PROMO_BASE,Completed,9.99
O0005160,C001161,2026-03-29,,Completed,9.99
O0005161,C001225,2026-03-29,,Completed,0.0
O0005162,C002439,2026-03-29,PROMO_BASE,Completed,0.0
O0005163,C000249,2026-03-29,PROMO_BASE,Completed,6.99
O0005164,C000166,2026-03-29,,Completed,0.0
O0005165,C002431,2026-03-29,,Completed,0.0
O0005166,C000696,2026-03-29,,Completed,0.0
O0005167,C000435,2026-03-30,,Completed,0.0
O0005168,C000174,2026-03-30,,Completed,6.99
O0005169,C000975,2026-03-30,,Completed,0.0
O0005170,C000817,2026-03-30,,Completed,9.99
O0005171,C001141,2026-03-30,,Completed,9.99
O0005172,C000159,2026-03-30,,Completed,9.99
O0005173,C001141,2026-03-30,,Completed,0.0
O0005174,C001227,2026-03-30,,Completed,0.0
O0005175,C001227,2026-03-30,,Completed,0.0
O0005176,C001985,2026-03-30,,Completed,9.99
O0005177,C001270,2026-03-30,,Completed,6.99
O0005178,C000618,2026-03-30,,Completed,9.99
O0005179,C001391,2026-03-30,,Completed,0.0
O0005180,C001433,2026-03-30,PROMO_BASE,Completed,0.0
O0005181,C001222,2026-03-30,PROMO_BASE,Completed,6.99
O0005182,C000779,2026-03-30,,Completed,0.0
O0005183,C000041,2026-03-30,,Completed,4.99
O0005184,C000357,2026-03-30,,Completed,0.0
O0005185,C001489,2026-03-30,PROMO_BASE,Completed,0.0
O0005186,C000280,2026-03-30,,Completed,0.0
O0005187,C000174,2026-03-30,,Completed,0.0
O0005188,C000653,2026-03-30,PROMO_BASE,Completed,0.0
O0005189,C001304,2026-03-30,PROMO_BASE,Completed,0.0
O0005190,C001290,2026-03-30,PROMO_BASE,Completed,4.99
O0005191,C000788,2026-03-30,,Completed,6.99
O0005192,C000088,2026-03-30,,Completed,6.99
O0005193,C000357,2026-03-30,,Completed,9.99
O0005194,C002453,2026-03-30,,Completed,0.0
O0005195,C002137,2026-03-30,,Completed,9.99
O0005196,C000530,2026-03-30,,Completed,0.0
O0005197,C002365,2026-03-30,PROMO_BASE,Completed,9.99
O0005198,C000357,2026-03-30,,Completed,0.0
O0005199,C000939,2026-03-30,PROMO_BASE,Completed,0.0
O0005200,C000357,2026-03-30,,Completed,6.99
O0005201,C002207,2026-03-30,,Completed,0.0
O0005202,C001426,2026-03-30,PROMO_BASE,Completed,0.0
O0005203,C000174,2026-03-30,,Completed,0.0
O0005204,C000218,2026-03-30,,Completed,0.0
O0005205,C001987,2026-03-30,,Completed,0.0
O0005206,C000196,2026-03-30,,Completed,6.99
O0005207,C002493,2026-03-30,,Completed,6.99
O0005208,C001408,2026-03-30,PROMO_BASE,Completed,0.0
O0005209,C000721,2026-03-30,,Completed,4.99
O0005210,C002363,2026-03-30,,Completed,4.99
O0005211,C000589,2026-03-30,,Completed,0.0
O0005212,C002474,2026-03-30,,Completed,0.0
O0005213,C000523,2026-03-30,,Completed,6.99
O0005214,C000557,2026-03-30,PROMO_BASE,Completed,0.0
O0005215,C001477,2026-03-30,,Completed,0.0
O0005216,C000174,2026-03-30,,Completed,4.99
O0005217,C000079,2026-03-30,,Completed,0.0
O0005218,C002468,2026-03-30,PROMO_BASE,Completed,0.0
O0005219,C002235,2026-03-30,PROMO_BASE,Completed,6.99
O0005220,C000379,2026-03-30,,Completed,0.0
O0005221,C000373,2026-03-30,PROMO_BASE,Completed,0.0
O0005222,C001340,2026-03-30,,Completed,6.99
O0005223,C000333,2026-03-30,,Completed,6.99
O0005224,C001825,2026-03-30,PROMO_BASE,Completed,0.0
O0005225,C000064,2026-03-30,PROMO_BASE,Completed,6.99
O0005226,C000174,2026-03-30,PROMO_BASE,Completed,0.0
O0005227,C000499,2026-03-30,,Completed,6.99
O0005228,C002018,2026-03-30,,Completed,0.0
O0005229,C000174,2026-03-30,,Completed,0.0
O0005230,C002135,2026-03-30,,Completed,0.0
O0005231,C002020,2026-03-30,,Completed,0.0
O0005232,C002424,2026-03-30,,Completed,0.0
O0005233,C002348,2026-03-30,,Completed,0.0
O0005234,C001856,2026-03-31,,Completed,9.99
O0005235,C001963,2026-03-31,,Completed,6.99
O0005236,C001248,2026-03-31,,Completed,6.99
O0005237,C001874,2026-03-31,,Completed,0.0
O0005238,C001815,2026-03-31,PROMO_BASE,Completed,9.99
O0005239,C002025,2026-03-31,PROMO_BASE,Completed,9.99
O0005240,C000174,2026-03-31,PROMO_BASE,Completed,0.0
O0005241,C000217,2026-03-31,,Completed,4.99
O0005242,C002380,2026-03-31,,Completed,6.99
O0005243,C002469,2026-03-31,,Completed,0.0
O0005244,C002284,2026-03-31,PROMO_BASE,Completed,9.99
O0005245,C001656,2026-03-31,,Completed,9.99
O0005246,C000706,2026-03-31,PROMO_BASE,Completed,6.99
O0005247,C000565,2026-03-31,,Completed,6.99
O0005248,C001191,2026-03-31,,Completed,0.0
O0005249,C001713,2026-03-31,PROMO_BASE,Completed,6.99
O0005250,C001535,2026-03-31,,Completed,0.0
O0005251,C000001,2026-03-31,,Completed,6.99
O0005252,C001792,2026-03-31,,Completed,4.99
O0005253,C001123,2026-03-31,PROMO_BASE,Completed,0.0
O0005254,C000613,2026-03-31,PROMO_BASE,Completed,0.0
O0005255,C001477,2026-03-31,,Completed,6.99
O0005256,C002105,2026-03-31,,Completed,0.0
O0005257,C002220,2026-03-31,,Completed,4.99
O0005258,C001604,2026-03-31,PROMO_BASE,Completed,0.0
O0005259,C001535,2026-03-31,PROMO_BASE,Completed,9.99
O0005260,C000935,2026-03-31,,Completed,0.0
O0005261,C000120,2026-03-31,,Completed,0.0
O0005262,C002225,2026-03-31,PROMO_BASE,Completed,6.99
O0005263,C001365,2026-03-31,,Completed,6.99
O0005264,C001236,2026-03-31,,Completed,4.99
O0005265,C001815,2026-03-31,,Completed,0.0
O0005266,C000113,2026-03-31,,Completed,9.99
O0005267,C000346,2026-03-31,,Completed,0.0
O0005268,C000647,2026-03-31,,Completed,0.0
O0005269,C001874,2026-03-31,PROMO_BASE,Completed,0.0
O0005270,C000362,2026-03-31,,Completed,9.99
O0005271,C000720,2026-03-31,,Completed,4.99
O0005272,C001891,2026-03-31,,Completed,0.0
O0005273,C000022,2026-03-31,PROMO_BASE,Completed,4.99
O0005274,C000041,2026-03-31,,Completed,0.0
O0005275,C002002,2026-03-31,,Completed,0.0
O0005276,C001930,2026-03-31,PROMO_BASE,Completed,0.0
O0005277,C000562,2026-03-31,PROMO_BASE,Completed,0.0
O0005278,C002428,2026-03-31,,Completed,6.99
O0005279,C001923,2026-03-31,,Completed,6.99
O0005280,C002347,2026-03-31,,Completed,6.99
O0005281,C001236,2026-03-31,,Completed,6.99
O0005282,C001477,2026-03-31,PROMO_BASE,Completed,6.99
O0005283,C001815,2026-03-31,PROMO_BASE,Completed,9.99
O0005284,C000999,2026-03-31,,Completed,0.0
O0005285,C001191,2026-03-31,,Completed,4.99
O0005286,C002263,2026-03-31,,Completed,0.0
O0005287,C002134,2026-03-31,,Completed,0.0
O0005288,C002204,2026-03-31,,Completed,4.99
O0005289,C000445,2026-04-01,,Completed,0.0
O0005290,C000350,2026-04-01,,Completed,0.0
O0005291,C001259,2026-04-01,,Completed,0.0
O0005292,C000320,2026-04-01,,Completed,9.99
O0005293,C000249,2026-04-01,,Completed,0.0
O0005294,C001660,2026-04-01,,Completed,0.0
O0005295,C001798,2026-04-01,,Completed,0.0
O0005296,C001678,2026-04-01,PROMO_LATE,Completed,0.0
O0005297,C002376,2026-04-01,,Completed,6.99
O0005298,C002094,2026-04-01,PROMO_LATE,Completed,4.99
O0005299,C001812,2026-04-01,,Completed,0.0
O0005300,C001666,2026-04-01,PROMO_LATE,Completed,0.0
O0005301,C000427,2026-04-01,,Completed,9.99
O0005302,C001058,2026-04-01,,Completed,0.0
O0005303,C000503,2026-04-01,PROMO_LATE,Completed,0.0
O0005304,C001460,2026-04-01,,Completed,4.99
O0005305,C001414,2026-04-01,,Completed,9.99
O0005306,C001682,2026-04-01,,Completed,9.99
O0005307,C000672,2026-04-01,PROMO_LATE,Completed,9.99
O0005308,C001530,2026-04-01,,Completed,0.0
O0005309,C002328,2026-04-01,,Completed,0.0
O0005310,C000187,2026-04-01,,Completed,4.99
O0005311,C001091,2026-04-01,PROMO_LATE,Completed,0.0
O0005312,C000360,2026-04-01,PROMO_LATE,Completed,0.0
O0005313,C001040,2026-04-01,PROMO_LATE,Completed,9.99
O0005314,C002206,2026-04-01,,Completed,0.0
O0005315,C000479,2026-04-01,PROMO_LATE,Completed,0.0
O0005316,C000092,2026-04-01,,Completed,0.0
O0005317,C000762,2026-04-01,PROMO_LATE,Completed,0.0
O0005318,C002480,2026-04-01,PROMO_LATE,Completed,0.0
O0005319,C001107,2026-04-01,,Completed,0.0
O0005320,C000524,2026-04-01,,Completed,6.99
O0005321,C001058,2026-04-01,PROMO_LATE,Completed,9.99
O0005322,C001869,2026-04-01,,Completed,0.0
O0005323,C001661,2026-04-01,PROMO_LATE,Completed,0.0
O0005324,C000015,2026-04-01,PROMO_LATE,Completed,0.0
O0005325,C000379,2026-04-01,PROMO_LATE,Completed,0.0
O0005326,C000561,2026-04-01,,Completed,6.99
O0005327,C000841,2026-04-01,,Completed,0.0
O0005328,C002013,2026-04-01,,Completed,0.0
O0005329,C001294,2026-04-01,PROMO_LATE,Completed,0.0
O0005330,C001218,2026-04-01,,Completed,0.0
O0005331,C002116,2026-04-01,,Completed,4.99
O0005332,C001419,2026-04-01,,Completed,0.0
O0005333,C001613,2026-04-01,PROMO_LATE,Completed,6.99
O0005334,C002445,2026-04-01,,Completed,0.0
O0005335,C002023,2026-04-01,PROMO_LATE,Completed,6.99
O0005336,C002374,2026-04-01,,Completed,0.0
O0005337,C001892,2026-04-01,PROMO_LATE,Completed,4.99
O0005338,C001885,2026-04-01,,Completed,0.0
O0005339,C001320,2026-04-01,PROMO_LATE,Completed,0.0
O0005340,C000459,2026-04-01,PROMO_LATE,Completed,0.0
O0005341,C000695,2026-04-01,,Completed,0.0
O0005342,C002431,2026-04-01,,Completed,9.99
O0005343,C001892,2026-04-01,PROMO_LATE,Completed,0.0
O0005344,C001951,2026-04-01,,Completed,0.0
O0005345,C000969,2026-04-01,PROMO_LATE,Completed,0.0
O0005346,C001613,2026-04-01,,Completed,0.0
O0005347,C000377,2026-04-01,,Completed,0.0
O0005348,C001940,2026-04-01,,Completed,6.99
O0005349,C000362,2026-04-01,,Completed,6.99
O0005350,C000006,2026-04-01,,Completed,0.0
O0005351,C000635,2026-04-01,PROMO_LATE,Completed,0.0
O0005352,C002201,2026-04-01,,Completed,0.0
O0005353,C000284,2026-04-01,,Completed,6.99
O0005354,C000827,2026-04-01,,Completed,0.0
O0005355,C001926,2026-04-01,,Completed,0.0
O0005356,C000852,2026-04-01,,Completed,9.99
O0005357,C001786,2026-04-01,,Completed,0.0
O0005358,C001774,2026-04-01,,Completed,0.0
O0005359,C000650,2026-04-01,,Completed,6.99
O0005360,C001613,2026-04-01,,Completed,0.0
O0005361,C001424,2026-04-01,,Completed,0.0
O0005362,C002329,2026-04-01,,Completed,6.99
O0005363,C000378,2026-04-01,,Completed,9.99
O0005364,C001892,2026-04-01,,Completed,0.0
O0005365,C001058,2026-04-01,PROMO_LATE,Completed,0.0
O0005366,C002091,2026-04-01,,Completed,0.0
O0005367,C000982,2026-04-01,,Completed,0.0
O0005368,C000725,2026-04-01,,Completed,4.99
O0005369,C001463,2026-04-01,PROMO_LATE,Completed,0.0
O0005370,C000361,2026-04-01,,Completed,0.0
O0005371,C002475,2026-04-02,PROMO_LATE,Completed,4.99
O0005372,C001106,2026-04-02,,Completed,0.0
O0005373,C001819,2026-04-02,,Completed,0.0
O0005374,C000546,2026-04-02,PROMO_LATE,Completed,0.0
O0005375,C000463,2026-04-02,,Completed,6.99
O0005376,C001159,2026-04-02,,Completed,0.0
O0005377,C001023,2026-04-02,,Completed,0.0
O0005378,C001719,2026-04-02,PROMO_LATE,Completed,0.0
O0005379,C000643,2026-04-02,,Completed,4.99
O0005380,C002325,2026-04-02,PROMO_LATE,Completed,6.99
O0005381,C000668,2026-04-02,,Completed,0.0
O0005382,C000706,2026-04-02,,Completed,9.99
O0005383,C001719,2026-04-02,,Completed,0.0
O0005384,C001726,2026-04-02,PROMO_LATE,Completed,6.99
O0005385,C001743,2026-04-02,PROMO_LATE,Completed,6.99
O0005386,C000180,2026-04-02,,Completed,0.0
O0005387,C002232,2026-04-02,,Completed,0.0
O0005388,C002197,2026-04-02,,Completed,0.0
O0005389,C001479,2026-04-02,,Completed,4.99
O0005390,C000966,2026-04-02,PROMO_LATE,Completed,0.0
O0005391,C000882,2026-04-02,PROMO_LATE,Completed,0.0
O0005392,C001214,2026-04-02,,Completed,0.0
O0005393,C001447,2026-04-02,PROMO_LATE,Completed,0.0
O0005394,C001777,2026-04-02,,Completed,6.99
O0005395,C000516,2026-04-02,,Completed,0.0
O0005396,C002227,2026-04-02,PROMO_LATE,Completed,9.99
O0005397,C001743,2026-04-02,PROMO_LATE,Completed,0.0
O0005398,C000657,2026-04-02,PROMO_LATE,Completed,0.0
O0005399,C002288,2026-04-02,PROMO_LATE,Completed,4.99
O0005400,C002256,2026-04-02,,Completed,9.99
O0005401,C001777,2026-04-02,PROMO_LATE,Completed,0.0
O0005402,C002171,2026-04-02,,Completed,0.0
O0005403,C000025,2026-04-02,,Completed,0.0
O0005404,C000957,2026-04-02,,Completed,6.99
O0005405,C000506,2026-04-02,,Completed,0.0
O0005406,C001179,2026-04-02,PROMO_LATE,Completed,4.99
O0005407,C002137,2026-04-02,,Completed,4.99
O0005408,C001469,2026-04-02,,Completed,0.0
O0005409,C001729,2026-04-02,PROMO_LATE,Completed,6.99
O0005410,C001425,2026-04-02,,Completed,0.0
O0005411,C002197,2026-04-02,,Completed,0.0
O0005412,C000016,2026-04-02,,Completed,4.99
O0005413,C001743,2026-04-02,,Completed,0.0
O0005414,C002379,2026-04-02,,Completed,4.99
O0005415,C001671,2026-04-02,,Completed,4.99
O0005416,C000584,2026-04-02,,Completed,0.0
O0005417,C001667,2026-04-02,,Completed,0.0
O0005418,C001332,2026-04-02,,Completed,9.99
O0005419,C001409,2026-04-02,,Completed,6.99
O0005420,C002068,2026-04-02,,Completed,0.0
O0005421,C001825,2026-04-02,PROMO_LATE,Completed,0.0
O0005422,C000101,2026-04-02,PROMO_LATE,Completed,4.99
O0005423,C002398,2026-04-02,,Completed,6.99
O0005424,C000888,2026-04-02,,Completed,0.0
O0005425,C001871,2026-04-02,,Completed,0.0
O0005426,C000083,2026-04-02,,Completed,0.0
O0005427,C001803,2026-04-02,PROMO_LATE,Completed,6.99
O0005428,C001759,2026-04-02,,Completed,6.99
O0005429,C000125,2026-04-02,PROMO_LATE,Completed,0.0
O0005430,C002400,2026-04-02,PROMO_LATE,Completed,0.0
O0005431,C002166,2026-04-02,,Completed,0.0
O0005432,C000043,2026-04-02,,Completed,0.0
O0005433,C000417,2026-04-02,,Completed,0.0
O0005434,C001893,2026-04-02,,Completed,4.99
O0005435,C001167,2026-04-02,,Completed,0.0
O0005436,C001386,2026-04-02,PROMO_LATE,Completed,0.0
O0005437,C001079,2026-04-02,PROMO_LATE,Completed,0.0
O0005438,C002137,2026-04-02,,Completed,0.0
O0005439,C001340,2026-04-02,,Completed,0.0
O0005440,C001245,2026-04-02,PROMO_LATE,Completed,0.0
O0005441,C001079,2026-04-02,,Completed,0.0
O0005442,C002098,2026-04-02,,Completed,0.0
O0005443,C001490,2026-04-02,,Completed,0.0
O0005444,C001622,2026-04-02,PROMO_LATE,Completed,9.99
O0005445,C002301,2026-04-02,,Completed,0.0
O0005446,C001743,2026-04-02,,Completed,0.0
O0005447,C002386,2026-04-02,,Completed,6.99
O0005448,C001833,2026-04-02,,Completed,6.99
O0005449,C000015,2026-04-02,,Completed,6.99
O0005450,C001940,2026-04-02,,Completed,0.0
O0005451,C001838,2026-04-02,,Completed,0.0
O0005452,C001211,2026-04-02,,Completed,9.99
O0005453,C001558,2026-04-02,PROMO_LATE,Completed,4.99
O0005454,C001310,2026-04-03,,Completed,0.0
O0005455,C000941,2026-04-03,,Completed,0.0
O0005456,C001372,2026-04-03,,Completed,0.0
O0005457,C000006,2026-04-03,,Completed,0.0
O0005458,C000827,2026-04-03,PROMO_LATE,Completed,0.0
O0005459,C001395,2026-04-03,,Completed,0.0
O0005460,C002477,2026-04-03,,Completed,4.99
O0005461,C001281,2026-04-03,,Completed,4.99
O0005462,C000181,2026-04-03,PROMO_LATE,Completed,0.0
O0005463,C000006,2026-04-03,,Completed,0.0
O0005464,C000861,2026-04-03,PROMO_LATE,Completed,0.0
O0005465,C001123,2026-04-03,PROMO_LATE,Completed,0.0
O0005466,C000705,2026-04-03,PROMO_LATE,Completed,0.0
O0005467,C002436,2026-04-03,,Completed,0.0
O0005468,C002265,2026-04-03,PROMO_LATE,Completed,4.99
O0005469,C000030,2026-04-03,PROMO_LATE,Completed,4.99
O0005470,C000123,2026-04-03,,Completed,0.0
O0005471,C001064,2026-04-03,,Completed,9.99
O0005472,C000672,2026-04-03,PROMO_LATE,Completed,0.0
O0005473,C001514,2026-04-03,,Completed,6.99
O0005474,C001215,2026-04-03,,Completed,0.0
O0005475,C001525,2026-04-03,PROMO_LATE,Completed,6.99
O0005476,C002263,2026-04-03,,Completed,6.99
O0005477,C001580,2026-04-03,,Completed,9.99
O0005478,C001138,2026-04-03,PROMO_LATE,Completed,9.99
O0005479,C001026,2026-04-03,PROMO_LATE,Completed,0.0
O0005480,C001754,2026-04-03,,Completed,4.99
O0005481,C002105,2026-04-03,,Completed,0.0
O0005482,C000439,2026-04-03,PROMO_LATE,Completed,0.0
O0005483,C000440,2026-04-03,PROMO_LATE,Completed,0.0
O0005484,C000782,2026-04-03,,Completed,0.0
O0005485,C001019,2026-04-03,,Completed,0.0
O0005486,C001945,2026-04-03,PROMO_LATE,Completed,0.0
O0005487,C002128,2026-04-03,,Completed,4.99
O0005488,C000411,2026-04-03,PROMO_LATE,Completed,4.99
O0005489,C001774,2026-04-03,,Completed,0.0
O0005490,C000035,2026-04-03,PROMO_LATE,Completed,0.0
O0005491,C000216,2026-04-03,,Completed,4.99
O0005492,C000952,2026-04-03,,Completed,0.0
O0005493,C000509,2026-04-03,PROMO_LATE,Completed,0.0
O0005494,C002230,2026-04-03,,Completed,6.99
O0005495,C002157,2026-04-03,,Completed,0.0
O0005496,C002273,2026-04-03,,Completed,9.99
O0005497,C000969,2026-04-03,PROMO_LATE,Completed,0.0
O0005498,C001340,2026-04-03,,Completed,4.99
O0005499,C000980,2026-04-03,,Completed,9.99
O0005500,C001336,2026-04-03,,Completed,0.0
O0005501,C002419,2026-04-03,,Completed,6.99
O0005502,C000098,2026-04-03,PROMO_LATE,Completed,0.0
O0005503,C000146,2026-04-03,,Completed,0.0
O0005504,C001455,2026-04-03,PROMO_LATE,Completed,0.0
O0005505,C001793,2026-04-03,,Completed,0.0
O0005506,C001086,2026-04-03,PROMO_LATE,Completed,0.0
O0005507,C000602,2026-04-03,PROMO_LATE,Completed,9.99
O0005508,C000886,2026-04-03,PROMO_LATE,Completed,0.0
O0005509,C000445,2026-04-03,PROMO_LATE,Completed,0.0
O0005510,C002481,2026-04-03,PROMO_LATE,Completed,0.0
O0005511,C002340,2026-04-03,PROMO_LATE,Completed,0.0
O0005512,C000223,2026-04-03,,Completed,0.0
O0005513,C001372,2026-04-03,,Completed,0.0
O0005514,C002431,2026-04-03,,Completed,0.0
O0005515,C000439,2026-04-03,,Completed,0.0
O0005516,C000879,2026-04-03,,Completed,4.99
O0005517,C002373,2026-04-03,,Completed,0.0
O0005518,C002350,2026-04-03,PROMO_LATE,Completed,0.0
O0005519,C000362,2026-04-03,PROMO_LATE,Completed,0.0
O0005520,C000989,2026-04-03,,Completed,4.99
O0005521,C000369,2026-04-03,PROMO_LATE,Completed,6.99
O0005522,C000851,2026-04-03,,Completed,4.99
O0005523,C001781,2026-04-03,,Completed,0.0
O0005524,C001418,2026-04-03,PROMO_LATE,Completed,6.99
O0005525,C001294,2026-04-03,,Completed,0.0
O0005526,C000344,2026-04-03,PROMO_LATE,Completed,0.0
O0005527,C000894,2026-04-03,PROMO_LATE,Completed,0.0
O0005528,C001379,2026-04-03,,Completed,9.99
O0005529,C002051,2026-04-03,,Completed,0.0
O0005530,C002052,2026-04-03,,Completed,0.0
O0005531,C000703,2026-04-03,,Completed,0.0
O0005532,C001844,2026-04-03,,Completed,0.0
O0005533,C000779,2026-04-03,PROMO_LATE,Completed,4.99
O0005534,C000344,2026-04-03,,Completed,0.0
O0005535,C001559,2026-04-04,PROMO_LATE,Completed,0.0
O0005536,C000408,2026-04-04,,Completed,6.99
O0005537,C000430,2026-04-04,PROMO_LATE,Completed,4.99
O0005538,C001300,2026-04-04,,Completed,0.0
O0005539,C001559,2026-04-04,PROMO_LATE,Completed,6.99
O0005540,C000895,2026-04-04,PROMO_LATE,Completed,9.99
O0005541,C000963,2026-04-04,,Completed,9.99
O0005542,C001170,2026-04-04,,Completed,0.0
O0005543,C001363,2026-04-04,,Completed,4.99
O0005544,C002297,2026-04-04,,Completed,0.0
O0005545,C001481,2026-04-04,,Completed,4.99
O0005546,C001423,2026-04-04,,Completed,4.99
O0005547,C001663,2026-04-04,PROMO_LATE,Completed,0.0
O0005548,C001559,2026-04-04,PROMO_LATE,Completed,6.99
O0005549,C001227,2026-04-04,,Completed,9.99
O0005550,C001774,2026-04-04,,Completed,4.99
O0005551,C001004,2026-04-04,,Completed,9.99
O0005552,C000935,2026-04-04,PROMO_LATE,Completed,4.99
O0005553,C002345,2026-04-04,,Completed,0.0
O0005554,C000267,2026-04-04,,Completed,0.0
O0005555,C001031,2026-04-04,,Completed,0.0
O0005556,C000405,2026-04-04,,Completed,0.0
O0005557,C000642,2026-04-04,,Completed,9.99
O0005558,C001825,2026-04-04,,Completed,0.0
O0005559,C000589,2026-04-04,,Completed,0.0
O0005560,C002201,2026-04-04,PROMO_LATE,Completed,0.0
O0005561,C001994,2026-04-04,PROMO_LATE,Completed,0.0
O0005562,C000556,2026-04-04,PROMO_LATE,Completed,0.0
O0005563,C000156,2026-04-04,,Completed,0.0
O0005564,C000643,2026-04-04,,Completed,4.99
O0005565,C001288,2026-04-04,PROMO_LATE,Completed,0.0
O0005566,C001774,2026-04-04,,Completed,4.99
O0005567,C002366,2026-04-04,,Completed,6.99
O0005568,C001559,2026-04-04,,Completed,6.99
O0005569,C000908,2026-04-04,,Completed,0.0
O0005570,C002400,2026-04-04,,Completed,4.99
O0005571,C000108,2026-04-04,,Completed,4.99
O0005572,C002470,2026-04-04,,Completed,0.0
O0005573,C001529,2026-04-04,PROMO_LATE,Completed,6.99
O0005574,C001781,2026-04-04,,Completed,0.0
O0005575,C002074,2026-04-04,,Completed,4.99
O0005576,C001559,2026-04-04,PROMO_LATE,Completed,6.99
O0005577,C002328,2026-04-04,,Completed,0.0
O0005578,C000175,2026-04-04,,Completed,0.0
O0005579,C001685,2026-04-04,,Completed,4.99
O0005580,C001139,2026-04-04,,Completed,9.99
O0005581,C002282,2026-04-04,PROMO_LATE,Completed,4.99
O0005582,C000355,2026-04-04,PROMO_LATE,Completed,0.0
O0005583,C002323,2026-04-04,,Completed,0.0
O0005584,C001503,2026-04-04,,Completed,9.99
O0005585,C001793,2026-04-04,,Completed,0.0
O0005586,C000432,2026-04-04,PROMO_LATE,Completed,0.0
O0005587,C002182,2026-04-04,,Completed,4.99
O0005588,C000071,2026-04-04,PROMO_LATE,Completed,6.99
O0005589,C000061,2026-04-04,PROMO_LATE,Completed,6.99
O0005590,C002241,2026-04-04,PROMO_LATE,Completed,0.0
O0005591,C001878,2026-04-04,,Completed,0.0
O0005592,C001093,2026-04-04,,Completed,4.99
O0005593,C002428,2026-04-04,,Completed,6.99
O0005594,C002474,2026-04-04,,Completed,0.0
O0005595,C001623,2026-04-04,,Completed,0.0
O0005596,C000362,2026-04-04,,Completed,0.0
O0005597,C001547,2026-04-04,PROMO_LATE,Completed,0.0
O0005598,C000111,2026-04-04,,Completed,6.99
O0005599,C000505,2026-04-04,PROMO_LATE,Completed,0.0
O0005600,C002328,2026-04-04,PROMO_LATE,Completed,0.0
O0005601,C000077,2026-04-04,PROMO_LATE,Completed,0.0
O0005602,C001222,2026-04-04,,Completed,4.99
O0005603,C001916,2026-04-04,,Completed,6.99
O0005604,C001455,2026-04-04,,Completed,4.99
O0005605,C000385,2026-04-04,,Completed,0.0
O0005606,C002230,2026-04-04,,Completed,0.0
O0005607,C001123,2026-04-04,PROMO_LATE,Completed,9.99
O0005608,C001096,2026-04-04,PROMO_LATE,Completed,0.0
O0005609,C000696,2026-04-04,,Completed,0.0
O0005610,C002276,2026-04-04,,Completed,0.0
O0005611,C000637,2026-04-04,PROMO_LATE,Completed,6.99
O0005612,C000413,2026-04-04,,Completed,0.0
O0005613,C000445,2026-04-04,,Completed,4.99
O0005614,C001017,2026-04-04,,Completed,0.0
O0005615,C000471,2026-04-04,PROMO_LATE,Completed,0.0
O0005616,C000030,2026-04-04,PROMO_LATE,Completed,0.0
O0005617,C001656,2026-04-04,,Completed,4.99
O0005618,C001011,2026-04-04,,Completed,0.0
O0005619,C000384,2026-04-05,PROMO_LATE,Completed,0.0
O0005620,C002126,2026-04-05,,Completed,0.0
O0005621,C000153,2026-04-05,,Completed,0.0
O0005622,C000754,2026-04-05,,Completed,4.99
O0005623,C001494,2026-04-05,,Completed,9.99
O0005624,C000177,2026-04-05,PROMO_LATE,Completed,0.0
O0005625,C000736,2026-04-05,,Completed,0.0
O0005626,C000176,2026-04-05,PROMO_LATE,Completed,0.0
O0005627,C000533,2026-04-05,PROMO_LATE,Completed,0.0
O0005628,C002275,2026-04-05,,Completed,4.99
O0005629,C000907,2026-04-05,PROMO_LATE,Completed,4.99
O0005630,C001874,2026-04-05,,Completed,0.0
O0005631,C000434,2026-04-05,PROMO_LATE,Completed,6.99
O0005632,C001215,2026-04-05,,Completed,0.0
O0005633,C000736,2026-04-05,,Completed,0.0
O0005634,C002269,2026-04-05,PROMO_LATE,Completed,0.0
O0005635,C001185,2026-04-05,PROMO_LATE,Completed,4.99
O0005636,C000825,2026-04-05,,Completed,0.0
O0005637,C000367,2026-04-05,,Completed,0.0
O0005638,C000514,2026-04-05,,Completed,0.0
O0005639,C001248,2026-04-05,,Completed,4.99
O0005640,C002275,2026-04-05,PROMO_LATE,Completed,0.0
O0005641,C000806,2026-04-05,,Completed,9.99
O0005642,C000533,2026-04-05,PROMO_LATE,Completed,0.0
O0005643,C000757,2026-04-05,,Completed,0.0
O0005644,C001620,2026-04-05,,Completed,6.99
O0005645,C000736,2026-04-05,,Completed,0.0
O0005646,C000524,2026-04-05,PROMO_LATE,Completed,0.0
O0005647,C000806,2026-04-05,,Completed,9.99
O0005648,C001421,2026-04-05,,Completed,4.99
O0005649,C000933,2026-04-05,,Completed,9.99
O0005650,C001939,2026-04-05,,Completed,6.99
O0005651,C000187,2026-04-05,,Completed,0.0
O0005652,C000806,2026-04-05,PROMO_LATE,Completed,0.0
O0005653,C001698,2026-04-05,PROMO_LATE,Completed,4.99
O0005654,C000806,2026-04-05,PROMO_LATE,Completed,0.0
O0005655,C000719,2026-04-05,,Completed,6.99
O0005656,C000754,2026-04-05,,Completed,9.99
O0005657,C000317,2026-04-05,,Completed,6.99
O0005658,C000252,2026-04-05,,Completed,0.0
O0005659,C000104,2026-04-05,PROMO_LATE,Completed,0.0
O0005660,C001379,2026-04-05,,Completed,4.99
O0005661,C000618,2026-04-05,,Completed,6.99
O0005662,C000614,2026-04-05,,Completed,0.0
O0005663,C001531,2026-04-05,,Completed,0.0
O0005664,C000846,2026-04-05,PROMO_LATE,Completed,6.99
O0005665,C001159,2026-04-05,,Completed,0.0
O0005666,C000806,2026-04-05,PROMO_LATE,Completed,4.99
O0005667,C001981,2026-04-05,PROMO_LATE,Completed,0.0
O0005668,C000264,2026-04-05,,Completed,0.0
O0005669,C002289,2026-04-05,,Completed,0.0
O0005670,C001239,2026-04-05,,Completed,0.0
O0005671,C001684,2026-04-05,PROMO_LATE,Completed,0.0
O0005672,C001486,2026-04-05,PROMO_LATE,Completed,0.0
O0005673,C002333,2026-04-05,,Completed,6.99
O0005674,C002162,2026-04-05,PROMO_LATE,Completed,4.99
O0005675,C002289,2026-04-05,,Completed,0.0
O0005676,C000456,2026-04-05,,Completed,0.0
O0005677,C000956,2026-04-05,,Completed,6.99
O0005678,C000686,2026-04-05,PROMO_LATE,Completed,6.99
O0005679,C000999,2026-04-05,PROMO_LATE,Completed,0.0
O0005680,C002012,2026-04-05,,Completed,0.0
O0005681,C001729,2026-04-05,PROMO_LATE,Completed,9.99
O0005682,C001743,2026-04-05,,Completed,0.0
O0005683,C002400,2026-04-05,,Completed,0.0
O0005684,C002354,2026-04-05,PROMO_LATE,Completed,6.99
O0005685,C001495,2026-04-05,,Completed,0.0
O0005686,C000263,2026-04-05,,Completed,0.0
O0005687,C000754,2026-04-05,,Completed,0.0
O0005688,C000564,2026-04-05,,Completed,0.0
O0005689,C001621,2026-04-05,PROMO_LATE,Completed,6.99
O0005690,C000912,2026-04-05,,Completed,4.99
O0005691,C000618,2026-04-05,PROMO_LATE,Completed,0.0
O0005692,C001026,2026-04-05,PROMO_LATE,Completed,0.0
O0005693,C000806,2026-04-05,,Completed,0.0
O0005694,C002495,2026-04-05,PROMO_LATE,Completed,0.0
O0005695,C000394,2026-04-05,,Completed,9.99
O0005696,C000440,2026-04-05,,Completed,6.99
O0005697,C001521,2026-04-05,,Completed,0.0
O0005698,C000533,2026-04-05,,Completed,0.0
O0005699,C002302,2026-04-05,,Completed,0.0
O0005700,C000089,2026-04-05,,Completed,0.0
O0005701,C000060,2026-04-05,PROMO_LATE,Completed,0.0
O0005702,C000362,2026-04-05,PROMO_LATE,Completed,6.99
O0005703,C001489,2026-04-05,PROMO_LATE,Completed,4.99
O0005704,C001772,2026-04-05,,Completed,0.0
O0005705,C000198,2026-04-05,PROMO_LATE,Completed,0.0
O0005706,C002471,2026-04-06,,Completed,0.0
O0005707,C000490,2026-04-06,PROMO_LATE,Completed,0.0
O0005708,C000314,2026-04-06,,Completed,0.0
O0005709,C001271,2026-04-06,,Completed,0.0
O0005710,C000124,2026-04-06,,Completed,0.0
O0005711,C002158,2026-04-06,,Completed,0.0
O0005712,C000330,2026-04-06,,Completed,0.0
O0005713,C000789,2026-04-06,PROMO_LATE,Completed,0.0
O0005714,C000130,2026-04-06,PROMO_LATE,Completed,0.0
O0005715,C000693,2026-04-06,,Completed,6.99
O0005716,C000016,2026-04-06,,Completed,4.99
O0005717,C000665,2026-04-06,PROMO_LATE,Completed,9.99
O0005718,C002366,2026-04-06,,Completed,0.0
O0005719,C001090,2026-04-06,,Completed,0.0
O0005720,C002318,2026-04-06,PROMO_LATE,Completed,6.99
O0005721,C001415,2026-04-06,,Completed,6.99
O0005722,C001955,2026-04-06,PROMO_LATE,Completed,0.0
O0005723,C001158,2026-04-06,PROMO_LATE,Completed,0.0
O0005724,C000373,2026-04-06,,Completed,0.0
O0005725,C000613,2026-04-06,,Completed,9.99
O0005726,C001781,2026-04-06,,Completed,0.0
O0005727,C000660,2026-04-06,,Completed,0.0
O0005728,C001762,2026-04-06,PROMO_LATE,Completed,0.0
O0005729,C002173,2026-04-06,PROMO_LATE,Completed,0.0
O0005730,C001946,2026-04-06,,Completed,0.0
O0005731,C001946,2026-04-06,PROMO_LATE,Completed,4.99
O0005732,C000358,2026-04-06,,Completed,0.0
O0005733,C000154,2026-04-06,PROMO_LATE,Completed,0.0
O0005734,C001939,2026-04-06,,Completed,0.0
O0005735,C001500,2026-04-06,PROMO_LATE,Completed,0.0
O0005736,C001803,2026-04-06,,Completed,0.0
O0005737,C001812,2026-04-06,PROMO_LATE,Completed,0.0
O0005738,C000529,2026-04-06,,Completed,6.99
O0005739,C001663,2026-04-06,,Completed,0.0
O0005740,C000938,2026-04-06,PROMO_LATE,Completed,6.99
O0005741,C001473,2026-04-06,,Completed,0.0
O0005742,C001551,2026-04-06,,Completed,9.99
O0005743,C000910,2026-04-06,,Completed,0.0
O0005744,C002077,2026-04-06,PROMO_LATE,Completed,0.0
O0005745,C002460,2026-04-06,PROMO_LATE,Completed,0.0
O0005746,C001946,2026-04-06,PROMO_LATE,Completed,0.0
O0005747,C000377,2026-04-06,,Completed,0.0
O0005748,C001988,2026-04-06,,Completed,6.99
O0005749,C001685,2026-04-06,,Completed,9.99
O0005750,C002243,2026-04-06,,Completed,6.99
O0005751,C001087,2026-04-06,,Completed,0.0
O0005752,C001786,2026-04-06,,Completed,9.99
O0005753,C000516,2026-04-06,,Completed,4.99
O0005754,C002043,2026-04-06,PROMO_LATE,Completed,0.0
O0005755,C001814,2026-04-06,,Completed,9.99
O0005756,C000160,2026-04-06,,Completed,4.99
O0005757,C001619,2026-04-06,,Completed,0.0
O0005758,C000196,2026-04-06,,Completed,0.0
O0005759,C001224,2026-04-06,,Completed,0.0
O0005760,C001525,2026-04-06,,Completed,4.99
O0005761,C000565,2026-04-06,,Completed,6.99
O0005762,C002434,2026-04-06,PROMO_LATE,Completed,0.0
O0005763,C000628,2026-04-06,,Completed,0.0
O0005764,C002007,2026-04-06,PROMO_LATE,Completed,0.0
O0005765,C001240,2026-04-06,,Completed,6.99
O0005766,C000215,2026-04-06,PROMO_LATE,Completed,6.99
O0005767,C000726,2026-04-06,,Completed,0.0
O0005768,C000287,2026-04-06,PROMO_LATE,Completed,0.0
O0005769,C001631,2026-04-06,,Completed,4.99
O0005770,C002051,2026-04-06,,Completed,0.0
O0005771,C001138,2026-04-06,PROMO_LATE,Completed,0.0
O0005772,C001142,2026-04-06,,Completed,0.0
O0005773,C000565,2026-04-06,,Completed,9.99
O0005774,C000314,2026-04-06,PROMO_LATE,Completed,6.99
O0005775,C000034,2026-04-06,,Completed,9.99
O0005776,C001907,2026-04-06,,Completed,4.99
O0005777,C001781,2026-04-06,,Completed,6.99
O0005778,C000539,2026-04-06,,Completed,4.99
O0005779,C001812,2026-04-07,,Completed,0.0
O0005780,C000372,2026-04-07,,Completed,0.0
O0005781,C000976,2026-04-07,,Completed,0.0
O0005782,C001529,2026-04-07,,Completed,0.0
O0005783,C001509,2026-04-07,,Completed,0.0
O0005784,C000209,2026-04-07,,Completed,9.99
O0005785,C000182,2026-04-07,,Completed,0.0
O0005786,C001007,2026-04-07,,Completed,0.0
O0005787,C001744,2026-04-07,,Completed,4.99
O0005788,C002228,2026-04-07,,Completed,0.0
O0005789,C001098,2026-04-07,,Completed,9.99
O0005790,C000941,2026-04-07,PROMO_LATE,Completed,0.0
O0005791,C002328,2026-04-07,PROMO_LATE,Completed,9.99
O0005792,C000490,2026-04-07,,Completed,0.0
O0005793,C002074,2026-04-07,,Completed,0.0
O0005794,C000723,2026-04-07,,Completed,0.0
O0005795,C001789,2026-04-07,,Completed,0.0
O0005796,C001318,2026-04-07,PROMO_LATE,Completed,9.99
O0005797,C001098,2026-04-07,,Completed,6.99
O0005798,C002331,2026-04-07,PROMO_LATE,Completed,6.99
O0005799,C001734,2026-04-07,,Completed,0.0
O0005800,C002219,2026-04-07,,Completed,0.0
O0005801,C000025,2026-04-07,PROMO_LATE,Completed,4.99
O0005802,C001743,2026-04-07,PROMO_LATE,Completed,9.99
O0005803,C001388,2026-04-07,PROMO_LATE,Completed,0.0
O0005804,C001127,2026-04-07,PROMO_LATE,Completed,0.0
O0005805,C000863,2026-04-07,,Completed,4.99
O0005806,C001658,2026-04-07,PROMO_LATE,Completed,9.99
O0005807,C000594,2026-04-07,,Completed,4.99
O0005808,C002395,2026-04-07,PROMO_LATE,Completed,4.99
O0005809,C002219,2026-04-07,,Completed,0.0
O0005810,C001789,2026-04-07,,Completed,6.99
O0005811,C001467,2026-04-07,,Completed,0.0
O0005812,C001363,2026-04-07,,Completed,0.0
O0005813,C000975,2026-04-07,PROMO_LATE,Completed,0.0
O0005814,C000654,2026-04-07,,Completed,0.0
O0005815,C001759,2026-04-07,,Completed,0.0
O0005816,C000953,2026-04-07,,Completed,0.0
O0005817,C002263,2026-04-07,,Completed,9.99
O0005818,C001706,2026-04-07,,Completed,6.99
O0005819,C001273,2026-04-07,PROMO_LATE,Completed,4.99
O0005820,C000982,2026-04-07,,Completed,0.0
O0005821,C002064,2026-04-07,PROMO_LATE,Completed,4.99
O0005822,C000845,2026-04-07,PROMO_LATE,Completed,4.99
O0005823,C001417,2026-04-07,PROMO_LATE,Completed,0.0
O0005824,C001547,2026-04-07,PROMO_LATE,Completed,4.99
O0005825,C000891,2026-04-07,PROMO_LATE,Completed,0.0
O0005826,C000127,2026-04-07,,Completed,0.0
O0005827,C000500,2026-04-07,PROMO_LATE,Completed,0.0
O0005828,C000756,2026-04-07,,Completed,0.0
O0005829,C001455,2026-04-07,PROMO_LATE,Completed,6.99
O0005830,C002238,2026-04-07,PROMO_LATE,Completed,0.0
O0005831,C000500,2026-04-07,,Completed,0.0
O0005832,C000170,2026-04-07,PROMO_LATE,Completed,9.99
O0005833,C002213,2026-04-07,,Completed,0.0
O0005834,C001290,2026-04-07,,Completed,0.0
O0005835,C000304,2026-04-07,,Completed,0.0
O0005836,C002120,2026-04-07,PROMO_LATE,Completed,4.99
O0005837,C001541,2026-04-07,PROMO_LATE,Completed,9.99
O0005838,C001881,2026-04-07,,Completed,0.0
O0005839,C002064,2026-04-07,,Completed,0.0
O0005840,C001753,2026-04-07,,Completed,6.99
O0005841,C000588,2026-04-07,,Completed,9.99
O0005842,C002460,2026-04-07,PROMO_LATE,Completed,4.99
O0005843,C001222,2026-04-07,,Completed,0.0
O0005844,C001332,2026-04-07,,Completed,4.99
O0005845,C000040,2026-04-07,,Completed,0.0
O0005846,C001409,2026-04-08,PROMO_LATE,Completed,4.99
O0005847,C000357,2026-04-08,PROMO_LATE,Completed,6.99
O0005848,C000852,2026-04-08,PROMO_LATE,Completed,0.0
O0005849,C000101,2026-04-08,,Completed,4.99
O0005850,C001044,2026-04-08,,Completed,0.0
O0005851,C001835,2026-04-08,,Completed,0.0
O0005852,C000345,2026-04-08,,Completed,9.99
O0005853,C002245,2026-04-08,,Completed,9.99
O0005854,C000943,2026-04-08,PROMO_LATE,Completed,6.99
O0005855,C000969,2026-04-08,,Completed,0.0
O0005856,C001801,2026-04-08,,Completed,9.99
O0005857,C002184,2026-04-08,,Completed,0.0
O0005858,C001657,2026-04-08,PROMO_LATE,Completed,9.99
O0005859,C000210,2026-04-08,,Completed,0.0
O0005860,C001096,2026-04-08,,Completed,0.0
O0005861,C001809,2026-04-08,,Completed,4.99
O0005862,C000601,2026-04-08,,Completed,0.0
O0005863,C000213,2026-04-08,,Completed,9.99
O0005864,C001784,2026-04-08,PROMO_LATE,Completed,0.0
O0005865,C002295,2026-04-08,,Completed,6.99
O0005866,C002094,2026-04-08,,Completed,0.0
O0005867,C002331,2026-04-08,,Completed,4.99
O0005868,C001512,2026-04-08,PROMO_LATE,Completed,0.0
O0005869,C000214,2026-04-08,,Completed,0.0
O0005870,C000382,2026-04-08,,Completed,0.0
O0005871,C000804,2026-04-08,,Completed,4.99
O0005872,C000988,2026-04-08,PROMO_LATE,Completed,9.99
O0005873,C000540,2026-04-08,PROMO_LATE,Completed,9.99
O0005874,C002010,2026-04-08,,Completed,0.0
O0005875,C002467,2026-04-08,,Completed,4.99
O0005876,C001730,2026-04-08,,Completed,0.0
O0005877,C002052,2026-04-08,,Completed,0.0
O0005878,C001764,2026-04-08,,Completed,6.99
O0005879,C002204,2026-04-08,,Completed,9.99
O0005880,C002151,2026-04-08,,Completed,4.99
O0005881,C001408,2026-04-08,,Completed,0.0
O0005882,C001940,2026-04-08,PROMO_LATE,Completed,6.99
O0005883,C000317,2026-04-08,,Completed,0.0
O0005884,C002241,2026-04-08,PROMO_LATE,Completed,0.0
O0005885,C002059,2026-04-08,,Completed,0.0
O0005886,C000156,2026-04-08,,Completed,0.0
O0005887,C000586,2026-04-08,,Completed,0.0
O0005888,C000064,2026-04-08,PROMO_LATE,Completed,0.0
O0005889,C000235,2026-04-08,,Completed,0.0
O0005890,C002174,2026-04-08,,Completed,6.99
O0005891,C002418,2026-04-08,,Completed,0.0
O0005892,C001332,2026-04-08,,Completed,9.99
O0005893,C000083,2026-04-08,,Completed,6.99
O0005894,C001594,2026-04-08,,Completed,0.0
O0005895,C001298,2026-04-08,,Completed,6.99
O0005896,C000929,2026-04-08,PROMO_LATE,Completed,4.99
O0005897,C001634,2026-04-08,,Completed,0.0
O0005898,C001657,2026-04-08,,Completed,6.99
O0005899,C000387,2026-04-08,,Completed,0.0
O0005900,C000867,2026-04-08,,Completed,0.0
O0005901,C001501,2026-04-08,PROMO_LATE,Completed,0.0
O0005902,C000647,2026-04-08,PROMO_LATE,Completed,0.0
O0005903,C001094,2026-04-08,PROMO_LATE,Completed,9.99
O0005904,C001856,2026-04-08,PROMO_LATE,Completed,0.0
O0005905,C000734,2026-04-08,,Completed,4.99
O0005906,C002198,2026-04-08,,Completed,0.0
O0005907,C001260,2026-04-08,PROMO_LATE,Completed,0.0
O0005908,C000113,2026-04-08,,Completed,0.0
O0005909,C001800,2026-04-08,PROMO_LATE,Completed,0.0
O0005910,C002090,2026-04-08,,Completed,0.0
O0005911,C002095,2026-04-08,PROMO_LATE,Completed,0.0
O0005912,C000712,2026-04-08,PROMO_LATE,Completed,4.99
O0005913,C000508,2026-04-08,PROMO_LATE,Completed,6.99
O0005914,C000964,2026-04-08,,Completed,0.0
O0005915,C000182,2026-04-08,PROMO_LATE,Completed,9.99
O0005916,C001627,2026-04-08,,Completed,0.0
O0005917,C000618,2026-04-08,,Completed,4.99
O0005918,C000285,2026-04-08,PROMO_LATE,Completed,0.0
O0005919,C000742,2026-04-08,PROMO_LATE,Completed,6.99
O0005920,C000863,2026-04-09,,Completed,4.99
O0005921,C002490,2026-04-09,,Completed,9.99
O0005922,C000982,2026-04-09,,Completed,0.0
O0005923,C001564,2026-04-09,,Completed,9.99
O0005924,C002107,2026-04-09,PROMO_LATE,Completed,0.0
O0005925,C001786,2026-04-09,,Completed,0.0
O0005926,C000393,2026-04-09,,Completed,6.99
O0005927,C002459,2026-04-09,PROMO_LATE,Completed,0.0
O0005928,C001948,2026-04-09,,Completed,9.99
O0005929,C001931,2026-04-09,PROMO_LATE,Completed,0.0
O0005930,C001833,2026-04-09,,Completed,0.0
O0005931,C000640,2026-04-09,PROMO_LATE,Completed,6.99
O0005932,C000128,2026-04-09,PROMO_LATE,Completed,9.99
O0005933,C000123,2026-04-09,,Completed,9.99
O0005934,C001301,2026-04-09,,Completed,0.0
O0005935,C001619,2026-04-09,PROMO_LATE,Completed,9.99
O0005936,C002433,2026-04-09,PROMO_LATE,Completed,0.0
O0005937,C001948,2026-04-09,,Completed,9.99
O0005938,C000973,2026-04-09,,Completed,0.0
O0005939,C002451,2026-04-09,,Completed,9.99
O0005940,C000091,2026-04-09,,Completed,4.99
O0005941,C000727,2026-04-09,PROMO_LATE,Completed,0.0
O0005942,C002420,2026-04-09,PROMO_LATE,Completed,0.0
O0005943,C002319,2026-04-09,PROMO_LATE,Completed,4.99
O0005944,C000626,2026-04-09,,Completed,0.0
O0005945,C000943,2026-04-09,PROMO_LATE,Completed,6.99
O0005946,C000149,2026-04-09,,Completed,0.0
O0005947,C000463,2026-04-09,,Completed,4.99
O0005948,C001686,2026-04-09,,Completed,0.0
O0005949,C001239,2026-04-09,,Completed,6.99
O0005950,C001375,2026-04-09,,Completed,0.0
O0005951,C000520,2026-04-09,,Completed,9.99
O0005952,C001685,2026-04-09,,Completed,4.99
O0005953,C000025,2026-04-09,,Completed,0.0
O0005954,C000918,2026-04-09,,Completed,6.99
O0005955,C001431,2026-04-09,,Completed,0.0
O0005956,C000706,2026-04-09,,Completed,0.0
O0005957,C000872,2026-04-09,PROMO_LATE,Completed,0.0
O0005958,C001075,2026-04-09,,Completed,4.99
O0005959,C001486,2026-04-09,,Completed,4.99
O0005960,C000997,2026-04-09,PROMO_LATE,Completed,0.0
O0005961,C000362,2026-04-09,PROMO_LATE,Completed,0.0
O0005962,C001948,2026-04-09,,Completed,9.99
O0005963,C001259,2026-04-09,PROMO_LATE,Completed,0.0
O0005964,C002235,2026-04-09,,Completed,0.0
O0005965,C001667,2026-04-09,,Completed,0.0
O0005966,C000617,2026-04-09,,Completed,4.99
O0005967,C000854,2026-04-09,,Completed,0.0
O0005968,C000918,2026-04-09,PROMO_LATE,Completed,0.0
O0005969,C000346,2026-04-09,PROMO_LATE,Completed,0.0
O0005970,C002325,2026-04-09,,Completed,0.0
O0005971,C001605,2026-04-09,,Completed,0.0
O0005972,C002478,2026-04-09,,Completed,0.0
O0005973,C001783,2026-04-09,,Completed,9.99
O0005974,C001832,2026-04-09,,Completed,0.0
O0005975,C001469,2026-04-09,PROMO_LATE,Completed,0.0
O0005976,C001340,2026-04-09,,Completed,0.0
O0005977,C001147,2026-04-09,PROMO_LATE,Completed,6.99
O0005978,C000325,2026-04-09,,Completed,0.0
O0005979,C001992,2026-04-09,PROMO_LATE,Completed,0.0
O0005980,C000831,2026-04-09,PROMO_LATE,Completed,6.99
O0005981,C000483,2026-04-09,,Completed,0.0
O0005982,C002390,2026-04-09,,Completed,0.0
O0005983,C001507,2026-04-09,PROMO_LATE,Completed,0.0
O0005984,C000585,2026-04-09,PROMO_LATE,Completed,0.0
O0005985,C002380,2026-04-09,,Completed,6.99
O0005986,C001948,2026-04-09,,Completed,0.0
O0005987,C002179,2026-04-09,,Completed,0.0
O0005988,C000894,2026-04-09,PROMO_LATE,Completed,0.0
O0005989,C001891,2026-04-09,PROMO_LATE,Completed,0.0
O0005990,C001618,2026-04-09,,Completed,0.0
O0005991,C000540,2026-04-10,,Completed,6.99
O0005992,C001227,2026-04-10,PROMO_LATE,Completed,0.0
O0005993,C001887,2026-04-10,PROMO_LATE,Completed,6.99
O0005994,C001778,2026-04-10,,Completed,0.0
O0005995,C001891,2026-04-10,,Completed,6.99
O0005996,C000600,2026-04-10,PROMO_LATE,Completed,0.0
O0005997,C000044,2026-04-10,,Completed,0.0
O0005998,C001740,2026-04-10,PROMO_LATE,Completed,4.99
O0005999,C001123,2026-04-10,,Completed,6.99
O0006000,C001475,2026-04-10,PROMO_LATE,Completed,6.99
O0006001,C001742,2026-04-10,PROMO_LATE,Completed,0.0
O0006002,C000315,2026-04-10,PROMO_LATE,Completed,0.0
O0006003,C001557,2026-04-10,,Completed,0.0
O0006004,C001613,2026-04-10,,Completed,0.0
O0006005,C002460,2026-04-10,,Completed,0.0
O0006006,C001414,2026-04-10,,Completed,0.0
O0006007,C000202,2026-04-10,,Completed,4.99
O0006008,C000052,2026-04-10,PROMO_LATE,Completed,0.0
O0006009,C001039,2026-04-10,PROMO_LATE,Completed,9.99
O0006010,C000332,2026-04-10,,Completed,0.0
O0006011,C002014,2026-04-10,,Completed,0.0
O0006012,C000637,2026-04-10,,Completed,4.99
O0006013,C000156,2026-04-10,,Completed,0.0
O0006014,C000531,2026-04-10,PROMO_LATE,Completed,6.99
O0006015,C002315,2026-04-10,,Completed,0.0
O0006016,C000094,2026-04-10,PROMO_LATE,Completed,9.99
O0006017,C002471,2026-04-10,,Completed,4.99
O0006018,C000789,2026-04-10,,Completed,0.0
O0006019,C000634,2026-04-10,PROMO_LATE,Completed,0.0
O0006020,C001637,2026-04-10,,Completed,9.99
O0006021,C001875,2026-04-10,,Completed,0.0
O0006022,C001167,2026-04-10,PROMO_LATE,Completed,0.0
O0006023,C002320,2026-04-10,,Completed,0.0
O0006024,C001392,2026-04-10,,Completed,0.0
O0006025,C000658,2026-04-10,,Completed,4.99
O0006026,C001494,2026-04-10,PROMO_LATE,Completed,9.99
O0006027,C001259,2026-04-10,,Completed,9.99
O0006028,C000362,2026-04-10,PROMO_LATE,Completed,0.0
O0006029,C000695,2026-04-10,PROMO_LATE,Completed,4.99
O0006030,C000471,2026-04-10,PROMO_LATE,Completed,4.99
O0006031,C001011,2026-04-10,,Completed,6.99
O0006032,C000410,2026-04-10,,Completed,6.99
O0006033,C001022,2026-04-10,,Completed,0.0
O0006034,C001113,2026-04-10,,Completed,0.0
O0006035,C000647,2026-04-10,PROMO_LATE,Completed,0.0
O0006036,C002075,2026-04-10,PROMO_LATE,Completed,6.99
O0006037,C001494,2026-04-10,,Completed,6.99
O0006038,C000311,2026-04-10,,Completed,0.0
O0006039,C001911,2026-04-10,,Completed,9.99
O0006040,C000848,2026-04-10,,Completed,0.0
O0006041,C000981,2026-04-10,,Completed,0.0
O0006042,C000503,2026-04-10,,Completed,6.99
O0006043,C001526,2026-04-10,,Completed,0.0
O0006044,C001726,2026-04-10,,Completed,9.99
O0006045,C002052,2026-04-10,,Completed,0.0
O0006046,C001457,2026-04-10,PROMO_LATE,Completed,9.99
O0006047,C002108,2026-04-10,,Completed,0.0
O0006048,C000749,2026-04-10,,Completed,9.99
O0006049,C002173,2026-04-10,,Completed,0.0
O0006050,C002369,2026-04-10,,Completed,0.0
O0006051,C001684,2026-04-10,,Completed,4.99
O0006052,C000079,2026-04-10,PROMO_LATE,Completed,0.0
O0006053,C000855,2026-04-10,PROMO_LATE,Completed,0.0
O0006054,C000362,2026-04-10,,Completed,6.99
O0006055,C001255,2026-04-10,,Completed,0.0
O0006056,C001361,2026-04-10,PROMO_LATE,Completed,0.0
O0006057,C000358,2026-04-10,,Completed,0.0
O0006058,C002171,2026-04-10,,Completed,0.0
O0006059,C000215,2026-04-10,,Completed,0.0
O0006060,C000505,2026-04-10,PROMO_LATE,Completed,0.0
O0006061,C000089,2026-04-10,,Completed,0.0
O0006062,C001470,2026-04-10,PROMO_LATE,Completed,0.0
O0006063,C002409,2026-04-10,PROMO_LATE,Completed,0.0
O0006064,C000546,2026-04-10,PROMO_LATE,Completed,9.99
O0006065,C000743,2026-04-10,PROMO_LATE,Completed,0.0
O0006066,C002400,2026-04-10,PROMO_LATE,Completed,6.99
O0006067,C002460,2026-04-10,,Completed,0.0
O0006068,C001945,2026-04-10,,Completed,9.99
O0006069,C000471,2026-04-10,PROMO_LATE,Completed,0.0
O0006070,C000414,2026-04-10,,Completed,0.0
O0006071,C001391,2026-04-10,,Completed,0.0
O0006072,C001490,2026-04-10,,Completed,9.99
O0006073,C001385,2026-04-10,,Completed,0.0
O0006074,C002407,2026-04-10,PROMO_LATE,Completed,0.0
O0006075,C002431,2026-04-10,PROMO_LATE,Completed,9.99
O0006076,C002470,2026-04-10,PROMO_LATE,Completed,4.99
O0006077,C001933,2026-04-10,,Completed,0.0
O0006078,C001745,2026-04-10,PROMO_LATE,Completed,0.0
O0006079,C000933,2026-04-10,,Completed,4.99
O0006080,C001112,2026-04-10,,Completed,0.0
O0006081,C000650,2026-04-10,,Completed,4.99
O0006082,C001382,2026-04-10,PROMO_LATE,Completed,0.0
O0006083,C002434,2026-04-10,PROMO_LATE,Completed,0.0
O0006084,C000480,2026-04-10,,Completed,0.0
O0006085,C001746,2026-04-10,,Completed,0.0
O0006086,C001517,2026-04-10,PROMO_LATE,Completed,6.99
O0006087,C000027,2026-04-10,,Completed,0.0
O0006088,C001918,2026-04-11,,Completed,0.0
O0006089,C000143,2026-04-11,,Completed,0.0
O0006090,C001684,2026-04-11,,Completed,0.0
O0006091,C001695,2026-04-11,,Completed,0.0
O0006092,C000591,2026-04-11,PROMO_LATE,Completed,6.99
O0006093,C001697,2026-04-11,,Completed,0.0
O0006094,C002167,2026-04-11,,Completed,9.99
O0006095,C002447,2026-04-11,,Completed,9.99
O0006096,C002464,2026-04-11,PROMO_LATE,Completed,6.99
O0006097,C000038,2026-04-11,,Completed,0.0
O0006098,C002431,2026-04-11,PROMO_LATE,Completed,9.99
O0006099,C002135,2026-04-11,PROMO_LATE,Completed,9.99
O0006100,C000535,2026-04-11,PROMO_LATE,Completed,9.99
O0006101,C002098,2026-04-11,,Completed,9.99
O0006102,C000588,2026-04-11,,Completed,4.99
O0006103,C001477,2026-04-11,,Completed,6.99
O0006104,C000537,2026-04-11,PROMO_LATE,Completed,0.0
O0006105,C001017,2026-04-11,PROMO_LATE,Completed,6.99
O0006106,C002199,2026-04-11,PROMO_LATE,Completed,6.99
O0006107,C001666,2026-04-11,,Completed,6.99
O0006108,C001940,2026-04-11,,Completed,0.0
O0006109,C001743,2026-04-11,PROMO_LATE,Completed,0.0
O0006110,C002066,2026-04-11,,Completed,0.0
O0006111,C001331,2026-04-11,PROMO_LATE,Completed,0.0
O0006112,C001470,2026-04-11,,Completed,9.99
O0006113,C000754,2026-04-11,,Completed,0.0
O0006114,C000398,2026-04-11,PROMO_LATE,Completed,0.0
O0006115,C001844,2026-04-11,PROMO_LATE,Completed,0.0
O0006116,C001048,2026-04-11,,Completed,4.99
O0006117,C000078,2026-04-11,,Completed,0.0
O0006118,C002307,2026-04-11,,Completed,4.99
O0006119,C000322,2026-04-11,PROMO_LATE,Completed,6.99
O0006120,C000975,2026-04-11,,Completed,0.0
O0006121,C000963,2026-04-11,,Completed,6.99
O0006122,C000009,2026-04-11,PROMO_LATE,Completed,9.99
O0006123,C001266,2026-04-11,,Completed,0.0
O0006124,C000781,2026-04-11,,Completed,9.99
O0006125,C000660,2026-04-11,,Completed,0.0
O0006126,C000672,2026-04-11,,Completed,0.0
O0006127,C001631,2026-04-11,,Completed,0.0
O0006128,C001171,2026-04-11,,Completed,4.99
O0006129,C000420,2026-04-11,,Completed,9.99
O0006130,C000854,2026-04-11,,Completed,0.0
O0006131,C000173,2026-04-11,,Completed,0.0
O0006132,C001856,2026-04-11,PROMO_LATE,Completed,9.99
O0006133,C000800,2026-04-11,PROMO_LATE,Completed,6.99
O0006134,C002050,2026-04-11,,Completed,6.99
O0006135,C001942,2026-04-11,PROMO_LATE,Completed,0.0
O0006136,C001848,2026-04-11,,Completed,0.0
O0006137,C000048,2026-04-11,,Completed,9.99
O0006138,C001881,2026-04-11,PROMO_LATE,Completed,0.0
O0006139,C001455,2026-04-11,,Completed,0.0
O0006140,C000387,2026-04-11,,Completed,0.0
O0006141,C002092,2026-04-11,PROMO_LATE,Completed,4.99
O0006142,C002240,2026-04-11,PROMO_LATE,Completed,6.99
O0006143,C000988,2026-04-11,PROMO_LATE,Completed,4.99
O0006144,C002332,2026-04-11,PROMO_LATE,Completed,0.0
O0006145,C000929,2026-04-11,,Completed,4.99
O0006146,C001632,2026-04-11,,Completed,9.99
O0006147,C000387,2026-04-11,PROMO_LATE,Completed,0.0
O0006148,C001517,2026-04-11,,Completed,0.0
O0006149,C001421,2026-04-11,,Completed,0.0
O0006150,C002098,2026-04-11,PROMO_LATE,Completed,0.0
O0006151,C000531,2026-04-11,,Completed,0.0
O0006152,C001338,2026-04-11,,Completed,6.99
O0006153,C000046,2026-04-11,,Completed,0.0
O0006154,C000230,2026-04-11,,Completed,0.0
O0006155,C000372,2026-04-11,,Completed,0.0
O0006156,C000795,2026-04-11,,Completed,0.0
O0006157,C000370,2026-04-11,,Completed,0.0
O0006158,C000271,2026-04-11,,Completed,0.0
O0006159,C002373,2026-04-11,PROMO_LATE,Completed,6.99
O0006160,C002007,2026-04-11,,Completed,9.99
O0006161,C001978,2026-04-11,,Completed,0.0
O0006162,C000370,2026-04-11,,Completed,0.0
O0006163,C000495,2026-04-11,PROMO_LATE,Completed,4.99
O0006164,C000222,2026-04-11,PROMO_LATE,Completed,0.0
O0006165,C000564,2026-04-11,,Completed,0.0
O0006166,C000109,2026-04-11,,Completed,6.99
O0006167,C001391,2026-04-11,,Completed,9.99
O0006168,C000984,2026-04-11,,Completed,9.99
O0006169,C000922,2026-04-11,,Completed,0.0
O0006170,C000094,2026-04-11,,Completed,0.0
O0006171,C000735,2026-04-11,PROMO_LATE,Completed,9.99
O0006172,C000967,2026-04-11,,Completed,0.0
O0006173,C000985,2026-04-12,,Completed,0.0
O0006174,C001034,2026-04-12,PROMO_LATE,Completed,0.0
O0006175,C000472,2026-04-12,,Completed,4.99
O0006176,C002060,2026-04-12,PROMO_LATE,Completed,0.0
O0006177,C002168,2026-04-12,,Completed,0.0
O0006178,C002145,2026-04-12,,Completed,4.99
O0006179,C001212,2026-04-12,,Completed,6.99
O0006180,C000178,2026-04-12,PROMO_LATE,Completed,6.99
O0006181,C002151,2026-04-12,,Completed,0.0
O0006182,C001827,2026-04-12,,Completed,4.99
O0006183,C000474,2026-04-12,PROMO_LATE,Completed,6.99
O0006184,C000286,2026-04-12,PROMO_LATE,Completed,6.99
O0006185,C001161,2026-04-12,PROMO_LATE,Completed,4.99
O0006186,C000794,2026-04-12,PROMO_LATE,Completed,0.0
O0006187,C000361,2026-04-12,,Completed,0.0
O0006188,C000848,2026-04-12,PROMO_LATE,Completed,0.0
O0006189,C002049,2026-04-12,PROMO_LATE,Completed,4.99
O0006190,C001921,2026-04-12,PROMO_LATE,Completed,0.0
O0006191,C002014,2026-04-12,,Completed,0.0
O0006192,C001126,2026-04-12,,Completed,0.0
O0006193,C000022,2026-04-12,,Completed,0.0
O0006194,C000589,2026-04-12,,Completed,0.0
O0006195,C001026,2026-04-12,,Completed,0.0
O0006196,C000210,2026-04-12,,Completed,4.99
O0006197,C000435,2026-04-12,,Completed,0.0
O0006198,C001991,2026-04-12,,Completed,0.0
O0006199,C000369,2026-04-12,PROMO_LATE,Completed,0.0
O0006200,C001283,2026-04-12,,Completed,0.0
O0006201,C002313,2026-04-12,,Completed,0.0
O0006202,C000997,2026-04-12,PROMO_LATE,Completed,6.99
O0006203,C002096,2026-04-12,PROMO_LATE,Completed,0.0
O0006204,C002004,2026-04-12,,Completed,0.0
O0006205,C000115,2026-04-12,PROMO_LATE,Completed,0.0
O0006206,C000938,2026-04-12,PROMO_LATE,Completed,6.99
O0006207,C001283,2026-04-12,,Completed,0.0
O0006208,C001832,2026-04-12,PROMO_LATE,Completed,4.99
O0006209,C001040,2026-04-12,,Completed,0.0
O0006210,C001456,2026-04-12,PROMO_LATE,Completed,4.99
O0006211,C001283,2026-04-12,PROMO_LATE,Completed,9.99
O0006212,C000911,2026-04-12,,Completed,0.0
O0006213,C002060,2026-04-12,,Completed,0.0
O0006214,C001963,2026-04-12,PROMO_LATE,Completed,4.99
O0006215,C000153,2026-04-12,PROMO_LATE,Completed,0.0
O0006216,C002262,2026-04-12,,Completed,0.0
O0006217,C000516,2026-04-12,PROMO_LATE,Completed,0.0
O0006218,C001283,2026-04-12,PROMO_LATE,Completed,0.0
O0006219,C000904,2026-04-12,,Completed,6.99
O0006220,C000290,2026-04-12,PROMO_LATE,Completed,4.99
O0006221,C000514,2026-04-12,,Completed,9.99
O0006222,C000007,2026-04-12,,Completed,0.0
O0006223,C001126,2026-04-12,,Completed,6.99
O0006224,C001212,2026-04-12,PROMO_LATE,Completed,0.0
O0006225,C000056,2026-04-12,,Completed,4.99
O0006226,C000524,2026-04-12,,Completed,4.99
O0006227,C001331,2026-04-12,,Completed,6.99
O0006228,C000413,2026-04-12,PROMO_LATE,Completed,4.99
O0006229,C000398,2026-04-12,,Completed,0.0
O0006230,C002443,2026-04-12,,Completed,0.0
O0006231,C001240,2026-04-12,PROMO_LATE,Completed,0.0
O0006232,C002168,2026-04-12,PROMO_LATE,Completed,0.0
O0006233,C001069,2026-04-12,PROMO_LATE,Completed,4.99
O0006234,C000708,2026-04-12,,Completed,4.99
O0006235,C000282,2026-04-12,,Completed,0.0
O0006236,C001798,2026-04-12,PROMO_LATE,Completed,0.0
O0006237,C000940,2026-04-12,,Completed,6.99
O0006238,C002263,2026-04-12,PROMO_LATE,Completed,0.0
O0006239,C002226,2026-04-12,,Completed,0.0
O0006240,C001646,2026-04-12,PROMO_LATE,Completed,0.0
O0006241,C001647,2026-04-12,PROMO_LATE,Completed,0.0
O0006242,C000303,2026-04-12,,Completed,0.0
O0006243,C000658,2026-04-12,PROMO_LATE,Completed,6.99
O0006244,C000033,2026-04-12,,Completed,0.0
O0006245,C000683,2026-04-12,PROMO_LATE,Completed,0.0
O0006246,C000912,2026-04-12,,Completed,9.99
O0006247,C001546,2026-04-13,PROMO_LATE,Completed,0.0
O0006248,C001177,2026-04-13,PROMO_LATE,Completed,9.99
O0006249,C002009,2026-04-13,,Completed,0.0
O0006250,C002276,2026-04-13,,Completed,0.0
O0006251,C001853,2026-04-13,PROMO_LATE,Completed,6.99
O0006252,C001058,2026-04-13,PROMO_LATE,Completed,4.99
O0006253,C001517,2026-04-13,,Completed,0.0
O0006254,C001320,2026-04-13,,Completed,4.99
O0006255,C000417,2026-04-13,,Completed,0.0
O0006256,C001678,2026-04-13,,Completed,0.0
O0006257,C001266,2026-04-13,,Completed,9.99
O0006258,C002189,2026-04-13,PROMO_LATE,Completed,0.0
O0006259,C001723,2026-04-13,,Completed,6.99
O0006260,C002071,2026-04-13,,Completed,0.0
O0006261,C000054,2026-04-13,PROMO_LATE,Completed,0.0
O0006262,C000282,2026-04-13,,Completed,0.0
O0006263,C000733,2026-04-13,,Completed,4.99
O0006264,C001500,2026-04-13,PROMO_LATE,Completed,6.99
O0006265,C002460,2026-04-13,,Completed,0.0
O0006266,C001363,2026-04-13,,Completed,0.0
O0006267,C000540,2026-04-13,,Completed,0.0
O0006268,C001445,2026-04-13,,Completed,6.99
O0006269,C001940,2026-04-13,,Completed,0.0
O0006270,C000477,2026-04-13,,Completed,6.99
O0006271,C002400,2026-04-13,,Completed,9.99
O0006272,C002468,2026-04-13,PROMO_LATE,Completed,0.0
O0006273,C000861,2026-04-13,PROMO_LATE,Completed,9.99
O0006274,C000675,2026-04-13,,Completed,0.0
O0006275,C000918,2026-04-13,PROMO_LATE,Completed,0.0
O0006276,C002262,2026-04-13,,Completed,6.99
O0006277,C001454,2026-04-13,,Completed,0.0
O0006278,C000965,2026-04-13,,Completed,0.0
O0006279,C002231,2026-04-13,PROMO_LATE,Completed,0.0
O0006280,C000441,2026-04-13,PROMO_LATE,Completed,6.99
O0006281,C002199,2026-04-13,,Completed,0.0
O0006282,C001663,2026-04-13,,Completed,4.99
O0006283,C001849,2026-04-13,,Completed,0.0
O0006284,C000252,2026-04-13,,Completed,0.0
O0006285,C001525,2026-04-13,PROMO_LATE,Completed,0.0
O0006286,C002229,2026-04-13,,Completed,9.99
O0006287,C002115,2026-04-13,PROMO_LATE,Completed,9.99
O0006288,C000889,2026-04-13,,Completed,0.0
O0006289,C000771,2026-04-13,,Completed,0.0
O0006290,C000148,2026-04-13,PROMO_LATE,Completed,0.0
O0006291,C002160,2026-04-13,,Completed,0.0
O0006292,C000201,2026-04-13,PROMO_LATE,Completed,0.0
O0006293,C002373,2026-04-13,PROMO_LATE,Completed,0.0
O0006294,C001184,2026-04-13,,Completed,0.0
O0006295,C001130,2026-04-13,,Completed,0.0
O0006296,C001372,2026-04-13,PROMO_LATE,Completed,4.99
O0006297,C000957,2026-04-13,PROMO_LATE,Completed,4.99
O0006298,C001530,2026-04-13,,Completed,0.0
O0006299,C000250,2026-04-13,PROMO_LATE,Completed,9.99
O0006300,C001342,2026-04-13,,Completed,0.0
O0006301,C001852,2026-04-13,PROMO_LATE,Completed,0.0
O0006302,C002172,2026-04-13,,Completed,0.0
O0006303,C000358,2026-04-13,,Completed,9.99
O0006304,C000149,2026-04-13,PROMO_LATE,Completed,0.0
O0006305,C002070,2026-04-13,,Completed,4.99
O0006306,C001050,2026-04-13,,Completed,0.0
O0006307,C000884,2026-04-13,PROMO_LATE,Completed,6.99
O0006308,C001120,2026-04-13,,Completed,0.0
O0006309,C001126,2026-04-13,PROMO_LATE,Completed,9.99
O0006310,C000929,2026-04-13,,Completed,9.99
O0006311,C000078,2026-04-13,,Completed,6.99
O0006312,C001135,2026-04-13,,Completed,9.99
O0006313,C002434,2026-04-13,,Completed,6.99
O0006314,C002328,2026-04-13,PROMO_LATE,Completed,4.99
O0006315,C002077,2026-04-13,,Completed,6.99
O0006316,C000705,2026-04-13,,Completed,6.99
O0006317,C000461,2026-04-13,,Completed,4.99
O0006318,C002284,2026-04-13,PROMO_LATE,Completed,0.0
O0006319,C001922,2026-04-13,,Completed,0.0
O0006320,C001299,2026-04-13,,Completed,4.99
O0006321,C001714,2026-04-13,,Completed,0.0
O0006322,C000242,2026-04-13,PROMO_LATE,Completed,0.0
O0006323,C001907,2026-04-13,,Completed,0.0
O0006324,C001693,2026-04-13,,Completed,0.0
O0006325,C002098,2026-04-13,,Completed,0.0
O0006326,C000944,2026-04-14,,Completed,0.0
O0006327,C000021,2026-04-14,,Completed,0.0
O0006328,C000816,2026-04-14,,Completed,0.0
O0006329,C001120,2026-04-14,,Completed,0.0
O0006330,C000770,2026-04-14,,Completed,0.0
O0006331,C001531,2026-04-14,PROMO_LATE,Completed,0.0
O0006332,C000022,2026-04-14,,Completed,9.99
O0006333,C002468,2026-04-14,PROMO_LATE,Completed,0.0
O0006334,C001691,2026-04-14,PROMO_LATE,Completed,0.0
O0006335,C002206,2026-04-14,,Completed,6.99
O0006336,C001187,2026-04-14,,Completed,0.0
O0006337,C001574,2026-04-14,,Completed,4.99
O0006338,C001338,2026-04-14,PROMO_LATE,Completed,0.0
O0006339,C001240,2026-04-14,,Completed,0.0
O0006340,C000618,2026-04-14,,Completed,6.99
O0006341,C000490,2026-04-14,,Completed,4.99
O0006342,C001753,2026-04-14,PROMO_LATE,Completed,0.0
O0006343,C001317,2026-04-14,PROMO_LATE,Completed,0.0
O0006344,C002101,2026-04-14,,Completed,6.99
O0006345,C002382,2026-04-14,PROMO_LATE,Completed,0.0
O0006346,C001691,2026-04-14,,Completed,4.99
O0006347,C001995,2026-04-14,,Completed,6.99
O0006348,C002141,2026-04-14,,Completed,0.0
O0006349,C002000,2026-04-14,PROMO_LATE,Completed,0.0
O0006350,C001101,2026-04-14,,Completed,0.0
O0006351,C000890,2026-04-14,,Completed,0.0
O0006352,C000327,2026-04-14,,Completed,9.99
O0006353,C002309,2026-04-14,,Completed,0.0
O0006354,C001165,2026-04-14,,Completed,9.99
O0006355,C002465,2026-04-14,PROMO_LATE,Completed,0.0
O0006356,C000396,2026-04-14,PROMO_LATE,Completed,0.0
O0006357,C001621,2026-04-14,PROMO_LATE,Completed,0.0
O0006358,C002293,2026-04-14,PROMO_LATE,Completed,4.99
O0006359,C001222,2026-04-14,,Completed,6.99
O0006360,C001318,2026-04-14,,Completed,0.0
O0006361,C000103,2026-04-14,,Completed,9.99
O0006362,C000096,2026-04-14,,Completed,6.99
O0006363,C000603,2026-04-14,PROMO_LATE,Completed,4.99
O0006364,C000771,2026-04-14,,Completed,0.0
O0006365,C000689,2026-04-14,PROMO_LATE,Completed,0.0
O0006366,C001462,2026-04-14,PROMO_LATE,Completed,0.0
O0006367,C000800,2026-04-14,PROMO_LATE,Completed,9.99
O0006368,C001460,2026-04-14,PROMO_LATE,Completed,0.0
O0006369,C002008,2026-04-14,,Completed,9.99
O0006370,C001976,2026-04-14,,Completed,0.0
O0006371,C000589,2026-04-14,PROMO_LATE,Completed,4.99
O0006372,C001035,2026-04-14,PROMO_LATE,Completed,6.99
O0006373,C000046,2026-04-14,,Completed,0.0
O0006374,C001849,2026-04-14,,Completed,0.0
O0006375,C002356,2026-04-14,,Completed,9.99
O0006376,C002366,2026-04-14,,Completed,0.0
O0006377,C002197,2026-04-14,,Completed,0.0
O0006378,C001671,2026-04-14,,Completed,0.0
O0006379,C002390,2026-04-14,PROMO_LATE,Completed,0.0
O0006380,C000143,2026-04-14,PROMO_LATE,Completed,0.0
O0006381,C000396,2026-04-14,PROMO_LATE,Completed,0.0
O0006382,C001487,2026-04-14,,Completed,0.0
O0006383,C001441,2026-04-14,PROMO_LATE,Completed,9.99
O0006384,C001709,2026-04-14,,Completed,4.99
O0006385,C000408,2026-04-14,,Completed,0.0
O0006386,C001402,2026-04-14,,Completed,0.0
O0006387,C001754,2026-04-14,PROMO_LATE,Completed,4.99
O0006388,C001453,2026-04-14,PROMO_LATE,Completed,6.99
O0006389,C001284,2026-04-14,,Completed,6.99
O0006390,C001691,2026-04-14,,Completed,0.0
O0006391,C001298,2026-04-14,,Completed,0.0
O0006392,C002355,2026-04-14,PROMO_LATE,Completed,0.0
O0006393,C000156,2026-04-14,PROMO_LATE,Completed,0.0
O0006394,C001835,2026-04-14,PROMO_LATE,Completed,0.0
O0006395,C001539,2026-04-14,,Completed,9.99
O0006396,C000742,2026-04-14,,Completed,9.99
O0006397,C001441,2026-04-14,,Completed,9.99
O0006398,C001637,2026-04-14,,Completed,0.0
O0006399,C002002,2026-04-14,,Completed,9.99
O0006400,C000347,2026-04-14,,Completed,0.0
O0006401,C001908,2026-04-14,PROMO_LATE,Completed,0.0
O0006402,C002166,2026-04-14,,Completed,6.99
O0006403,C000282,2026-04-15,,Completed,0.0
O0006404,C000036,2026-04-15,,Completed,0.0
O0006405,C001003,2026-04-15,,Completed,0.0
O0006406,C001183,2026-04-15,PROMO_LATE,Completed,6.99
O0006407,C000678,2026-04-15,PROMO_LATE,Completed,0.0
O0006408,C000052,2026-04-15,,Completed,0.0
O0006409,C002431,2026-04-15,,Completed,0.0
O0006410,C000355,2026-04-15,,Completed,0.0
O0006411,C001008,2026-04-15,,Completed,4.99
O0006412,C001011,2026-04-15,PROMO_LATE,Completed,0.0
O0006413,C002244,2026-04-15,,Completed,9.99
O0006414,C000326,2026-04-15,,Completed,0.0
O0006415,C001332,2026-04-15,,Completed,0.0
O0006416,C002011,2026-04-15,,Completed,9.99
O0006417,C002219,2026-04-15,PROMO_LATE,Completed,9.99
O0006418,C000602,2026-04-15,PROMO_LATE,Completed,9.99
O0006419,C002421,2026-04-15,PROMO_LATE,Completed,0.0
O0006420,C002421,2026-04-15,,Completed,6.99
O0006421,C000706,2026-04-15,PROMO_LATE,Completed,0.0
O0006422,C001827,2026-04-15,PROMO_LATE,Completed,9.99
O0006423,C002421,2026-04-15,PROMO_LATE,Completed,0.0
O0006424,C000693,2026-04-15,,Completed,4.99
O0006425,C002347,2026-04-15,,Completed,6.99
O0006426,C000801,2026-04-15,,Completed,0.0
O0006427,C001582,2026-04-15,PROMO_LATE,Completed,0.0
O0006428,C001808,2026-04-15,PROMO_LATE,Completed,0.0
O0006429,C001402,2026-04-15,,Completed,4.99
O0006430,C000787,2026-04-15,PROMO_LATE,Completed,0.0
O0006431,C000729,2026-04-15,PROMO_LATE,Completed,4.99
O0006432,C000977,2026-04-15,PROMO_LATE,Completed,4.99
O0006433,C000377,2026-04-15,PROMO_LATE,Completed,0.0
O0006434,C001525,2026-04-15,,Completed,0.0
O0006435,C002064,2026-04-15,PROMO_LATE,Completed,9.99
O0006436,C000435,2026-04-15,,Completed,0.0
O0006437,C001891,2026-04-15,PROMO_LATE,Completed,6.99
O0006438,C000239,2026-04-15,PROMO_LATE,Completed,0.0
O0006439,C001213,2026-04-15,PROMO_LATE,Completed,6.99
O0006440,C000911,2026-04-15,PROMO_LATE,Completed,9.99
O0006441,C001164,2026-04-15,,Completed,0.0
O0006442,C001954,2026-04-15,,Completed,0.0
O0006443,C001094,2026-04-15,,Completed,0.0
O0006444,C002095,2026-04-15,,Completed,4.99
O0006445,C000678,2026-04-15,PROMO_LATE,Completed,4.99
O0006446,C002205,2026-04-15,PROMO_LATE,Completed,0.0
O0006447,C000037,2026-04-15,PROMO_LATE,Completed,4.99
O0006448,C002004,2026-04-15,PROMO_LATE,Completed,0.0
O0006449,C000774,2026-04-15,,Completed,0.0
O0006450,C001793,2026-04-15,,Completed,6.99
O0006451,C001455,2026-04-15,PROMO_LATE,Completed,6.99
O0006452,C001745,2026-04-15,,Completed,6.99
O0006453,C000836,2026-04-15,PROMO_LATE,Completed,9.99
O0006454,C001334,2026-04-15,,Completed,0.0
O0006455,C001026,2026-04-15,,Completed,0.0
O0006456,C001338,2026-04-15,,Completed,0.0
O0006457,C001385,2026-04-15,,Completed,0.0
O0006458,C000822,2026-04-15,PROMO_LATE,Completed,0.0
O0006459,C001731,2026-04-15,,Completed,4.99
O0006460,C001650,2026-04-15,,Completed,6.99
O0006461,C002353,2026-04-15,,Completed,6.99
O0006462,C001684,2026-04-15,,Completed,0.0
O0006463,C001332,2026-04-15,PROMO_LATE,Completed,0.0
O0006464,C001375,2026-04-15,,Completed,9.99
O0006465,C000099,2026-04-15,,Completed,4.99
O0006466,C000075,2026-04-15,,Completed,9.99
O0006467,C001081,2026-04-15,,Completed,0.0
O0006468,C001808,2026-04-15,,Completed,0.0
O0006469,C000505,2026-04-15,PROMO_LATE,Completed,0.0
O0006470,C001031,2026-04-15,,Completed,6.99
O0006471,C002421,2026-04-15,PROMO_LATE,Completed,0.0
O0006472,C000562,2026-04-15,,Completed,4.99
O0006473,C000848,2026-04-15,PROMO_LATE,Completed,0.0
O0006474,C000956,2026-04-15,,Completed,0.0
O0006475,C000244,2026-04-15,,Completed,0.0
O0006476,C001778,2026-04-15,,Completed,0.0
O0006477,C001362,2026-04-15,PROMO_LATE,Completed,4.99
O0006478,C002214,2026-04-15,,Completed,9.99
O0006479,C000016,2026-04-15,PROMO_LATE,Completed,0.0
O0006480,C001588,2026-04-15,PROMO_LATE,Completed,9.99
O0006481,C001218,2026-04-15,,Completed,0.0
O0006482,C000430,2026-04-15,,Completed,6.99
O0006483,C000221,2026-04-15,,Completed,9.99
O0006484,C002156,2026-04-15,,Completed,6.99
O0006485,C000969,2026-04-15,,Completed,6.99
O0006486,C002421,2026-04-15,PROMO_LATE,Completed,4.99
O0006487,C000438,2026-04-15,PROMO_LATE,Completed,0.0
O0006488,C000375,2026-04-16,,Completed,9.99
O0006489,C000535,2026-04-16,PROMO_LATE,Completed,4.99
O0006490,C000152,2026-04-16,PROMO_LATE,Completed,0.0
O0006491,C000492,2026-04-16,PROMO_LATE,Completed,0.0
O0006492,C001985,2026-04-16,,Completed,6.99
O0006493,C001241,2026-04-16,,Completed,6.99
O0006494,C000257,2026-04-16,,Completed,9.99
O0006495,C001363,2026-04-16,,Completed,0.0
O0006496,C000347,2026-04-16,,Completed,6.99
O0006497,C002437,2026-04-16,,Completed,0.0
O0006498,C000589,2026-04-16,,Completed,9.99
O0006499,C001038,2026-04-16,,Completed,9.99
O0006500,C002235,2026-04-16,,Completed,0.0
O0006501,C002218,2026-04-16,,Completed,0.0
O0006502,C002178,2026-04-16,,Completed,0.0
O0006503,C000355,2026-04-16,,Completed,9.99
O0006504,C000564,2026-04-16,PROMO_LATE,Completed,9.99
O0006505,C000174,2026-04-16,PROMO_LATE,Completed,0.0
O0006506,C001046,2026-04-16,PROMO_LATE,Completed,6.99
O0006507,C002095,2026-04-16,,Completed,6.99
O0006508,C002462,2026-04-16,PROMO_LATE,Completed,9.99
O0006509,C002137,2026-04-16,,Completed,0.0
O0006510,C002222,2026-04-16,PROMO_LATE,Completed,4.99
O0006511,C000113,2026-04-16,PROMO_LATE,Completed,4.99
O0006512,C000375,2026-04-16,PROMO_LATE,Completed,0.0
O0006513,C000472,2026-04-16,,Completed,0.0
O0006514,C001534,2026-04-16,,Completed,4.99
O0006515,C001524,2026-04-16,,Completed,0.0
O0006516,C000149,2026-04-16,PROMO_LATE,Completed,0.0
O0006517,C001025,2026-04-16,,Completed,0.0
O0006518,C001196,2026-04-16,,Completed,0.0
O0006519,C002434,2026-04-16,,Completed,0.0
O0006520,C002049,2026-04-16,,Completed,6.99
O0006521,C000589,2026-04-16,PROMO_LATE,Completed,9.99
O0006522,C001535,2026-04-16,,Completed,6.99
O0006523,C000751,2026-04-16,,Completed,9.99
O0006524,C001449,2026-04-16,,Completed,0.0
O0006525,C001433,2026-04-16,,Completed,0.0
O0006526,C000363,2026-04-16,PROMO_LATE,Completed,0.0
O0006527,C001229,2026-04-16,,Completed,9.99
O0006528,C000585,2026-04-16,PROMO_LATE,Completed,0.0
O0006529,C001956,2026-04-16,PROMO_LATE,Completed,0.0
O0006530,C000212,2026-04-16,PROMO_LATE,Completed,0.0
O0006531,C000470,2026-04-16,,Completed,0.0
O0006532,C000230,2026-04-16,,Completed,6.99
O0006533,C001113,2026-04-16,PROMO_LATE,Completed,0.0
O0006534,C000604,2026-04-16,PROMO_LATE,Completed,4.99
O0006535,C002371,2026-04-16,,Completed,0.0
O0006536,C001752,2026-04-16,PROMO_LATE,Completed,0.0
O0006537,C000078,2026-04-16,,Completed,0.0
O0006538,C001145,2026-04-16,PROMO_LATE,Completed,4.99
O0006539,C001940,2026-04-16,PROMO_LATE,Completed,0.0
O0006540,C001940,2026-04-16,,Completed,0.0
O0006541,C000705,2026-04-16,,Completed,0.0
O0006542,C001124,2026-04-16,PROMO_LATE,Completed,0.0
O0006543,C001017,2026-04-16,,Completed,0.0
O0006544,C001279,2026-04-16,PROMO_LATE,Completed,4.99
O0006545,C002168,2026-04-16,,Completed,0.0
O0006546,C001693,2026-04-16,,Completed,0.0
O0006547,C000583,2026-04-16,PROMO_LATE,Completed,0.0
O0006548,C000925,2026-04-16,,Completed,9.99
O0006549,C001667,2026-04-16,,Completed,0.0
O0006550,C002314,2026-04-16,,Completed,0.0
O0006551,C000706,2026-04-16,,Completed,4.99
O0006552,C000446,2026-04-16,PROMO_LATE,Completed,4.99
O0006553,C000706,2026-04-16,,Completed,0.0
O0006554,C001315,2026-04-16,,Completed,9.99
O0006555,C002309,2026-04-16,,Completed,0.0
O0006556,C000727,2026-04-16,,Completed,4.99
O0006557,C001469,2026-04-16,,Completed,4.99
O0006558,C000077,2026-04-16,PROMO_LATE,Completed,0.0
O0006559,C000913,2026-04-16,,Completed,6.99
O0006560,C001471,2026-04-16,PROMO_LATE,Completed,0.0
O0006561,C000788,2026-04-16,PROMO_LATE,Completed,9.99
O0006562,C002462,2026-04-16,,Completed,0.0
O0006563,C001145,2026-04-16,,Completed,4.99
O0006564,C001899,2026-04-16,,Completed,0.0
O0006565,C002118,2026-04-16,,Completed,6.99
O0006566,C000375,2026-04-16,,Completed,0.0
O0006567,C001503,2026-04-17,,Completed,0.0
O0006568,C001721,2026-04-17,,Completed,9.99
O0006569,C001773,2026-04-17,,Completed,6.99
O0006570,C000160,2026-04-17,PROMO_LATE,Completed,4.99
O0006571,C000259,2026-04-17,,Completed,6.99
O0006572,C002396,2026-04-17,PROMO_LATE,Completed,0.0
O0006573,C001469,2026-04-17,PROMO_LATE,Completed,0.0
O0006574,C002465,2026-04-17,PROMO_LATE,Completed,0.0
O0006575,C001133,2026-04-17,PROMO_LATE,Completed,0.0
O0006576,C002299,2026-04-17,,Completed,4.99
O0006577,C001613,2026-04-17,,Completed,0.0
O0006578,C001222,2026-04-17,,Completed,0.0
O0006579,C000254,2026-04-17,,Completed,9.99
O0006580,C001955,2026-04-17,,Completed,0.0
O0006581,C001120,2026-04-17,,Completed,0.0
O0006582,C001011,2026-04-17,PROMO_LATE,Completed,9.99
O0006583,C001161,2026-04-17,PROMO_LATE,Completed,0.0
O0006584,C002398,2026-04-17,,Completed,0.0
O0006585,C001826,2026-04-17,,Completed,0.0
O0006586,C001091,2026-04-17,,Completed,0.0
O0006587,C000879,2026-04-17,,Completed,0.0
O0006588,C001813,2026-04-17,,Completed,0.0
O0006589,C002098,2026-04-17,,Completed,0.0
O0006590,C001631,2026-04-17,PROMO_LATE,Completed,0.0
O0006591,C001336,2026-04-17,PROMO_LATE,Completed,0.0
O0006592,C000583,2026-04-17,,Completed,9.99
O0006593,C000564,2026-04-17,PROMO_LATE,Completed,4.99
O0006594,C002094,2026-04-17,,Completed,4.99
O0006595,C002339,2026-04-17,PROMO_LATE,Completed,4.99
O0006596,C001138,2026-04-17,,Completed,6.99
O0006597,C000128,2026-04-17,PROMO_LATE,Completed,0.0
O0006598,C000849,2026-04-17,PROMO_LATE,Completed,0.0
O0006599,C000600,2026-04-17,,Completed,9.99
O0006600,C000777,2026-04-17,PROMO_LATE,Completed,4.99
O0006601,C000415,2026-04-17,,Completed,0.0
O0006602,C002458,2026-04-17,PROMO_LATE,Completed,0.0
O0006603,C001217,2026-04-17,PROMO_LATE,Completed,9.99
O0006604,C000562,2026-04-17,,Completed,0.0
O0006605,C001335,2026-04-17,,Completed,0.0
O0006606,C001478,2026-04-17,PROMO_LATE,Completed,9.99
O0006607,C000992,2026-04-17,,Completed,0.0
O0006608,C002396,2026-04-17,,Completed,4.99
O0006609,C001467,2026-04-17,,Completed,0.0
O0006610,C001976,2026-04-17,,Completed,0.0
O0006611,C001935,2026-04-17,,Completed,4.99
O0006612,C001915,2026-04-17,PROMO_LATE,Completed,4.99
O0006613,C001381,2026-04-17,,Completed,0.0
O0006614,C001621,2026-04-17,PROMO_LATE,Completed,4.99
O0006615,C002272,2026-04-17,PROMO_LATE,Completed,0.0
O0006616,C002323,2026-04-17,PROMO_LATE,Completed,0.0
O0006617,C000030,2026-04-17,PROMO_LATE,Completed,0.0
O0006618,C000752,2026-04-17,,Completed,0.0
O0006619,C002013,2026-04-17,,Completed,0.0
O0006620,C001283,2026-04-17,,Completed,4.99
O0006621,C001133,2026-04-17,,Completed,6.99
O0006622,C002390,2026-04-17,,Completed,6.99
O0006623,C000732,2026-04-17,,Completed,0.0
O0006624,C000501,2026-04-17,PROMO_LATE,Completed,4.99
O0006625,C001138,2026-04-17,,Completed,0.0
O0006626,C000433,2026-04-17,PROMO_LATE,Completed,4.99
O0006627,C001381,2026-04-17,,Completed,0.0
O0006628,C001490,2026-04-17,,Completed,0.0
O0006629,C001797,2026-04-17,PROMO_LATE,Completed,0.0
O0006630,C001919,2026-04-17,,Completed,4.99
O0006631,C001393,2026-04-17,,Completed,9.99
O0006632,C002461,2026-04-17,,Completed,4.99
O0006633,C001133,2026-04-17,,Completed,4.99
O0006634,C002241,2026-04-17,,Completed,9.99
O0006635,C000134,2026-04-17,,Completed,0.0
O0006636,C002314,2026-04-17,,Completed,0.0
O0006637,C001517,2026-04-17,,Completed,0.0
O0006638,C000960,2026-04-17,,Completed,0.0
O0006639,C000501,2026-04-17,PROMO_LATE,Completed,4.99
O0006640,C000523,2026-04-17,,Completed,0.0
O0006641,C000501,2026-04-17,,Completed,0.0
O0006642,C001462,2026-04-18,,Completed,0.0
O0006643,C000852,2026-04-18,,Completed,6.99
O0006644,C001061,2026-04-18,,Completed,0.0
O0006645,C000565,2026-04-18,PROMO_LATE,Completed,4.99
O0006646,C002445,2026-04-18,,Completed,0.0
O0006647,C000743,2026-04-18,,Completed,0.0
O0006648,C002179,2026-04-18,,Completed,0.0
O0006649,C000691,2026-04-18,PROMO_LATE,Completed,4.99
O0006650,C000005,2026-04-18,,Completed,0.0
O0006651,C000172,2026-04-18,PROMO_LATE,Completed,6.99
O0006652,C001627,2026-04-18,PROMO_LATE,Completed,4.99
O0006653,C002241,2026-04-18,,Completed,0.0
O0006654,C001814,2026-04-18,,Completed,0.0
O0006655,C000344,2026-04-18,,Completed,0.0
O0006656,C002361,2026-04-18,,Completed,0.0
O0006657,C000460,2026-04-18,PROMO_LATE,Completed,4.99
O0006658,C000788,2026-04-18,PROMO_LATE,Completed,4.99
O0006659,C000165,2026-04-18,PROMO_LATE,Completed,9.99
O0006660,C000396,2026-04-18,,Completed,0.0
O0006661,C000488,2026-04-18,,Completed,4.99
O0006662,C000452,2026-04-18,,Completed,0.0
O0006663,C000904,2026-04-18,,Completed,0.0
O0006664,C001081,2026-04-18,PROMO_LATE,Completed,0.0
O0006665,C001129,2026-04-18,,Completed,9.99
O0006666,C000589,2026-04-18,,Completed,6.99
O0006667,C002160,2026-04-18,PROMO_LATE,Completed,0.0
O0006668,C000352,2026-04-18,,Completed,0.0
O0006669,C000408,2026-04-18,PROMO_LATE,Completed,0.0
O0006670,C001122,2026-04-18,,Completed,0.0
O0006671,C001939,2026-04-18,PROMO_LATE,Completed,0.0
O0006672,C001026,2026-04-18,,Completed,0.0
O0006673,C000784,2026-04-18,,Completed,0.0
O0006674,C000266,2026-04-18,,Completed,0.0
O0006675,C000430,2026-04-18,,Completed,4.99
O0006676,C001605,2026-04-18,,Completed,0.0
O0006677,C002411,2026-04-18,,Completed,9.99
O0006678,C000206,2026-04-18,,Completed,0.0
O0006679,C001003,2026-04-18,,Completed,4.99
O0006680,C000649,2026-04-18,PROMO_LATE,Completed,0.0
O0006681,C001838,2026-04-18,,Completed,4.99
O0006682,C001908,2026-04-18,,Completed,0.0
O0006683,C002428,2026-04-18,,Completed,0.0
O0006684,C002128,2026-04-18,,Completed,0.0
O0006685,C002111,2026-04-18,,Completed,4.99
O0006686,C001120,2026-04-18,,Completed,0.0
O0006687,C000937,2026-04-18,,Completed,9.99
O0006688,C002098,2026-04-18,PROMO_LATE,Completed,0.0
O0006689,C002314,2026-04-18,PROMO_LATE,Completed,0.0
O0006690,C002074,2026-04-18,PROMO_LATE,Completed,0.0
O0006691,C000589,2026-04-18,,Completed,0.0
O0006692,C001817,2026-04-18,PROMO_LATE,Completed,0.0
O0006693,C001637,2026-04-18,PROMO_LATE,Completed,9.99
O0006694,C000964,2026-04-18,PROMO_LATE,Completed,9.99
O0006695,C001848,2026-04-18,,Completed,9.99
O0006696,C000919,2026-04-18,,Completed,6.99
O0006697,C000482,2026-04-18,PROMO_LATE,Completed,0.0
O0006698,C001322,2026-04-18,,Completed,0.0
O0006699,C001257,2026-04-18,PROMO_LATE,Completed,4.99
O0006700,C001723,2026-04-18,,Completed,0.0
O0006701,C002375,2026-04-18,,Completed,0.0
O0006702,C001891,2026-04-18,PROMO_LATE,Completed,0.0
O0006703,C002476,2026-04-18,,Completed,4.99
O0006704,C001489,2026-04-18,,Completed,0.0
O0006705,C002384,2026-04-18,,Completed,4.99
O0006706,C001517,2026-04-18,PROMO_LATE,Completed,4.99
O0006707,C000173,2026-04-18,,Completed,0.0
O0006708,C002421,2026-04-18,PROMO_LATE,Completed,0.0
O0006709,C001218,2026-04-18,,Completed,4.99
O0006710,C000058,2026-04-18,,Completed,4.99
O0006711,C001096,2026-04-18,,Completed,6.99
O0006712,C000727,2026-04-18,,Completed,0.0
O0006713,C000096,2026-04-18,,Completed,0.0
O0006714,C000483,2026-04-18,,Completed,0.0
O0006715,C000672,2026-04-18,PROMO_LATE,Completed,0.0
O0006716,C000048,2026-04-18,PROMO_LATE,Completed,0.0
O0006717,C001359,2026-04-18,,Completed,6.99
O0006718,C001569,2026-04-18,PROMO_LATE,Completed,0.0
O0006719,C001530,2026-04-18,PROMO_LATE,Completed,6.99
O0006720,C001620,2026-04-18,PROMO_LATE,Completed,0.0
O0006721,C000516,2026-04-18,,Completed,0.0
O0006722,C002043,2026-04-18,PROMO_LATE,Completed,4.99
O0006723,C001526,2026-04-18,,Completed,0.0
O0006724,C000506,2026-04-19,PROMO_LATE,Completed,9.99
O0006725,C000895,2026-04-19,PROMO_LATE,Completed,4.99
O0006726,C000033,2026-04-19,,Completed,0.0
O0006727,C001189,2026-04-19,,Completed,0.0
O0006728,C002288,2026-04-19,,Completed,0.0
O0006729,C002172,2026-04-19,,Completed,0.0
O0006730,C000565,2026-04-19,,Completed,6.99
O0006731,C000182,2026-04-19,,Completed,4.99
O0006732,C000256,2026-04-19,,Completed,0.0
O0006733,C001217,2026-04-19,PROMO_LATE,Completed,0.0
O0006734,C002101,2026-04-19,,Completed,9.99
O0006735,C001426,2026-04-19,PROMO_LATE,Completed,0.0
O0006736,C002440,2026-04-19,PROMO_LATE,Completed,6.99
O0006737,C001525,2026-04-19,,Completed,0.0
O0006738,C001664,2026-04-19,,Completed,0.0
O0006739,C001530,2026-04-19,PROMO_LATE,Completed,0.0
O0006740,C000078,2026-04-19,,Completed,0.0
O0006741,C001316,2026-04-19,PROMO_LATE,Completed,0.0
O0006742,C001281,2026-04-19,PROMO_LATE,Completed,6.99
O0006743,C000094,2026-04-19,,Completed,0.0
O0006744,C001691,2026-04-19,PROMO_LATE,Completed,0.0
O0006745,C000864,2026-04-19,PROMO_LATE,Completed,0.0
O0006746,C001601,2026-04-19,,Completed,0.0
O0006747,C001316,2026-04-19,,Completed,0.0
O0006748,C001416,2026-04-19,PROMO_LATE,Completed,0.0
O0006749,C001825,2026-04-19,,Completed,0.0
O0006750,C002432,2026-04-19,PROMO_LATE,Completed,0.0
O0006751,C000990,2026-04-19,,Completed,0.0
O0006752,C000365,2026-04-19,PROMO_LATE,Completed,0.0
O0006753,C000904,2026-04-19,,Completed,9.99
O0006754,C001440,2026-04-19,,Completed,0.0
O0006755,C000326,2026-04-19,,Completed,0.0
O0006756,C000667,2026-04-19,PROMO_LATE,Completed,0.0
O0006757,C002322,2026-04-19,,Completed,0.0
O0006758,C000041,2026-04-19,PROMO_LATE,Completed,0.0
O0006759,C001117,2026-04-19,,Completed,6.99
O0006760,C001588,2026-04-19,PROMO_LATE,Completed,9.99
O0006761,C001330,2026-04-19,,Completed,0.0
O0006762,C000869,2026-04-19,PROMO_LATE,Completed,9.99
O0006763,C000408,2026-04-19,PROMO_LATE,Completed,0.0
O0006764,C001734,2026-04-19,PROMO_LATE,Completed,0.0
O0006765,C000374,2026-04-19,PROMO_LATE,Completed,6.99
O0006766,C001208,2026-04-19,PROMO_LATE,Completed,9.99
O0006767,C001479,2026-04-19,,Completed,0.0
O0006768,C000323,2026-04-19,PROMO_LATE,Completed,0.0
O0006769,C000435,2026-04-19,,Completed,0.0
O0006770,C002477,2026-04-19,PROMO_LATE,Completed,0.0
O0006771,C001741,2026-04-19,,Completed,0.0
O0006772,C001220,2026-04-19,PROMO_LATE,Completed,9.99
O0006773,C001290,2026-04-19,PROMO_LATE,Completed,0.0
O0006774,C002201,2026-04-19,,Completed,0.0
O0006775,C001564,2026-04-19,,Completed,9.99
O0006776,C000749,2026-04-19,PROMO_LATE,Completed,6.99
O0006777,C002052,2026-04-19,PROMO_LATE,Completed,0.0
O0006778,C002484,2026-04-19,,Completed,4.99
O0006779,C002015,2026-04-19,,Completed,6.99
O0006780,C001004,2026-04-19,,Completed,4.99
O0006781,C000638,2026-04-19,PROMO_LATE,Completed,4.99
O0006782,C000290,2026-04-19,PROMO_LATE,Completed,4.99
O0006783,C001709,2026-04-19,,Completed,0.0
O0006784,C000843,2026-04-20,,Completed,6.99
O0006785,C001806,2026-04-20,PROMO_LATE,Completed,0.0
O0006786,C000872,2026-04-20,,Completed,9.99
O0006787,C001439,2026-04-20,,Completed,6.99
O0006788,C002243,2026-04-20,,Completed,6.99
O0006789,C001126,2026-04-20,PROMO_LATE,Completed,0.0
O0006790,C000267,2026-04-20,,Completed,9.99
O0006791,C000933,2026-04-20,,Completed,0.0
O0006792,C002395,2026-04-20,,Completed,0.0
O0006793,C002440,2026-04-20,,Completed,0.0
O0006794,C001529,2026-04-20,PROMO_LATE,Completed,9.99
O0006795,C000855,2026-04-20,,Completed,0.0
O0006796,C001455,2026-04-20,,Completed,6.99
O0006797,C002013,2026-04-20,,Completed,0.0
O0006798,C000155,2026-04-20,,Completed,4.99
O0006799,C002229,2026-04-20,,Completed,0.0
O0006800,C000778,2026-04-20,,Completed,0.0
O0006801,C001964,2026-04-20,,Completed,0.0
O0006802,C002226,2026-04-20,,Completed,4.99
O0006803,C002431,2026-04-20,PROMO_LATE,Completed,0.0
O0006804,C000452,2026-04-20,,Completed,6.99
O0006805,C000827,2026-04-20,,Completed,0.0
O0006806,C001316,2026-04-20,,Completed,0.0
O0006807,C000029,2026-04-20,,Completed,0.0
O0006808,C001689,2026-04-20,,Completed,0.0
O0006809,C000817,2026-04-20,,Completed,9.99
O0006810,C000843,2026-04-20,,Completed,0.0
O0006811,C001689,2026-04-20,,Completed,0.0
O0006812,C002273,2026-04-20,,Completed,0.0
O0006813,C001759,2026-04-20,,Completed,0.0
O0006814,C001740,2026-04-20,PROMO_LATE,Completed,4.99
O0006815,C001460,2026-04-20,,Completed,0.0
O0006816,C000005,2026-04-20,,Completed,4.99
O0006817,C000333,2026-04-20,,Completed,0.0
O0006818,C001113,2026-04-20,,Completed,4.99
O0006819,C001439,2026-04-20,,Completed,6.99
O0006820,C000983,2026-04-20,,Completed,0.0
O0006821,C001774,2026-04-20,PROMO_LATE,Completed,4.99
O0006822,C000016,2026-04-20,PROMO_LATE,Completed,0.0
O0006823,C001774,2026-04-20,PROMO_LATE,Completed,0.0
O0006824,C000396,2026-04-20,,Completed,9.99
O0006825,C001781,2026-04-20,,Completed,0.0
O0006826,C001439,2026-04-20,,Completed,0.0
O0006827,C001689,2026-04-20,PROMO_LATE,Completed,0.0
O0006828,C001812,2026-04-20,,Completed,0.0
O0006829,C000742,2026-04-20,PROMO_LATE,Completed,6.99
O0006830,C000443,2026-04-20,,Completed,6.99
O0006831,C002244,2026-04-20,,Completed,6.99
O0006832,C001978,2026-04-20,,Completed,0.0
O0006833,C001907,2026-04-20,PROMO_LATE,Completed,0.0
O0006834,C001826,2026-04-20,,Completed,0.0
O0006835,C002297,2026-04-20,,Completed,0.0
O0006836,C000917,2026-04-20,,Completed,6.99
O0006837,C001689,2026-04-20,PROMO_LATE,Completed,0.0
O0006838,C002436,2026-04-20,PROMO_LATE,Completed,9.99
O0006839,C002204,2026-04-20,PROMO_LATE,Completed,0.0
O0006840,C000362,2026-04-20,,Completed,0.0
O0006841,C000451,2026-04-20,,Completed,0.0
O0006842,C000210,2026-04-20,,Completed,0.0
O0006843,C001391,2026-04-20,,Completed,6.99
O0006844,C000933,2026-04-20,,Completed,0.0
O0006845,C000089,2026-04-20,PROMO_LATE,Completed,0.0
O0006846,C001689,2026-04-20,,Completed,6.99
O0006847,C001473,2026-04-20,,Completed,0.0
O0006848,C002115,2026-04-20,,Completed,0.0
O0006849,C001689,2026-04-20,,Completed,0.0
O0006850,C001689,2026-04-20,PROMO_LATE,Completed,0.0
O0006851,C001918,2026-04-20,PROMO_LATE,Completed,0.0
O0006852,C000358,2026-04-20,PROMO_LATE,Completed,9.99
O0006853,C001439,2026-04-20,,Completed,0.0
O0006854,C002000,2026-04-20,PROMO_LATE,Completed,4.99
O0006855,C000845,2026-04-20,,Completed,0.0
O0006856,C000212,2026-04-20,,Completed,0.0
O0006857,C000035,2026-04-20,,Completed,6.99
O0006858,C000135,2026-04-20,,Completed,9.99
O0006859,C001547,2026-04-20,,Completed,0.0
O0006860,C001689,2026-04-20,,Completed,0.0
O0006861,C001836,2026-04-20,,Completed,0.0
O0006862,C000881,2026-04-20,,Completed,0.0
O0006863,C000578,2026-04-21,PROMO_LATE,Completed,6.99
O0006864,C002060,2026-04-21,,Completed,0.0
O0006865,C002330,2026-04-21,PROMO_LATE,Completed,0.0
O0006866,C001996,2026-04-21,,Completed,0.0
O0006867,C001569,2026-04-21,,Completed,4.99
O0006868,C001227,2026-04-21,,Completed,4.99
O0006869,C000665,2026-04-21,,Completed,0.0
O0006870,C000854,2026-04-21,,Completed,4.99
O0006871,C001634,2026-04-21,,Completed,0.0
O0006872,C001865,2026-04-21,,Completed,0.0
O0006873,C001699,2026-04-21,,Completed,0.0
O0006874,C000855,2026-04-21,PROMO_LATE,Completed,0.0
O0006875,C001981,2026-04-21,,Completed,9.99
O0006876,C001088,2026-04-21,,Completed,0.0
O0006877,C000139,2026-04-21,,Completed,6.99
O0006878,C001126,2026-04-21,PROMO_LATE,Completed,0.0
O0006879,C001144,2026-04-21,,Completed,0.0
O0006880,C000730,2026-04-21,,Completed,0.0
O0006881,C001411,2026-04-21,PROMO_LATE,Completed,0.0
O0006882,C001911,2026-04-21,,Completed,4.99
O0006883,C002329,2026-04-21,,Completed,0.0
O0006884,C001173,2026-04-21,,Completed,9.99
O0006885,C002002,2026-04-21,,Completed,0.0
O0006886,C000730,2026-04-21,,Completed,4.99
O0006887,C000139,2026-04-21,,Completed,9.99
O0006888,C000415,2026-04-21,,Completed,0.0
O0006889,C001363,2026-04-21,PROMO_LATE,Completed,0.0
O0006890,C000112,2026-04-21,PROMO_LATE,Completed,6.99
O0006891,C000783,2026-04-21,PROMO_LATE,Completed,6.99
O0006892,C000706,2026-04-21,PROMO_LATE,Completed,0.0
O0006893,C002096,2026-04-21,PROMO_LATE,Completed,0.0
O0006894,C001955,2026-04-21,,Completed,6.99
O0006895,C001460,2026-04-21,,Completed,6.99
O0006896,C000117,2026-04-21,PROMO_LATE,Completed,0.0
O0006897,C002009,2026-04-21,,Completed,4.99
O0006898,C001965,2026-04-21,,Completed,0.0
O0006899,C000710,2026-04-21,PROMO_LATE,Completed,0.0
O0006900,C002458,2026-04-21,,Completed,0.0
O0006901,C001832,2026-04-21,,Completed,9.99
O0006902,C001418,2026-04-21,PROMO_LATE,Completed,0.0
O0006903,C000484,2026-04-21,,Completed,0.0
O0006904,C000730,2026-04-21,,Completed,0.0
O0006905,C002461,2026-04-21,,Completed,0.0
O0006906,C002314,2026-04-21,PROMO_LATE,Completed,9.99
O0006907,C000786,2026-04-21,PROMO_LATE,Completed,6.99
O0006908,C000038,2026-04-21,,Completed,0.0
O0006909,C001470,2026-04-21,,Completed,0.0
O0006910,C000981,2026-04-21,PROMO_LATE,Completed,0.0
O0006911,C000911,2026-04-21,PROMO_LATE,Completed,6.99
O0006912,C002231,2026-04-21,PROMO_LATE,Completed,0.0
O0006913,C000177,2026-04-21,,Completed,6.99
O0006914,C000299,2026-04-21,PROMO_LATE,Completed,4.99
O0006915,C000400,2026-04-21,,Completed,9.99
O0006916,C001978,2026-04-21,,Completed,0.0
O0006917,C001922,2026-04-21,,Completed,6.99
O0006918,C000064,2026-04-21,PROMO_LATE,Completed,6.99
O0006919,C000112,2026-04-21,PROMO_LATE,Completed,0.0
O0006920,C001173,2026-04-21,PROMO_LATE,Completed,4.99
O0006921,C000954,2026-04-21,PROMO_LATE,Completed,0.0
O0006922,C001602,2026-04-21,,Completed,4.99
O0006923,C000730,2026-04-21,,Completed,0.0
O0006924,C000671,2026-04-21,,Completed,9.99
O0006925,C001472,2026-04-21,,Completed,0.0
O0006926,C000960,2026-04-21,PROMO_LATE,Completed,0.0
O0006927,C000680,2026-04-21,,Completed,0.0
O0006928,C000112,2026-04-21,,Completed,0.0
O0006929,C001541,2026-04-21,PROMO_LATE,Completed,0.0
O0006930,C000706,2026-04-21,,Completed,0.0
O0006931,C002328,2026-04-21,PROMO_LATE,Completed,0.0
O0006932,C000170,2026-04-21,,Completed,0.0
O0006933,C000523,2026-04-22,,Completed,4.99
O0006934,C000716,2026-04-22,,Completed,4.99
O0006935,C001749,2026-04-22,,Completed,0.0
O0006936,C000843,2026-04-22,,Completed,0.0
O0006937,C002184,2026-04-22,,Completed,0.0
O0006938,C002302,2026-04-22,,Completed,4.99
O0006939,C000789,2026-04-22,,Completed,0.0
O0006940,C000992,2026-04-22,PROMO_LATE,Completed,4.99
O0006941,C001969,2026-04-22,,Completed,0.0
O0006942,C000976,2026-04-22,,Completed,6.99
O0006943,C001540,2026-04-22,PROMO_LATE,Completed,9.99
O0006944,C001011,2026-04-22,,Completed,4.99
O0006945,C001843,2026-04-22,,Completed,0.0
O0006946,C000355,2026-04-22,PROMO_LATE,Completed,0.0
O0006947,C002447,2026-04-22,,Completed,0.0
O0006948,C000931,2026-04-22,,Completed,9.99
O0006949,C000419,2026-04-22,,Completed,0.0
O0006950,C002072,2026-04-22,,Completed,0.0
O0006951,C002107,2026-04-22,,Completed,0.0
O0006952,C001950,2026-04-22,,Completed,0.0
O0006953,C000855,2026-04-22,,Completed,9.99
O0006954,C000817,2026-04-22,,Completed,6.99
O0006955,C000212,2026-04-22,PROMO_LATE,Completed,4.99
O0006956,C000682,2026-04-22,PROMO_LATE,Completed,4.99
O0006957,C000472,2026-04-22,PROMO_LATE,Completed,0.0
O0006958,C002292,2026-04-22,,Completed,9.99
O0006959,C001646,2026-04-22,,Completed,6.99
O0006960,C000127,2026-04-22,PROMO_LATE,Completed,0.0
O0006961,C000263,2026-04-22,,Completed,0.0
O0006962,C001520,2026-04-22,PROMO_LATE,Completed,0.0
O0006963,C001018,2026-04-22,PROMO_LATE,Completed,0.0
O0006964,C002433,2026-04-22,PROMO_LATE,Completed,9.99
O0006965,C000290,2026-04-22,,Completed,0.0
O0006966,C002189,2026-04-22,,Completed,6.99
O0006967,C001753,2026-04-22,PROMO_LATE,Completed,0.0
O0006968,C002098,2026-04-22,PROMO_LATE,Completed,0.0
O0006969,C000212,2026-04-22,,Completed,0.0
O0006970,C000041,2026-04-22,,Completed,0.0
O0006971,C000470,2026-04-22,,Completed,6.99
O0006972,C000229,2026-04-22,PROMO_LATE,Completed,0.0
O0006973,C000477,2026-04-22,PROMO_LATE,Completed,0.0
O0006974,C000244,2026-04-22,PROMO_LATE,Completed,9.99
O0006975,C000486,2026-04-22,PROMO_LATE,Completed,9.99
O0006976,C001450,2026-04-22,,Completed,0.0
O0006977,C001126,2026-04-22,,Completed,0.0
O0006978,C002143,2026-04-22,,Completed,4.99
O0006979,C000486,2026-04-22,,Completed,0.0
O0006980,C000076,2026-04-22,PROMO_LATE,Completed,6.99
O0006981,C001981,2026-04-22,,Completed,0.0
O0006982,C001144,2026-04-22,,Completed,4.99
O0006983,C000781,2026-04-22,,Completed,4.99
O0006984,C000038,2026-04-22,,Completed,0.0
O0006985,C000704,2026-04-22,,Completed,0.0
O0006986,C002328,2026-04-22,PROMO_LATE,Completed,4.99
O0006987,C001826,2026-04-22,,Completed,4.99
O0006988,C002168,2026-04-22,,Completed,0.0
O0006989,C000301,2026-04-22,PROMO_LATE,Completed,4.99
O0006990,C000278,2026-04-22,,Completed,0.0
O0006991,C000369,2026-04-22,PROMO_LATE,Completed,0.0
O0006992,C001459,2026-04-22,,Completed,0.0
O0006993,C001580,2026-04-22,,Completed,0.0
O0006994,C000030,2026-04-22,PROMO_LATE,Completed,9.99
O0006995,C001885,2026-04-22,PROMO_LATE,Completed,9.99
O0006996,C000050,2026-04-22,,Completed,9.99
O0006997,C000054,2026-04-22,,Completed,0.0
O0006998,C000084,2026-04-22,,Completed,9.99
O0006999,C001781,2026-04-22,,Completed,0.0
O0007000,C000074,2026-04-22,,Completed,0.0
O0007001,C000050,2026-04-22,,Completed,0.0
O0007002,C000672,2026-04-23,PROMO_LATE,Completed,4.99
O0007003,C001553,2026-04-23,,Completed,9.99
O0007004,C001514,2026-04-23,,Completed,0.0
O0007005,C002226,2026-04-23,,Completed,6.99
O0007006,C002231,2026-04-23,,Completed,4.99
O0007007,C002099,2026-04-23,,Completed,0.0
O0007008,C001662,2026-04-23,,Completed,6.99
O0007009,C000057,2026-04-23,,Completed,0.0
O0007010,C000486,2026-04-23,PROMO_LATE,Completed,0.0
O0007011,C000445,2026-04-23,PROMO_LATE,Completed,6.99
O0007012,C001121,2026-04-23,,Completed,0.0
O0007013,C002213,2026-04-23,,Completed,4.99
O0007014,C000797,2026-04-23,PROMO_LATE,Completed,0.0
O0007015,C002253,2026-04-23,PROMO_LATE,Completed,6.99
O0007016,C001553,2026-04-23,,Completed,0.0
O0007017,C001149,2026-04-23,,Completed,4.99
O0007018,C002282,2026-04-23,,Completed,4.99
O0007019,C000427,2026-04-23,,Completed,4.99
O0007020,C002373,2026-04-23,PROMO_LATE,Completed,0.0
O0007021,C001540,2026-04-23,,Completed,4.99
O0007022,C001854,2026-04-23,PROMO_LATE,Completed,0.0
O0007023,C000964,2026-04-23,PROMO_LATE,Completed,4.99
O0007024,C000865,2026-04-23,,Completed,6.99
O0007025,C001540,2026-04-23,,Completed,0.0
O0007026,C001754,2026-04-23,,Completed,0.0
O0007027,C000456,2026-04-23,PROMO_LATE,Completed,9.99
O0007028,C000755,2026-04-23,,Completed,4.99
O0007029,C002015,2026-04-23,,Completed,0.0
O0007030,C002483,2026-04-23,,Completed,0.0
O0007031,C002140,2026-04-23,PROMO_LATE,Completed,0.0
O0007032,C000562,2026-04-23,,Completed,4.99
O0007033,C000212,2026-04-23,,Completed,0.0
O0007034,C000940,2026-04-23,,Completed,0.0
O0007035,C002483,2026-04-23,,Completed,0.0
O0007036,C000196,2026-04-23,,Completed,9.99
O0007037,C000471,2026-04-23,,Completed,9.99
O0007038,C000811,2026-04-23,,Completed,6.99
O0007039,C000077,2026-04-23,,Completed,6.99
O0007040,C000576,2026-04-23,,Completed,0.0
O0007041,C001503,2026-04-23,,Completed,6.99
O0007042,C002483,2026-04-23,,Completed,6.99
O0007043,C002407,2026-04-23,,Completed,4.99
O0007044,C000059,2026-04-23,,Completed,6.99
O0007045,C001473,2026-04-23,,Completed,9.99
O0007046,C000811,2026-04-23,PROMO_LATE,Completed,6.99
O0007047,C000305,2026-04-23,PROMO_LATE,Completed,0.0
O0007048,C002113,2026-04-23,PROMO_LATE,Completed,0.0
O0007049,C002146,2026-04-23,,Completed,0.0
O0007050,C000618,2026-04-23,,Completed,4.99
O0007051,C001180,2026-04-23,PROMO_LATE,Completed,0.0
O0007052,C000173,2026-04-23,PROMO_LATE,Completed,0.0
O0007053,C002301,2026-04-23,,Completed,0.0
O0007054,C002227,2026-04-23,,Completed,9.99
O0007055,C000888,2026-04-23,,Completed,0.0
O0007056,C000647,2026-04-23,,Completed,0.0
O0007057,C002483,2026-04-23,PROMO_LATE,Completed,0.0
O0007058,C001492,2026-04-23,,Completed,0.0
O0007059,C000344,2026-04-23,,Completed,6.99
O0007060,C000877,2026-04-23,,Completed,0.0
O0007061,C001542,2026-04-23,PROMO_LATE,Completed,4.99
O0007062,C000727,2026-04-23,,Completed,6.99
O0007063,C002018,2026-04-23,,Completed,6.99
O0007064,C002343,2026-04-23,,Completed,0.0
O0007065,C001878,2026-04-23,,Completed,0.0
O0007066,C000194,2026-04-23,,Completed,9.99
O0007067,C001309,2026-04-23,,Completed,0.0
O0007068,C000722,2026-04-23,,Completed,0.0
O0007069,C000727,2026-04-23,,Completed,0.0
O0007070,C000643,2026-04-23,,Completed,4.99
O0007071,C002263,2026-04-23,,Completed,0.0
O0007072,C000138,2026-04-24,PROMO_LATE,Completed,0.0
O0007073,C001072,2026-04-24,,Completed,9.99
O0007074,C002460,2026-04-24,PROMO_LATE,Completed,9.99
O0007075,C001180,2026-04-24,PROMO_LATE,Completed,0.0
O0007076,C001055,2026-04-24,PROMO_LATE,Completed,0.0
O0007077,C002431,2026-04-24,,Completed,0.0
O0007078,C002162,2026-04-24,PROMO_LATE,Completed,0.0
O0007079,C000639,2026-04-24,,Completed,9.99
O0007080,C000735,2026-04-24,,Completed,6.99
O0007081,C001850,2026-04-24,,Completed,6.99
O0007082,C001811,2026-04-24,,Completed,0.0
O0007083,C001309,2026-04-24,,Completed,0.0
O0007084,C000138,2026-04-24,,Completed,0.0
O0007085,C001946,2026-04-24,,Completed,9.99
O0007086,C001799,2026-04-24,,Completed,0.0
O0007087,C002358,2026-04-24,PROMO_LATE,Completed,6.99
O0007088,C001142,2026-04-24,PROMO_LATE,Completed,0.0
O0007089,C000505,2026-04-24,,Completed,0.0
O0007090,C000618,2026-04-24,,Completed,0.0
O0007091,C000267,2026-04-24,,Completed,0.0
O0007092,C000178,2026-04-24,,Completed,0.0
O0007093,C001775,2026-04-24,PROMO_LATE,Completed,0.0
O0007094,C001646,2026-04-24,,Completed,9.99
O0007095,C001613,2026-04-24,PROMO_LATE,Completed,0.0
O0007096,C001120,2026-04-24,,Completed,0.0
O0007097,C000792,2026-04-24,,Completed,4.99
O0007098,C000776,2026-04-24,,Completed,9.99
O0007099,C001144,2026-04-24,,Completed,9.99
O0007100,C000882,2026-04-24,PROMO_LATE,Completed,0.0
O0007101,C002336,2026-04-24,,Completed,0.0
O0007102,C001202,2026-04-24,,Completed,0.0
O0007103,C002321,2026-04-24,,Completed,0.0
O0007104,C002344,2026-04-24,,Completed,0.0
O0007105,C000460,2026-04-24,,Completed,0.0
O0007106,C000521,2026-04-24,PROMO_LATE,Completed,0.0
O0007107,C002229,2026-04-24,,Completed,0.0
O0007108,C001728,2026-04-24,,Completed,6.99
O0007109,C002322,2026-04-24,PROMO_LATE,Completed,9.99
O0007110,C001484,2026-04-24,PROMO_LATE,Completed,6.99
O0007111,C001542,2026-04-24,PROMO_LATE,Completed,6.99
O0007112,C000637,2026-04-24,PROMO_LATE,Completed,0.0
O0007113,C000409,2026-04-24,,Completed,0.0
O0007114,C001686,2026-04-24,,Completed,0.0
O0007115,C001812,2026-04-24,PROMO_LATE,Completed,9.99
O0007116,C000315,2026-04-24,,Completed,0.0
O0007117,C001567,2026-04-24,PROMO_LATE,Completed,4.99
O0007118,C002358,2026-04-24,,Completed,9.99
O0007119,C000804,2026-04-24,,Completed,4.99
O0007120,C001444,2026-04-24,PROMO_LATE,Completed,9.99
O0007121,C000875,2026-04-24,,Completed,0.0
O0007122,C001034,2026-04-24,,Completed,0.0
O0007123,C000048,2026-04-25,PROMO_LATE,Completed,6.99
O0007124,C002028,2026-04-25,,Completed,6.99
O0007125,C000661,2026-04-25,PROMO_LATE,Completed,0.0
O0007126,C001030,2026-04-25,,Completed,0.0
O0007127,C002387,2026-04-25,,Completed,0.0
O0007128,C001526,2026-04-25,,Completed,0.0
O0007129,C000355,2026-04-25,,Completed,9.99
O0007130,C000836,2026-04-25,,Completed,0.0
O0007131,C001578,2026-04-25,,Completed,4.99
O0007132,C002086,2026-04-25,,Completed,0.0
O0007133,C002105,2026-04-25,PROMO_LATE,Completed,4.99
O0007134,C000755,2026-04-25,PROMO_LATE,Completed,6.99
O0007135,C001320,2026-04-25,PROMO_LATE,Completed,0.0
O0007136,C000362,2026-04-25,,Completed,9.99
O0007137,C000415,2026-04-25,,Completed,0.0
O0007138,C002271,2026-04-25,,Completed,4.99
O0007139,C000074,2026-04-25,,Completed,0.0
O0007140,C000821,2026-04-25,,Completed,0.0
O0007141,C000618,2026-04-25,,Completed,0.0
O0007142,C000021,2026-04-25,,Completed,0.0
O0007143,C000593,2026-04-25,,Completed,0.0
O0007144,C000565,2026-04-25,,Completed,9.99
O0007145,C001352,2026-04-25,,Completed,0.0
O0007146,C001803,2026-04-25,PROMO_LATE,Completed,0.0
O0007147,C000417,2026-04-25,,Completed,6.99
O0007148,C002098,2026-04-25,,Completed,9.99
O0007149,C000869,2026-04-25,PROMO_LATE,Completed,0.0
O0007150,C001850,2026-04-25,PROMO_LATE,Completed,4.99
O0007151,C000765,2026-04-25,,Completed,6.99
O0007152,C001363,2026-04-25,PROMO_LATE,Completed,6.99
O0007153,C001426,2026-04-25,,Completed,0.0
O0007154,C000089,2026-04-25,PROMO_LATE,Completed,9.99
O0007155,C001051,2026-04-25,,Completed,0.0
O0007156,C002441,2026-04-25,,Completed,9.99
O0007157,C000456,2026-04-25,,Completed,4.99
O0007158,C001148,2026-04-25,,Completed,0.0
O0007159,C002263,2026-04-25,PROMO_LATE,Completed,0.0
O0007160,C002374,2026-04-25,,Completed,0.0
O0007161,C000851,2026-04-25,PROMO_LATE,Completed,6.99
O0007162,C001049,2026-04-25,,Completed,0.0
O0007163,C000175,2026-04-25,,Completed,0.0
O0007164,C000282,2026-04-25,,Completed,0.0
O0007165,C001106,2026-04-25,PROMO_LATE,Completed,0.0
O0007166,C002254,2026-04-25,PROMO_LATE,Completed,0.0
O0007167,C001017,2026-04-25,,Completed,0.0
O0007168,C002217,2026-04-25,,Completed,0.0
O0007169,C000239,2026-04-25,,Completed,0.0
O0007170,C000083,2026-04-25,PROMO_LATE,Completed,0.0
O0007171,C000537,2026-04-25,,Completed,0.0
O0007172,C002222,2026-04-25,PROMO_LATE,Completed,0.0
O0007173,C002260,2026-04-25,,Completed,0.0
O0007174,C001481,2026-04-25,PROMO_LATE,Completed,6.99
O0007175,C001039,2026-04-25,,Completed,0.0
O0007176,C000490,2026-04-25,,Completed,4.99
O0007177,C001978,2026-04-25,,Completed,0.0
O0007178,C002259,2026-04-25,,Completed,6.99
O0007179,C000787,2026-04-25,,Completed,0.0
O0007180,C000322,2026-04-25,PROMO_LATE,Completed,0.0
O0007181,C000465,2026-04-25,,Completed,0.0
O0007182,C002434,2026-04-25,,Completed,6.99
O0007183,C000481,2026-04-25,,Completed,0.0
O0007184,C001116,2026-04-25,PROMO_LATE,Completed,0.0
O0007185,C001900,2026-04-25,PROMO_LATE,Completed,9.99
O0007186,C001593,2026-04-26,PROMO_LATE,Completed,0.0
O0007187,C002469,2026-04-26,,Completed,4.99
O0007188,C002163,2026-04-26,,Completed,6.99
O0007189,C000415,2026-04-26,PROMO_LATE,Completed,6.99
O0007190,C002354,2026-04-26,PROMO_LATE,Completed,4.99
O0007191,C001159,2026-04-26,,Completed,9.99
O0007192,C002399,2026-04-26,PROMO_LATE,Completed,0.0
O0007193,C002069,2026-04-26,,Completed,9.99
O0007194,C002447,2026-04-26,,Completed,0.0
O0007195,C000704,2026-04-26,,Completed,0.0
O0007196,C001021,2026-04-26,,Completed,0.0
O0007197,C000442,2026-04-26,,Completed,4.99
O0007198,C000800,2026-04-26,,Completed,0.0
O0007199,C002358,2026-04-26,PROMO_LATE,Completed,0.0
O0007200,C001142,2026-04-26,,Completed,0.0
O0007201,C001224,2026-04-26,,Completed,4.99
O0007202,C000978,2026-04-26,PROMO_LATE,Completed,0.0
O0007203,C002159,2026-04-26,,Completed,0.0
O0007204,C002432,2026-04-26,PROMO_LATE,Completed,4.99
O0007205,C002285,2026-04-26,PROMO_LATE,Completed,4.99
O0007206,C000706,2026-04-26,,Completed,6.99
O0007207,C001675,2026-04-26,,Completed,0.0
O0007208,C000479,2026-04-26,PROMO_LATE,Completed,0.0
O0007209,C000696,2026-04-26,PROMO_LATE,Completed,0.0
O0007210,C000343,2026-04-26,,Completed,0.0
O0007211,C001550,2026-04-26,,Completed,0.0
O0007212,C002052,2026-04-26,,Completed,4.99
O0007213,C000706,2026-04-26,,Completed,0.0
O0007214,C002458,2026-04-26,,Completed,0.0
O0007215,C001495,2026-04-26,,Completed,9.99
O0007216,C001790,2026-04-26,PROMO_LATE,Completed,0.0
O0007217,C001025,2026-04-26,PROMO_LATE,Completed,0.0
O0007218,C000771,2026-04-26,,Completed,0.0
O0007219,C001695,2026-04-26,,Completed,4.99
O0007220,C000786,2026-04-26,,Completed,0.0
O0007221,C002423,2026-04-26,,Completed,0.0
O0007222,C001209,2026-04-26,,Completed,9.99
O0007223,C001404,2026-04-26,,Completed,0.0
O0007224,C000346,2026-04-26,PROMO_LATE,Completed,0.0
O0007225,C001209,2026-04-26,PROMO_LATE,Completed,0.0
O0007226,C002345,2026-04-26,,Completed,4.99
O0007227,C001812,2026-04-26,,Completed,9.99
O0007228,C001209,2026-04-26,PROMO_LATE,Completed,4.99
O0007229,C000516,2026-04-26,PROMO_LATE,Completed,9.99
O0007230,C000647,2026-04-26,,Completed,0.0
O0007231,C000343,2026-04-26,,Completed,9.99
O0007232,C002166,2026-04-26,PROMO_LATE,Completed,6.99
O0007233,C002179,2026-04-26,,Completed,6.99
O0007234,C001391,2026-04-26,,Completed,9.99
O0007235,C001547,2026-04-26,PROMO_LATE,Completed,9.99
O0007236,C002156,2026-04-26,,Completed,0.0
O0007237,C000938,2026-04-26,,Completed,0.0
O0007238,C002353,2026-04-26,,Completed,9.99
O0007239,C000275,2026-04-26,,Completed,0.0
O0007240,C002002,2026-04-26,,Completed,0.0
O0007241,C000134,2026-04-26,,Completed,0.0
O0007242,C000344,2026-04-26,,Completed,0.0
O0007243,C000300,2026-04-26,PROMO_LATE,Completed,9.99
O0007244,C001061,2026-04-26,PROMO_LATE,Completed,0.0
O0007245,C000523,2026-04-26,,Completed,0.0
O0007246,C000589,2026-04-26,,Completed,0.0
O0007247,C002127,2026-04-26,PROMO_LATE,Completed,0.0
O0007248,C001505,2026-04-26,,Completed,4.99
O0007249,C001249,2026-04-26,,Completed,0.0
O0007250,C001332,2026-04-26,,Completed,9.99
O0007251,C000749,2026-04-26,,Completed,0.0
O0007252,C001742,2026-04-26,PROMO_LATE,Completed,0.0
O0007253,C002199,2026-04-26,PROMO_LATE,Completed,0.0
O0007254,C002434,2026-04-26,,Completed,0.0
O0007255,C001286,2026-04-26,PROMO_LATE,Completed,6.99
O0007256,C000384,2026-04-26,,Completed,0.0
O0007257,C001209,2026-04-26,,Completed,4.99
O0007258,C001030,2026-04-27,,Completed,4.99
O0007259,C001958,2026-04-27,,Completed,0.0
O0007260,C000319,2026-04-27,,Completed,0.0
O0007261,C002403,2026-04-27,,Completed,0.0
O0007262,C002077,2026-04-27,,Completed,9.99
O0007263,C002195,2026-04-27,PROMO_LATE,Completed,0.0
O0007264,C001595,2026-04-27,,Completed,0.0
O0007265,C001711,2026-04-27,,Completed,9.99
O0007266,C002206,2026-04-27,,Completed,0.0
O0007267,C000706,2026-04-27,PROMO_LATE,Completed,6.99
O0007268,C000477,2026-04-27,PROMO_LATE,Completed,4.99
O0007269,C000104,2026-04-27,,Completed,0.0
O0007270,C000392,2026-04-27,,Completed,6.99
O0007271,C001331,2026-04-27,,Completed,4.99
O0007272,C001770,2026-04-27,PROMO_LATE,Completed,0.0
O0007273,C000430,2026-04-27,,Completed,9.99
O0007274,C001469,2026-04-27,,Completed,4.99
O0007275,C000498,2026-04-27,,Completed,0.0
O0007276,C002362,2026-04-27,,Completed,0.0
O0007277,C000706,2026-04-27,,Completed,0.0
O0007278,C001190,2026-04-27,,Completed,0.0
O0007279,C001770,2026-04-27,,Completed,0.0
O0007280,C002431,2026-04-27,,Completed,0.0
O0007281,C000069,2026-04-27,,Completed,9.99
O0007282,C000102,2026-04-27,,Completed,0.0
O0007283,C000583,2026-04-27,PROMO_LATE,Completed,4.99
O0007284,C000801,2026-04-27,,Completed,0.0
O0007285,C002265,2026-04-27,,Completed,4.99
O0007286,C001770,2026-04-27,PROMO_LATE,Completed,0.0
O0007287,C000115,2026-04-27,,Completed,6.99
O0007288,C000304,2026-04-27,,Completed,9.99
O0007289,C000342,2026-04-27,PROMO_LATE,Completed,9.99
O0007290,C000956,2026-04-27,,Completed,6.99
O0007291,C001770,2026-04-27,PROMO_LATE,Completed,0.0
O0007292,C000370,2026-04-27,,Completed,0.0
O0007293,C001177,2026-04-27,PROMO_LATE,Completed,0.0
O0007294,C000047,2026-04-27,PROMO_LATE,Completed,0.0
O0007295,C000604,2026-04-27,,Completed,0.0
O0007296,C001951,2026-04-27,,Completed,0.0
O0007297,C000758,2026-04-27,PROMO_LATE,Completed,6.99
O0007298,C001760,2026-04-27,,Completed,0.0
O0007299,C001344,2026-04-27,,Completed,0.0
O0007300,C001465,2026-04-27,,Completed,6.99
O0007301,C001165,2026-04-27,PROMO_LATE,Completed,0.0
O0007302,C001760,2026-04-27,,Completed,0.0
O0007303,C000963,2026-04-27,,Completed,9.99
O0007304,C002077,2026-04-27,,Completed,0.0
O0007305,C000435,2026-04-27,,Completed,0.0
O0007306,C000445,2026-04-27,,Completed,6.99
O0007307,C000599,2026-04-27,PROMO_LATE,Completed,0.0
O0007308,C001578,2026-04-27,,Completed,0.0
O0007309,C000470,2026-04-27,,Completed,0.0
O0007310,C000193,2026-04-27,PROMO_LATE,Completed,0.0
O0007311,C000618,2026-04-27,,Completed,0.0
O0007312,C001003,2026-04-27,,Completed,0.0
O0007313,C000604,2026-04-27,,Completed,0.0
O0007314,C002447,2026-04-27,PROMO_LATE,Completed,0.0
O0007315,C001891,2026-04-27,,Completed,6.99
O0007316,C002226,2026-04-27,PROMO_LATE,Completed,0.0
O0007317,C000178,2026-04-27,,Completed,0.0
O0007318,C000587,2026-04-27,,Completed,9.99
O0007319,C000807,2026-04-27,,Completed,9.99
O0007320,C000048,2026-04-27,,Completed,6.99
O0007321,C000180,2026-04-27,,Completed,0.0
O0007322,C002355,2026-04-27,,Completed,4.99
O0007323,C000931,2026-04-27,,Completed,0.0
O0007324,C000228,2026-04-27,,Completed,0.0
O0007325,C001689,2026-04-27,PROMO_LATE,Completed,4.99
O0007326,C001344,2026-04-27,,Completed,6.99
O0007327,C002306,2026-04-27,,Completed,9.99
O0007328,C000984,2026-04-28,PROMO_LATE,Completed,0.0
O0007329,C001923,2026-04-28,,Completed,9.99
O0007330,C001125,2026-04-28,PROMO_LATE,Completed,6.99
O0007331,C001502,2026-04-28,,Completed,6.99
O0007332,C002290,2026-04-28,,Completed,6.99
O0007333,C000584,2026-04-28,PROMO_LATE,Completed,0.0
O0007334,C001978,2026-04-28,PROMO_LATE,Completed,9.99
O0007335,C000841,2026-04-28,,Completed,6.99
O0007336,C000956,2026-04-28,PROMO_LATE,Completed,0.0
O0007337,C002018,2026-04-28,PROMO_LATE,Completed,0.0
O0007338,C001354,2026-04-28,,Completed,9.99
O0007339,C000804,2026-04-28,PROMO_LATE,Completed,6.99
O0007340,C000156,2026-04-28,PROMO_LATE,Completed,0.0
O0007341,C000706,2026-04-28,PROMO_LATE,Completed,0.0
O0007342,C002141,2026-04-28,PROMO_LATE,Completed,0.0
O0007343,C002145,2026-04-28,,Completed,9.99
O0007344,C002075,2026-04-28,,Completed,0.0
O0007345,C001141,2026-04-28,,Completed,0.0
O0007346,C002099,2026-04-28,,Completed,0.0
O0007347,C001426,2026-04-28,PROMO_LATE,Completed,0.0
O0007348,C000436,2026-04-28,,Completed,9.99
O0007349,C002277,2026-04-28,,Completed,0.0
O0007350,C001268,2026-04-28,,Completed,0.0
O0007351,C000477,2026-04-28,,Completed,0.0
O0007352,C002049,2026-04-28,PROMO_LATE,Completed,0.0
O0007353,C001812,2026-04-28,,Completed,0.0
O0007354,C000575,2026-04-28,PROMO_LATE,Completed,0.0
O0007355,C000358,2026-04-28,,Completed,0.0
O0007356,C000437,2026-04-28,,Completed,0.0
O0007357,C001191,2026-04-28,PROMO_LATE,Completed,0.0
O0007358,C000524,2026-04-28,,Completed,0.0
O0007359,C000672,2026-04-28,PROMO_LATE,Completed,9.99
O0007360,C001450,2026-04-28,PROMO_LATE,Completed,4.99
O0007361,C002392,2026-04-28,,Completed,6.99
O0007362,C001154,2026-04-28,,Completed,4.99
O0007363,C001624,2026-04-28,PROMO_LATE,Completed,0.0
O0007364,C001427,2026-04-28,,Completed,0.0
O0007365,C002179,2026-04-28,,Completed,4.99
O0007366,C000182,2026-04-28,,Completed,0.0
O0007367,C001475,2026-04-28,,Completed,4.99
O0007368,C001970,2026-04-28,PROMO_LATE,Completed,0.0
O0007369,C002297,2026-04-28,,Completed,0.0
O0007370,C001282,2026-04-28,,Completed,0.0
O0007371,C001832,2026-04-28,,Completed,4.99
O0007372,C001106,2026-04-28,,Completed,9.99
O0007373,C001650,2026-04-28,,Completed,0.0
O0007374,C000276,2026-04-28,,Completed,0.0
O0007375,C001002,2026-04-28,PROMO_LATE,Completed,0.0
O0007376,C000531,2026-04-28,,Completed,0.0
O0007377,C001123,2026-04-28,,Completed,0.0
O0007378,C002106,2026-04-28,,Completed,6.99
O0007379,C002162,2026-04-28,,Completed,6.99
O0007380,C001005,2026-04-28,,Completed,4.99
O0007381,C001764,2026-04-28,,Completed,9.99
O0007382,C000054,2026-04-28,,Completed,9.99
O0007383,C000446,2026-04-28,PROMO_LATE,Completed,0.0
O0007384,C000675,2026-04-28,PROMO_LATE,Completed,0.0
O0007385,C001014,2026-04-28,,Completed,4.99
O0007386,C001064,2026-04-28,,Completed,0.0
O0007387,C002398,2026-04-28,PROMO_LATE,Completed,0.0
O0007388,C000015,2026-04-28,,Completed,6.99
O0007389,C000506,2026-04-28,,Completed,6.99
O0007390,C001187,2026-04-28,,Completed,4.99
O0007391,C001567,2026-04-28,,Completed,0.0
O0007392,C002092,2026-04-28,,Completed,4.99
O0007393,C001032,2026-04-28,,Completed,0.0
O0007394,C001978,2026-04-28,PROMO_LATE,Completed,6.99
O0007395,C000575,2026-04-28,PROMO_LATE,Completed,0.0
O0007396,C001463,2026-04-28,PROMO_LATE,Completed,6.99
O0007397,C002229,2026-04-28,PROMO_LATE,Completed,0.0
O0007398,C000093,2026-04-28,PROMO_LATE,Completed,9.99
O0007399,C002441,2026-04-28,,Completed,4.99
O0007400,C001087,2026-04-28,PROMO_LATE,Completed,0.0
O0007401,C000346,2026-04-28,,Completed,0.0
O0007402,C001318,2026-04-28,PROMO_LATE,Completed,6.99
O0007403,C000384,2026-04-29,,Completed,4.99
O0007404,C002407,2026-04-29,PROMO_LATE,Completed,0.0
O0007405,C001503,2026-04-29,,Completed,0.0
O0007406,C002428,2026-04-29,PROMO_LATE,Completed,4.99
O0007407,C000304,2026-04-29,,Completed,9.99
O0007408,C000937,2026-04-29,,Completed,0.0
O0007409,C001868,2026-04-29,,Completed,6.99
O0007410,C002047,2026-04-29,,Completed,0.0
O0007411,C001487,2026-04-29,PROMO_LATE,Completed,0.0
O0007412,C000751,2026-04-29,,Completed,0.0
O0007413,C001354,2026-04-29,,Completed,0.0
O0007414,C001646,2026-04-29,PROMO_LATE,Completed,0.0
O0007415,C001514,2026-04-29,,Completed,0.0
O0007416,C000856,2026-04-29,,Completed,0.0
O0007417,C001415,2026-04-29,,Completed,0.0
O0007418,C002424,2026-04-29,,Completed,0.0
O0007419,C000702,2026-04-29,,Completed,9.99
O0007420,C001617,2026-04-29,,Completed,4.99
O0007421,C002231,2026-04-29,PROMO_LATE,Completed,0.0
O0007422,C000848,2026-04-29,,Completed,0.0
O0007423,C000371,2026-04-29,,Completed,0.0
O0007424,C002394,2026-04-29,,Completed,0.0
O0007425,C001338,2026-04-29,,Completed,0.0
O0007426,C001772,2026-04-29,PROMO_LATE,Completed,9.99
O0007427,C002431,2026-04-29,,Completed,0.0
O0007428,C000479,2026-04-29,,Completed,0.0
O0007429,C002423,2026-04-29,PROMO_LATE,Completed,4.99
O0007430,C002282,2026-04-29,PROMO_LATE,Completed,0.0
O0007431,C001426,2026-04-29,,Completed,0.0
O0007432,C000881,2026-04-29,PROMO_LATE,Completed,4.99
O0007433,C001096,2026-04-29,PROMO_LATE,Completed,4.99
O0007434,C001836,2026-04-29,,Completed,6.99
O0007435,C000371,2026-04-29,PROMO_LATE,Completed,0.0
O0007436,C002398,2026-04-29,,Completed,6.99
O0007437,C000370,2026-04-29,PROMO_LATE,Completed,6.99
O0007438,C000519,2026-04-29,PROMO_LATE,Completed,9.99
O0007439,C002486,2026-04-29,,Completed,0.0
O0007440,C001619,2026-04-29,PROMO_LATE,Completed,0.0
O0007441,C001530,2026-04-29,,Completed,0.0
O0007442,C000490,2026-04-29,PROMO_LATE,Completed,4.99
O0007443,C001685,2026-04-29,,Completed,0.0
O0007444,C000350,2026-04-29,,Completed,0.0
O0007445,C002263,2026-04-29,,Completed,9.99
O0007446,C001678,2026-04-29,PROMO_LATE,Completed,0.0
O0007447,C000280,2026-04-29,,Completed,0.0
O0007448,C002059,2026-04-29,PROMO_LATE,Completed,0.0
O0007449,C000750,2026-04-29,,Completed,0.0
O0007450,C001374,2026-04-29,,Completed,4.99
O0007451,C000999,2026-04-29,PROMO_LATE,Completed,0.0
O0007452,C001547,2026-04-29,PROMO_LATE,Completed,9.99
O0007453,C002483,2026-04-29,,Completed,6.99
O0007454,C001854,2026-04-29,,Completed,4.99
O0007455,C002226,2026-04-29,,Completed,6.99
O0007456,C001772,2026-04-29,,Completed,0.0
O0007457,C001763,2026-04-29,,Completed,4.99
O0007458,C000730,2026-04-29,PROMO_LATE,Completed,4.99
O0007459,C001769,2026-04-29,,Completed,0.0
O0007460,C000439,2026-04-29,,Completed,4.99
O0007461,C001142,2026-04-29,,Completed,0.0
O0007462,C000540,2026-04-29,PROMO_LATE,Completed,0.0
O0007463,C002220,2026-04-29,PROMO_LATE,Completed,0.0
O0007464,C001599,2026-04-29,PROMO_LATE,Completed,4.99
O0007465,C002342,2026-04-29,,Completed,9.99
O0007466,C001931,2026-04-29,,Completed,9.99
O0007467,C001971,2026-04-29,PROMO_LATE,Completed,9.99
O0007468,C002334,2026-04-30,PROMO_LATE,Completed,9.99
O0007469,C000438,2026-04-30,PROMO_LATE,Completed,0.0
O0007470,C000554,2026-04-30,,Completed,0.0
O0007471,C000978,2026-04-30,PROMO_LATE,Completed,6.99
O0007472,C000911,2026-04-30,,Completed,4.99
O0007473,C000700,2026-04-30,PROMO_LATE,Completed,0.0
O0007474,C000282,2026-04-30,PROMO_LATE,Completed,0.0
O0007475,C001026,2026-04-30,PROMO_LATE,Completed,0.0
O0007476,C000074,2026-04-30,,Completed,4.99
O0007477,C001724,2026-04-30,,Completed,0.0
O0007478,C000369,2026-04-30,PROMO_LATE,Completed,6.99
O0007479,C001298,2026-04-30,PROMO_LATE,Completed,9.99
O0007480,C002097,2026-04-30,,Completed,4.99
O0007481,C001947,2026-04-30,,Completed,4.99
O0007482,C001304,2026-04-30,,Completed,6.99
O0007483,C001503,2026-04-30,PROMO_LATE,Completed,0.0
O0007484,C001254,2026-04-30,,Completed,0.0
O0007485,C002481,2026-04-30,,Completed,0.0
O0007486,C000322,2026-04-30,PROMO_LATE,Completed,6.99
O0007487,C000476,2026-04-30,PROMO_LATE,Completed,0.0
O0007488,C001459,2026-04-30,PROMO_LATE,Completed,6.99
O0007489,C000577,2026-04-30,,Completed,6.99
O0007490,C001147,2026-04-30,PROMO_LATE,Completed,4.99
O0007491,C000675,2026-04-30,,Completed,0.0
O0007492,C000395,2026-04-30,,Completed,0.0
O0007493,C000090,2026-04-30,,Completed,4.99
O0007494,C000355,2026-04-30,,Completed,6.99
O0007495,C001099,2026-04-30,PROMO_LATE,Completed,9.99
O0007496,C000921,2026-04-30,,Completed,0.0
O0007497,C002112,2026-04-30,,Completed,9.99
O0007498,C000280,2026-04-30,,Completed,0.0
O0007499,C001950,2026-04-30,PROMO_LATE,Completed,0.0
O0007500,C000317,2026-04-30,,Completed,4.99
O0007501,C000933,2026-04-30,PROMO_LATE,Completed,0.0
O0007502,C001525,2026-04-30,PROMO_LATE,Completed,4.99
O0007503,C000576,2026-04-30,PROMO_LATE,Completed,9.99
O0007504,C002259,2026-04-30,,Completed,0.0
O0007505,C002453,2026-04-30,,Completed,0.0
O0007506,C002010,2026-04-30,PROMO_LATE,Completed,0.0
O0007507,C002302,2026-04-30,,Completed,9.99
O0007508,C000841,2026-04-30,PROMO_LATE,Completed,0.0
O0007509,C000393,2026-04-30,,Completed,0.0
O0007510,C001772,2026-04-30,,Completed,0.0
O0007511,C000831,2026-04-30,,Completed,0.0
O0007512,C001553,2026-04-30,,Completed,0.0
O0007513,C002162,2026-04-30,,Completed,9.99
O0007514,C001781,2026-04-30,PROMO_LATE,Completed,0.0
O0007515,C002321,2026-04-30,PROMO_LATE,Completed,0.0
O0007516,C000483,2026-04-30,,Completed,0.0
O0007517,C001769,2026-04-30,,Completed,6.99
O0007518,C000068,2026-04-30,,Completed,0.0
O0007519,C000726,2026-04-30,PROMO_LATE,Completed,0.0
O0007520,C002470,2026-04-30,PROMO_LATE,Completed,0.0
O0007521,C002201,2026-04-30,,Completed,6.99
O0007522,C002365,2026-04-30,,Completed,0.0
O0007523,C000149,2026-04-30,,Completed,0.0
O0007524,C000839,2026-04-30,,Completed,4.99
O0007525,C001402,2026-04-30,PROMO_LATE,Completed,0.0
O0007526,C001709,2026-04-30,PROMO_LATE,Completed,0.0
O0007527,C000966,2026-04-30,,Completed,0.0
O0007528,C001751,2026-04-30,,Completed,4.99
O0007529,C002231,2026-04-30,,Completed,0.0
O0007530,C000806,2026-04-30,,Completed,4.99
O0007531,C002064,2026-04-30,,Completed,0.0
O0007532,C001947,2026-04-30,,Completed,0.0
O0007533,C000263,2026-04-30,,Completed,0.0
O0007534,C001735,2026-04-30,PROMO_LATE,Completed,6.99
O0007535,C000175,2026-04-30,PROMO_LATE,Completed,0.0
O0007536,C000835,2026-05-01,PROMO_LATE,Completed,0.0
O0007537,C002170,2026-05-01,PROMO_LATE,Completed,0.0
O0007538,C001384,2026-05-01,,Completed,9.99
O0007539,C000156,2026-05-01,PROMO_LATE,Completed,6.99
O0007540,C001975,2026-05-01,PROMO_LATE,Completed,0.0
O0007541,C001011,2026-05-01,,Completed,9.99
O0007542,C001501,2026-05-01,,Completed,4.99
O0007543,C002227,2026-05-01,,Completed,0.0
O0007544,C000192,2026-05-01,,Completed,0.0
O0007545,C000536,2026-05-01,,Completed,0.0
O0007546,C001134,2026-05-01,PROMO_LATE,Completed,6.99
O0007547,C000683,2026-05-01,,Completed,0.0
O0007548,C002367,2026-05-01,PROMO_LATE,Completed,9.99
O0007549,C001842,2026-05-01,,Completed,0.0
O0007550,C001251,2026-05-01,,Completed,6.99
O0007551,C000731,2026-05-01,,Completed,0.0
O0007552,C000343,2026-05-01,PROMO_LATE,Completed,9.99
O0007553,C000933,2026-05-01,PROMO_LATE,Completed,9.99
O0007554,C001453,2026-05-01,PROMO_LATE,Completed,4.99
O0007555,C000950,2026-05-01,,Completed,0.0
O0007556,C001229,2026-05-01,,Completed,9.99
O0007557,C001017,2026-05-01,,Completed,4.99
O0007558,C001127,2026-05-01,,Completed,0.0
O0007559,C001626,2026-05-01,PROMO_LATE,Completed,9.99
O0007560,C002097,2026-05-01,PROMO_LATE,Completed,0.0
O0007561,C000608,2026-05-01,,Completed,0.0
O0007562,C000975,2026-05-01,,Completed,0.0
O0007563,C000753,2026-05-01,,Completed,6.99
O0007564,C001426,2026-05-01,,Completed,0.0
O0007565,C000975,2026-05-01,PROMO_LATE,Completed,0.0
O0007566,C000410,2026-05-01,,Completed,9.99
O0007567,C001122,2026-05-01,,Completed,0.0
O0007568,C000098,2026-05-01,PROMO_LATE,Completed,0.0
O0007569,C002201,2026-05-01,,Completed,0.0
O0007570,C001191,2026-05-01,PROMO_LATE,Completed,6.99
O0007571,C001409,2026-05-01,,Completed,0.0
O0007572,C000893,2026-05-01,,Completed,0.0
O0007573,C001251,2026-05-01,PROMO_LATE,Completed,0.0
O0007574,C000379,2026-05-01,PROMO_LATE,Completed,6.99
O0007575,C001989,2026-05-01,,Completed,0.0
O0007576,C000495,2026-05-01,,Completed,9.99
O0007577,C000712,2026-05-01,,Completed,0.0
O0007578,C001240,2026-05-01,,Completed,0.0
O0007579,C002050,2026-05-01,,Completed,0.0
O0007580,C001211,2026-05-01,,Completed,6.99
O0007581,C002270,2026-05-01,PROMO_LATE,Completed,0.0
O0007582,C001931,2026-05-01,,Completed,0.0
O0007583,C001956,2026-05-01,,Completed,0.0
O0007584,C000608,2026-05-01,,Completed,0.0
O0007585,C001529,2026-05-01,,Completed,0.0
O0007586,C001547,2026-05-01,PROMO_LATE,Completed,0.0
O0007587,C001558,2026-05-01,,Completed,6.99
O0007588,C002032,2026-05-01,,Completed,4.99
O0007589,C000738,2026-05-01,PROMO_LATE,Completed,9.99
O0007590,C000960,2026-05-01,,Completed,0.0
O0007591,C002334,2026-05-01,PROMO_LATE,Completed,6.99
O0007592,C001328,2026-05-01,,Completed,0.0
O0007593,C001124,2026-05-01,,Completed,0.0
O0007594,C000719,2026-05-01,,Completed,0.0
O0007595,C001577,2026-05-01,,Completed,0.0
O0007596,C001338,2026-05-01,,Completed,0.0
O0007597,C000608,2026-05-01,,Completed,0.0
O0007598,C001033,2026-05-01,PROMO_LATE,Completed,0.0
O0007599,C001142,2026-05-01,PROMO_LATE,Completed,9.99
O0007600,C001524,2026-05-01,PROMO_LATE,Completed,0.0
O0007601,C001988,2026-05-01,,Completed,0.0
O0007602,C000109,2026-05-01,,Completed,0.0
O0007603,C001421,2026-05-01,PROMO_LATE,Completed,0.0
O0007604,C001427,2026-05-01,,Completed,4.99
O0007605,C000637,2026-05-01,,Completed,0.0
O0007606,C002380,2026-05-01,,Completed,0.0
O0007607,C000696,2026-05-01,PROMO_LATE,Completed,0.0
O0007608,C001582,2026-05-01,,Completed,0.0
O0007609,C000182,2026-05-01,PROMO_LATE,Completed,4.99
O0007610,C002235,2026-05-01,,Completed,9.99
O0007611,C000929,2026-05-01,PROMO_LATE,Completed,0.0
O0007612,C000422,2026-05-01,,Completed,0.0
O0007613,C000047,2026-05-01,,Completed,6.99
O0007614,C000623,2026-05-01,,Completed,0.0
O0007615,C000276,2026-05-02,,Completed,0.0
O0007616,C000571,2026-05-02,PROMO_LATE,Completed,9.99
O0007617,C001938,2026-05-02,,Completed,0.0
O0007618,C000445,2026-05-02,PROMO_LATE,Completed,0.0
O0007619,C002185,2026-05-02,,Completed,4.99
O0007620,C000857,2026-05-02,,Completed,4.99
O0007621,C001440,2026-05-02,PROMO_LATE,Completed,0.0
O0007622,C001525,2026-05-02,PROMO_LATE,Completed,6.99
O0007623,C000149,2026-05-02,,Completed,9.99
O0007624,C001128,2026-05-02,,Completed,0.0
O0007625,C000327,2026-05-02,,Completed,6.99
O0007626,C000798,2026-05-02,,Completed,0.0
O0007627,C001749,2026-05-02,,Completed,9.99
O0007628,C000190,2026-05-02,,Completed,0.0
O0007629,C001363,2026-05-02,,Completed,0.0
O0007630,C000112,2026-05-02,,Completed,0.0
O0007631,C002308,2026-05-02,,Completed,0.0
O0007632,C000430,2026-05-02,PROMO_LATE,Completed,0.0
O0007633,C001426,2026-05-02,,Completed,0.0
O0007634,C000202,2026-05-02,PROMO_LATE,Completed,0.0
O0007635,C001957,2026-05-02,,Completed,6.99
O0007636,C000874,2026-05-02,PROMO_LATE,Completed,0.0
O0007637,C000285,2026-05-02,,Completed,4.99
O0007638,C000480,2026-05-02,,Completed,0.0
O0007639,C000388,2026-05-02,,Completed,0.0
O0007640,C000546,2026-05-02,,Completed,4.99
O0007641,C002167,2026-05-02,,Completed,4.99
O0007642,C001222,2026-05-02,,Completed,9.99
O0007643,C000835,2026-05-02,,Completed,0.0
O0007644,C002134,2026-05-02,PROMO_LATE,Completed,9.99
O0007645,C002000,2026-05-02,PROMO_LATE,Completed,4.99
O0007646,C000914,2026-05-02,PROMO_LATE,Completed,0.0
O0007647,C001729,2026-05-02,,Completed,4.99
O0007648,C000857,2026-05-02,,Completed,4.99
O0007649,C000225,2026-05-02,,Completed,9.99
O0007650,C002050,2026-05-02,,Completed,9.99
O0007651,C000493,2026-05-02,,Completed,4.99
O0007652,C002253,2026-05-02,,Completed,0.0
O0007653,C002354,2026-05-02,,Completed,0.0
O0007654,C001957,2026-05-02,,Completed,0.0
O0007655,C000561,2026-05-02,,Completed,9.99
O0007656,C002311,2026-05-02,PROMO_LATE,Completed,0.0
O0007657,C001787,2026-05-02,,Completed,0.0
O0007658,C000570,2026-05-02,,Completed,0.0
O0007659,C001255,2026-05-02,,Completed,0.0
O0007660,C000958,2026-05-02,PROMO_LATE,Completed,9.99
O0007661,C001126,2026-05-02,,Completed,0.0
O0007662,C001463,2026-05-02,,Completed,0.0
O0007663,C000593,2026-05-02,,Completed,0.0
O0007664,C001200,2026-05-02,PROMO_LATE,Completed,4.99
O0007665,C000122,2026-05-02,,Completed,9.99
O0007666,C001457,2026-05-02,,Completed,0.0
O0007667,C000089,2026-05-02,PROMO_LATE,Completed,9.99
O0007668,C001784,2026-05-02,,Completed,4.99
O0007669,C000958,2026-05-02,,Completed,0.0
O0007670,C001183,2026-05-02,,Completed,6.99
O0007671,C001948,2026-05-02,,Completed,9.99
O0007672,C002076,2026-05-02,,Completed,9.99
O0007673,C002284,2026-05-02,PROMO_LATE,Completed,4.99
O0007674,C000034,2026-05-02,,Completed,6.99
O0007675,C002374,2026-05-02,,Completed,9.99
O0007676,C000570,2026-05-02,,Completed,6.99
O0007677,C002179,2026-05-02,,Completed,0.0
O0007678,C001832,2026-05-02,PROMO_LATE,Completed,0.0
O0007679,C001187,2026-05-03,PROMO_LATE,Completed,0.0
O0007680,C001010,2026-05-03,,Completed,0.0
O0007681,C001202,2026-05-03,,Completed,6.99
O0007682,C001545,2026-05-03,PROMO_LATE,Completed,9.99
O0007683,C001096,2026-05-03,PROMO_LATE,Completed,0.0
O0007684,C000830,2026-05-03,PROMO_LATE,Completed,6.99
O0007685,C001424,2026-05-03,,Completed,4.99
O0007686,C001545,2026-05-03,PROMO_LATE,Completed,6.99
O0007687,C000567,2026-05-03,PROMO_LATE,Completed,0.0
O0007688,C001225,2026-05-03,,Completed,6.99
O0007689,C002064,2026-05-03,,Completed,0.0
O0007690,C001640,2026-05-03,,Completed,0.0
O0007691,C002202,2026-05-03,,Completed,0.0
O0007692,C000248,2026-05-03,PROMO_LATE,Completed,9.99
O0007693,C002399,2026-05-03,,Completed,0.0
O0007694,C001236,2026-05-03,,Completed,0.0
O0007695,C002395,2026-05-03,,Completed,0.0
O0007696,C001259,2026-05-03,,Completed,0.0
O0007697,C001904,2026-05-03,,Completed,6.99
O0007698,C001320,2026-05-03,,Completed,6.99
O0007699,C001294,2026-05-03,,Completed,0.0
O0007700,C001945,2026-05-03,,Completed,0.0
O0007701,C000463,2026-05-03,PROMO_LATE,Completed,4.99
O0007702,C002325,2026-05-03,,Completed,0.0
O0007703,C002400,2026-05-03,,Completed,0.0
O0007704,C000335,2026-05-03,PROMO_LATE,Completed,6.99
O0007705,C000212,2026-05-03,,Completed,0.0
O0007706,C000230,2026-05-03,,Completed,0.0
O0007707,C000841,2026-05-03,,Completed,9.99
O0007708,C001469,2026-05-03,,Completed,6.99
O0007709,C001688,2026-05-03,PROMO_LATE,Completed,6.99
O0007710,C001240,2026-05-03,,Completed,0.0
O0007711,C000248,2026-05-03,,Completed,6.99
O0007712,C000529,2026-05-03,,Completed,0.0
O0007713,C000530,2026-05-03,,Completed,0.0
O0007714,C002390,2026-05-03,PROMO_LATE,Completed,0.0
O0007715,C000567,2026-05-03,,Completed,4.99
O0007716,C000830,2026-05-03,,Completed,0.0
O0007717,C000524,2026-05-03,,Completed,0.0
O0007718,C000200,2026-05-03,,Completed,9.99
O0007719,C001628,2026-05-03,PROMO_LATE,Completed,0.0
O0007720,C000485,2026-05-03,,Completed,0.0
O0007721,C000817,2026-05-03,,Completed,4.99
O0007722,C001571,2026-05-03,,Completed,0.0
O0007723,C000740,2026-05-03,PROMO_LATE,Completed,0.0
O0007724,C002071,2026-05-03,PROMO_LATE,Completed,0.0
O0007725,C001262,2026-05-03,PROMO_LATE,Completed,0.0
O0007726,C001781,2026-05-03,PROMO_LATE,Completed,0.0
O0007727,C002434,2026-05-03,,Completed,0.0
O0007728,C001199,2026-05-03,PROMO_LATE,Completed,0.0
O0007729,C000830,2026-05-03,PROMO_LATE,Completed,0.0
O0007730,C001996,2026-05-03,,Completed,0.0
O0007731,C000462,2026-05-03,,Completed,0.0
O0007732,C000495,2026-05-03,,Completed,0.0
O0007733,C002431,2026-05-03,,Completed,0.0
O0007734,C001568,2026-05-03,,Completed,4.99
O0007735,C000858,2026-05-03,,Completed,0.0
O0007736,C000462,2026-05-03,PROMO_LATE,Completed,4.99
O0007737,C001206,2026-05-03,,Completed,0.0
O0007738,C002469,2026-05-03,PROMO_LATE,Completed,0.0
O0007739,C001676,2026-05-03,,Completed,0.0
O0007740,C001330,2026-05-03,,Completed,0.0
O0007741,C000852,2026-05-03,,Completed,0.0
O0007742,C001329,2026-05-03,,Completed,0.0
O0007743,C000447,2026-05-03,,Completed,4.99
O0007744,C001663,2026-05-03,PROMO_LATE,Completed,6.99
O0007745,C001213,2026-05-03,,Completed,9.99
O0007746,C002104,2026-05-03,PROMO_LATE,Completed,0.0
O0007747,C001482,2026-05-03,,Completed,0.0
O0007748,C000025,2026-05-03,,Completed,0.0
O0007749,C000331,2026-05-03,PROMO_LATE,Completed,9.99
O0007750,C000411,2026-05-03,,Completed,0.0
O0007751,C000478,2026-05-03,PROMO_LATE,Completed,0.0
O0007752,C000654,2026-05-03,,Completed,0.0
O0007753,C000244,2026-05-03,,Completed,0.0
O0007754,C001291,2026-05-03,,Completed,0.0
O0007755,C000462,2026-05-03,,Completed,4.99
O0007756,C000072,2026-05-03,,Completed,0.0
O0007757,C000813,2026-05-03,,Completed,0.0
O0007758,C000565,2026-05-03,,Completed,0.0
O0007759,C001812,2026-05-03,,Completed,6.99
O0007760,C002262,2026-05-04,,Completed,0.0
O0007761,C001990,2026-05-04,,Completed,6.99
O0007762,C000637,2026-05-04,,Completed,4.99
O0007763,C002267,2026-05-04,PROMO_LATE,Completed,0.0
O0007764,C001348,2026-05-04,PROMO_LATE,Completed,0.0
O0007765,C001315,2026-05-04,,Completed,6.99
O0007766,C001359,2026-05-04,,Completed,6.99
O0007767,C001658,2026-05-04,PROMO_LATE,Completed,9.99
O0007768,C001932,2026-05-04,,Completed,0.0
O0007769,C002201,2026-05-04,,Completed,0.0
O0007770,C000671,2026-05-04,PROMO_LATE,Completed,0.0
O0007771,C001415,2026-05-04,,Completed,6.99
O0007772,C001521,2026-05-04,,Completed,0.0
O0007773,C001991,2026-05-04,,Completed,0.0
O0007774,C000326,2026-05-04,,Completed,0.0
O0007775,C000964,2026-05-04,PROMO_LATE,Completed,0.0
O0007776,C001599,2026-05-04,,Completed,0.0
O0007777,C002473,2026-05-04,PROMO_LATE,Completed,6.99
O0007778,C000706,2026-05-04,PROMO_LATE,Completed,0.0
O0007779,C002397,2026-05-04,,Completed,6.99
O0007780,C000727,2026-05-04,PROMO_LATE,Completed,6.99
O0007781,C000198,2026-05-04,,Completed,4.99
O0007782,C001745,2026-05-04,,Completed,0.0
O0007783,C001965,2026-05-04,,Completed,0.0
O0007784,C002184,2026-05-04,PROMO_LATE,Completed,0.0
O0007785,C000523,2026-05-04,,Completed,9.99
O0007786,C002185,2026-05-04,,Completed,0.0
O0007787,C001207,2026-05-04,,Completed,4.99
O0007788,C001007,2026-05-04,,Completed,9.99
O0007789,C001405,2026-05-04,,Completed,0.0
O0007790,C001860,2026-05-04,,Completed,9.99
O0007791,C000290,2026-05-04,,Completed,9.99
O0007792,C000362,2026-05-04,,Completed,0.0
O0007793,C000058,2026-05-04,,Completed,0.0
O0007794,C000931,2026-05-04,,Completed,0.0
O0007795,C002477,2026-05-04,,Completed,9.99
O0007796,C001998,2026-05-04,,Completed,0.0
O0007797,C000608,2026-05-04,PROMO_LATE,Completed,9.99
O0007798,C000342,2026-05-04,,Completed,0.0
O0007799,C002314,2026-05-04,,Completed,0.0
O0007800,C000601,2026-05-04,PROMO_LATE,Completed,4.99
O0007801,C002174,2026-05-04,,Completed,4.99
O0007802,C000040,2026-05-04,PROMO_LATE,Completed,4.99
O0007803,C000814,2026-05-04,,Completed,0.0
O0007804,C001720,2026-05-04,,Completed,9.99
O0007805,C001266,2026-05-04,,Completed,0.0
O0007806,C001717,2026-05-04,PROMO_LATE,Completed,9.99
O0007807,C000232,2026-05-04,,Completed,0.0
O0007808,C002431,2026-05-04,,Completed,9.99
O0007809,C000322,2026-05-04,,Completed,6.99
O0007810,C002406,2026-05-04,,Completed,4.99
O0007811,C001240,2026-05-04,,Completed,6.99
O0007812,C000048,2026-05-04,,Completed,9.99
O0007813,C001569,2026-05-04,,Completed,0.0
O0007814,C000898,2026-05-04,PROMO_LATE,Completed,0.0
O0007815,C000011,2026-05-04,,Completed,0.0
O0007816,C000073,2026-05-04,,Completed,4.99
O0007817,C002098,2026-05-04,,Completed,0.0
O0007818,C001821,2026-05-04,,Completed,0.0
O0007819,C001854,2026-05-04,,Completed,9.99
O0007820,C001359,2026-05-04,PROMO_LATE,Completed,0.0
O0007821,C000592,2026-05-04,PROMO_LATE,Completed,0.0
O0007822,C002026,2026-05-04,PROMO_LATE,Completed,6.99
O0007823,C000419,2026-05-04,,Completed,0.0
O0007824,C002342,2026-05-04,,Completed,4.99
O0007825,C001492,2026-05-04,PROMO_LATE,Completed,0.0
O0007826,C001472,2026-05-04,PROMO_LATE,Completed,0.0
O0007827,C001556,2026-05-04,,Completed,0.0
O0007828,C002244,2026-05-04,,Completed,4.99
O0007829,C002241,2026-05-04,,Completed,0.0
O0007830,C000166,2026-05-04,,Completed,0.0
O0007831,C001246,2026-05-04,,Completed,9.99
O0007832,C002032,2026-05-04,,Completed,0.0
O0007833,C001159,2026-05-04,PROMO_LATE,Completed,9.99
O0007834,C001044,2026-05-04,PROMO_LATE,Completed,0.0
O0007835,C001017,2026-05-04,,Completed,0.0
O0007836,C002075,2026-05-04,PROMO_LATE,Completed,0.0
O0007837,C000270,2026-05-04,PROMO_LATE,Completed,0.0
O0007838,C000448,2026-05-04,,Completed,0.0
O0007839,C000553,2026-05-04,,Completed,0.0
O0007840,C000997,2026-05-04,,Completed,6.99
O0007841,C001076,2026-05-04,,Completed,9.99
O0007842,C001619,2026-05-04,,Completed,4.99
O0007843,C000408,2026-05-05,,Completed,0.0
O0007844,C000402,2026-05-05,PROMO_LATE,Completed,4.99
O0007845,C001497,2026-05-05,PROMO_LATE,Completed,0.0
O0007846,C002383,2026-05-05,,Completed,0.0
O0007847,C000948,2026-05-05,PROMO_LATE,Completed,0.0
O0007848,C001582,2026-05-05,PROMO_LATE,Completed,0.0
O0007849,C000080,2026-05-05,PROMO_LATE,Completed,0.0
O0007850,C001235,2026-05-05,PROMO_LATE,Completed,0.0
O0007851,C000080,2026-05-05,,Completed,0.0
O0007852,C000080,2026-05-05,,Completed,0.0
O0007853,C000078,2026-05-05,,Completed,0.0
O0007854,C002217,2026-05-05,,Completed,4.99
O0007855,C000016,2026-05-05,,Completed,0.0
O0007856,C001450,2026-05-05,,Completed,0.0
O0007857,C002112,2026-05-05,,Completed,9.99
O0007858,C001803,2026-05-05,,Completed,4.99
O0007859,C002412,2026-05-05,,Completed,4.99
O0007860,C001470,2026-05-05,PROMO_LATE,Completed,4.99
O0007861,C001320,2026-05-05,PROMO_LATE,Completed,9.99
O0007862,C002376,2026-05-05,PROMO_LATE,Completed,0.0
O0007863,C001922,2026-05-05,,Completed,0.0
O0007864,C000033,2026-05-05,PROMO_LATE,Completed,9.99
O0007865,C001235,2026-05-05,,Completed,0.0
O0007866,C002376,2026-05-05,PROMO_LATE,Completed,9.99
O0007867,C001697,2026-05-05,,Completed,9.99
O0007868,C002153,2026-05-05,,Completed,0.0
O0007869,C000080,2026-05-05,PROMO_LATE,Completed,4.99
O0007870,C001417,2026-05-05,,Completed,0.0
O0007871,C001930,2026-05-05,PROMO_LATE,Completed,0.0
O0007872,C000506,2026-05-05,,Completed,6.99
O0007873,C002046,2026-05-05,PROMO_LATE,Completed,0.0
O0007874,C000477,2026-05-05,,Completed,0.0
O0007875,C002051,2026-05-05,,Completed,6.99
O0007876,C002468,2026-05-05,,Completed,6.99
O0007877,C000839,2026-05-05,,Completed,0.0
O0007878,C001179,2026-05-05,PROMO_LATE,Completed,4.99
O0007879,C000564,2026-05-05,,Completed,0.0
O0007880,C000835,2026-05-05,,Completed,0.0
O0007881,C000669,2026-05-05,PROMO_LATE,Completed,0.0
O0007882,C000080,2026-05-05,,Completed,9.99
O0007883,C002475,2026-05-05,PROMO_LATE,Completed,6.99
O0007884,C000146,2026-05-05,,Completed,0.0
O0007885,C002082,2026-05-05,,Completed,0.0
O0007886,C002025,2026-05-05,,Completed,4.99
O0007887,C002152,2026-05-05,PROMO_LATE,Completed,0.0
O0007888,C002415,2026-05-05,PROMO_LATE,Completed,0.0
O0007889,C001103,2026-05-05,,Completed,0.0
O0007890,C001226,2026-05-05,,Completed,0.0
O0007891,C002073,2026-05-05,,Completed,9.99
O0007892,C001909,2026-05-05,PROMO_LATE,Completed,0.0
O0007893,C001066,2026-05-05,PROMO_LATE,Completed,9.99
O0007894,C002256,2026-05-05,PROMO_LATE,Completed,9.99
O0007895,C000076,2026-05-05,,Completed,9.99
O0007896,C001883,2026-05-05,PROMO_LATE,Completed,6.99
O0007897,C001206,2026-05-05,,Completed,0.0
O0007898,C002248,2026-05-05,PROMO_LATE,Completed,4.99
O0007899,C000534,2026-05-05,PROMO_LATE,Completed,4.99
O0007900,C001854,2026-05-05,PROMO_LATE,Completed,9.99
O0007901,C000089,2026-05-05,,Completed,0.0
O0007902,C001603,2026-05-05,,Completed,0.0
O0007903,C000786,2026-05-05,,Completed,9.99
O0007904,C002400,2026-05-05,,Completed,9.99
O0007905,C000780,2026-05-05,,Completed,4.99
O0007906,C000205,2026-05-05,,Completed,0.0
O0007907,C000472,2026-05-05,PROMO_LATE,Completed,0.0
O0007908,C002458,2026-05-05,,Completed,9.99
O0007909,C000014,2026-05-05,PROMO_LATE,Completed,0.0
O0007910,C001018,2026-05-05,PROMO_LATE,Completed,4.99
O0007911,C002059,2026-05-05,PROMO_LATE,Completed,0.0
O0007912,C001458,2026-05-05,PROMO_LATE,Completed,9.99
O0007913,C000846,2026-05-05,,Completed,0.0
O0007914,C000189,2026-05-05,PROMO_LATE,Completed,4.99
O0007915,C000015,2026-05-05,,Completed,0.0
O0007916,C001772,2026-05-05,,Completed,9.99
O0007917,C002339,2026-05-05,,Completed,0.0
O0007918,C002451,2026-05-05,,Completed,9.99
O0007919,C000336,2026-05-05,,Completed,0.0
O0007920,C002328,2026-05-05,PROMO_LATE,Completed,0.0
O0007921,C001569,2026-05-05,PROMO_LATE,Completed,0.0
O0007922,C002207,2026-05-05,,Completed,0.0
O0007923,C001781,2026-05-06,,Completed,0.0
O0007924,C002062,2026-05-06,PROMO_LATE,Completed,9.99
O0007925,C000253,2026-05-06,,Completed,6.99
O0007926,C000872,2026-05-06,,Completed,4.99
O0007927,C002271,2026-05-06,PROMO_LATE,Completed,0.0
O0007928,C001477,2026-05-06,,Completed,0.0
O0007929,C001386,2026-05-06,,Completed,4.99
O0007930,C001635,2026-05-06,PROMO_LATE,Completed,0.0
O0007931,C001202,2026-05-06,,Completed,6.99
O0007932,C000717,2026-05-06,,Completed,4.99
O0007933,C002347,2026-05-06,,Completed,0.0
O0007934,C000302,2026-05-06,,Completed,0.0
O0007935,C002291,2026-05-06,PROMO_LATE,Completed,0.0
O0007936,C000729,2026-05-06,,Completed,9.99
O0007937,C000349,2026-05-06,,Completed,9.99
O0007938,C000884,2026-05-06,,Completed,0.0
O0007939,C000022,2026-05-06,,Completed,0.0
O0007940,C000258,2026-05-06,,Completed,0.0
O0007941,C000933,2026-05-06,PROMO_LATE,Completed,0.0
O0007942,C001159,2026-05-06,,Completed,9.99
O0007943,C001891,2026-05-06,,Completed,6.99
O0007944,C000074,2026-05-06,PROMO_LATE,Completed,0.0
O0007945,C001638,2026-05-06,,Completed,0.0
O0007946,C000664,2026-05-06,,Completed,6.99
O0007947,C000258,2026-05-06,,Completed,0.0
O0007948,C002095,2026-05-06,PROMO_LATE,Completed,4.99
O0007949,C000532,2026-05-06,,Completed,6.99
O0007950,C001860,2026-05-06,PROMO_LATE,Completed,9.99
O0007951,C000794,2026-05-06,,Completed,0.0
O0007952,C002062,2026-05-06,PROMO_LATE,Completed,0.0
O0007953,C000534,2026-05-06,,Completed,0.0
O0007954,C000558,2026-05-06,PROMO_LATE,Completed,4.99
O0007955,C001033,2026-05-06,,Completed,6.99
O0007956,C000633,2026-05-06,,Completed,4.99
O0007957,C001670,2026-05-06,,Completed,9.99
O0007958,C000530,2026-05-06,PROMO_LATE,Completed,0.0
O0007959,C000912,2026-05-06,,Completed,9.99
O0007960,C002358,2026-05-06,,Completed,0.0
O0007961,C002436,2026-05-06,PROMO_LATE,Completed,6.99
O0007962,C002489,2026-05-06,PROMO_LATE,Completed,0.0
O0007963,C000362,2026-05-06,,Completed,0.0
O0007964,C001656,2026-05-06,,Completed,4.99
O0007965,C001032,2026-05-06,,Completed,9.99
O0007966,C001046,2026-05-06,,Completed,0.0
O0007967,C001930,2026-05-06,,Completed,0.0
O0007968,C000618,2026-05-06,,Completed,0.0
O0007969,C000784,2026-05-06,PROMO_LATE,Completed,0.0
O0007970,C001515,2026-05-06,PROMO_LATE,Completed,0.0
O0007971,C002339,2026-05-06,,Completed,0.0
O0007972,C000532,2026-05-06,PROMO_LATE,Completed,0.0
O0007973,C000178,2026-05-06,,Completed,6.99
O0007974,C001878,2026-05-06,,Completed,6.99
O0007975,C000706,2026-05-06,PROMO_LATE,Completed,0.0
O0007976,C001619,2026-05-06,PROMO_LATE,Completed,4.99
O0007977,C001580,2026-05-06,PROMO_LATE,Completed,0.0
O0007978,C000928,2026-05-06,,Completed,6.99
O0007979,C001646,2026-05-06,PROMO_LATE,Completed,0.0
O0007980,C002489,2026-05-06,,Completed,9.99
O0007981,C001863,2026-05-06,,Completed,0.0
O0007982,C001503,2026-05-06,,Completed,0.0
O0007983,C000379,2026-05-06,,Completed,0.0
O0007984,C000383,2026-05-06,,Completed,0.0
O0007985,C000258,2026-05-06,,Completed,9.99
O0007986,C000724,2026-05-06,,Completed,0.0
O0007987,C000892,2026-05-06,,Completed,0.0
O0007988,C001320,2026-05-06,,Completed,9.99
O0007989,C000992,2026-05-06,PROMO_LATE,Completed,0.0
O0007990,C000619,2026-05-06,PROMO_LATE,Completed,0.0
O0007991,C000755,2026-05-06,,Completed,0.0
O0007992,C001660,2026-05-07,,Completed,0.0
O0007993,C002232,2026-05-07,,Completed,0.0
O0007994,C002160,2026-05-07,PROMO_LATE,Completed,4.99
O0007995,C002115,2026-05-07,,Completed,9.99
O0007996,C000653,2026-05-07,PROMO_LATE,Completed,6.99
O0007997,C000942,2026-05-07,,Completed,0.0
O0007998,C001588,2026-05-07,PROMO_LATE,Completed,0.0
O0007999,C001363,2026-05-07,,Completed,6.99
O0008000,C000834,2026-05-07,PROMO_LATE,Completed,9.99
O0008001,C000579,2026-05-07,PROMO_LATE,Completed,0.0
O0008002,C000568,2026-05-07,,Completed,0.0
O0008003,C000663,2026-05-07,PROMO_LATE,Completed,9.99
O0008004,C000876,2026-05-07,PROMO_LATE,Completed,0.0
O0008005,C002040,2026-05-07,,Completed,0.0
O0008006,C001123,2026-05-07,,Completed,0.0
O0008007,C001152,2026-05-07,,Completed,4.99
O0008008,C000742,2026-05-07,PROMO_LATE,Completed,0.0
O0008009,C000706,2026-05-07,,Completed,0.0
O0008010,C000751,2026-05-07,PROMO_LATE,Completed,0.0
O0008011,C000180,2026-05-07,PROMO_LATE,Completed,4.99
O0008012,C001963,2026-05-07,,Completed,4.99
O0008013,C000287,2026-05-07,,Completed,0.0
O0008014,C000264,2026-05-07,,Completed,4.99
O0008015,C000706,2026-05-07,,Completed,0.0
O0008016,C001800,2026-05-07,,Completed,9.99
O0008017,C001713,2026-05-07,PROMO_LATE,Completed,9.99
O0008018,C002050,2026-05-07,,Completed,0.0
O0008019,C000194,2026-05-07,,Completed,4.99
O0008020,C002445,2026-05-07,,Completed,0.0
O0008021,C001621,2026-05-07,,Completed,0.0
O0008022,C001044,2026-05-07,PROMO_LATE,Completed,0.0
O0008023,C000845,2026-05-07,,Completed,0.0
O0008024,C000424,2026-05-07,,Completed,6.99
O0008025,C001224,2026-05-07,PROMO_LATE,Completed,9.99
O0008026,C001473,2026-05-07,,Completed,4.99
O0008027,C000653,2026-05-07,,Completed,6.99
O0008028,C002408,2026-05-07,PROMO_LATE,Completed,0.0
O0008029,C000601,2026-05-07,,Completed,9.99
O0008030,C002483,2026-05-07,,Completed,0.0
O0008031,C000987,2026-05-07,PROMO_LATE,Completed,4.99
O0008032,C000981,2026-05-07,,Completed,0.0
O0008033,C001096,2026-05-07,,Completed,6.99
O0008034,C001147,2026-05-07,,Completed,4.99
O0008035,C001615,2026-05-07,PROMO_LATE,Completed,0.0
O0008036,C001455,2026-05-07,,Completed,0.0
O0008037,C001256,2026-05-07,PROMO_LATE,Completed,0.0
O0008038,C001781,2026-05-07,,Completed,9.99
O0008039,C000442,2026-05-07,,Completed,0.0
O0008040,C000530,2026-05-07,PROMO_LATE,Completed,0.0
O0008041,C001459,2026-05-07,,Completed,0.0
O0008042,C002168,2026-05-07,PROMO_LATE,Completed,0.0
O0008043,C002259,2026-05-07,,Completed,9.99
O0008044,C002377,2026-05-07,,Completed,0.0
O0008045,C002218,2026-05-07,,Completed,4.99
O0008046,C001314,2026-05-07,PROMO_LATE,Completed,4.99
O0008047,C001332,2026-05-07,,Completed,0.0
O0008048,C002044,2026-05-07,PROMO_LATE,Completed,0.0
O0008049,C002377,2026-05-07,,Completed,9.99
O0008050,C001421,2026-05-07,,Completed,4.99
O0008051,C000278,2026-05-07,,Completed,4.99
O0008052,C002392,2026-05-07,,Completed,9.99
O0008053,C001666,2026-05-07,PROMO_LATE,Completed,0.0
O0008054,C000930,2026-05-07,,Completed,0.0
O0008055,C001650,2026-05-07,,Completed,0.0
O0008056,C001984,2026-05-07,,Completed,6.99
O0008057,C001730,2026-05-07,,Completed,4.99
O0008058,C001857,2026-05-07,,Completed,9.99
O0008059,C002254,2026-05-07,,Completed,0.0
O0008060,C001937,2026-05-07,PROMO_LATE,Completed,0.0
O0008061,C001524,2026-05-07,PROMO_LATE,Completed,0.0
O0008062,C002221,2026-05-07,,Completed,4.99
O0008063,C002331,2026-05-07,PROMO_LATE,Completed,9.99
O0008064,C001981,2026-05-07,PROMO_LATE,Completed,6.99
O0008065,C001491,2026-05-07,PROMO_LATE,Completed,0.0
O0008066,C001088,2026-05-07,,Completed,0.0
O0008067,C000445,2026-05-08,,Completed,9.99
O0008068,C002074,2026-05-08,PROMO_LATE,Completed,4.99
O0008069,C000341,2026-05-08,PROMO_LATE,Completed,4.99
O0008070,C001423,2026-05-08,,Completed,9.99
O0008071,C000520,2026-05-08,,Completed,0.0
O0008072,C000505,2026-05-08,,Completed,6.99
O0008073,C001121,2026-05-08,,Completed,0.0
O0008074,C000661,2026-05-08,PROMO_LATE,Completed,6.99
O0008075,C001428,2026-05-08,PROMO_LATE,Completed,0.0
O0008076,C000083,2026-05-08,,Completed,0.0
O0008077,C001623,2026-05-08,,Completed,0.0
O0008078,C000861,2026-05-08,,Completed,9.99
O0008079,C000706,2026-05-08,PROMO_LATE,Completed,9.99
O0008080,C002295,2026-05-08,,Completed,0.0
O0008081,C002105,2026-05-08,PROMO_LATE,Completed,0.0
O0008082,C002214,2026-05-08,,Completed,4.99
O0008083,C001170,2026-05-08,PROMO_LATE,Completed,0.0
O0008084,C000438,2026-05-08,,Completed,0.0
O0008085,C002249,2026-05-08,PROMO_LATE,Completed,9.99
O0008086,C000742,2026-05-08,,Completed,0.0
O0008087,C001172,2026-05-08,,Completed,0.0
O0008088,C002262,2026-05-08,PROMO_LATE,Completed,0.0
O0008089,C002047,2026-05-08,,Completed,9.99
O0008090,C000726,2026-05-08,,Completed,0.0
O0008091,C002245,2026-05-08,,Completed,0.0
O0008092,C000205,2026-05-08,,Completed,0.0
O0008093,C002105,2026-05-08,PROMO_LATE,Completed,4.99
O0008094,C002009,2026-05-08,PROMO_LATE,Completed,6.99
O0008095,C002157,2026-05-08,,Completed,4.99
O0008096,C001688,2026-05-08,,Completed,9.99
O0008097,C002131,2026-05-08,,Completed,0.0
O0008098,C001421,2026-05-08,,Completed,4.99
O0008099,C001669,2026-05-08,,Completed,0.0
O0008100,C002081,2026-05-08,,Completed,0.0
O0008101,C001092,2026-05-08,PROMO_LATE,Completed,0.0
O0008102,C000419,2026-05-08,,Completed,0.0
O0008103,C002277,2026-05-08,,Completed,0.0
O0008104,C000033,2026-05-08,PROMO_LATE,Completed,0.0
O0008105,C002098,2026-05-08,PROMO_LATE,Completed,9.99
O0008106,C000892,2026-05-08,PROMO_LATE,Completed,0.0
O0008107,C000074,2026-05-08,,Completed,0.0
O0008108,C000096,2026-05-08,,Completed,0.0
O0008109,C001460,2026-05-08,,Completed,6.99
O0008110,C000521,2026-05-08,,Completed,4.99
O0008111,C000011,2026-05-08,,Completed,6.99
O0008112,C000524,2026-05-08,,Completed,0.0
O0008113,C002460,2026-05-08,PROMO_LATE,Completed,0.0
O0008114,C000125,2026-05-08,,Completed,0.0
O0008115,C000064,2026-05-08,,Completed,0.0
O0008116,C002247,2026-05-08,PROMO_LATE,Completed,0.0
O0008117,C000354,2026-05-08,,Completed,0.0
O0008118,C001085,2026-05-08,,Completed,6.99
O0008119,C000500,2026-05-08,PROMO_LATE,Completed,4.99
O0008120,C001887,2026-05-08,,Completed,0.0
O0008121,C001586,2026-05-08,,Completed,4.99
O0008122,C002432,2026-05-08,PROMO_LATE,Completed,0.0
O0008123,C001984,2026-05-08,PROMO_LATE,Completed,6.99
O0008124,C000354,2026-05-08,PROMO_LATE,Completed,6.99
O0008125,C002249,2026-05-08,,Completed,0.0
O0008126,C000687,2026-05-08,,Completed,4.99
O0008127,C002196,2026-05-08,,Completed,9.99
O0008128,C002470,2026-05-08,,Completed,6.99
O0008129,C001786,2026-05-08,,Completed,0.0
O0008130,C002247,2026-05-08,,Completed,6.99
O0008131,C002193,2026-05-08,,Completed,0.0
O0008132,C000955,2026-05-08,PROMO_LATE,Completed,6.99
O0008133,C002122,2026-05-08,,Completed,4.99
O0008134,C001462,2026-05-08,PROMO_LATE,Completed,9.99
O0008135,C000175,2026-05-09,PROMO_LATE,Completed,0.0
O0008136,C000064,2026-05-09,,Completed,0.0
O0008137,C000733,2026-05-09,PROMO_LATE,Completed,0.0
O0008138,C000488,2026-05-09,PROMO_LATE,Completed,6.99
O0008139,C000860,2026-05-09,,Completed,0.0
O0008140,C001255,2026-05-09,,Completed,9.99
O0008141,C000289,2026-05-09,,Completed,0.0
O0008142,C001707,2026-05-09,,Completed,0.0
O0008143,C000357,2026-05-09,,Completed,0.0
O0008144,C001883,2026-05-09,PROMO_LATE,Completed,4.99
O0008145,C000804,2026-05-09,,Completed,0.0
O0008146,C000193,2026-05-09,,Completed,4.99
O0008147,C001820,2026-05-09,,Completed,4.99
O0008148,C001030,2026-05-09,,Completed,4.99
O0008149,C000989,2026-05-09,,Completed,0.0
O0008150,C000660,2026-05-09,,Completed,4.99
O0008151,C001717,2026-05-09,,Completed,0.0
O0008152,C002355,2026-05-09,,Completed,6.99
O0008153,C001741,2026-05-09,,Completed,0.0
O0008154,C002434,2026-05-09,PROMO_LATE,Completed,4.99
O0008155,C000907,2026-05-09,,Completed,0.0
O0008156,C000686,2026-05-09,,Completed,0.0
O0008157,C001154,2026-05-09,,Completed,0.0
O0008158,C001320,2026-05-09,PROMO_LATE,Completed,9.99
O0008159,C000732,2026-05-09,,Completed,0.0
O0008160,C001697,2026-05-09,,Completed,0.0
O0008161,C001425,2026-05-09,PROMO_LATE,Completed,6.99
O0008162,C000831,2026-05-09,PROMO_LATE,Completed,0.0
O0008163,C000647,2026-05-09,,Completed,0.0
O0008164,C002044,2026-05-09,,Completed,9.99
O0008165,C001902,2026-05-09,,Completed,0.0
O0008166,C002323,2026-05-09,,Completed,0.0
O0008167,C001976,2026-05-09,,Completed,0.0
O0008168,C002018,2026-05-09,,Completed,6.99
O0008169,C000060,2026-05-09,,Completed,4.99
O0008170,C002481,2026-05-09,,Completed,0.0
O0008171,C001764,2026-05-09,PROMO_LATE,Completed,0.0
O0008172,C002453,2026-05-09,,Completed,0.0
O0008173,C001734,2026-05-09,,Completed,9.99
O0008174,C001709,2026-05-09,PROMO_LATE,Completed,9.99
O0008175,C000726,2026-05-09,,Completed,9.99
O0008176,C001505,2026-05-09,,Completed,0.0
O0008177,C001848,2026-05-09,PROMO_LATE,Completed,0.0
O0008178,C002118,2026-05-09,PROMO_LATE,Completed,9.99
O0008179,C001514,2026-05-09,,Completed,0.0
O0008180,C001717,2026-05-09,PROMO_LATE,Completed,9.99
O0008181,C000641,2026-05-09,,Completed,6.99
O0008182,C002184,2026-05-09,PROMO_LATE,Completed,9.99
O0008183,C000604,2026-05-09,,Completed,4.99
O0008184,C000868,2026-05-09,,Completed,0.0
O0008185,C001360,2026-05-09,,Completed,4.99
O0008186,C000289,2026-05-09,PROMO_LATE,Completed,0.0
O0008187,C001825,2026-05-09,,Completed,6.99
O0008188,C000821,2026-05-09,,Completed,0.0
O0008189,C002400,2026-05-09,,Completed,0.0
O0008190,C001459,2026-05-09,,Completed,0.0
O0008191,C000053,2026-05-09,,Completed,6.99
O0008192,C000022,2026-05-09,PROMO_LATE,Completed,0.0
O0008193,C001224,2026-05-09,,Completed,4.99
O0008194,C000112,2026-05-09,PROMO_LATE,Completed,0.0
O0008195,C000565,2026-05-09,,Completed,4.99
O0008196,C000282,2026-05-09,PROMO_LATE,Completed,0.0
O0008197,C000721,2026-05-09,,Completed,9.99
O0008198,C001459,2026-05-09,,Completed,0.0
O0008199,C001404,2026-05-09,,Completed,9.99
O0008200,C002280,2026-05-09,PROMO_LATE,Completed,9.99
O0008201,C000408,2026-05-09,,Completed,0.0
O0008202,C000509,2026-05-09,,Completed,9.99
O0008203,C001629,2026-05-09,,Completed,6.99
O0008204,C001248,2026-05-09,,Completed,0.0
O0008205,C000706,2026-05-09,,Completed,0.0
O0008206,C001785,2026-05-09,,Completed,9.99
O0008207,C001146,2026-05-09,,Completed,0.0
O0008208,C000220,2026-05-09,,Completed,0.0
O0008209,C000092,2026-05-09,,Completed,0.0
O0008210,C001629,2026-05-09,PROMO_LATE,Completed,4.99
O0008211,C001940,2026-05-09,,Completed,0.0
O0008212,C001721,2026-05-10,,Completed,9.99
O0008213,C000477,2026-05-10,,Completed,0.0
O0008214,C000879,2026-05-10,,Completed,0.0
O0008215,C000428,2026-05-10,PROMO_LATE,Completed,0.0
O0008216,C000964,2026-05-10,PROMO_LATE,Completed,0.0
O0008217,C000146,2026-05-10,PROMO_LATE,Completed,0.0
O0008218,C000064,2026-05-10,PROMO_LATE,Completed,0.0
O0008219,C000175,2026-05-10,PROMO_LATE,Completed,0.0
O0008220,C002004,2026-05-10,,Completed,0.0
O0008221,C000358,2026-05-10,PROMO_LATE,Completed,4.99
O0008222,C001076,2026-05-10,,Completed,4.99
O0008223,C000114,2026-05-10,PROMO_LATE,Completed,0.0
O0008224,C000155,2026-05-10,,Completed,0.0
O0008225,C001837,2026-05-10,,Completed,0.0
O0008226,C000038,2026-05-10,,Completed,6.99
O0008227,C000052,2026-05-10,PROMO_LATE,Completed,6.99
O0008228,C002137,2026-05-10,PROMO_LATE,Completed,9.99
O0008229,C000586,2026-05-10,PROMO_LATE,Completed,6.99
O0008230,C001936,2026-05-10,PROMO_LATE,Completed,0.0
O0008231,C002015,2026-05-10,,Completed,0.0
O0008232,C002134,2026-05-10,,Completed,0.0
O0008233,C000586,2026-05-10,,Completed,0.0
O0008234,C001177,2026-05-10,,Completed,9.99
O0008235,C000885,2026-05-10,,Completed,0.0
O0008236,C002095,2026-05-10,PROMO_LATE,Completed,0.0
O0008237,C002126,2026-05-10,PROMO_LATE,Completed,0.0
O0008238,C000613,2026-05-10,,Completed,9.99
O0008239,C001646,2026-05-10,PROMO_LATE,Completed,4.99
O0008240,C002413,2026-05-10,,Completed,0.0
O0008241,C001693,2026-05-10,PROMO_LATE,Completed,0.0
O0008242,C001525,2026-05-10,,Completed,0.0
O0008243,C000031,2026-05-10,,Completed,0.0
O0008244,C000126,2026-05-10,PROMO_LATE,Completed,0.0
O0008245,C002305,2026-05-10,,Completed,0.0
O0008246,C000553,2026-05-10,,Completed,9.99
O0008247,C001980,2026-05-10,,Completed,4.99
O0008248,C000460,2026-05-10,PROMO_LATE,Completed,0.0
O0008249,C001451,2026-05-10,PROMO_LATE,Completed,0.0
O0008250,C002118,2026-05-10,PROMO_LATE,Completed,6.99
O0008251,C002007,2026-05-10,,Completed,0.0
O0008252,C000627,2026-05-10,PROMO_LATE,Completed,0.0
O0008253,C000214,2026-05-10,PROMO_LATE,Completed,4.99
O0008254,C000407,2026-05-10,,Completed,9.99
O0008255,C002430,2026-05-10,,Completed,4.99
O0008256,C002226,2026-05-10,PROMO_LATE,Completed,4.99
O0008257,C001768,2026-05-10,PROMO_LATE,Completed,6.99
O0008258,C001685,2026-05-10,,Completed,9.99
O0008259,C000678,2026-05-10,PROMO_LATE,Completed,4.99
O0008260,C002462,2026-05-10,PROMO_LATE,Completed,0.0
O0008261,C000571,2026-05-10,,Completed,4.99
O0008262,C001177,2026-05-10,,Completed,0.0
O0008263,C002272,2026-05-10,PROMO_LATE,Completed,0.0
O0008264,C000343,2026-05-10,,Completed,9.99
O0008265,C000149,2026-05-10,,Completed,6.99
O0008266,C001757,2026-05-10,,Completed,9.99
O0008267,C001540,2026-05-10,,Completed,0.0
O0008268,C001521,2026-05-10,,Completed,0.0
O0008269,C002263,2026-05-10,PROMO_LATE,Completed,9.99
O0008270,C001621,2026-05-10,PROMO_LATE,Completed,0.0
O0008271,C002431,2026-05-10,,Completed,4.99
O0008272,C002112,2026-05-10,,Completed,0.0
O0008273,C002247,2026-05-10,,Completed,0.0
O0008274,C000800,2026-05-10,,Completed,0.0
O0008275,C002295,2026-05-10,,Completed,6.99
O0008276,C000623,2026-05-10,,Completed,0.0
O0008277,C001753,2026-05-10,PROMO_LATE,Completed,0.0
O0008278,C001363,2026-05-10,,Completed,4.99
O0008279,C000480,2026-05-10,PROMO_LATE,Completed,0.0
O0008280,C001801,2026-05-10,,Completed,0.0
O0008281,C002181,2026-05-10,PROMO_LATE,Completed,0.0
O0008282,C001929,2026-05-10,PROMO_LATE,Completed,6.99
O0008283,C001159,2026-05-10,,Completed,4.99
O0008284,C002450,2026-05-10,,Completed,0.0
O0008285,C001455,2026-05-10,,Completed,0.0
O0008286,C000055,2026-05-10,,Completed,0.0
O0008287,C001867,2026-05-10,,Completed,9.99
O0008288,C002213,2026-05-10,PROMO_LATE,Completed,4.99
O0008289,C000362,2026-05-10,,Completed,0.0
O0008290,C000301,2026-05-10,PROMO_LATE,Completed,4.99
O0008291,C000997,2026-05-10,,Completed,0.0
O0008292,C001519,2026-05-10,,Completed,0.0
O0008293,C002460,2026-05-10,,Completed,9.99
O0008294,C001113,2026-05-10,,Completed,9.99
O0008295,C002038,2026-05-10,,Completed,6.99
O0008296,C000685,2026-05-10,,Completed,0.0
O0008297,C001391,2026-05-10,,Completed,0.0
O0008298,C000890,2026-05-10,PROMO_LATE,Completed,4.99
O0008299,C000749,2026-05-10,,Completed,0.0
O0008300,C002174,2026-05-10,,Completed,6.99
O0008301,C002230,2026-05-11,,Completed,0.0
O0008302,C001523,2026-05-11,,Completed,0.0
O0008303,C000394,2026-05-11,,Completed,9.99
O0008304,C002331,2026-05-11,,Completed,0.0
O0008305,C000442,2026-05-11,,Completed,0.0
O0008306,C001446,2026-05-11,PROMO_LATE,Completed,0.0
O0008307,C002388,2026-05-11,,Completed,6.99
O0008308,C000464,2026-05-11,PROMO_LATE,Completed,9.99
O0008309,C000759,2026-05-11,PROMO_LATE,Completed,9.99
O0008310,C001671,2026-05-11,PROMO_LATE,Completed,4.99
O0008311,C000412,2026-05-11,,Completed,0.0
O0008312,C000314,2026-05-11,PROMO_LATE,Completed,0.0
O0008313,C001268,2026-05-11,,Completed,0.0
O0008314,C001246,2026-05-11,PROMO_LATE,Completed,0.0
O0008315,C001104,2026-05-11,,Completed,4.99
O0008316,C001843,2026-05-11,,Completed,0.0
O0008317,C001715,2026-05-11,,Completed,0.0
O0008318,C000288,2026-05-11,,Completed,0.0
O0008319,C000153,2026-05-11,,Completed,0.0
O0008320,C001812,2026-05-11,,Completed,0.0
O0008321,C002230,2026-05-11,PROMO_LATE,Completed,0.0
O0008322,C000706,2026-05-11,,Completed,0.0
O0008323,C001331,2026-05-11,,Completed,6.99
O0008324,C001800,2026-05-11,,Completed,0.0
O0008325,C001673,2026-05-11,PROMO_LATE,Completed,0.0
O0008326,C002249,2026-05-11,PROMO_LATE,Completed,0.0
O0008327,C002212,2026-05-11,,Completed,6.99
O0008328,C001217,2026-05-11,,Completed,4.99
O0008329,C000969,2026-05-11,,Completed,0.0
O0008330,C002432,2026-05-11,,Completed,9.99
O0008331,C001963,2026-05-11,,Completed,6.99
O0008332,C000687,2026-05-11,PROMO_LATE,Completed,4.99
O0008333,C001784,2026-05-11,,Completed,6.99
O0008334,C001450,2026-05-11,PROMO_LATE,Completed,4.99
O0008335,C001686,2026-05-11,PROMO_LATE,Completed,0.0
O0008336,C001011,2026-05-11,,Completed,4.99
O0008337,C000008,2026-05-11,PROMO_LATE,Completed,0.0
O0008338,C000016,2026-05-11,,Completed,0.0
O0008339,C001210,2026-05-11,PROMO_LATE,Completed,6.99
O0008340,C002206,2026-05-11,,Completed,0.0
O0008341,C000835,2026-05-11,,Completed,4.99
O0008342,C001038,2026-05-11,PROMO_LATE,Completed,0.0
O0008343,C002226,2026-05-11,,Completed,4.99
O0008344,C000078,2026-05-11,PROMO_LATE,Completed,0.0
O0008345,C000041,2026-05-11,,Completed,0.0
O0008346,C000938,2026-05-11,,Completed,6.99
O0008347,C001657,2026-05-11,,Completed,6.99
O0008348,C000393,2026-05-11,,Completed,9.99
O0008349,C000817,2026-05-11,,Completed,6.99
O0008350,C000697,2026-05-11,PROMO_LATE,Completed,6.99
O0008351,C001159,2026-05-11,,Completed,6.99
O0008352,C002173,2026-05-11,PROMO_LATE,Completed,4.99
O0008353,C000438,2026-05-11,PROMO_LATE,Completed,4.99
O0008354,C000257,2026-05-11,PROMO_LATE,Completed,0.0
O0008355,C002385,2026-05-11,,Completed,0.0
O0008356,C002314,2026-05-11,,Completed,0.0
O0008357,C001621,2026-05-11,PROMO_LATE,Completed,6.99
O0008358,C001837,2026-05-11,,Completed,0.0
O0008359,C000892,2026-05-11,,Completed,0.0
O0008360,C001514,2026-05-11,PROMO_LATE,Completed,0.0
O0008361,C001378,2026-05-11,PROMO_LATE,Completed,0.0
O0008362,C001715,2026-05-11,,Completed,0.0
O0008363,C001299,2026-05-11,,Completed,9.99
O0008364,C001436,2026-05-11,,Completed,0.0
O0008365,C000456,2026-05-11,,Completed,4.99
O0008366,C002093,2026-05-11,PROMO_LATE,Completed,0.0
O0008367,C002199,2026-05-11,PROMO_LATE,Completed,0.0
O0008368,C001262,2026-05-11,PROMO_LATE,Completed,0.0
O0008369,C000530,2026-05-11,,Completed,0.0
O0008370,C000254,2026-05-11,,Completed,0.0
O0008371,C000355,2026-05-12,,Completed,6.99
O0008372,C002428,2026-05-12,,Completed,0.0
O0008373,C001717,2026-05-12,,Completed,0.0
O0008374,C000030,2026-05-12,PROMO_LATE,Completed,4.99
O0008375,C001690,2026-05-12,,Completed,6.99
O0008376,C002452,2026-05-12,PROMO_LATE,Completed,0.0
O0008377,C002330,2026-05-12,,Completed,9.99
O0008378,C001459,2026-05-12,PROMO_LATE,Completed,6.99
O0008379,C001891,2026-05-12,PROMO_LATE,Completed,0.0
O0008380,C002365,2026-05-12,,Completed,0.0
O0008381,C001025,2026-05-12,,Completed,0.0
O0008382,C000204,2026-05-12,,Completed,6.99
O0008383,C000992,2026-05-12,,Completed,6.99
O0008384,C000263,2026-05-12,,Completed,9.99
O0008385,C000892,2026-05-12,PROMO_LATE,Completed,6.99
O0008386,C000858,2026-05-12,,Completed,4.99
O0008387,C000375,2026-05-12,,Completed,9.99
O0008388,C002214,2026-05-12,PROMO_LATE,Completed,4.99
O0008389,C001599,2026-05-12,PROMO_LATE,Completed,9.99
O0008390,C000424,2026-05-12,,Completed,6.99
O0008391,C001329,2026-05-12,,Completed,6.99
O0008392,C001911,2026-05-12,,Completed,0.0
O0008393,C002046,2026-05-12,PROMO_LATE,Completed,9.99
O0008394,C001705,2026-05-12,,Completed,0.0
O0008395,C000085,2026-05-12,,Completed,4.99
O0008396,C002397,2026-05-12,,Completed,0.0
O0008397,C000930,2026-05-12,,Completed,6.99
O0008398,C002254,2026-05-12,PROMO_LATE,Completed,9.99
O0008399,C001929,2026-05-12,PROMO_LATE,Completed,0.0
O0008400,C001823,2026-05-12,PROMO_LATE,Completed,0.0
O0008401,C002112,2026-05-12,,Completed,6.99
O0008402,C001310,2026-05-12,PROMO_LATE,Completed,9.99
O0008403,C000565,2026-05-12,PROMO_LATE,Completed,0.0
O0008404,C000518,2026-05-12,,Completed,0.0
O0008405,C001335,2026-05-12,PROMO_LATE,Completed,6.99
O0008406,C001629,2026-05-12,PROMO_LATE,Completed,9.99
O0008407,C002230,2026-05-12,,Completed,0.0
O0008408,C000463,2026-05-12,,Completed,0.0
O0008409,C000531,2026-05-12,,Completed,0.0
O0008410,C000587,2026-05-12,,Completed,9.99
O0008411,C002353,2026-05-12,PROMO_LATE,Completed,0.0
O0008412,C002358,2026-05-12,,Completed,0.0
O0008413,C000104,2026-05-12,PROMO_LATE,Completed,6.99
O0008414,C002228,2026-05-12,,Completed,0.0
O0008415,C001182,2026-05-12,,Completed,6.99
O0008416,C001159,2026-05-12,PROMO_LATE,Completed,4.99
O0008417,C000490,2026-05-12,,Completed,0.0
O0008418,C000492,2026-05-12,PROMO_LATE,Completed,0.0
O0008419,C001513,2026-05-12,,Completed,0.0
O0008420,C002190,2026-05-12,,Completed,0.0
O0008421,C002094,2026-05-12,PROMO_LATE,Completed,4.99
O0008422,C001457,2026-05-12,,Completed,0.0
O0008423,C000609,2026-05-12,,Completed,9.99
O0008424,C001516,2026-05-12,,Completed,0.0
O0008425,C002190,2026-05-12,,Completed,9.99
O0008426,C000768,2026-05-12,,Completed,0.0
O0008427,C000061,2026-05-12,PROMO_LATE,Completed,9.99
O0008428,C001827,2026-05-12,,Completed,0.0
O0008429,C002184,2026-05-12,,Completed,9.99
O0008430,C000573,2026-05-12,,Completed,0.0
O0008431,C001529,2026-05-12,PROMO_LATE,Completed,0.0
O0008432,C002353,2026-05-12,PROMO_LATE,Completed,0.0
O0008433,C001968,2026-05-12,,Completed,0.0
O0008434,C002234,2026-05-12,,Completed,9.99
O0008435,C000577,2026-05-12,,Completed,0.0
O0008436,C002135,2026-05-12,,Completed,4.99
O0008437,C001440,2026-05-12,PROMO_LATE,Completed,6.99
O0008438,C001623,2026-05-12,PROMO_LATE,Completed,0.0
O0008439,C002152,2026-05-12,PROMO_LATE,Completed,0.0
O0008440,C000407,2026-05-12,,Completed,4.99
O0008441,C001713,2026-05-12,,Completed,0.0
O0008442,C000016,2026-05-12,,Completed,0.0
O0008443,C000968,2026-05-12,,Completed,0.0
O0008444,C001626,2026-05-12,PROMO_LATE,Completed,0.0
O0008445,C000298,2026-05-12,,Completed,0.0
O0008446,C000703,2026-05-12,,Completed,0.0
O0008447,C000471,2026-05-13,PROMO_LATE,Completed,0.0
O0008448,C002432,2026-05-13,PROMO_LATE,Completed,0.0
O0008449,C001619,2026-05-13,PROMO_LATE,Completed,0.0
O0008450,C001184,2026-05-13,,Completed,0.0
O0008451,C000589,2026-05-13,,Completed,0.0
O0008452,C000615,2026-05-13,,Completed,6.99
O0008453,C002064,2026-05-13,,Completed,4.99
O0008454,C000763,2026-05-13,PROMO_LATE,Completed,9.99
O0008455,C001238,2026-05-13,,Completed,0.0
O0008456,C000593,2026-05-13,PROMO_LATE,Completed,4.99
O0008457,C002284,2026-05-13,,Completed,9.99
O0008458,C000407,2026-05-13,,Completed,0.0
O0008459,C002431,2026-05-13,,Completed,0.0
O0008460,C000985,2026-05-13,,Completed,0.0
O0008461,C000477,2026-05-13,,Completed,4.99
O0008462,C001742,2026-05-13,,Completed,0.0
O0008463,C000362,2026-05-13,,Completed,9.99
O0008464,C000050,2026-05-13,PROMO_LATE,Completed,0.0
O0008465,C000723,2026-05-13,PROMO_LATE,Completed,0.0
O0008466,C001861,2026-05-13,,Completed,0.0
O0008467,C001461,2026-05-13,PROMO_LATE,Completed,0.0
O0008468,C002228,2026-05-13,,Completed,0.0
O0008469,C001472,2026-05-13,,Completed,0.0
O0008470,C000483,2026-05-13,,Completed,0.0
O0008471,C002284,2026-05-13,,Completed,9.99
O0008472,C000362,2026-05-13,,Completed,0.0
O0008473,C002200,2026-05-13,,Completed,4.99
O0008474,C001149,2026-05-13,PROMO_LATE,Completed,4.99
O0008475,C000194,2026-05-13,,Completed,0.0
O0008476,C002249,2026-05-13,,Completed,9.99
O0008477,C000641,2026-05-13,,Completed,0.0
O0008478,C000909,2026-05-13,PROMO_LATE,Completed,9.99
O0008479,C000992,2026-05-13,,Completed,4.99
O0008480,C000350,2026-05-13,,Completed,0.0
O0008481,C000965,2026-05-13,,Completed,6.99
O0008482,C000981,2026-05-13,,Completed,0.0
O0008483,C000302,2026-05-13,PROMO_LATE,Completed,0.0
O0008484,C002143,2026-05-13,,Completed,0.0
O0008485,C001497,2026-05-13,PROMO_LATE,Completed,6.99
O0008486,C002258,2026-05-13,,Completed,0.0
O0008487,C001444,2026-05-13,,Completed,4.99
O0008488,C001796,2026-05-13,PROMO_LATE,Completed,0.0
O0008489,C000804,2026-05-13,,Completed,9.99
O0008490,C000250,2026-05-13,,Completed,9.99
O0008491,C000403,2026-05-13,PROMO_LATE,Completed,0.0
O0008492,C000576,2026-05-13,,Completed,0.0
O0008493,C002328,2026-05-13,,Completed,0.0
O0008494,C001262,2026-05-13,,Completed,6.99
O0008495,C001790,2026-05-13,,Completed,9.99
O0008496,C002010,2026-05-13,,Completed,0.0
O0008497,C000181,2026-05-13,,Completed,9.99
O0008498,C002458,2026-05-13,,Completed,0.0
O0008499,C001561,2026-05-13,PROMO_LATE,Completed,6.99
O0008500,C001272,2026-05-13,,Completed,0.0
O0008501,C001957,2026-05-13,,Completed,0.0
O0008502,C001326,2026-05-13,PROMO_LATE,Completed,0.0
O0008503,C001958,2026-05-13,,Completed,0.0
O0008504,C001238,2026-05-13,,Completed,0.0
O0008505,C001848,2026-05-13,PROMO_LATE,Completed,0.0
O0008506,C001304,2026-05-13,,Completed,0.0
O0008507,C002162,2026-05-13,,Completed,0.0
O0008508,C000255,2026-05-13,,Completed,0.0
O0008509,C002328,2026-05-13,PROMO_LATE,Completed,4.99
O0008510,C000330,2026-05-13,PROMO_LATE,Completed,4.99
O0008511,C001958,2026-05-13,PROMO_LATE,Completed,0.0
O0008512,C000072,2026-05-13,,Completed,0.0
O0008513,C000175,2026-05-13,PROMO_LATE,Completed,4.99
O0008514,C001619,2026-05-13,,Completed,0.0
O0008515,C000022,2026-05-13,PROMO_LATE,Completed,0.0
O0008516,C001557,2026-05-13,PROMO_LATE,Completed,4.99
O0008517,C001914,2026-05-13,,Completed,0.0
O0008518,C001877,2026-05-13,,Completed,4.99
O0008519,C000451,2026-05-13,,Completed,4.99
O0008520,C001531,2026-05-13,,Completed,0.0
O0008521,C002072,2026-05-13,,Completed,4.99
O0008522,C001187,2026-05-13,,Completed,0.0
O0008523,C000417,2026-05-13,,Completed,6.99
O0008524,C002434,2026-05-13,,Completed,0.0
O0008525,C001216,2026-05-13,PROMO_LATE,Completed,4.99
O0008526,C001312,2026-05-13,,Completed,9.99
O0008527,C002018,2026-05-13,,Completed,6.99
O0008528,C001363,2026-05-13,,Completed,0.0
O0008529,C001283,2026-05-13,PROMO_LATE,Completed,0.0
O0008530,C001170,2026-05-13,,Completed,6.99
O0008531,C001806,2026-05-13,,Completed,4.99
O0008532,C000521,2026-05-13,,Completed,0.0
O0008533,C000758,2026-05-13,,Completed,6.99
O0008534,C001238,2026-05-13,,Completed,0.0
O0008535,C001515,2026-05-14,PROMO_LATE,Completed,0.0
O0008536,C001976,2026-05-14,PROMO_LATE,Completed,9.99
O0008537,C000493,2026-05-14,PROMO_LATE,Completed,4.99
O0008538,C001123,2026-05-14,,Completed,0.0
O0008539,C000535,2026-05-14,,Completed,0.0
O0008540,C002172,2026-05-14,,Completed,0.0
O0008541,C001357,2026-05-14,,Completed,6.99
O0008542,C000388,2026-05-14,PROMO_LATE,Completed,0.0
O0008543,C001627,2026-05-14,,Completed,0.0
O0008544,C002199,2026-05-14,,Completed,4.99
O0008545,C000315,2026-05-14,PROMO_LATE,Completed,0.0
O0008546,C000438,2026-05-14,,Completed,6.99
O0008547,C001507,2026-05-14,,Completed,0.0
O0008548,C001304,2026-05-14,,Completed,0.0
O0008549,C002273,2026-05-14,,Completed,0.0
O0008550,C001298,2026-05-14,PROMO_LATE,Completed,0.0
O0008551,C001580,2026-05-14,,Completed,0.0
O0008552,C001385,2026-05-14,,Completed,4.99
O0008553,C001817,2026-05-14,,Completed,0.0
O0008554,C000823,2026-05-14,,Completed,0.0
O0008555,C001981,2026-05-14,PROMO_LATE,Completed,0.0
O0008556,C000970,2026-05-14,,Completed,0.0
O0008557,C002018,2026-05-14,PROMO_LATE,Completed,0.0
O0008558,C001495,2026-05-14,,Completed,0.0
O0008559,C000672,2026-05-14,,Completed,6.99
O0008560,C001122,2026-05-14,PROMO_LATE,Completed,0.0
O0008561,C000906,2026-05-14,,Completed,0.0
O0008562,C000332,2026-05-14,,Completed,0.0
O0008563,C000906,2026-05-14,,Completed,0.0
O0008564,C000941,2026-05-14,,Completed,4.99
O0008565,C001459,2026-05-14,PROMO_LATE,Completed,0.0
O0008566,C000297,2026-05-14,PROMO_LATE,Completed,6.99
O0008567,C001068,2026-05-14,,Completed,4.99
O0008568,C000561,2026-05-14,PROMO_LATE,Completed,0.0
O0008569,C001303,2026-05-14,,Completed,0.0
O0008570,C001081,2026-05-14,,Completed,4.99
O0008571,C002132,2026-05-14,,Completed,0.0
O0008572,C001614,2026-05-14,,Completed,0.0
O0008573,C001421,2026-05-14,,Completed,0.0
O0008574,C001342,2026-05-14,PROMO_LATE,Completed,9.99
O0008575,C002293,2026-05-14,,Completed,4.99
O0008576,C001362,2026-05-14,PROMO_LATE,Completed,0.0
O0008577,C002059,2026-05-14,PROMO_LATE,Completed,0.0
O0008578,C002222,2026-05-14,PROMO_LATE,Completed,9.99
O0008579,C002431,2026-05-14,,Completed,9.99
O0008580,C000405,2026-05-14,,Completed,0.0
O0008581,C000514,2026-05-14,PROMO_LATE,Completed,0.0
O0008582,C001887,2026-05-14,,Completed,0.0
O0008583,C000893,2026-05-14,PROMO_LATE,Completed,0.0
O0008584,C002259,2026-05-14,,Completed,0.0
O0008585,C001223,2026-05-14,,Completed,0.0
O0008586,C000906,2026-05-14,,Completed,0.0
O0008587,C002144,2026-05-14,PROMO_LATE,Completed,0.0
O0008588,C000215,2026-05-14,,Completed,6.99
O0008589,C001118,2026-05-14,PROMO_LATE,Completed,6.99
O0008590,C001254,2026-05-14,,Completed,6.99
O0008591,C000675,2026-05-14,,Completed,6.99
O0008592,C002460,2026-05-14,,Completed,0.0
O0008593,C002032,2026-05-14,PROMO_LATE,Completed,0.0
O0008594,C000144,2026-05-14,,Completed,0.0
O0008595,C000463,2026-05-14,PROMO_LATE,Completed,0.0
O0008596,C000155,2026-05-14,,Completed,4.99
O0008597,C000675,2026-05-14,,Completed,9.99
O0008598,C000642,2026-05-14,,Completed,0.0
O0008599,C001742,2026-05-14,,Completed,0.0
O0008600,C001621,2026-05-14,,Completed,0.0
O0008601,C000229,2026-05-14,PROMO_LATE,Completed,9.99
O0008602,C002189,2026-05-14,PROMO_LATE,Completed,0.0
O0008603,C000272,2026-05-14,,Completed,0.0
O0008604,C001984,2026-05-14,,Completed,0.0
O0008605,C000289,2026-05-14,,Completed,6.99
O0008606,C001417,2026-05-14,,Completed,0.0
O0008607,C000064,2026-05-14,PROMO_LATE,Completed,6.99
O0008608,C000149,2026-05-15,,Completed,4.99
O0008609,C000215,2026-05-15,,Completed,4.99
O0008610,C001566,2026-05-15,PROMO_LATE,Completed,0.0
O0008611,C002032,2026-05-15,,Completed,0.0
O0008612,C000359,2026-05-15,,Completed,4.99
O0008613,C000929,2026-05-15,,Completed,0.0
O0008614,C000995,2026-05-15,,Completed,4.99
O0008615,C001062,2026-05-15,,Completed,9.99
O0008616,C001076,2026-05-15,PROMO_LATE,Completed,0.0
O0008617,C000454,2026-05-15,PROMO_LATE,Completed,0.0
O0008618,C001070,2026-05-15,,Completed,9.99
O0008619,C000454,2026-05-15,,Completed,6.99
O0008620,C002397,2026-05-15,,Completed,0.0
O0008621,C002034,2026-05-15,,Completed,9.99
O0008622,C001719,2026-05-15,,Completed,0.0
O0008623,C000451,2026-05-15,,Completed,9.99
O0008624,C001615,2026-05-15,,Completed,0.0
O0008625,C000270,2026-05-15,PROMO_LATE,Completed,9.99
O0008626,C001071,2026-05-15,PROMO_LATE,Completed,9.99
O0008627,C001343,2026-05-15,,Completed,0.0
O0008628,C001195,2026-05-15,,Completed,6.99
O0008629,C000790,2026-05-15,PROMO_LATE,Completed,6.99
O0008630,C000890,2026-05-15,,Completed,4.99
O0008631,C002214,2026-05-15,PROMO_LATE,Completed,0.0
O0008632,C000318,2026-05-15,,Completed,0.0
O0008633,C000733,2026-05-15,PROMO_LATE,Completed,6.99
O0008634,C002458,2026-05-15,,Completed,9.99
O0008635,C000318,2026-05-15,,Completed,0.0
O0008636,C001698,2026-05-15,PROMO_LATE,Completed,0.0
O0008637,C000538,2026-05-15,PROMO_LATE,Completed,0.0
O0008638,C001363,2026-05-15,PROMO_LATE,Completed,6.99
O0008639,C000531,2026-05-15,,Completed,0.0
O0008640,C000454,2026-05-15,,Completed,6.99
O0008641,C000409,2026-05-15,PROMO_LATE,Completed,0.0
O0008642,C000956,2026-05-15,PROMO_LATE,Completed,0.0
O0008643,C001034,2026-05-15,PROMO_LATE,Completed,0.0
O0008644,C000559,2026-05-15,PROMO_LATE,Completed,0.0
O0008645,C001060,2026-05-15,,Completed,4.99
O0008646,C000690,2026-05-15,,Completed,0.0
O0008647,C002442,2026-05-15,,Completed,4.99
O0008648,C001489,2026-05-15,,Completed,0.0
O0008649,C000702,2026-05-15,PROMO_LATE,Completed,9.99
O0008650,C000742,2026-05-15,,Completed,9.99
O0008651,C000001,2026-05-15,,Completed,6.99
O0008652,C002499,2026-05-15,,Completed,6.99
O0008653,C001413,2026-05-15,PROMO_LATE,Completed,0.0
O0008654,C002188,2026-05-15,PROMO_LATE,Completed,6.99
O0008655,C001935,2026-05-15,PROMO_LATE,Completed,0.0
O0008656,C000040,2026-05-15,PROMO_LATE,Completed,0.0
O0008657,C002052,2026-05-15,PROMO_LATE,Completed,0.0
O0008658,C002429,2026-05-15,,Completed,0.0
O0008659,C000981,2026-05-15,PROMO_LATE,Completed,4.99
O0008660,C000541,2026-05-15,,Completed,0.0
O0008661,C001309,2026-05-15,PROMO_LATE,Completed,0.0
O0008662,C002379,2026-05-15,,Completed,4.99
O0008663,C001266,2026-05-15,,Completed,0.0
O0008664,C000071,2026-05-15,,Completed,0.0
O0008665,C001856,2026-05-15,PROMO_LATE,Completed,0.0
O0008666,C000480,2026-05-15,,Completed,0.0
O0008667,C002380,2026-05-15,PROMO_LATE,Completed,0.0
O0008668,C002451,2026-05-15,PROMO_LATE,Completed,9.99
O0008669,C000174,2026-05-15,PROMO_LATE,Completed,0.0
O0008670,C001871,2026-05-15,,Completed,4.99
O0008671,C000178,2026-05-15,,Completed,0.0
O0008672,C001730,2026-05-15,,Completed,0.0
O0008673,C002295,2026-05-15,PROMO_LATE,Completed,0.0
O0008674,C001354,2026-05-15,PROMO_LATE,Completed,9.99
O0008675,C001776,2026-05-15,,Completed,9.99
O0008676,C001781,2026-05-15,,Completed,0.0
O0008677,C001619,2026-05-15,PROMO_LATE,Completed,4.99
O0008678,C000719,2026-05-15,,Completed,0.0
O0008679,C001547,2026-05-15,PROMO_LATE,Completed,0.0
O0008680,C000454,2026-05-15,PROMO_LATE,Completed,0.0
O0008681,C000782,2026-05-15,PROMO_LATE,Completed,0.0
O0008682,C000889,2026-05-15,PROMO_LATE,Completed,0.0
O0008683,C001451,2026-05-15,,Completed,9.99
O0008684,C002483,2026-05-15,,Completed,0.0
O0008685,C002200,2026-05-15,,Completed,0.0
O0008686,C000653,2026-05-15,,Completed,0.0
O0008687,C000125,2026-05-15,,Completed,0.0
O0008688,C001803,2026-05-15,PROMO_LATE,Completed,9.99
O0008689,C002442,2026-05-15,,Completed,9.99
O0008690,C000451,2026-05-15,,Completed,0.0
O0008691,C001363,2026-05-15,,Completed,0.0
O0008692,C000848,2026-05-15,PROMO_LATE,Completed,0.0
O0008693,C001670,2026-05-15,,Completed,0.0
O0008694,C001364,2026-05-15,,Completed,0.0
O0008695,C001778,2026-05-15,,Completed,0.0
O0008696,C000478,2026-05-15,PROMO_LATE,Completed,4.99
O0008697,C002375,2026-05-16,PROMO_LATE,Completed,9.99
O0008698,C001831,2026-05-16,PROMO_LATE,Completed,0.0
O0008699,C002449,2026-05-16,PROMO_LATE,Completed,9.99
O0008700,C000386,2026-05-16,,Completed,0.0
O0008701,C002064,2026-05-16,PROMO_LATE,Completed,0.0
O0008702,C002485,2026-05-16,,Completed,0.0
O0008703,C000129,2026-05-16,,Completed,6.99
O0008704,C000316,2026-05-16,,Completed,0.0
O0008705,C001069,2026-05-16,,Completed,0.0
O0008706,C000499,2026-05-16,PROMO_LATE,Completed,0.0
O0008707,C001970,2026-05-16,,Completed,0.0
O0008708,C002008,2026-05-16,,Completed,4.99
O0008709,C001921,2026-05-16,,Completed,0.0
O0008710,C001071,2026-05-16,,Completed,0.0
O0008711,C001764,2026-05-16,,Completed,6.99
O0008712,C001893,2026-05-16,,Completed,0.0
O0008713,C000794,2026-05-16,,Completed,0.0
O0008714,C000358,2026-05-16,PROMO_LATE,Completed,0.0
O0008715,C001734,2026-05-16,,Completed,0.0
O0008716,C001336,2026-05-16,,Completed,0.0
O0008717,C000933,2026-05-16,,Completed,0.0
O0008718,C000676,2026-05-16,PROMO_LATE,Completed,9.99
O0008719,C001381,2026-05-16,,Completed,6.99
O0008720,C000033,2026-05-16,,Completed,0.0
O0008721,C001991,2026-05-16,,Completed,0.0
O0008722,C001477,2026-05-16,PROMO_LATE,Completed,9.99
O0008723,C001565,2026-05-16,,Completed,6.99
O0008724,C001791,2026-05-16,,Completed,0.0
O0008725,C001641,2026-05-16,PROMO_LATE,Completed,9.99
O0008726,C000156,2026-05-16,,Completed,6.99
O0008727,C000854,2026-05-16,,Completed,4.99
O0008728,C001831,2026-05-16,,Completed,9.99
O0008729,C001024,2026-05-16,,Completed,0.0
O0008730,C002431,2026-05-16,,Completed,0.0
O0008731,C000537,2026-05-16,,Completed,0.0
O0008732,C001675,2026-05-16,,Completed,6.99
O0008733,C000232,2026-05-16,PROMO_LATE,Completed,0.0
O0008734,C001026,2026-05-16,,Completed,6.99
O0008735,C001893,2026-05-16,,Completed,6.99
O0008736,C001969,2026-05-16,,Completed,6.99
O0008737,C000459,2026-05-16,,Completed,4.99
O0008738,C000316,2026-05-16,PROMO_LATE,Completed,6.99
O0008739,C002137,2026-05-16,PROMO_LATE,Completed,0.0
O0008740,C002253,2026-05-16,,Completed,0.0
O0008741,C000225,2026-05-16,,Completed,9.99
O0008742,C001835,2026-05-16,,Completed,0.0
O0008743,C002184,2026-05-16,PROMO_LATE,Completed,6.99
O0008744,C002226,2026-05-16,,Completed,0.0
O0008745,C001177,2026-05-16,,Completed,0.0
O0008746,C000696,2026-05-16,PROMO_LATE,Completed,0.0
O0008747,C000316,2026-05-16,PROMO_LATE,Completed,0.0
O0008748,C002428,2026-05-16,PROMO_LATE,Completed,6.99
O0008749,C000395,2026-05-16,,Completed,9.99
O0008750,C000742,2026-05-16,,Completed,0.0
O0008751,C000845,2026-05-16,,Completed,0.0
O0008752,C001565,2026-05-16,,Completed,6.99
O0008753,C001835,2026-05-16,,Completed,6.99
O0008754,C000560,2026-05-16,PROMO_LATE,Completed,4.99
O0008755,C001623,2026-05-16,PROMO_LATE,Completed,0.0
O0008756,C000349,2026-05-16,,Completed,0.0
O0008757,C000117,2026-05-16,,Completed,6.99
O0008758,C002228,2026-05-16,,Completed,0.0
O0008759,C002059,2026-05-16,,Completed,9.99
O0008760,C001114,2026-05-16,,Completed,6.99
O0008761,C000676,2026-05-16,PROMO_LATE,Completed,9.99
O0008762,C001550,2026-05-16,,Completed,0.0
O0008763,C001648,2026-05-16,,Completed,0.0
O0008764,C002205,2026-05-16,,Completed,6.99
O0008765,C001503,2026-05-16,PROMO_LATE,Completed,0.0
O0008766,C000676,2026-05-16,,Completed,0.0
O0008767,C001442,2026-05-16,PROMO_LATE,Completed,0.0
O0008768,C001302,2026-05-16,,Completed,0.0
O0008769,C000689,2026-05-16,PROMO_LATE,Completed,6.99
O0008770,C000763,2026-05-16,,Completed,9.99
O0008771,C001455,2026-05-16,,Completed,0.0
O0008772,C002337,2026-05-16,,Completed,0.0
O0008773,C001648,2026-05-16,,Completed,6.99
O0008774,C000117,2026-05-16,PROMO_LATE,Completed,0.0
O0008775,C001648,2026-05-16,PROMO_LATE,Completed,9.99
O0008776,C002445,2026-05-16,PROMO_LATE,Completed,4.99
O0008777,C000321,2026-05-16,PROMO_LATE,Completed,9.99
O0008778,C000627,2026-05-16,,Completed,4.99
O0008779,C001603,2026-05-16,,Completed,6.99
O0008780,C001570,2026-05-16,,Completed,4.99
O0008781,C000278,2026-05-16,PROMO_LATE,Completed,4.99
O0008782,C002185,2026-05-16,,Completed,4.99
O0008783,C001030,2026-05-16,,Completed,0.0
O0008784,C000217,2026-05-16,,Completed,0.0
O0008785,C000672,2026-05-16,,Completed,0.0
O0008786,C000342,2026-05-17,PROMO_LATE,Completed,0.0
O0008787,C000103,2026-05-17,,Completed,9.99
O0008788,C002268,2026-05-17,PROMO_LATE,Completed,0.0
O0008789,C001338,2026-05-17,PROMO_LATE,Completed,0.0
O0008790,C000358,2026-05-17,,Completed,0.0
O0008791,C002443,2026-05-17,PROMO_LATE,Completed,0.0
O0008792,C001126,2026-05-17,,Completed,0.0
O0008793,C002358,2026-05-17,PROMO_LATE,Completed,0.0
O0008794,C000213,2026-05-17,,Completed,0.0
O0008795,C000433,2026-05-17,PROMO_LATE,Completed,0.0
O0008796,C000700,2026-05-17,PROMO_LATE,Completed,0.0
O0008797,C000334,2026-05-17,PROMO_LATE,Completed,0.0
O0008798,C000930,2026-05-17,PROMO_LATE,Completed,4.99
O0008799,C000417,2026-05-17,,Completed,0.0
O0008800,C000960,2026-05-17,PROMO_LATE,Completed,0.0
O0008801,C001891,2026-05-17,PROMO_LATE,Completed,0.0
O0008802,C001279,2026-05-17,PROMO_LATE,Completed,4.99
O0008803,C001394,2026-05-17,PROMO_LATE,Completed,6.99
O0008804,C001588,2026-05-17,PROMO_LATE,Completed,0.0
O0008805,C000005,2026-05-17,,Completed,0.0
O0008806,C002294,2026-05-17,PROMO_LATE,Completed,0.0
O0008807,C001711,2026-05-17,PROMO_LATE,Completed,0.0
O0008808,C000098,2026-05-17,PROMO_LATE,Completed,9.99
O0008809,C000740,2026-05-17,PROMO_LATE,Completed,6.99
O0008810,C002431,2026-05-17,,Completed,9.99
O0008811,C000346,2026-05-17,,Completed,0.0
O0008812,C000845,2026-05-17,PROMO_LATE,Completed,0.0
O0008813,C000933,2026-05-17,,Completed,9.99
O0008814,C001704,2026-05-17,PROMO_LATE,Completed,0.0
O0008815,C001524,2026-05-17,PROMO_LATE,Completed,6.99
O0008816,C000641,2026-05-17,PROMO_LATE,Completed,0.0
O0008817,C000584,2026-05-17,,Completed,0.0
O0008818,C001213,2026-05-17,,Completed,0.0
O0008819,C000275,2026-05-17,,Completed,0.0
O0008820,C001938,2026-05-17,,Completed,0.0
O0008821,C002420,2026-05-17,,Completed,0.0
O0008822,C000323,2026-05-17,,Completed,0.0
O0008823,C001197,2026-05-17,,Completed,4.99
O0008824,C002431,2026-05-17,PROMO_LATE,Completed,0.0
O0008825,C001070,2026-05-17,,Completed,0.0
O0008826,C000144,2026-05-17,,Completed,0.0
O0008827,C000210,2026-05-17,PROMO_LATE,Completed,9.99
O0008828,C002194,2026-05-17,,Completed,0.0
O0008829,C000771,2026-05-17,,Completed,9.99
O0008830,C001152,2026-05-17,,Completed,9.99
O0008831,C001764,2026-05-17,PROMO_LATE,Completed,6.99
O0008832,C000677,2026-05-17,,Completed,0.0
O0008833,C001906,2026-05-17,,Completed,0.0
O0008834,C000410,2026-05-17,,Completed,0.0
O0008835,C002468,2026-05-17,,Completed,6.99
O0008836,C000700,2026-05-17,PROMO_LATE,Completed,9.99
O0008837,C002066,2026-05-17,PROMO_LATE,Completed,0.0
O0008838,C002043,2026-05-17,,Completed,0.0
O0008839,C001369,2026-05-17,,Completed,4.99
O0008840,C002294,2026-05-17,,Completed,9.99
O0008841,C000269,2026-05-17,,Completed,6.99
O0008842,C001422,2026-05-17,,Completed,4.99
O0008843,C002040,2026-05-17,,Completed,0.0
O0008844,C001600,2026-05-17,PROMO_LATE,Completed,6.99
O0008845,C002460,2026-05-17,,Completed,0.0
O0008846,C002181,2026-05-17,,Completed,0.0
O0008847,C001323,2026-05-17,,Completed,4.99
O0008848,C000589,2026-05-17,,Completed,9.99
O0008849,C000093,2026-05-17,,Completed,0.0
O0008850,C000149,2026-05-17,,Completed,6.99
O0008851,C000631,2026-05-17,,Completed,0.0
O0008852,C002059,2026-05-17,PROMO_LATE,Completed,0.0
O0008853,C000938,2026-05-17,PROMO_LATE,Completed,0.0
O0008854,C000729,2026-05-17,PROMO_LATE,Completed,0.0
O0008855,C001224,2026-05-17,PROMO_LATE,Completed,0.0
O0008856,C001011,2026-05-17,,Completed,0.0
O0008857,C002499,2026-05-17,,Completed,0.0
O0008858,C001033,2026-05-17,PROMO_LATE,Completed,9.99
O0008859,C000433,2026-05-17,,Completed,0.0
O0008860,C001646,2026-05-17,,Completed,0.0
O0008861,C001795,2026-05-17,PROMO_LATE,Completed,0.0
O0008862,C001513,2026-05-17,,Completed,0.0
O0008863,C002493,2026-05-17,,Completed,0.0
O0008864,C001460,2026-05-18,,Completed,0.0
O0008865,C001089,2026-05-18,PROMO_LATE,Completed,0.0
O0008866,C001736,2026-05-18,,Completed,0.0
O0008867,C001497,2026-05-18,,Completed,0.0
O0008868,C001159,2026-05-18,,Completed,0.0
O0008869,C001736,2026-05-18,PROMO_LATE,Completed,4.99
O0008870,C001184,2026-05-18,,Completed,0.0
O0008871,C000245,2026-05-18,,Completed,0.0
O0008872,C002194,2026-05-18,,Completed,0.0
O0008873,C002434,2026-05-18,,Completed,9.99
O0008874,C000533,2026-05-18,,Completed,6.99
O0008875,C000015,2026-05-18,,Completed,4.99
O0008876,C000568,2026-05-18,PROMO_LATE,Completed,0.0
O0008877,C000428,2026-05-18,,Completed,9.99
O0008878,C002474,2026-05-18,,Completed,0.0
O0008879,C000355,2026-05-18,,Completed,4.99
O0008880,C001447,2026-05-18,PROMO_LATE,Completed,0.0
O0008881,C000245,2026-05-18,,Completed,0.0
O0008882,C001540,2026-05-18,,Completed,0.0
O0008883,C000178,2026-05-18,,Completed,0.0
O0008884,C002481,2026-05-18,,Completed,4.99
O0008885,C001282,2026-05-18,,Completed,6.99
O0008886,C001110,2026-05-18,,Completed,9.99
O0008887,C001099,2026-05-18,PROMO_LATE,Completed,0.0
O0008888,C001612,2026-05-18,,Completed,6.99
O0008889,C002389,2026-05-18,,Completed,0.0
O0008890,C000210,2026-05-18,,Completed,4.99
O0008891,C000821,2026-05-18,,Completed,0.0
O0008892,C001621,2026-05-18,,Completed,4.99
O0008893,C000431,2026-05-18,,Completed,6.99
O0008894,C000446,2026-05-18,,Completed,9.99
O0008895,C000817,2026-05-18,,Completed,0.0
O0008896,C001736,2026-05-18,,Completed,9.99
O0008897,C001472,2026-05-18,,Completed,4.99
O0008898,C001319,2026-05-18,PROMO_LATE,Completed,0.0
O0008899,C000472,2026-05-18,PROMO_LATE,Completed,4.99
O0008900,C000647,2026-05-18,,Completed,0.0
O0008901,C000975,2026-05-18,PROMO_LATE,Completed,4.99
O0008902,C001736,2026-05-18,,Completed,0.0
O0008903,C000396,2026-05-18,,Completed,0.0
O0008904,C000381,2026-05-18,,Completed,0.0
O0008905,C001065,2026-05-18,PROMO_LATE,Completed,0.0
O0008906,C002400,2026-05-18,,Completed,6.99
O0008907,C001165,2026-05-18,,Completed,4.99
O0008908,C001888,2026-05-18,PROMO_LATE,Completed,0.0
O0008909,C000869,2026-05-18,,Completed,0.0
O0008910,C000692,2026-05-18,,Completed,9.99
O0008911,C001810,2026-05-18,,Completed,0.0
O0008912,C002292,2026-05-18,PROMO_LATE,Completed,0.0
O0008913,C001393,2026-05-18,,Completed,0.0
O0008914,C001811,2026-05-18,,Completed,0.0
O0008915,C000154,2026-05-18,PROMO_LATE,Completed,9.99
O0008916,C001937,2026-05-18,,Completed,6.99
O0008917,C000753,2026-05-18,,Completed,0.0
O0008918,C000033,2026-05-18,,Completed,0.0
O0008919,C002318,2026-05-18,,Completed,0.0
O0008920,C000868,2026-05-18,,Completed,6.99
O0008921,C001548,2026-05-18,PROMO_LATE,Completed,0.0
O0008922,C001716,2026-05-18,,Completed,6.99
O0008923,C000384,2026-05-18,PROMO_LATE,Completed,0.0
O0008924,C002227,2026-05-18,PROMO_LATE,Completed,4.99
O0008925,C000448,2026-05-18,PROMO_LATE,Completed,0.0
O0008926,C002403,2026-05-18,,Completed,0.0
O0008927,C002425,2026-05-18,,Completed,0.0
O0008928,C001531,2026-05-18,,Completed,6.99
O0008929,C001489,2026-05-18,,Completed,0.0
O0008930,C000888,2026-05-18,,Completed,0.0
O0008931,C001218,2026-05-18,,Completed,6.99
O0008932,C000960,2026-05-18,,Completed,9.99
O0008933,C000143,2026-05-18,,Completed,0.0
O0008934,C000396,2026-05-18,,Completed,6.99
O0008935,C000054,2026-05-18,,Completed,9.99
O0008936,C002460,2026-05-18,PROMO_LATE,Completed,6.99
O0008937,C001227,2026-05-19,PROMO_LATE,Completed,6.99
O0008938,C000071,2026-05-19,,Completed,0.0
O0008939,C000313,2026-05-19,PROMO_LATE,Completed,0.0
O0008940,C001486,2026-05-19,,Completed,4.99
O0008941,C001460,2026-05-19,,Completed,9.99
O0008942,C000796,2026-05-19,,Completed,0.0
O0008943,C000323,2026-05-19,,Completed,0.0
O0008944,C002249,2026-05-19,PROMO_LATE,Completed,0.0
O0008945,C001311,2026-05-19,PROMO_LATE,Completed,4.99
O0008946,C000743,2026-05-19,,Completed,0.0
O0008947,C002263,2026-05-19,,Completed,6.99
O0008948,C001953,2026-05-19,,Completed,4.99
O0008949,C000257,2026-05-19,,Completed,0.0
O0008950,C000751,2026-05-19,,Completed,0.0
O0008951,C000056,2026-05-19,PROMO_LATE,Completed,0.0
O0008952,C002443,2026-05-19,,Completed,0.0
O0008953,C001998,2026-05-19,,Completed,0.0
O0008954,C000899,2026-05-19,PROMO_LATE,Completed,0.0
O0008955,C000627,2026-05-19,PROMO_LATE,Completed,6.99
O0008956,C000138,2026-05-19,PROMO_LATE,Completed,9.99
O0008957,C001664,2026-05-19,PROMO_LATE,Completed,0.0
O0008958,C001281,2026-05-19,PROMO_LATE,Completed,0.0
O0008959,C001580,2026-05-19,,Completed,0.0
O0008960,C002162,2026-05-19,,Completed,0.0
O0008961,C002011,2026-05-19,,Completed,4.99
O0008962,C001846,2026-05-19,,Completed,0.0
O0008963,C001306,2026-05-19,,Completed,0.0
O0008964,C000307,2026-05-19,,Completed,0.0
O0008965,C001346,2026-05-19,,Completed,9.99
O0008966,C001126,2026-05-19,,Completed,9.99
O0008967,C000046,2026-05-19,PROMO_LATE,Completed,9.99
O0008968,C001694,2026-05-19,,Completed,0.0
O0008969,C000931,2026-05-19,PROMO_LATE,Completed,0.0
O0008970,C001311,2026-05-19,,Completed,0.0
O0008971,C001834,2026-05-19,PROMO_LATE,Completed,6.99
O0008972,C002137,2026-05-19,,Completed,0.0
O0008973,C001045,2026-05-19,,Completed,4.99
O0008974,C000022,2026-05-19,,Completed,0.0
O0008975,C002399,2026-05-19,,Completed,0.0
O0008976,C001590,2026-05-19,PROMO_LATE,Completed,9.99
O0008977,C001033,2026-05-19,,Completed,0.0
O0008978,C000216,2026-05-19,,Completed,0.0
O0008979,C000982,2026-05-19,,Completed,4.99
O0008980,C001096,2026-05-19,,Completed,0.0
O0008981,C001876,2026-05-19,PROMO_LATE,Completed,0.0
O0008982,C001196,2026-05-19,,Completed,0.0
O0008983,C001671,2026-05-19,,Completed,6.99
O0008984,C002076,2026-05-19,PROMO_LATE,Completed,4.99
O0008985,C001481,2026-05-19,PROMO_LATE,Completed,4.99
O0008986,C001435,2026-05-19,,Completed,0.0
O0008987,C000888,2026-05-19,,Completed,0.0
O0008988,C000712,2026-05-19,,Completed,9.99
O0008989,C001002,2026-05-19,PROMO_LATE,Completed,0.0
O0008990,C001936,2026-05-19,,Completed,9.99
O0008991,C001202,2026-05-19,PROMO_LATE,Completed,9.99
O0008992,C000362,2026-05-19,,Completed,0.0
O0008993,C000719,2026-05-19,,Completed,0.0
O0008994,C002486,2026-05-19,PROMO_LATE,Completed,6.99
O0008995,C002137,2026-05-19,PROMO_LATE,Completed,6.99
O0008996,C002225,2026-05-19,PROMO_LATE,Completed,6.99
O0008997,C000960,2026-05-19,,Completed,0.0
O0008998,C000127,2026-05-19,,Completed,9.99
O0008999,C000111,2026-05-19,,Completed,4.99
O0009000,C001107,2026-05-19,,Completed,0.0
O0009001,C001586,2026-05-19,,Completed,0.0
O0009002,C002263,2026-05-19,,Completed,6.99
O0009003,C000757,2026-05-19,,Completed,0.0
O0009004,C000636,2026-05-19,,Completed,9.99
O0009005,C000735,2026-05-19,PROMO_LATE,Completed,6.99
O0009006,C002115,2026-05-19,PROMO_LATE,Completed,0.0
O0009007,C001186,2026-05-19,,Completed,9.99
O0009008,C000497,2026-05-19,,Completed,9.99
O0009009,C000601,2026-05-19,,Completed,0.0
O0009010,C000160,2026-05-19,,Completed,0.0
O0009011,C002168,2026-05-19,PROMO_LATE,Completed,4.99
O0009012,C000935,2026-05-19,,Completed,9.99
O0009013,C000156,2026-05-19,PROMO_LATE,Completed,0.0
O0009014,C000589,2026-05-19,,Completed,0.0
O0009015,C001145,2026-05-19,,Completed,6.99
O0009016,C001112,2026-05-19,PROMO_LATE,Completed,4.99
O0009017,C001026,2026-05-20,,Completed,6.99
O0009018,C001555,2026-05-20,PROMO_LATE,Completed,9.99
O0009019,C000992,2026-05-20,,Completed,6.99
O0009020,C001365,2026-05-20,,Completed,0.0
O0009021,C001714,2026-05-20,PROMO_LATE,Completed,0.0
O0009022,C002098,2026-05-20,,Completed,0.0
O0009023,C001362,2026-05-20,,Completed,9.99
O0009024,C001140,2026-05-20,PROMO_LATE,Completed,0.0
O0009025,C002033,2026-05-20,,Completed,0.0
O0009026,C002431,2026-05-20,PROMO_LATE,Completed,0.0
O0009027,C001002,2026-05-20,,Completed,0.0
O0009028,C001672,2026-05-20,,Completed,0.0
O0009029,C001646,2026-05-20,PROMO_LATE,Completed,0.0
O0009030,C002328,2026-05-20,PROMO_LATE,Completed,0.0
O0009031,C000695,2026-05-20,PROMO_LATE,Completed,0.0
O0009032,C000048,2026-05-20,,Completed,0.0
O0009033,C000815,2026-05-20,,Completed,0.0
O0009034,C000909,2026-05-20,,Completed,0.0
O0009035,C001480,2026-05-20,,Completed,0.0
O0009036,C000161,2026-05-20,,Completed,0.0
O0009037,C000590,2026-05-20,,Completed,4.99
O0009038,C002298,2026-05-20,,Completed,0.0
O0009039,C001709,2026-05-20,,Completed,4.99
O0009040,C002424,2026-05-20,,Completed,4.99
O0009041,C000327,2026-05-20,PROMO_LATE,Completed,4.99
O0009042,C000317,2026-05-20,,Completed,0.0
O0009043,C002448,2026-05-20,PROMO_LATE,Completed,0.0
O0009044,C000706,2026-05-20,PROMO_LATE,Completed,0.0
O0009045,C000800,2026-05-20,,Completed,0.0
O0009046,C001447,2026-05-20,,Completed,0.0
O0009047,C002466,2026-05-20,,Completed,9.99
O0009048,C000635,2026-05-20,,Completed,4.99
O0009049,C001888,2026-05-20,,Completed,0.0
O0009050,C000730,2026-05-20,,Completed,6.99
O0009051,C000122,2026-05-20,,Completed,4.99
O0009052,C001026,2026-05-20,PROMO_LATE,Completed,9.99
O0009053,C000982,2026-05-20,PROMO_LATE,Completed,0.0
O0009054,C002448,2026-05-20,,Completed,0.0
O0009055,C000637,2026-05-20,,Completed,0.0
O0009056,C000757,2026-05-20,PROMO_LATE,Completed,6.99
O0009057,C001138,2026-05-20,PROMO_LATE,Completed,0.0
O0009058,C000706,2026-05-20,,Completed,9.99
O0009059,C000848,2026-05-20,PROMO_LATE,Completed,0.0
O0009060,C000282,2026-05-20,PROMO_LATE,Completed,0.0
O0009061,C001618,2026-05-20,,Completed,0.0
O0009062,C000621,2026-05-20,,Completed,6.99
O0009063,C002182,2026-05-20,PROMO_LATE,Completed,6.99
O0009064,C001222,2026-05-20,,Completed,0.0
O0009065,C001646,2026-05-20,PROMO_LATE,Completed,4.99
O0009066,C001152,2026-05-20,,Completed,0.0
O0009067,C000815,2026-05-20,,Completed,0.0
O0009068,C001460,2026-05-20,PROMO_LATE,Completed,0.0
O0009069,C001881,2026-05-20,,Completed,0.0
O0009070,C001141,2026-05-20,,Completed,0.0
O0009071,C001861,2026-05-20,PROMO_LATE,Completed,0.0
O0009072,C000910,2026-05-20,,Completed,0.0
O0009073,C000881,2026-05-20,,Completed,9.99
O0009074,C000083,2026-05-20,PROMO_LATE,Completed,0.0
O0009075,C001417,2026-05-20,,Completed,9.99
O0009076,C002193,2026-05-20,PROMO_LATE,Completed,9.99
O0009077,C001182,2026-05-20,,Completed,4.99
O0009078,C001997,2026-05-20,,Completed,0.0
O0009079,C000060,2026-05-20,,Completed,9.99
O0009080,C000686,2026-05-20,,Completed,6.99
O0009081,C000608,2026-05-20,,Completed,6.99
O0009082,C000669,2026-05-20,,Completed,0.0
O0009083,C000621,2026-05-20,PROMO_LATE,Completed,9.99
O0009084,C002114,2026-05-20,,Completed,0.0
O0009085,C000524,2026-05-20,,Completed,9.99
O0009086,C002126,2026-05-21,PROMO_LATE,Completed,0.0
O0009087,C002473,2026-05-21,,Completed,9.99
O0009088,C002238,2026-05-21,PROMO_LATE,Completed,0.0
O0009089,C002412,2026-05-21,,Completed,0.0
O0009090,C000043,2026-05-21,,Completed,0.0
O0009091,C000561,2026-05-21,,Completed,6.99
O0009092,C001772,2026-05-21,,Completed,0.0
O0009093,C000693,2026-05-21,,Completed,4.99
O0009094,C001530,2026-05-21,,Completed,9.99
O0009095,C000165,2026-05-21,,Completed,6.99
O0009096,C002392,2026-05-21,,Completed,0.0
O0009097,C001469,2026-05-21,,Completed,0.0
O0009098,C001625,2026-05-21,,Completed,6.99
O0009099,C001667,2026-05-21,,Completed,4.99
O0009100,C001421,2026-05-21,,Completed,6.99
O0009101,C001544,2026-05-21,PROMO_LATE,Completed,0.0
O0009102,C002460,2026-05-21,PROMO_LATE,Completed,0.0
O0009103,C001045,2026-05-21,PROMO_LATE,Completed,0.0
O0009104,C002355,2026-05-21,,Completed,0.0
O0009105,C002373,2026-05-21,,Completed,4.99
O0009106,C000359,2026-05-21,PROMO_LATE,Completed,4.99
O0009107,C001268,2026-05-21,PROMO_LATE,Completed,0.0
O0009108,C000566,2026-05-21,,Completed,0.0
O0009109,C002331,2026-05-21,,Completed,6.99
O0009110,C001978,2026-05-21,,Completed,0.0
O0009111,C001170,2026-05-21,,Completed,4.99
O0009112,C000214,2026-05-21,,Completed,6.99
O0009113,C000196,2026-05-21,,Completed,0.0
O0009114,C000589,2026-05-21,,Completed,0.0
O0009115,C001942,2026-05-21,,Completed,0.0
O0009116,C001033,2026-05-21,PROMO_LATE,Completed,0.0
O0009117,C002484,2026-05-21,,Completed,0.0
O0009118,C001241,2026-05-21,,Completed,6.99
O0009119,C001429,2026-05-21,,Completed,0.0
O0009120,C000355,2026-05-21,,Completed,6.99
O0009121,C002066,2026-05-21,,Completed,4.99
O0009122,C000185,2026-05-21,,Completed,0.0
O0009123,C001070,2026-05-21,,Completed,6.99
O0009124,C001495,2026-05-21,PROMO_LATE,Completed,0.0
O0009125,C000392,2026-05-21,,Completed,4.99
O0009126,C001646,2026-05-21,,Completed,4.99
O0009127,C000675,2026-05-21,PROMO_LATE,Completed,0.0
O0009128,C000049,2026-05-21,,Completed,0.0
O0009129,C000591,2026-05-21,PROMO_LATE,Completed,0.0
O0009130,C000415,2026-05-21,PROMO_LATE,Completed,0.0
O0009131,C001379,2026-05-21,,Completed,4.99
O0009132,C001123,2026-05-21,,Completed,0.0
O0009133,C000035,2026-05-21,PROMO_LATE,Completed,6.99
O0009134,C001388,2026-05-21,,Completed,4.99
O0009135,C000384,2026-05-21,,Completed,0.0
O0009136,C002295,2026-05-21,,Completed,9.99
O0009137,C001814,2026-05-21,,Completed,6.99
O0009138,C002355,2026-05-21,,Completed,4.99
O0009139,C000022,2026-05-21,,Completed,0.0
O0009140,C000128,2026-05-21,,Completed,0.0
O0009141,C001135,2026-05-21,PROMO_LATE,Completed,0.0
O0009142,C001167,2026-05-21,,Completed,0.0
O0009143,C000048,2026-05-21,,Completed,9.99
O0009144,C000033,2026-05-21,PROMO_LATE,Completed,0.0
O0009145,C002206,2026-05-21,,Completed,9.99
O0009146,C001206,2026-05-21,PROMO_LATE,Completed,0.0
O0009147,C002226,2026-05-21,,Completed,0.0
O0009148,C000788,2026-05-21,,Completed,6.99
O0009149,C001524,2026-05-21,,Completed,6.99
O0009150,C002120,2026-05-21,,Completed,6.99
O0009151,C002460,2026-05-21,PROMO_LATE,Completed,0.0
O0009152,C000396,2026-05-21,PROMO_LATE,Completed,0.0
O0009153,C001304,2026-05-21,,Completed,0.0
O0009154,C002366,2026-05-21,,Completed,0.0
O0009155,C001381,2026-05-21,,Completed,0.0
O0009156,C001027,2026-05-21,,Completed,4.99
O0009157,C000781,2026-05-21,,Completed,0.0
O0009158,C000275,2026-05-21,,Completed,0.0
O0009159,C000938,2026-05-21,,Completed,0.0
O0009160,C001007,2026-05-21,PROMO_LATE,Completed,0.0
O0009161,C001661,2026-05-21,,Completed,9.99
O0009162,C001017,2026-05-21,PROMO_LATE,Completed,0.0
O0009163,C001484,2026-05-21,,Completed,0.0
O0009164,C000015,2026-05-22,PROMO_LATE,Completed,0.0
O0009165,C000854,2026-05-22,PROMO_LATE,Completed,6.99
O0009166,C002231,2026-05-22,PROMO_LATE,Completed,0.0
O0009167,C002458,2026-05-22,,Completed,4.99
O0009168,C001463,2026-05-22,,Completed,6.99
O0009169,C000098,2026-05-22,,Completed,6.99
O0009170,C000519,2026-05-22,PROMO_LATE,Completed,6.99
O0009171,C001970,2026-05-22,,Completed,9.99
O0009172,C001858,2026-05-22,,Completed,0.0
O0009173,C000867,2026-05-22,,Completed,0.0
O0009174,C000800,2026-05-22,,Completed,9.99
O0009175,C002115,2026-05-22,,Completed,0.0
O0009176,C000928,2026-05-22,,Completed,0.0
O0009177,C000714,2026-05-22,,Completed,4.99
O0009178,C001332,2026-05-22,,Completed,0.0
O0009179,C000278,2026-05-22,PROMO_LATE,Completed,0.0
O0009180,C000305,2026-05-22,,Completed,0.0
O0009181,C000206,2026-05-22,,Completed,0.0
O0009182,C000720,2026-05-22,,Completed,0.0
O0009183,C001373,2026-05-22,,Completed,0.0
O0009184,C002352,2026-05-22,,Completed,4.99
O0009185,C000270,2026-05-22,,Completed,0.0
O0009186,C002347,2026-05-22,,Completed,0.0
O0009187,C001177,2026-05-22,,Completed,0.0
O0009188,C001770,2026-05-22,,Completed,9.99
O0009189,C001354,2026-05-22,,Completed,0.0
O0009190,C002400,2026-05-22,,Completed,0.0
O0009191,C001147,2026-05-22,PROMO_LATE,Completed,0.0
O0009192,C001555,2026-05-22,PROMO_LATE,Completed,0.0
O0009193,C001201,2026-05-22,,Completed,6.99
O0009194,C002434,2026-05-22,PROMO_LATE,Completed,0.0
O0009195,C001363,2026-05-22,,Completed,9.99
O0009196,C001011,2026-05-22,PROMO_LATE,Completed,0.0
O0009197,C000282,2026-05-22,PROMO_LATE,Completed,0.0
O0009198,C000944,2026-05-22,,Completed,4.99
O0009199,C000654,2026-05-22,,Completed,0.0
O0009200,C001190,2026-05-22,,Completed,0.0
O0009201,C001858,2026-05-22,PROMO_LATE,Completed,0.0
O0009202,C001602,2026-05-22,PROMO_LATE,Completed,4.99
O0009203,C002272,2026-05-22,,Completed,4.99
O0009204,C001093,2026-05-22,,Completed,0.0
O0009205,C001239,2026-05-22,PROMO_LATE,Completed,0.0
O0009206,C001699,2026-05-22,PROMO_LATE,Completed,9.99
O0009207,C000430,2026-05-22,,Completed,6.99
O0009208,C000333,2026-05-22,,Completed,6.99
O0009209,C002074,2026-05-22,,Completed,0.0
O0009210,C001628,2026-05-22,,Completed,6.99
O0009211,C001268,2026-05-22,,Completed,0.0
O0009212,C001167,2026-05-22,,Completed,0.0
O0009213,C001427,2026-05-22,,Completed,9.99
O0009214,C002231,2026-05-22,PROMO_LATE,Completed,6.99
O0009215,C000649,2026-05-22,PROMO_LATE,Completed,9.99
O0009216,C000911,2026-05-22,,Completed,0.0
O0009217,C001008,2026-05-22,PROMO_LATE,Completed,4.99
O0009218,C001454,2026-05-22,PROMO_LATE,Completed,0.0
O0009219,C002407,2026-05-22,,Completed,4.99
O0009220,C000856,2026-05-22,,Completed,0.0
O0009221,C000022,2026-05-22,PROMO_LATE,Completed,0.0
O0009222,C001939,2026-05-22,PROMO_LATE,Completed,9.99
O0009223,C001993,2026-05-22,PROMO_LATE,Completed,6.99
O0009224,C001212,2026-05-22,,Completed,0.0
O0009225,C001734,2026-05-22,,Completed,0.0
O0009226,C001134,2026-05-22,,Completed,0.0
O0009227,C000627,2026-05-22,PROMO_LATE,Completed,0.0
O0009228,C001176,2026-05-22,PROMO_LATE,Completed,0.0
O0009229,C002336,2026-05-22,PROMO_LATE,Completed,9.99
O0009230,C000535,2026-05-22,,Completed,0.0
O0009231,C000643,2026-05-22,PROMO_LATE,Completed,0.0
O0009232,C001892,2026-05-23,,Completed,0.0
O0009233,C001990,2026-05-23,,Completed,0.0
O0009234,C000532,2026-05-23,PROMO_LATE,Completed,6.99
O0009235,C001698,2026-05-23,PROMO_LATE,Completed,0.0
O0009236,C001386,2026-05-23,PROMO_LATE,Completed,6.99
O0009237,C000266,2026-05-23,,Completed,9.99
O0009238,C000372,2026-05-23,,Completed,6.99
O0009239,C001473,2026-05-23,,Completed,0.0
O0009240,C001087,2026-05-23,PROMO_LATE,Completed,0.0
O0009241,C002484,2026-05-23,PROMO_LATE,Completed,4.99
O0009242,C001871,2026-05-23,,Completed,0.0
O0009243,C001557,2026-05-23,,Completed,0.0
O0009244,C000781,2026-05-23,,Completed,0.0
O0009245,C000503,2026-05-23,PROMO_LATE,Completed,9.99
O0009246,C000969,2026-05-23,,Completed,0.0
O0009247,C000859,2026-05-23,,Completed,0.0
O0009248,C002231,2026-05-23,PROMO_LATE,Completed,0.0
O0009249,C001529,2026-05-23,,Completed,6.99
O0009250,C000091,2026-05-23,,Completed,0.0
O0009251,C000398,2026-05-23,,Completed,0.0
O0009252,C002459,2026-05-23,,Completed,0.0
O0009253,C000362,2026-05-23,PROMO_LATE,Completed,0.0
O0009254,C002374,2026-05-23,,Completed,4.99
O0009255,C002054,2026-05-23,PROMO_LATE,Completed,0.0
O0009256,C001569,2026-05-23,,Completed,0.0
O0009257,C000058,2026-05-23,PROMO_LATE,Completed,9.99
O0009258,C001373,2026-05-23,,Completed,9.99
O0009259,C000583,2026-05-23,,Completed,6.99
O0009260,C001833,2026-05-23,,Completed,0.0
O0009261,C000742,2026-05-23,PROMO_LATE,Completed,4.99
O0009262,C002423,2026-05-23,,Completed,0.0
O0009263,C000906,2026-05-23,,Completed,6.99
O0009264,C000085,2026-05-23,,Completed,0.0
O0009265,C001455,2026-05-23,,Completed,0.0
O0009266,C000129,2026-05-23,PROMO_LATE,Completed,0.0
O0009267,C000213,2026-05-23,,Completed,0.0
O0009268,C002163,2026-05-23,PROMO_LATE,Completed,6.99
O0009269,C000647,2026-05-23,,Completed,6.99
O0009270,C001451,2026-05-23,PROMO_LATE,Completed,0.0
O0009271,C000402,2026-05-23,,Completed,9.99
O0009272,C000827,2026-05-23,,Completed,0.0
O0009273,C001355,2026-05-23,PROMO_LATE,Completed,0.0
O0009274,C002364,2026-05-23,PROMO_LATE,Completed,0.0
O0009275,C001017,2026-05-23,,Completed,9.99
O0009276,C001438,2026-05-23,,Completed,0.0
O0009277,C000243,2026-05-23,PROMO_LATE,Completed,0.0
O0009278,C001615,2026-05-23,,Completed,0.0
O0009279,C002235,2026-05-23,PROMO_LATE,Completed,4.99
O0009280,C001241,2026-05-23,PROMO_LATE,Completed,0.0
O0009281,C001666,2026-05-23,,Completed,0.0
O0009282,C001181,2026-05-23,PROMO_LATE,Completed,0.0
O0009283,C000721,2026-05-23,,Completed,0.0
O0009284,C000254,2026-05-23,PROMO_LATE,Completed,6.99
O0009285,C002470,2026-05-23,PROMO_LATE,Completed,0.0
O0009286,C001126,2026-05-23,,Completed,6.99
O0009287,C002369,2026-05-23,,Completed,0.0
O0009288,C001731,2026-05-23,,Completed,9.99
O0009289,C000430,2026-05-23,,Completed,4.99
O0009290,C001790,2026-05-23,PROMO_LATE,Completed,0.0
O0009291,C002021,2026-05-23,PROMO_LATE,Completed,0.0
O0009292,C001693,2026-05-23,,Completed,6.99
O0009293,C002392,2026-05-23,,Completed,6.99
O0009294,C001335,2026-05-23,,Completed,9.99
O0009295,C000749,2026-05-23,PROMO_LATE,Completed,6.99
O0009296,C000566,2026-05-23,PROMO_LATE,Completed,0.0
O0009297,C002096,2026-05-23,,Completed,0.0
O0009298,C001218,2026-05-23,,Completed,4.99
O0009299,C002431,2026-05-23,PROMO_LATE,Completed,6.99
O0009300,C001463,2026-05-23,PROMO_LATE,Completed,0.0
O0009301,C001202,2026-05-23,PROMO_LATE,Completed,4.99
O0009302,C001852,2026-05-23,,Completed,4.99
O0009303,C002181,2026-05-23,PROMO_LATE,Completed,4.99
O0009304,C001891,2026-05-23,,Completed,0.0
O0009305,C000656,2026-05-23,PROMO_LATE,Completed,0.0
O0009306,C002271,2026-05-24,,Completed,0.0
O0009307,C002434,2026-05-24,,Completed,0.0
O0009308,C000975,2026-05-24,,Completed,0.0
O0009309,C002085,2026-05-24,PROMO_LATE,Completed,0.0
O0009310,C001204,2026-05-24,,Completed,4.99
O0009311,C000669,2026-05-24,,Completed,0.0
O0009312,C000913,2026-05-24,PROMO_LATE,Completed,0.0
O0009313,C000033,2026-05-24,,Completed,4.99
O0009314,C001689,2026-05-24,,Completed,0.0
O0009315,C002277,2026-05-24,,Completed,0.0
O0009316,C001427,2026-05-24,,Completed,4.99
O0009317,C001911,2026-05-24,PROMO_LATE,Completed,0.0
O0009318,C001091,2026-05-24,,Completed,0.0
O0009319,C001650,2026-05-24,PROMO_LATE,Completed,0.0
O0009320,C001540,2026-05-24,PROMO_LATE,Completed,0.0
O0009321,C000296,2026-05-24,PROMO_LATE,Completed,0.0
O0009322,C002196,2026-05-24,PROMO_LATE,Completed,6.99
O0009323,C001310,2026-05-24,,Completed,0.0
O0009324,C000503,2026-05-24,,Completed,0.0
O0009325,C002184,2026-05-24,PROMO_LATE,Completed,0.0
O0009326,C002083,2026-05-24,PROMO_LATE,Completed,0.0
O0009327,C000885,2026-05-24,PROMO_LATE,Completed,0.0
O0009328,C000392,2026-05-24,,Completed,9.99
O0009329,C001418,2026-05-24,,Completed,0.0
O0009330,C000132,2026-05-24,,Completed,0.0
O0009331,C001883,2026-05-24,,Completed,4.99
O0009332,C001586,2026-05-24,PROMO_LATE,Completed,0.0
O0009333,C001885,2026-05-24,PROMO_LATE,Completed,0.0
O0009334,C000709,2026-05-24,,Completed,6.99
O0009335,C001388,2026-05-24,,Completed,9.99
O0009336,C001784,2026-05-24,,Completed,4.99
O0009337,C000038,2026-05-24,PROMO_LATE,Completed,0.0
O0009338,C000262,2026-05-24,PROMO_LATE,Completed,4.99
O0009339,C000213,2026-05-24,,Completed,6.99
O0009340,C000633,2026-05-24,,Completed,0.0
O0009341,C002049,2026-05-24,PROMO_LATE,Completed,0.0
O0009342,C000173,2026-05-24,,Completed,0.0
O0009343,C001559,2026-05-24,PROMO_LATE,Completed,6.99
O0009344,C000830,2026-05-24,,Completed,0.0
O0009345,C000408,2026-05-24,,Completed,9.99
O0009346,C002255,2026-05-24,PROMO_LATE,Completed,4.99
O0009347,C002373,2026-05-24,,Completed,4.99
O0009348,C000935,2026-05-24,,Completed,6.99
O0009349,C002397,2026-05-24,,Completed,0.0
O0009350,C000896,2026-05-24,,Completed,9.99
O0009351,C000132,2026-05-24,,Completed,0.0
O0009352,C000459,2026-05-24,,Completed,0.0
O0009353,C002262,2026-05-24,PROMO_LATE,Completed,6.99
O0009354,C001759,2026-05-24,,Completed,6.99
O0009355,C001003,2026-05-24,,Completed,4.99
O0009356,C002471,2026-05-24,,Completed,0.0
O0009357,C000474,2026-05-24,,Completed,0.0
O0009358,C000914,2026-05-24,,Completed,0.0
O0009359,C000669,2026-05-24,PROMO_LATE,Completed,0.0
O0009360,C001421,2026-05-24,,Completed,0.0
O0009361,C000046,2026-05-24,,Completed,0.0
O0009362,C002465,2026-05-24,,Completed,4.99
O0009363,C002331,2026-05-24,,Completed,6.99
O0009364,C000896,2026-05-24,,Completed,6.99
O0009365,C000914,2026-05-24,,Completed,6.99
O0009366,C002199,2026-05-24,,Completed,4.99
O0009367,C000132,2026-05-24,,Completed,0.0
O0009368,C000132,2026-05-24,,Completed,4.99
O0009369,C000432,2026-05-24,PROMO_LATE,Completed,0.0
O0009370,C002195,2026-05-24,PROMO_LATE,Completed,0.0
O0009371,C000867,2026-05-24,,Completed,0.0
O0009372,C000896,2026-05-24,,Completed,0.0
O0009373,C000016,2026-05-24,,Completed,9.99
O0009374,C000132,2026-05-24,,Completed,0.0
O0009375,C001663,2026-05-25,,Completed,0.0
O0009376,C002020,2026-05-25,PROMO_LATE,Completed,0.0
O0009377,C000467,2026-05-25,,Completed,9.99
O0009378,C002124,2026-05-25,PROMO_LATE,Completed,0.0
O0009379,C002474,2026-05-25,,Completed,0.0
O0009380,C000753,2026-05-25,,Completed,4.99
O0009381,C001930,2026-05-25,,Completed,0.0
O0009382,C001459,2026-05-25,,Completed,0.0
O0009383,C001663,2026-05-25,PROMO_LATE,Completed,9.99
O0009384,C000822,2026-05-25,,Completed,0.0
O0009385,C001649,2026-05-25,PROMO_LATE,Completed,9.99
O0009386,C001889,2026-05-25,PROMO_LATE,Completed,9.99
O0009387,C001191,2026-05-25,PROMO_LATE,Completed,0.0
O0009388,C001470,2026-05-25,,Completed,0.0
O0009389,C001318,2026-05-25,,Completed,9.99
O0009390,C002189,2026-05-25,PROMO_LATE,Completed,0.0
O0009391,C001826,2026-05-25,PROMO_LATE,Completed,9.99
O0009392,C002124,2026-05-25,PROMO_LATE,Completed,0.0
O0009393,C002124,2026-05-25,,Completed,0.0
O0009394,C000575,2026-05-25,PROMO_LATE,Completed,4.99
O0009395,C002242,2026-05-25,,Completed,0.0
O0009396,C000474,2026-05-25,,Completed,9.99
O0009397,C002228,2026-05-25,PROMO_LATE,Completed,0.0
O0009398,C000749,2026-05-25,,Completed,4.99
O0009399,C000015,2026-05-25,PROMO_LATE,Completed,0.0
O0009400,C001010,2026-05-25,,Completed,6.99
O0009401,C000131,2026-05-25,PROMO_LATE,Completed,0.0
O0009402,C000396,2026-05-25,,Completed,6.99
O0009403,C001480,2026-05-25,,Completed,0.0
O0009404,C000529,2026-05-25,,Completed,0.0
O0009405,C001310,2026-05-25,,Completed,9.99
O0009406,C000599,2026-05-25,,Completed,0.0
O0009407,C002090,2026-05-25,,Completed,0.0
O0009408,C002108,2026-05-25,PROMO_LATE,Completed,0.0
O0009409,C000030,2026-05-25,,Completed,6.99
O0009410,C001434,2026-05-25,,Completed,0.0
O0009411,C000543,2026-05-25,PROMO_LATE,Completed,0.0
O0009412,C000438,2026-05-25,PROMO_LATE,Completed,0.0
O0009413,C002098,2026-05-25,,Completed,4.99
O0009414,C002313,2026-05-25,,Completed,0.0
O0009415,C001744,2026-05-25,,Completed,0.0
O0009416,C000098,2026-05-25,PROMO_LATE,Completed,4.99
O0009417,C000074,2026-05-25,,Completed,0.0
O0009418,C000160,2026-05-25,PROMO_LATE,Completed,6.99
O0009419,C002041,2026-05-25,,Completed,0.0
O0009420,C001123,2026-05-25,,Completed,6.99
O0009421,C001490,2026-05-25,,Completed,0.0
O0009422,C001988,2026-05-26,,Completed,0.0
O0009423,C000585,2026-05-26,,Completed,9.99
O0009424,C000424,2026-05-26,,Completed,0.0
O0009425,C001418,2026-05-26,PROMO_LATE,Completed,4.99
O0009426,C000869,2026-05-26,,Completed,0.0
O0009427,C000589,2026-05-26,PROMO_LATE,Completed,0.0
O0009428,C000978,2026-05-26,,Completed,6.99
O0009429,C000272,2026-05-26,,Completed,6.99
O0009430,C002398,2026-05-26,,Completed,4.99
O0009431,C000734,2026-05-26,PROMO_LATE,Completed,4.99
O0009432,C000229,2026-05-26,,Completed,9.99
O0009433,C000043,2026-05-26,,Completed,0.0
O0009434,C001479,2026-05-26,,Completed,0.0
O0009435,C000257,2026-05-26,,Completed,0.0
O0009436,C001821,2026-05-26,PROMO_LATE,Completed,4.99
O0009437,C001574,2026-05-26,,Completed,0.0
O0009438,C001013,2026-05-26,,Completed,6.99
O0009439,C000075,2026-05-26,PROMO_LATE,Completed,4.99
O0009440,C000894,2026-05-26,,Completed,0.0
O0009441,C002298,2026-05-26,,Completed,6.99
O0009442,C001948,2026-05-26,,Completed,4.99
O0009443,C000369,2026-05-26,PROMO_LATE,Completed,0.0
O0009444,C002273,2026-05-26,PROMO_LATE,Completed,0.0
O0009445,C000926,2026-05-26,,Completed,4.99
O0009446,C002015,2026-05-26,,Completed,4.99
O0009447,C001553,2026-05-26,PROMO_LATE,Completed,6.99
O0009448,C002475,2026-05-26,,Completed,0.0
O0009449,C000461,2026-05-26,PROMO_LATE,Completed,0.0
O0009450,C002240,2026-05-26,PROMO_LATE,Completed,4.99
O0009451,C001051,2026-05-26,,Completed,0.0
O0009452,C001072,2026-05-26,PROMO_LATE,Completed,9.99
O0009453,C002427,2026-05-26,,Completed,0.0
O0009454,C001214,2026-05-26,,Completed,0.0
O0009455,C002162,2026-05-26,,Completed,9.99
O0009456,C000531,2026-05-26,,Completed,0.0
O0009457,C001451,2026-05-26,PROMO_LATE,Completed,9.99
O0009458,C000146,2026-05-26,,Completed,9.99
O0009459,C001137,2026-05-26,,Completed,0.0
O0009460,C000742,2026-05-26,PROMO_LATE,Completed,0.0
O0009461,C000813,2026-05-26,,Completed,4.99
O0009462,C001296,2026-05-26,,Completed,6.99
O0009463,C001806,2026-05-26,,Completed,6.99
O0009464,C001083,2026-05-26,,Completed,4.99
O0009465,C000090,2026-05-26,,Completed,9.99
O0009466,C000072,2026-05-26,,Completed,9.99
O0009467,C002172,2026-05-26,PROMO_LATE,Completed,9.99
O0009468,C001720,2026-05-26,,Completed,0.0
O0009469,C001218,2026-05-26,,Completed,0.0
O0009470,C001048,2026-05-26,,Completed,0.0
O0009471,C000692,2026-05-26,,Completed,4.99
O0009472,C000589,2026-05-26,,Completed,0.0
O0009473,C000578,2026-05-26,,Completed,4.99
O0009474,C000135,2026-05-26,,Completed,0.0
O0009475,C002423,2026-05-26,PROMO_LATE,Completed,0.0
O0009476,C000301,2026-05-26,PROMO_LATE,Completed,0.0
O0009477,C001222,2026-05-26,,Completed,0.0
O0009478,C001017,2026-05-26,,Completed,4.99
O0009479,C001513,2026-05-26,,Completed,0.0
O0009480,C000396,2026-05-26,,Completed,4.99
O0009481,C001378,2026-05-26,,Completed,4.99
O0009482,C000016,2026-05-26,PROMO_LATE,Completed,0.0
O0009483,C000942,2026-05-26,,Completed,4.99
O0009484,C001492,2026-05-26,PROMO_LATE,Completed,6.99
O0009485,C001812,2026-05-26,PROMO_LATE,Completed,6.99
O0009486,C002119,2026-05-26,,Completed,9.99
O0009487,C000992,2026-05-26,,Completed,9.99
O0009488,C000094,2026-05-26,,Completed,0.0
O0009489,C000722,2026-05-26,,Completed,0.0
O0009490,C001691,2026-05-26,,Completed,6.99
O0009491,C000373,2026-05-26,,Completed,9.99
O0009492,C000145,2026-05-27,,Completed,0.0
O0009493,C001963,2026-05-27,PROMO_LATE,Completed,0.0
O0009494,C000796,2026-05-27,PROMO_LATE,Completed,9.99
O0009495,C002434,2026-05-27,,Completed,0.0
O0009496,C000006,2026-05-27,,Completed,0.0
O0009497,C000030,2026-05-27,,Completed,0.0
O0009498,C001923,2026-05-27,,Completed,0.0
O0009499,C000138,2026-05-27,,Completed,0.0
O0009500,C000394,2026-05-27,PROMO_LATE,Completed,6.99
O0009501,C001529,2026-05-27,PROMO_LATE,Completed,0.0
O0009502,C001139,2026-05-27,,Completed,0.0
O0009503,C002194,2026-05-27,,Completed,0.0
O0009504,C000702,2026-05-27,PROMO_LATE,Completed,9.99
O0009505,C002032,2026-05-27,,Completed,9.99
O0009506,C000885,2026-05-27,PROMO_LATE,Completed,0.0
O0009507,C001530,2026-05-27,,Completed,4.99
O0009508,C001930,2026-05-27,,Completed,4.99
O0009509,C000488,2026-05-27,,Completed,0.0
O0009510,C000139,2026-05-27,PROMO_LATE,Completed,0.0
O0009511,C000362,2026-05-27,,Completed,9.99
O0009512,C001273,2026-05-27,,Completed,6.99
O0009513,C001280,2026-05-27,,Completed,0.0
O0009514,C000043,2026-05-27,PROMO_LATE,Completed,0.0
O0009515,C002007,2026-05-27,,Completed,6.99
O0009516,C002357,2026-05-27,PROMO_LATE,Completed,6.99
O0009517,C000048,2026-05-27,,Completed,0.0
O0009518,C001030,2026-05-27,PROMO_LATE,Completed,9.99
O0009519,C001142,2026-05-27,,Completed,9.99
O0009520,C001063,2026-05-27,PROMO_LATE,Completed,4.99
O0009521,C000727,2026-05-27,,Completed,0.0
O0009522,C002435,2026-05-27,,Completed,0.0
O0009523,C002101,2026-05-27,PROMO_LATE,Completed,6.99
O0009524,C000129,2026-05-27,PROMO_LATE,Completed,9.99
O0009525,C001136,2026-05-27,PROMO_LATE,Completed,0.0
O0009526,C002080,2026-05-27,,Completed,6.99
O0009527,C002179,2026-05-27,PROMO_LATE,Completed,0.0
O0009528,C000980,2026-05-27,PROMO_LATE,Completed,0.0
O0009529,C000914,2026-05-27,,Completed,0.0
O0009530,C000064,2026-05-27,PROMO_LATE,Completed,0.0
O0009531,C000356,2026-05-27,,Completed,4.99
O0009532,C001964,2026-05-27,PROMO_LATE,Completed,0.0
O0009533,C000229,2026-05-27,,Completed,9.99
O0009534,C001557,2026-05-27,,Completed,0.0
O0009535,C001985,2026-05-27,,Completed,6.99
O0009536,C000346,2026-05-27,,Completed,0.0
O0009537,C001412,2026-05-27,,Completed,0.0
O0009538,C001580,2026-05-27,,Completed,0.0
O0009539,C001240,2026-05-27,PROMO_LATE,Completed,0.0
O0009540,C000083,2026-05-27,,Completed,0.0
O0009541,C000564,2026-05-27,,Completed,0.0
O0009542,C000938,2026-05-27,PROMO_LATE,Completed,0.0
O0009543,C000732,2026-05-27,,Completed,0.0
O0009544,C002276,2026-05-27,,Completed,0.0
O0009545,C000585,2026-05-27,,Completed,0.0
O0009546,C002029,2026-05-27,,Completed,9.99
O0009547,C001556,2026-05-27,,Completed,4.99
O0009548,C002226,2026-05-27,,Completed,4.99
O0009549,C001215,2026-05-27,,Completed,9.99
O0009550,C001524,2026-05-27,PROMO_LATE,Completed,6.99
O0009551,C000413,2026-05-27,,Completed,9.99
O0009552,C000395,2026-05-27,,Completed,0.0
O0009553,C002434,2026-05-27,PROMO_LATE,Completed,0.0
O0009554,C001294,2026-05-27,,Completed,9.99
O0009555,C000448,2026-05-27,,Completed,0.0
O0009556,C001944,2026-05-27,,Completed,9.99
O0009557,C001361,2026-05-27,PROMO_LATE,Completed,0.0
O0009558,C000796,2026-05-27,,Completed,0.0
O0009559,C000800,2026-05-27,PROMO_LATE,Completed,0.0
O0009560,C000329,2026-05-27,PROMO_LATE,Completed,6.99
O0009561,C002398,2026-05-27,PROMO_LATE,Completed,4.99
O0009562,C001455,2026-05-27,,Completed,9.99
O0009563,C000601,2026-05-27,,Completed,0.0
O0009564,C000500,2026-05-27,PROMO_LATE,Completed,9.99
O0009565,C000235,2026-05-27,,Completed,0.0
O0009566,C001663,2026-05-28,,Completed,0.0
O0009567,C001611,2026-05-28,,Completed,6.99
O0009568,C001530,2026-05-28,,Completed,0.0
O0009569,C001113,2026-05-28,PROMO_LATE,Completed,4.99
O0009570,C002030,2026-05-28,,Completed,0.0
O0009571,C000315,2026-05-28,PROMO_LATE,Completed,0.0
O0009572,C001460,2026-05-28,,Completed,0.0
O0009573,C001097,2026-05-28,,Completed,0.0
O0009574,C002390,2026-05-28,PROMO_LATE,Completed,4.99
O0009575,C002326,2026-05-28,PROMO_LATE,Completed,4.99
O0009576,C001872,2026-05-28,PROMO_LATE,Completed,6.99
O0009577,C000396,2026-05-28,,Completed,0.0
O0009578,C001095,2026-05-28,,Completed,0.0
O0009579,C002146,2026-05-28,,Completed,4.99
O0009580,C001700,2026-05-28,,Completed,4.99
O0009581,C002330,2026-05-28,PROMO_LATE,Completed,9.99
O0009582,C001462,2026-05-28,,Completed,6.99
O0009583,C000114,2026-05-28,PROMO_LATE,Completed,9.99
O0009584,C002318,2026-05-28,,Completed,4.99
O0009585,C000975,2026-05-28,,Completed,4.99
O0009586,C001417,2026-05-28,PROMO_LATE,Completed,0.0
O0009587,C000751,2026-05-28,,Completed,9.99
O0009588,C002271,2026-05-28,,Completed,9.99
O0009589,C001807,2026-05-28,,Completed,0.0
O0009590,C000027,2026-05-28,PROMO_LATE,Completed,0.0
O0009591,C001202,2026-05-28,,Completed,0.0
O0009592,C001882,2026-05-28,,Completed,9.99
O0009593,C000346,2026-05-28,PROMO_LATE,Completed,6.99
O0009594,C000104,2026-05-28,PROMO_LATE,Completed,9.99
O0009595,C002168,2026-05-28,,Completed,0.0
O0009596,C000037,2026-05-28,,Completed,4.99
O0009597,C002481,2026-05-28,,Completed,0.0
O0009598,C000601,2026-05-28,PROMO_LATE,Completed,0.0
O0009599,C002435,2026-05-28,,Completed,4.99
O0009600,C002388,2026-05-28,PROMO_LATE,Completed,0.0
O0009601,C000113,2026-05-28,,Completed,0.0
O0009602,C001700,2026-05-28,,Completed,4.99
O0009603,C000926,2026-05-28,PROMO_LATE,Completed,0.0
O0009604,C001761,2026-05-28,PROMO_LATE,Completed,0.0
O0009605,C001384,2026-05-28,PROMO_LATE,Completed,0.0
O0009606,C000262,2026-05-28,PROMO_LATE,Completed,0.0
O0009607,C000869,2026-05-28,,Completed,0.0
O0009608,C001173,2026-05-28,,Completed,0.0
O0009609,C000525,2026-05-28,PROMO_LATE,Completed,0.0
O0009610,C001723,2026-05-28,,Completed,0.0
O0009611,C000402,2026-05-28,PROMO_LATE,Completed,9.99
O0009612,C001685,2026-05-28,PROMO_LATE,Completed,4.99
O0009613,C001908,2026-05-28,PROMO_LATE,Completed,0.0
O0009614,C001454,2026-05-28,PROMO_LATE,Completed,4.99
O0009615,C001922,2026-05-28,,Completed,4.99
O0009616,C000071,2026-05-28,,Completed,0.0
O0009617,C000266,2026-05-28,,Completed,0.0
O0009618,C000493,2026-05-28,,Completed,9.99
O0009619,C001094,2026-05-29,,Completed,0.0
O0009620,C000174,2026-05-29,PROMO_LATE,Completed,0.0
O0009621,C001287,2026-05-29,,Completed,0.0
O0009622,C002245,2026-05-29,,Completed,6.99
O0009623,C000330,2026-05-29,PROMO_LATE,Completed,0.0
O0009624,C000355,2026-05-29,PROMO_LATE,Completed,9.99
O0009625,C001643,2026-05-29,,Completed,0.0
O0009626,C000336,2026-05-29,PROMO_LATE,Completed,0.0
O0009627,C001044,2026-05-29,,Completed,0.0
O0009628,C001850,2026-05-29,PROMO_LATE,Completed,9.99
O0009629,C001677,2026-05-29,PROMO_LATE,Completed,4.99
O0009630,C000858,2026-05-29,,Completed,6.99
O0009631,C001939,2026-05-29,,Completed,0.0
O0009632,C002266,2026-05-29,,Completed,4.99
O0009633,C001123,2026-05-29,PROMO_LATE,Completed,0.0
O0009634,C001062,2026-05-29,PROMO_LATE,Completed,0.0
O0009635,C002467,2026-05-29,,Completed,0.0
O0009636,C000071,2026-05-29,PROMO_LATE,Completed,6.99
O0009637,C002117,2026-05-29,PROMO_LATE,Completed,6.99
O0009638,C000495,2026-05-29,,Completed,4.99
O0009639,C000503,2026-05-29,,Completed,0.0
O0009640,C000078,2026-05-29,,Completed,6.99
O0009641,C000312,2026-05-29,,Completed,0.0
O0009642,C000561,2026-05-29,PROMO_LATE,Completed,0.0
O0009643,C001663,2026-05-29,PROMO_LATE,Completed,0.0
O0009644,C000183,2026-05-29,,Completed,6.99
O0009645,C001477,2026-05-29,,Completed,0.0
O0009646,C000481,2026-05-29,,Completed,0.0
O0009647,C002194,2026-05-29,,Completed,0.0
O0009648,C001814,2026-05-29,PROMO_LATE,Completed,9.99
O0009649,C000641,2026-05-29,,Completed,0.0
O0009650,C001516,2026-05-29,,Completed,0.0
O0009651,C001123,2026-05-29,PROMO_LATE,Completed,0.0
O0009652,C001332,2026-05-29,PROMO_LATE,Completed,6.99
O0009653,C000523,2026-05-29,,Completed,0.0
O0009654,C001248,2026-05-29,,Completed,0.0
O0009655,C000217,2026-05-29,,Completed,6.99
O0009656,C000678,2026-05-29,PROMO_LATE,Completed,0.0
O0009657,C001403,2026-05-29,PROMO_LATE,Completed,0.0
O0009658,C001598,2026-05-29,,Completed,9.99
O0009659,C000504,2026-05-29,,Completed,4.99
O0009660,C000754,2026-05-29,,Completed,9.99
O0009661,C001180,2026-05-29,,Completed,6.99
O0009662,C000029,2026-05-29,PROMO_LATE,Completed,0.0
O0009663,C001314,2026-05-29,,Completed,4.99
O0009664,C000413,2026-05-29,,Completed,0.0
O0009665,C000077,2026-05-29,,Completed,6.99
O0009666,C000914,2026-05-29,,Completed,4.99
O0009667,C001742,2026-05-29,,Completed,0.0
O0009668,C002172,2026-05-29,,Completed,0.0
O0009669,C002437,2026-05-29,,Completed,0.0
O0009670,C001367,2026-05-29,,Completed,0.0
O0009671,C001463,2026-05-29,PROMO_LATE,Completed,9.99
O0009672,C001003,2026-05-29,PROMO_LATE,Completed,0.0
O0009673,C001366,2026-05-29,PROMO_LATE,Completed,6.99
O0009674,C000664,2026-05-29,PROMO_LATE,Completed,9.99
O0009675,C001101,2026-05-29,,Completed,0.0
O0009676,C000043,2026-05-29,PROMO_LATE,Completed,0.0
O0009677,C002096,2026-05-29,,Completed,0.0
O0009678,C001877,2026-05-29,,Completed,0.0
O0009679,C000490,2026-05-29,PROMO_LATE,Completed,0.0
O0009680,C002365,2026-05-29,,Completed,0.0
O0009681,C000278,2026-05-29,PROMO_LATE,Completed,0.0
O0009682,C000212,2026-05-29,,Completed,6.99
O0009683,C000885,2026-05-29,,Completed,6.99
O0009684,C000362,2026-05-29,,Completed,9.99
O0009685,C002267,2026-05-29,,Completed,0.0
O0009686,C002064,2026-05-29,PROMO_LATE,Completed,0.0
O0009687,C000447,2026-05-29,PROMO_LATE,Completed,9.99
O0009688,C000692,2026-05-30,,Completed,0.0
O0009689,C000155,2026-05-30,,Completed,6.99
O0009690,C000170,2026-05-30,,Completed,0.0
O0009691,C000633,2026-05-30,,Completed,0.0
O0009692,C002292,2026-05-30,PROMO_LATE,Completed,0.0
O0009693,C000203,2026-05-30,PROMO_LATE,Completed,4.99
O0009694,C001277,2026-05-30,,Completed,0.0
O0009695,C000052,2026-05-30,,Completed,4.99
O0009696,C002272,2026-05-30,PROMO_LATE,Completed,9.99
O0009697,C000730,2026-05-30,,Completed,4.99
O0009698,C000518,2026-05-30,,Completed,0.0
O0009699,C002309,2026-05-30,,Completed,0.0
O0009700,C002319,2026-05-30,,Completed,9.99
O0009701,C002112,2026-05-30,,Completed,0.0
O0009702,C001437,2026-05-30,,Completed,4.99
O0009703,C001663,2026-05-30,,Completed,4.99
O0009704,C000355,2026-05-30,,Completed,6.99
O0009705,C001258,2026-05-30,,Completed,6.99
O0009706,C001604,2026-05-30,,Completed,0.0
O0009707,C000964,2026-05-30,PROMO_LATE,Completed,0.0
O0009708,C002107,2026-05-30,PROMO_LATE,Completed,0.0
O0009709,C002072,2026-05-30,PROMO_LATE,Completed,0.0
O0009710,C000520,2026-05-30,,Completed,0.0
O0009711,C002168,2026-05-30,,Completed,6.99
O0009712,C000855,2026-05-30,,Completed,0.0
O0009713,C001003,2026-05-30,PROMO_LATE,Completed,0.0
O0009714,C001891,2026-05-30,,Completed,6.99
O0009715,C000181,2026-05-30,,Completed,4.99
O0009716,C000006,2026-05-30,,Completed,0.0
O0009717,C000509,2026-05-30,,Completed,0.0
O0009718,C001533,2026-05-30,,Completed,4.99
O0009719,C002477,2026-05-30,,Completed,0.0
O0009720,C001500,2026-05-30,,Completed,6.99
O0009721,C001487,2026-05-30,,Completed,0.0
O0009722,C000734,2026-05-30,,Completed,4.99
O0009723,C002431,2026-05-30,,Completed,0.0
O0009724,C000562,2026-05-30,PROMO_LATE,Completed,0.0
O0009725,C001342,2026-05-30,PROMO_LATE,Completed,0.0
O0009726,C001525,2026-05-30,,Completed,0.0
O0009727,C000860,2026-05-30,,Completed,0.0
O0009728,C001588,2026-05-30,,Completed,0.0
O0009729,C001646,2026-05-30,,Completed,0.0
O0009730,C002310,2026-05-30,PROMO_LATE,Completed,9.99
O0009731,C001152,2026-05-30,,Completed,6.99
O0009732,C001646,2026-05-30,,Completed,4.99
O0009733,C000595,2026-05-30,,Completed,0.0
O0009734,C000320,2026-05-30,,Completed,0.0
O0009735,C002107,2026-05-30,,Completed,0.0
O0009736,C001017,2026-05-30,PROMO_LATE,Completed,0.0
O0009737,C000800,2026-05-30,PROMO_LATE,Completed,9.99
O0009738,C001603,2026-05-30,,Completed,4.99
O0009739,C001298,2026-05-30,PROMO_LATE,Completed,9.99
O0009740,C002243,2026-05-30,,Completed,0.0
O0009741,C000346,2026-05-30,PROMO_LATE,Completed,6.99
O0009742,C001897,2026-05-30,,Completed,4.99
O0009743,C002210,2026-05-30,PROMO_LATE,Completed,4.99
O0009744,C001955,2026-05-30,,Completed,0.0
O0009745,C000615,2026-05-30,,Completed,0.0
O0009746,C001660,2026-05-30,,Completed,6.99
O0009747,C001130,2026-05-30,,Completed,6.99
O0009748,C002137,2026-05-30,PROMO_LATE,Completed,0.0
O0009749,C002344,2026-05-30,,Completed,0.0
O0009750,C000706,2026-05-30,PROMO_LATE,Completed,0.0
O0009751,C001724,2026-05-31,PROMO_LATE,Completed,0.0
O0009752,C001540,2026-05-31,,Completed,0.0
O0009753,C000938,2026-05-31,PROMO_LATE,Completed,9.99
O0009754,C000552,2026-05-31,,Completed,4.99
O0009755,C000619,2026-05-31,PROMO_LATE,Completed,0.0
O0009756,C001529,2026-05-31,PROMO_LATE,Completed,0.0
O0009757,C000282,2026-05-31,PROMO_LATE,Completed,0.0
O0009758,C002466,2026-05-31,PROMO_LATE,Completed,9.99
O0009759,C001239,2026-05-31,PROMO_LATE,Completed,4.99
O0009760,C000683,2026-05-31,,Completed,0.0
O0009761,C001170,2026-05-31,PROMO_LATE,Completed,0.0
O0009762,C001161,2026-05-31,,Completed,0.0
O0009763,C001428,2026-05-31,,Completed,0.0
O0009764,C001038,2026-05-31,PROMO_LATE,Completed,0.0
O0009765,C001772,2026-05-31,PROMO_LATE,Completed,6.99
O0009766,C000227,2026-05-31,,Completed,0.0
O0009767,C001543,2026-05-31,,Completed,4.99
O0009768,C000227,2026-05-31,,Completed,0.0
O0009769,C000565,2026-05-31,,Completed,0.0
O0009770,C001466,2026-05-31,,Completed,9.99
O0009771,C000867,2026-05-31,PROMO_LATE,Completed,0.0
O0009772,C000442,2026-05-31,,Completed,0.0
O0009773,C002369,2026-05-31,PROMO_LATE,Completed,0.0
O0009774,C000730,2026-05-31,PROMO_LATE,Completed,0.0
O0009775,C001031,2026-05-31,PROMO_LATE,Completed,6.99
O0009776,C000913,2026-05-31,PROMO_LATE,Completed,0.0
O0009777,C000254,2026-05-31,PROMO_LATE,Completed,6.99
O0009778,C000413,2026-05-31,,Completed,0.0
O0009779,C000355,2026-05-31,PROMO_LATE,Completed,0.0
O0009780,C000227,2026-05-31,,Completed,9.99
O0009781,C000993,2026-05-31,,Completed,0.0
O0009782,C000078,2026-05-31,,Completed,0.0
O0009783,C001841,2026-05-31,,Completed,0.0
O0009784,C000783,2026-05-31,,Completed,6.99
O0009785,C000358,2026-05-31,,Completed,9.99
O0009786,C001309,2026-05-31,,Completed,4.99
O0009787,C000266,2026-05-31,,Completed,0.0
O0009788,C000734,2026-05-31,,Completed,0.0
O0009789,C001827,2026-05-31,,Completed,4.99
O0009790,C001555,2026-05-31,PROMO_LATE,Completed,0.0
O0009791,C000075,2026-05-31,,Completed,0.0
O0009792,C000257,2026-05-31,PROMO_LATE,Completed,4.99
O0009793,C002159,2026-05-31,,Completed,0.0
O0009794,C000855,2026-05-31,PROMO_LATE,Completed,6.99
O0009795,C001910,2026-05-31,,Completed,0.0
O0009796,C002151,2026-05-31,,Completed,0.0
O0009797,C000757,2026-05-31,,Completed,0.0
O0009798,C001668,2026-05-31,,Completed,0.0
O0009799,C001734,2026-05-31,,Completed,4.99
O0009800,C002328,2026-05-31,PROMO_LATE,Completed,4.99
O0009801,C001880,2026-05-31,PROMO_LATE,Completed,0.0
O0009802,C000960,2026-05-31,PROMO_LATE,Completed,0.0
O0009803,C000706,2026-05-31,PROMO_LATE,Completed,6.99
O0009804,C001964,2026-05-31,PROMO_LATE,Completed,9.99
O0009805,C001544,2026-05-31,,Completed,0.0
O0009806,C001028,2026-05-31,,Completed,0.0
O0009807,C001646,2026-05-31,,Completed,0.0
O0009808,C002353,2026-05-31,,Completed,0.0
O0009809,C001699,2026-05-31,PROMO_LATE,Completed,0.0
O0009810,C002137,2026-05-31,PROMO_LATE,Completed,0.0
O0009811,C001123,2026-05-31,PROMO_LATE,Completed,0.0
O0009812,C000146,2026-06-01,,Completed,0.0
O0009813,C000136,2026-06-01,,Completed,9.99
O0009814,C001255,2026-06-01,,Completed,4.99
O0009815,C000460,2026-06-01,,Completed,4.99
O0009816,C001110,2026-06-01,,Completed,0.0
O0009817,C002415,2026-06-01,,Completed,6.99
O0009818,C001940,2026-06-01,PROMO_LATE,Completed,9.99
O0009819,C002081,2026-06-01,,Completed,0.0
O0009820,C001891,2026-06-01,PROMO_LATE,Completed,6.99
O0009821,C000725,2026-06-01,,Completed,0.0
O0009822,C001815,2026-06-01,,Completed,0.0
O0009823,C000486,2026-06-01,PROMO_LATE,Completed,0.0
O0009824,C001930,2026-06-01,PROMO_LATE,Completed,0.0
O0009825,C000877,2026-06-01,,Completed,0.0
O0009826,C000025,2026-06-01,,Completed,9.99
O0009827,C000546,2026-06-01,PROMO_LATE,Completed,0.0
O0009828,C002436,2026-06-01,PROMO_LATE,Completed,4.99
O0009829,C000362,2026-06-01,PROMO_LATE,Completed,0.0
O0009830,C000194,2026-06-01,,Completed,0.0
O0009831,C000831,2026-06-01,PROMO_LATE,Completed,4.99
O0009832,C000876,2026-06-01,,Completed,4.99
O0009833,C001403,2026-06-01,,Completed,0.0
O0009834,C000138,2026-06-01,,Completed,4.99
O0009835,C001525,2026-06-01,,Completed,0.0
O0009836,C000506,2026-06-01,PROMO_LATE,Completed,6.99
O0009837,C000672,2026-06-01,,Completed,9.99
O0009838,C002470,2026-06-01,PROMO_LATE,Completed,4.99
O0009839,C000778,2026-06-01,,Completed,0.0
O0009840,C001752,2026-06-01,,Completed,0.0
O0009841,C001932,2026-06-01,,Completed,4.99
O0009842,C002168,2026-06-01,,Completed,6.99
O0009843,C000601,2026-06-01,PROMO_LATE,Completed,4.99
O0009844,C000122,2026-06-01,PROMO_LATE,Completed,0.0
O0009845,C001332,2026-06-01,PROMO_LATE,Completed,9.99
O0009846,C000579,2026-06-01,PROMO_LATE,Completed,9.99
O0009847,C000396,2026-06-01,,Completed,0.0
O0009848,C000206,2026-06-01,,Completed,0.0
O0009849,C000042,2026-06-01,PROMO_LATE,Completed,0.0
O0009850,C002483,2026-06-01,PROMO_LATE,Completed,0.0
O0009851,C002030,2026-06-01,PROMO_LATE,Completed,0.0
O0009852,C000658,2026-06-01,PROMO_LATE,Completed,0.0
O0009853,C000789,2026-06-01,,Completed,0.0
O0009854,C000716,2026-06-01,PROMO_LATE,Completed,0.0
O0009855,C001429,2026-06-01,,Completed,0.0
O0009856,C000465,2026-06-01,,Completed,0.0
O0009857,C002131,2026-06-01,,Completed,0.0
O0009858,C000327,2026-06-01,PROMO_LATE,Completed,0.0
O0009859,C000509,2026-06-01,,Completed,0.0
O0009860,C001031,2026-06-01,,Completed,0.0
O0009861,C001582,2026-06-01,PROMO_LATE,Completed,0.0
O0009862,C001316,2026-06-01,,Completed,4.99
O0009863,C002445,2026-06-01,,Completed,0.0
O0009864,C002107,2026-06-01,,Completed,9.99
O0009865,C001950,2026-06-01,,Completed,4.99
O0009866,C001687,2026-06-01,PROMO_LATE,Completed,0.0
O0009867,C000137,2026-06-01,,Completed,9.99
O0009868,C002187,2026-06-01,,Completed,0.0
O0009869,C001743,2026-06-01,PROMO_LATE,Completed,0.0
O0009870,C000204,2026-06-01,,Completed,0.0
O0009871,C000099,2026-06-01,,Completed,0.0
O0009872,C001213,2026-06-01,,Completed,4.99
O0009873,C002476,2026-06-01,,Completed,0.0
O0009874,C001459,2026-06-01,,Completed,0.0
O0009875,C000368,2026-06-01,,Completed,0.0
O0009876,C001363,2026-06-01,,Completed,0.0
O0009877,C000160,2026-06-01,,Completed,0.0
O0009878,C001267,2026-06-01,,Completed,0.0
O0009879,C000666,2026-06-01,,Completed,0.0
O0009880,C001299,2026-06-01,PROMO_LATE,Completed,0.0
O0009881,C001045,2026-06-01,PROMO_LATE,Completed,6.99
O0009882,C000613,2026-06-01,PROMO_LATE,Completed,4.99
O0009883,C001839,2026-06-01,,Completed,0.0
O0009884,C002367,2026-06-01,,Completed,0.0
O0009885,C002408,2026-06-02,PROMO_LATE,Completed,4.99
O0009886,C002194,2026-06-02,,Completed,0.0
O0009887,C000359,2026-06-02,,Completed,9.99
O0009888,C000478,2026-06-02,PROMO_LATE,Completed,0.0
O0009889,C001706,2026-06-02,,Completed,9.99
O0009890,C000409,2026-06-02,PROMO_LATE,Completed,0.0
O0009891,C002121,2026-06-02,,Completed,0.0
O0009892,C001697,2026-06-02,PROMO_LATE,Completed,6.99
O0009893,C001007,2026-06-02,,Completed,0.0
O0009894,C000397,2026-06-02,,Completed,0.0
O0009895,C002184,2026-06-02,PROMO_LATE,Completed,0.0
O0009896,C002276,2026-06-02,,Completed,0.0
O0009897,C001416,2026-06-02,,Completed,4.99
O0009898,C000392,2026-06-02,PROMO_LATE,Completed,6.99
O0009899,C000742,2026-06-02,,Completed,0.0
O0009900,C001128,2026-06-02,,Completed,9.99
O0009901,C001882,2026-06-02,,Completed,0.0
O0009902,C001428,2026-06-02,PROMO_LATE,Completed,0.0
O0009903,C001679,2026-06-02,,Completed,4.99
O0009904,C001482,2026-06-02,,Completed,0.0
O0009905,C001044,2026-06-02,,Completed,0.0
O0009906,C000127,2026-06-02,PROMO_LATE,Completed,6.99
O0009907,C002098,2026-06-02,,Completed,9.99
O0009908,C001000,2026-06-02,PROMO_LATE,Completed,9.99
O0009909,C001756,2026-06-02,,Completed,6.99
O0009910,C000189,2026-06-02,PROMO_LATE,Completed,6.99
O0009911,C000381,2026-06-02,,Completed,0.0
O0009912,C000302,2026-06-02,,Completed,0.0
O0009913,C002374,2026-06-02,,Completed,6.99
O0009914,C001375,2026-06-02,,Completed,0.0
O0009915,C000656,2026-06-02,,Completed,9.99
O0009916,C001429,2026-06-02,PROMO_LATE,Completed,0.0
O0009917,C001390,2026-06-02,PROMO_LATE,Completed,4.99
O0009918,C001226,2026-06-02,,Completed,6.99
O0009919,C002417,2026-06-02,PROMO_LATE,Completed,9.99
O0009920,C001248,2026-06-02,PROMO_LATE,Completed,9.99
O0009921,C001612,2026-06-02,,Completed,0.0
O0009922,C000412,2026-06-02,,Completed,0.0
O0009923,C000064,2026-06-02,,Completed,0.0
O0009924,C002047,2026-06-02,PROMO_LATE,Completed,9.99
O0009925,C000483,2026-06-02,,Completed,0.0
O0009926,C000013,2026-06-02,,Completed,4.99
O0009927,C001100,2026-06-02,,Completed,0.0
O0009928,C002228,2026-06-02,PROMO_LATE,Completed,9.99
O0009929,C001453,2026-06-02,,Completed,0.0
O0009930,C002423,2026-06-02,,Completed,9.99
O0009931,C000599,2026-06-02,PROMO_LATE,Completed,6.99
O0009932,C002363,2026-06-02,,Completed,4.99
O0009933,C001047,2026-06-02,,Completed,6.99
O0009934,C001102,2026-06-02,,Completed,9.99
O0009935,C001663,2026-06-02,,Completed,9.99
O0009936,C000136,2026-06-02,,Completed,0.0
O0009937,C002179,2026-06-02,,Completed,0.0
O0009938,C001174,2026-06-02,,Completed,0.0
O0009939,C001168,2026-06-02,,Completed,4.99
O0009940,C001281,2026-06-02,,Completed,0.0
O0009941,C001967,2026-06-02,,Completed,0.0
O0009942,C000564,2026-06-02,PROMO_LATE,Completed,4.99
O0009943,C000622,2026-06-02,,Completed,9.99
O0009944,C000702,2026-06-02,,Completed,0.0
O0009945,C000022,2026-06-02,,Completed,0.0
O0009946,C000152,2026-06-02,PROMO_LATE,Completed,0.0
O0009947,C002431,2026-06-02,PROMO_LATE,Completed,9.99
O0009948,C001381,2026-06-02,,Completed,9.99
O0009949,C001116,2026-06-02,,Completed,6.99
O0009950,C000564,2026-06-02,,Completed,0.0
O0009951,C001853,2026-06-02,,Completed,0.0
O0009952,C000307,2026-06-02,PROMO_LATE,Completed,0.0
O0009953,C000460,2026-06-02,PROMO_LATE,Completed,4.99
O0009954,C001482,2026-06-02,,Completed,0.0
O0009955,C002415,2026-06-02,,Completed,4.99
O0009956,C001059,2026-06-02,PROMO_LATE,Completed,0.0
O0009957,C001074,2026-06-02,,Completed,0.0
O0009958,C002121,2026-06-02,,Completed,9.99
O0009959,C000052,2026-06-02,,Completed,6.99
O0009960,C001477,2026-06-02,,Completed,9.99
O0009961,C001477,2026-06-02,PROMO_LATE,Completed,0.0
O0009962,C001729,2026-06-02,PROMO_LATE,Completed,6.99
O0009963,C002064,2026-06-02,PROMO_LATE,Completed,0.0
O0009964,C002417,2026-06-02,,Completed,0.0
O0009965,C001309,2026-06-02,,Completed,0.0
O0009966,C000350,2026-06-02,,Completed,0.0
O0009967,C002276,2026-06-02,,Completed,4.99
O0009968,C001177,2026-06-02,,Completed,0.0
O0009969,C000894,2026-06-02,,Completed,0.0
O0009970,C001424,2026-06-02,,Completed,0.0
O0009971,C002302,2026-06-02,PROMO_LATE,Completed,0.0
O0009972,C000528,2026-06-02,,Completed,0.0
O0009973,C000362,2026-06-02,PROMO_LATE,Completed,9.99
O0009974,C000078,2026-06-02,PROMO_LATE,Completed,0.0
O0009975,C001502,2026-06-03,,Completed,6.99
O0009976,C001656,2026-06-03,,Completed,6.99
O0009977,C001268,2026-06-03,,Completed,6.99
O0009978,C002045,2026-06-03,,Completed,6.99
O0009979,C001702,2026-06-03,,Completed,6.99
O0009980,C001543,2026-06-03,PROMO_LATE,Completed,0.0
O0009981,C000790,2026-06-03,,Completed,4.99
O0009982,C002186,2026-06-03,PROMO_LATE,Completed,6.99
O0009983,C001664,2026-06-03,,Completed,0.0
O0009984,C000653,2026-06-03,,Completed,0.0
O0009985,C002410,2026-06-03,PROMO_LATE,Completed,4.99
O0009986,C000119,2026-06-03,,Completed,4.99
O0009987,C001849,2026-06-03,,Completed,0.0
O0009988,C000480,2026-06-03,,Completed,9.99
O0009989,C001300,2026-06-03,,Completed,0.0
O0009990,C000589,2026-06-03,,Completed,0.0
O0009991,C000081,2026-06-03,,Completed,4.99
O0009992,C002261,2026-06-03,PROMO_LATE,Completed,6.99
O0009993,C000695,2026-06-03,PROMO_LATE,Completed,6.99
O0009994,C002292,2026-06-03,PROMO_LATE,Completed,9.99
O0009995,C000929,2026-06-03,,Completed,0.0
O0009996,C000889,2026-06-03,PROMO_LATE,Completed,4.99
O0009997,C000111,2026-06-03,,Completed,4.99
O0009998,C001702,2026-06-03,PROMO_LATE,Completed,0.0
O0009999,C000144,2026-06-03,PROMO_LATE,Completed,0.0
O0010000,C001298,2026-06-03,,Completed,4.99
O0010001,C001453,2026-06-03,,Completed,4.99
O0010002,C001354,2026-06-03,,Completed,4.99
O0010003,C000214,2026-06-03,,Completed,0.0
O0010004,C001017,2026-06-03,PROMO_LATE,Completed,0.0
O0010005,C000362,2026-06-03,,Completed,9.99
O0010006,C001403,2026-06-03,,Completed,0.0
O0010007,C000048,2026-06-03,,Completed,6.99
O0010008,C002227,2026-06-03,,Completed,0.0
O0010009,C001389,2026-06-03,PROMO_LATE,Completed,0.0
O0010010,C000187,2026-06-03,PROMO_LATE,Completed,6.99
O0010011,C001092,2026-06-03,,Completed,0.0
O0010012,C001808,2026-06-03,,Completed,9.99
O0010013,C000833,2026-06-03,,Completed,4.99
O0010014,C001978,2026-06-03,,Completed,0.0
O0010015,C002408,2026-06-03,PROMO_LATE,Completed,0.0
O0010016,C000781,2026-06-03,,Completed,0.0
O0010017,C001303,2026-06-03,,Completed,6.99
O0010018,C001829,2026-06-03,,Completed,0.0
O0010019,C000821,2026-06-03,,Completed,0.0
O0010020,C002052,2026-06-03,,Completed,0.0
O0010021,C000113,2026-06-03,,Completed,0.0
O0010022,C001065,2026-06-03,PROMO_LATE,Completed,9.99
O0010023,C000047,2026-06-03,PROMO_LATE,Completed,0.0
O0010024,C000856,2026-06-03,PROMO_LATE,Completed,4.99
O0010025,C002353,2026-06-03,PROMO_LATE,Completed,9.99
O0010026,C000565,2026-06-03,,Completed,0.0
O0010027,C001130,2026-06-03,,Completed,0.0
O0010028,C002362,2026-06-03,,Completed,0.0
O0010029,C000751,2026-06-03,,Completed,0.0
O0010030,C002220,2026-06-03,,Completed,0.0
O0010031,C001995,2026-06-03,,Completed,0.0
O0010032,C002030,2026-06-03,PROMO_LATE,Completed,9.99
O0010033,C002339,2026-06-03,,Completed,0.0
O0010034,C002460,2026-06-03,,Completed,0.0
O0010035,C000246,2026-06-03,PROMO_LATE,Completed,0.0
O0010036,C002074,2026-06-03,,Completed,6.99
O0010037,C000555,2026-06-03,,Completed,0.0
O0010038,C000325,2026-06-03,PROMO_LATE,Completed,0.0
O0010039,C001856,2026-06-03,,Completed,4.99
O0010040,C001793,2026-06-03,,Completed,6.99
O0010041,C000344,2026-06-03,,Completed,9.99
O0010042,C000373,2026-06-03,,Completed,9.99
O0010043,C000272,2026-06-03,,Completed,6.99
O0010044,C000132,2026-06-03,PROMO_LATE,Completed,9.99
O0010045,C001815,2026-06-03,PROMO_LATE,Completed,4.99
O0010046,C000778,2026-06-03,PROMO_LATE,Completed,9.99
O0010047,C002282,2026-06-03,,Completed,0.0
O0010048,C000213,2026-06-03,,Completed,0.0
O0010049,C000824,2026-06-03,,Completed,6.99
O0010050,C001352,2026-06-03,,Completed,6.99
O0010051,C002344,2026-06-03,,Completed,0.0
O0010052,C002213,2026-06-03,,Completed,9.99
O0010053,C002471,2026-06-03,PROMO_LATE,Completed,0.0
O0010054,C001164,2026-06-03,PROMO_LATE,Completed,0.0
O0010055,C001697,2026-06-03,PROMO_LATE,Completed,0.0
O0010056,C000212,2026-06-03,,Completed,0.0
O0010057,C001717,2026-06-03,,Completed,0.0
O0010058,C000213,2026-06-03,,Completed,0.0
O0010059,C000348,2026-06-03,PROMO_LATE,Completed,9.99
O0010060,C001662,2026-06-04,,Completed,6.99
O0010061,C002009,2026-06-04,,Completed,0.0
O0010062,C001027,2026-06-04,,Completed,6.99
O0010063,C000033,2026-06-04,PROMO_LATE,Completed,6.99
O0010064,C002424,2026-06-04,PROMO_LATE,Completed,4.99
O0010065,C002373,2026-06-04,,Completed,0.0
O0010066,C002013,2026-06-04,PROMO_LATE,Completed,0.0
O0010067,C000753,2026-06-04,PROMO_LATE,Completed,4.99
O0010068,C001202,2026-06-04,PROMO_LATE,Completed,6.99
O0010069,C002095,2026-06-04,,Completed,0.0
O0010070,C002331,2026-06-04,,Completed,0.0
O0010071,C001923,2026-06-04,,Completed,0.0
O0010072,C000078,2026-06-04,PROMO_LATE,Completed,0.0
O0010073,C000603,2026-06-04,PROMO_LATE,Completed,0.0
O0010074,C002098,2026-06-04,,Completed,0.0
O0010075,C000086,2026-06-04,,Completed,0.0
O0010076,C000885,2026-06-04,PROMO_LATE,Completed,0.0
O0010077,C002477,2026-06-04,,Completed,0.0
O0010078,C000833,2026-06-04,,Completed,4.99
O0010079,C002288,2026-06-04,,Completed,0.0
O0010080,C000627,2026-06-04,,Completed,0.0
O0010081,C001418,2026-06-04,,Completed,6.99
O0010082,C001246,2026-06-04,,Completed,6.99
O0010083,C000446,2026-06-04,,Completed,0.0
O0010084,C000846,2026-06-04,,Completed,0.0
O0010085,C001617,2026-06-04,,Completed,4.99
O0010086,C001930,2026-06-04,,Completed,0.0
O0010087,C001361,2026-06-04,,Completed,0.0
O0010088,C000327,2026-06-04,,Completed,0.0
O0010089,C000166,2026-06-04,PROMO_LATE,Completed,0.0
O0010090,C000894,2026-06-04,,Completed,4.99
O0010091,C001077,2026-06-04,PROMO_LATE,Completed,9.99
O0010092,C002279,2026-06-04,PROMO_LATE,Completed,0.0
O0010093,C000205,2026-06-04,PROMO_LATE,Completed,0.0
O0010094,C002243,2026-06-04,,Completed,9.99
O0010095,C001063,2026-06-04,,Completed,9.99
O0010096,C000877,2026-06-04,,Completed,4.99
O0010097,C000384,2026-06-04,,Completed,0.0
O0010098,C001969,2026-06-04,PROMO_LATE,Completed,0.0
O0010099,C001726,2026-06-04,PROMO_LATE,Completed,0.0
O0010100,C000756,2026-06-04,,Completed,0.0
O0010101,C001382,2026-06-04,,Completed,6.99
O0010102,C001013,2026-06-04,,Completed,0.0
O0010103,C001623,2026-06-04,,Completed,0.0
O0010104,C001000,2026-06-04,,Completed,9.99
O0010105,C001024,2026-06-04,,Completed,0.0
O0010106,C000771,2026-06-04,,Completed,0.0
O0010107,C000032,2026-06-04,,Completed,0.0
O0010108,C002180,2026-06-04,,Completed,4.99
O0010109,C002096,2026-06-04,PROMO_LATE,Completed,4.99
O0010110,C000885,2026-06-04,,Completed,9.99
O0010111,C001774,2026-06-04,,Completed,0.0
O0010112,C000212,2026-06-04,,Completed,6.99
O0010113,C001071,2026-06-04,,Completed,6.99
O0010114,C000151,2026-06-04,,Completed,9.99
O0010115,C000419,2026-06-04,PROMO_LATE,Completed,6.99
O0010116,C000287,2026-06-04,,Completed,0.0
O0010117,C002019,2026-06-04,,Completed,0.0
O0010118,C000272,2026-06-04,PROMO_LATE,Completed,0.0
O0010119,C000006,2026-06-04,,Completed,6.99
O0010120,C001814,2026-06-04,,Completed,6.99
O0010121,C002141,2026-06-05,,Completed,0.0
O0010122,C000230,2026-06-05,,Completed,0.0
O0010123,C002480,2026-06-05,PROMO_LATE,Completed,0.0
O0010124,C000016,2026-06-05,,Completed,0.0
O0010125,C000078,2026-06-05,PROMO_LATE,Completed,0.0
O0010126,C000452,2026-06-05,,Completed,0.0
O0010127,C000994,2026-06-05,,Completed,0.0
O0010128,C000524,2026-06-05,,Completed,0.0
O0010129,C000719,2026-06-05,,Completed,0.0
O0010130,C001213,2026-06-05,,Completed,0.0
O0010131,C002340,2026-06-05,,Completed,9.99
O0010132,C000692,2026-06-05,,Completed,6.99
O0010133,C000679,2026-06-05,,Completed,0.0
O0010134,C000141,2026-06-05,,Completed,4.99
O0010135,C001763,2026-06-05,PROMO_LATE,Completed,0.0
O0010136,C001211,2026-06-05,PROMO_LATE,Completed,4.99
O0010137,C000663,2026-06-05,PROMO_LATE,Completed,0.0
O0010138,C002125,2026-06-05,,Completed,0.0
O0010139,C002239,2026-06-05,,Completed,0.0
O0010140,C002431,2026-06-05,,Completed,0.0
O0010141,C002184,2026-06-05,,Completed,0.0
O0010142,C001330,2026-06-05,,Completed,0.0
O0010143,C001909,2026-06-05,PROMO_LATE,Completed,0.0
O0010144,C002168,2026-06-05,,Completed,9.99
O0010145,C000362,2026-06-05,,Completed,0.0
O0010146,C000379,2026-06-05,,Completed,0.0
O0010147,C001044,2026-06-05,,Completed,6.99
O0010148,C000826,2026-06-05,,Completed,0.0
O0010149,C000490,2026-06-05,,Completed,0.0
O0010150,C000196,2026-06-05,,Completed,0.0
O0010151,C000445,2026-06-05,,Completed,0.0
O0010152,C000803,2026-06-05,,Completed,4.99
O0010153,C001580,2026-06-05,,Completed,9.99
O0010154,C000848,2026-06-05,,Completed,0.0
O0010155,C000408,2026-06-05,,Completed,0.0
O0010156,C001191,2026-06-05,PROMO_LATE,Completed,6.99
O0010157,C001912,2026-06-05,,Completed,0.0
O0010158,C000117,2026-06-05,,Completed,0.0
O0010159,C000938,2026-06-05,,Completed,0.0
O0010160,C000217,2026-06-05,,Completed,0.0
O0010161,C001274,2026-06-05,,Completed,0.0
O0010162,C000194,2026-06-05,,Completed,9.99
O0010163,C000567,2026-06-05,,Completed,0.0
O0010164,C001017,2026-06-05,,Completed,0.0
O0010165,C000960,2026-06-05,PROMO_LATE,Completed,0.0
O0010166,C000290,2026-06-05,,Completed,4.99
O0010167,C001363,2026-06-05,,Completed,0.0
O0010168,C002188,2026-06-05,,Completed,9.99
O0010169,C001624,2026-06-05,,Completed,4.99
O0010170,C001455,2026-06-05,,Completed,4.99
O0010171,C001393,2026-06-05,,Completed,9.99
O0010172,C000894,2026-06-05,,Completed,9.99
O0010173,C002231,2026-06-05,PROMO_LATE,Completed,0.0
O0010174,C002415,2026-06-05,,Completed,0.0
O0010175,C000982,2026-06-05,PROMO_LATE,Completed,9.99
O0010176,C001939,2026-06-05,PROMO_LATE,Completed,0.0
O0010177,C002431,2026-06-05,,Completed,0.0
O0010178,C000315,2026-06-05,,Completed,0.0
O0010179,C000523,2026-06-05,PROMO_LATE,Completed,9.99
O0010180,C002099,2026-06-05,,Completed,6.99
O0010181,C000546,2026-06-05,,Completed,6.99
O0010182,C002049,2026-06-05,PROMO_LATE,Completed,9.99
O0010183,C001158,2026-06-05,,Completed,9.99
O0010184,C000229,2026-06-05,,Completed,0.0
O0010185,C001568,2026-06-05,,Completed,0.0
O0010186,C000589,2026-06-05,PROMO_LATE,Completed,9.99
O0010187,C002348,2026-06-05,PROMO_LATE,Completed,0.0
O0010188,C000064,2026-06-05,,Completed,0.0
O0010189,C001298,2026-06-05,,Completed,0.0
O0010190,C000883,2026-06-05,,Completed,0.0
O0010191,C000078,2026-06-05,PROMO_LATE,Completed,0.0
O0010192,C000531,2026-06-06,PROMO_LATE,Completed,0.0
O0010193,C000713,2026-06-06,PROMO_LATE,Completed,6.99
O0010194,C001258,2026-06-06,PROMO_LATE,Completed,9.99
O0010195,C001337,2026-06-06,,Completed,9.99
O0010196,C001315,2026-06-06,,Completed,9.99
O0010197,C001781,2026-06-06,,Completed,9.99
O0010198,C000008,2026-06-06,PROMO_LATE,Completed,6.99
O0010199,C001539,2026-06-06,,Completed,0.0
O0010200,C001569,2026-06-06,,Completed,9.99
O0010201,C001070,2026-06-06,,Completed,0.0
O0010202,C000645,2026-06-06,PROMO_LATE,Completed,0.0
O0010203,C001217,2026-06-06,,Completed,0.0
O0010204,C000230,2026-06-06,,Completed,9.99
O0010205,C002290,2026-06-06,,Completed,0.0
O0010206,C000173,2026-06-06,,Completed,4.99
O0010207,C001337,2026-06-06,,Completed,6.99
O0010208,C000618,2026-06-06,,Completed,9.99
O0010209,C001144,2026-06-06,,Completed,0.0
O0010210,C001139,2026-06-06,,Completed,4.99
O0010211,C002443,2026-06-06,,Completed,0.0
O0010212,C002110,2026-06-06,PROMO_LATE,Completed,6.99
O0010213,C001525,2026-06-06,,Completed,0.0
O0010214,C000396,2026-06-06,,Completed,0.0
O0010215,C001076,2026-06-06,,Completed,0.0
O0010216,C000969,2026-06-06,,Completed,4.99
O0010217,C000787,2026-06-06,PROMO_LATE,Completed,0.0
O0010218,C001978,2026-06-06,,Completed,0.0
O0010219,C001750,2026-06-06,,Completed,0.0
O0010220,C000360,2026-06-06,,Completed,9.99
O0010221,C001578,2026-06-06,PROMO_LATE,Completed,9.99
O0010222,C002049,2026-06-06,,Completed,0.0
O0010223,C000943,2026-06-06,,Completed,0.0
O0010224,C001340,2026-06-06,,Completed,0.0
O0010225,C002173,2026-06-06,PROMO_LATE,Completed,0.0
O0010226,C000113,2026-06-06,PROMO_LATE,Completed,4.99
O0010227,C000043,2026-06-06,PROMO_LATE,Completed,4.99
O0010228,C001793,2026-06-06,PROMO_LATE,Completed,4.99
O0010229,C000887,2026-06-06,,Completed,9.99
O0010230,C001458,2026-06-06,,Completed,0.0
O0010231,C000689,2026-06-06,PROMO_LATE,Completed,6.99
O0010232,C000362,2026-06-06,,Completed,9.99
O0010233,C001970,2026-06-06,PROMO_LATE,Completed,0.0
O0010234,C001651,2026-06-06,,Completed,0.0
O0010235,C000116,2026-06-06,,Completed,0.0
O0010236,C000969,2026-06-06,,Completed,4.99
O0010237,C001973,2026-06-06,,Completed,0.0
O0010238,C001298,2026-06-06,,Completed,0.0
O0010239,C000156,2026-06-06,,Completed,0.0
O0010240,C001773,2026-06-06,,Completed,4.99
O0010241,C001223,2026-06-06,,Completed,0.0
O0010242,C002372,2026-06-06,PROMO_LATE,Completed,6.99
O0010243,C001179,2026-06-06,,Completed,6.99
O0010244,C001525,2026-06-06,,Completed,4.99
O0010245,C000174,2026-06-06,,Completed,6.99
O0010246,C000956,2026-06-06,,Completed,4.99
O0010247,C000999,2026-06-06,,Completed,6.99
O0010248,C000231,2026-06-06,,Completed,4.99
O0010249,C001192,2026-06-06,,Completed,0.0
O0010250,C001391,2026-06-06,PROMO_LATE,Completed,0.0
O0010251,C000359,2026-06-06,PROMO_LATE,Completed,9.99
O0010252,C002299,2026-06-06,,Completed,0.0
O0010253,C000402,2026-06-07,,Completed,9.99
O0010254,C000835,2026-06-07,,Completed,9.99
O0010255,C000883,2026-06-07,PROMO_LATE,Completed,0.0
O0010256,C000827,2026-06-07,,Completed,6.99
O0010257,C001492,2026-06-07,PROMO_LATE,Completed,4.99
O0010258,C000396,2026-06-07,,Completed,0.0
O0010259,C000727,2026-06-07,,Completed,6.99
O0010260,C000396,2026-06-07,,Completed,4.99
O0010261,C001354,2026-06-07,PROMO_LATE,Completed,6.99
O0010262,C001771,2026-06-07,,Completed,4.99
O0010263,C000008,2026-06-07,PROMO_LATE,Completed,0.0
O0010264,C000025,2026-06-07,,Completed,6.99
O0010265,C002141,2026-06-07,,Completed,9.99
O0010266,C001013,2026-06-07,,Completed,0.0
O0010267,C002018,2026-06-07,,Completed,4.99
O0010268,C001731,2026-06-07,PROMO_LATE,Completed,4.99
O0010269,C000706,2026-06-07,PROMO_LATE,Completed,0.0
O0010270,C000877,2026-06-07,,Completed,4.99
O0010271,C001640,2026-06-07,,Completed,0.0
O0010272,C001089,2026-06-07,,Completed,0.0
O0010273,C000160,2026-06-07,PROMO_LATE,Completed,0.0
O0010274,C002172,2026-06-07,,Completed,6.99
O0010275,C002277,2026-06-07,,Completed,4.99
O0010276,C000427,2026-06-07,,Completed,0.0
O0010277,C002267,2026-06-07,,Completed,0.0
O0010278,C001774,2026-06-07,,Completed,0.0
O0010279,C001771,2026-06-07,PROMO_LATE,Completed,9.99
O0010280,C002475,2026-06-07,,Completed,0.0
O0010281,C000586,2026-06-07,,Completed,0.0
O0010282,C002137,2026-06-07,,Completed,4.99
O0010283,C001771,2026-06-07,,Completed,0.0
O0010284,C001228,2026-06-07,,Completed,4.99
O0010285,C001290,2026-06-07,PROMO_LATE,Completed,6.99
O0010286,C001711,2026-06-07,PROMO_LATE,Completed,9.99
O0010287,C001036,2026-06-07,,Completed,0.0
O0010288,C000253,2026-06-07,,Completed,0.0
O0010289,C000912,2026-06-07,,Completed,0.0
O0010290,C002045,2026-06-07,PROMO_LATE,Completed,0.0
O0010291,C001891,2026-06-07,PROMO_LATE,Completed,6.99
O0010292,C001734,2026-06-07,,Completed,4.99
O0010293,C000654,2026-06-07,,Completed,0.0
O0010294,C001426,2026-06-07,,Completed,9.99
O0010295,C001636,2026-06-07,,Completed,0.0
O0010296,C001819,2026-06-07,PROMO_LATE,Completed,6.99
O0010297,C001102,2026-06-07,PROMO_LATE,Completed,6.99
O0010298,C000038,2026-06-07,,Completed,6.99
O0010299,C000154,2026-06-07,,Completed,0.0
O0010300,C002392,2026-06-07,PROMO_LATE,Completed,6.99
O0010301,C000361,2026-06-07,PROMO_LATE,Completed,0.0
O0010302,C002493,2026-06-07,PROMO_LATE,Completed,6.99
O0010303,C001295,2026-06-07,,Completed,0.0
O0010304,C001669,2026-06-07,PROMO_LATE,Completed,6.99
O0010305,C002049,2026-06-07,,Completed,0.0
O0010306,C001547,2026-06-07,,Completed,6.99
O0010307,C002339,2026-06-07,PROMO_LATE,Completed,4.99
O0010308,C000796,2026-06-07,,Completed,0.0
O0010309,C001671,2026-06-07,,Completed,6.99
O0010310,C002484,2026-06-07,,Completed,9.99
O0010311,C000087,2026-06-07,,Completed,0.0
O0010312,C002234,2026-06-07,,Completed,6.99
O0010313,C000215,2026-06-07,,Completed,0.0
O0010314,C002262,2026-06-07,,Completed,9.99
O0010315,C000392,2026-06-07,PROMO_LATE,Completed,4.99
O0010316,C002276,2026-06-07,,Completed,0.0
O0010317,C001683,2026-06-07,,Completed,0.0
O0010318,C000029,2026-06-07,PROMO_LATE,Completed,6.99
O0010319,C001136,2026-06-07,,Completed,0.0
O0010320,C002081,2026-06-07,,Completed,0.0
O0010321,C001357,2026-06-07,,Completed,9.99
O0010322,C001335,2026-06-07,,Completed,0.0
O0010323,C002243,2026-06-07,,Completed,4.99
O0010324,C002031,2026-06-07,,Completed,0.0
O0010325,C000564,2026-06-08,,Completed,4.99
O0010326,C000765,2026-06-08,,Completed,6.99
O0010327,C001742,2026-06-08,,Completed,4.99
O0010328,C000138,2026-06-08,,Completed,0.0
O0010329,C002077,2026-06-08,PROMO_LATE,Completed,0.0
O0010330,C000472,2026-06-08,,Completed,0.0
O0010331,C001667,2026-06-08,PROMO_LATE,Completed,6.99
O0010332,C001152,2026-06-08,,Completed,4.99
O0010333,C001507,2026-06-08,PROMO_LATE,Completed,9.99
O0010334,C000564,2026-06-08,PROMO_LATE,Completed,9.99
O0010335,C001344,2026-06-08,PROMO_LATE,Completed,9.99
O0010336,C001930,2026-06-08,PROMO_LATE,Completed,0.0
O0010337,C000627,2026-06-08,PROMO_LATE,Completed,0.0
O0010338,C001469,2026-06-08,,Completed,4.99
O0010339,C001062,2026-06-08,,Completed,6.99
O0010340,C001937,2026-06-08,,Completed,0.0
O0010341,C001709,2026-06-08,,Completed,0.0
O0010342,C002491,2026-06-08,,Completed,0.0
O0010343,C001853,2026-06-08,PROMO_LATE,Completed,0.0
O0010344,C002470,2026-06-08,,Completed,0.0
O0010345,C002441,2026-06-08,,Completed,0.0
O0010346,C002184,2026-06-08,,Completed,0.0
O0010347,C001963,2026-06-08,PROMO_LATE,Completed,0.0
O0010348,C000794,2026-06-08,,Completed,0.0
O0010349,C000735,2026-06-08,,Completed,9.99
O0010350,C001042,2026-06-08,PROMO_LATE,Completed,9.99
O0010351,C000570,2026-06-08,,Completed,0.0
O0010352,C001158,2026-06-08,,Completed,0.0
O0010353,C001231,2026-06-08,,Completed,0.0
O0010354,C002021,2026-06-08,PROMO_LATE,Completed,0.0
O0010355,C000471,2026-06-08,,Completed,4.99
O0010356,C001942,2026-06-08,,Completed,0.0
O0010357,C000595,2026-06-08,,Completed,9.99
O0010358,C002387,2026-06-08,,Completed,4.99
O0010359,C001298,2026-06-08,,Completed,9.99
O0010360,C001638,2026-06-08,PROMO_LATE,Completed,0.0
O0010361,C000262,2026-06-08,,Completed,0.0
O0010362,C000358,2026-06-08,,Completed,0.0
O0010363,C002423,2026-06-08,,Completed,0.0
O0010364,C001317,2026-06-08,PROMO_LATE,Completed,0.0
O0010365,C001559,2026-06-08,,Completed,9.99
O0010366,C001335,2026-06-08,,Completed,0.0
O0010367,C000593,2026-06-08,PROMO_LATE,Completed,0.0
O0010368,C000157,2026-06-08,,Completed,0.0
O0010369,C001042,2026-06-08,,Completed,6.99
O0010370,C002096,2026-06-08,,Completed,0.0
O0010371,C001121,2026-06-08,PROMO_LATE,Completed,0.0
O0010372,C001084,2026-06-08,PROMO_LATE,Completed,0.0
O0010373,C001905,2026-06-08,,Completed,4.99
O0010374,C001320,2026-06-08,,Completed,0.0
O0010375,C000438,2026-06-08,PROMO_LATE,Completed,9.99
O0010376,C001628,2026-06-08,,Completed,0.0
O0010377,C000222,2026-06-08,,Completed,6.99
O0010378,C000397,2026-06-08,,Completed,0.0
O0010379,C000078,2026-06-08,PROMO_LATE,Completed,0.0
O0010380,C000891,2026-06-08,,Completed,0.0
O0010381,C000349,2026-06-08,,Completed,4.99
O0010382,C001495,2026-06-08,,Completed,4.99
O0010383,C002434,2026-06-08,,Completed,0.0
O0010384,C002175,2026-06-08,,Completed,9.99
O0010385,C002071,2026-06-08,,Completed,6.99
O0010386,C002049,2026-06-08,,Completed,0.0
O0010387,C000886,2026-06-08,,Completed,0.0
O0010388,C000165,2026-06-08,,Completed,0.0
O0010389,C001990,2026-06-08,PROMO_LATE,Completed,4.99
O0010390,C001298,2026-06-08,PROMO_LATE,Completed,0.0
O0010391,C000099,2026-06-08,,Completed,0.0
O0010392,C001524,2026-06-08,,Completed,0.0
O0010393,C001390,2026-06-08,PROMO_LATE,Completed,0.0
O0010394,C001389,2026-06-08,,Completed,0.0
O0010395,C002335,2026-06-08,,Completed,0.0
O0010396,C001034,2026-06-09,,Completed,4.99
O0010397,C000641,2026-06-09,,Completed,6.99
O0010398,C001357,2026-06-09,,Completed,9.99
O0010399,C002434,2026-06-09,PROMO_LATE,Completed,0.0
O0010400,C002013,2026-06-09,,Completed,0.0
O0010401,C002400,2026-06-09,,Completed,0.0
O0010402,C001391,2026-06-09,,Completed,0.0
O0010403,C000855,2026-06-09,PROMO_LATE,Completed,0.0
O0010404,C001495,2026-06-09,PROMO_LATE,Completed,4.99
O0010405,C001024,2026-06-09,PROMO_LATE,Completed,4.99
O0010406,C001711,2026-06-09,,Completed,0.0
O0010407,C001717,2026-06-09,,Completed,9.99
O0010408,C001332,2026-06-09,PROMO_LATE,Completed,4.99
O0010409,C002275,2026-06-09,PROMO_LATE,Completed,0.0
O0010410,C002134,2026-06-09,,Completed,0.0
O0010411,C001224,2026-06-09,PROMO_LATE,Completed,0.0
O0010412,C000749,2026-06-09,,Completed,4.99
O0010413,C001990,2026-06-09,PROMO_LATE,Completed,9.99
O0010414,C001985,2026-06-09,,Completed,6.99
O0010415,C002002,2026-06-09,,Completed,0.0
O0010416,C001975,2026-06-09,,Completed,9.99
O0010417,C000672,2026-06-09,,Completed,0.0
O0010418,C001381,2026-06-09,PROMO_LATE,Completed,0.0
O0010419,C001471,2026-06-09,,Completed,0.0
O0010420,C002168,2026-06-09,,Completed,9.99
O0010421,C000351,2026-06-09,,Completed,9.99
O0010422,C001435,2026-06-09,,Completed,0.0
O0010423,C002016,2026-06-09,,Completed,6.99
O0010424,C001423,2026-06-09,PROMO_LATE,Completed,0.0
O0010425,C000355,2026-06-09,,Completed,9.99
O0010426,C000719,2026-06-09,,Completed,0.0
O0010427,C002085,2026-06-09,,Completed,6.99
O0010428,C000829,2026-06-09,PROMO_LATE,Completed,0.0
O0010429,C001395,2026-06-09,,Completed,4.99
O0010430,C001172,2026-06-09,,Completed,0.0
O0010431,C000432,2026-06-09,PROMO_LATE,Completed,0.0
O0010432,C002137,2026-06-09,PROMO_LATE,Completed,0.0
O0010433,C002442,2026-06-09,,Completed,6.99
O0010434,C000788,2026-06-09,,Completed,0.0
O0010435,C002428,2026-06-09,PROMO_LATE,Completed,0.0
O0010436,C002201,2026-06-09,,Completed,0.0
O0010437,C000477,2026-06-09,,Completed,9.99
O0010438,C002016,2026-06-09,,Completed,0.0
O0010439,C002249,2026-06-09,,Completed,0.0
O0010440,C002105,2026-06-09,,Completed,9.99
O0010441,C002353,2026-06-09,,Completed,0.0
O0010442,C000351,2026-06-09,PROMO_LATE,Completed,0.0
O0010443,C001626,2026-06-09,,Completed,0.0
O0010444,C000362,2026-06-09,PROMO_LATE,Completed,0.0
O0010445,C001138,2026-06-09,,Completed,0.0
O0010446,C000886,2026-06-09,,Completed,0.0
O0010447,C002366,2026-06-09,,Completed,9.99
O0010448,C000362,2026-06-09,,Completed,9.99
O0010449,C000353,2026-06-09,,Completed,0.0
O0010450,C000754,2026-06-09,,Completed,0.0
O0010451,C002165,2026-06-09,,Completed,6.99
O0010452,C002206,2026-06-09,PROMO_LATE,Completed,0.0
O0010453,C000463,2026-06-09,,Completed,4.99
O0010454,C001286,2026-06-09,,Completed,9.99
O0010455,C000931,2026-06-09,,Completed,0.0
O0010456,C001796,2026-06-09,,Completed,0.0
O0010457,C001990,2026-06-09,,Completed,6.99
O0010458,C001569,2026-06-09,,Completed,0.0
O0010459,C001003,2026-06-09,PROMO_LATE,Completed,0.0
O0010460,C000474,2026-06-09,,Completed,4.99
O0010461,C000891,2026-06-09,,Completed,4.99
O0010462,C000459,2026-06-09,,Completed,0.0
O0010463,C001519,2026-06-09,,Completed,6.99
O0010464,C000483,2026-06-09,,Completed,0.0
O0010465,C000298,2026-06-09,PROMO_LATE,Completed,0.0
O0010466,C002101,2026-06-09,PROMO_LATE,Completed,4.99
O0010467,C002344,2026-06-09,PROMO_LATE,Completed,9.99
O0010468,C000817,2026-06-09,PROMO_LATE,Completed,0.0
O0010469,C001021,2026-06-09,PROMO_LATE,Completed,4.99
O0010470,C002036,2026-06-09,,Completed,9.99
O0010471,C001332,2026-06-09,,Completed,0.0
O0010472,C000734,2026-06-09,PROMO_LATE,Completed,4.99
O0010473,C000327,2026-06-09,,Completed,0.0
O0010474,C001646,2026-06-10,,Completed,0.0
O0010475,C000096,2026-06-10,,Completed,0.0
O0010476,C001977,2026-06-10,,Completed,6.99
O0010477,C000493,2026-06-10,PROMO_LATE,Completed,0.0
O0010478,C000637,2026-06-10,,Completed,9.99
O0010479,C001773,2026-06-10,PROMO_LATE,Completed,4.99
O0010480,C001459,2026-06-10,,Completed,9.99
O0010481,C001532,2026-06-10,PROMO_LATE,Completed,0.0
O0010482,C001560,2026-06-10,PROMO_LATE,Completed,0.0
O0010483,C002434,2026-06-10,,Completed,0.0
O0010484,C002398,2026-06-10,PROMO_LATE,Completed,0.0
O0010485,C001316,2026-06-10,,Completed,0.0
O0010486,C000877,2026-06-10,,Completed,0.0
O0010487,C001071,2026-06-10,PROMO_LATE,Completed,4.99
O0010488,C000586,2026-06-10,,Completed,6.99
O0010489,C001854,2026-06-10,PROMO_LATE,Completed,0.0
O0010490,C001977,2026-06-10,,Completed,0.0
O0010491,C000038,2026-06-10,PROMO_LATE,Completed,0.0
O0010492,C002293,2026-06-10,,Completed,0.0
O0010493,C002387,2026-06-10,,Completed,0.0
O0010494,C001968,2026-06-10,,Completed,0.0
O0010495,C000173,2026-06-10,,Completed,0.0
O0010496,C002194,2026-06-10,,Completed,6.99
O0010497,C001279,2026-06-10,,Completed,4.99
O0010498,C000456,2026-06-10,,Completed,6.99
O0010499,C001472,2026-06-10,,Completed,0.0
O0010500,C001721,2026-06-10,,Completed,9.99
O0010501,C000019,2026-06-10,,Completed,0.0
O0010502,C002018,2026-06-10,,Completed,0.0
O0010503,C001125,2026-06-10,,Completed,6.99
O0010504,C000617,2026-06-10,PROMO_LATE,Completed,4.99
O0010505,C000987,2026-06-10,,Completed,9.99
O0010506,C000122,2026-06-10,,Completed,0.0
O0010507,C000131,2026-06-10,,Completed,0.0
O0010508,C001687,2026-06-10,PROMO_LATE,Completed,4.99
O0010509,C001266,2026-06-10,,Completed,4.99
O0010510,C001748,2026-06-10,PROMO_LATE,Completed,0.0
O0010511,C000188,2026-06-10,,Completed,6.99
O0010512,C001111,2026-06-10,,Completed,4.99
O0010513,C000765,2026-06-10,,Completed,6.99
O0010514,C000242,2026-06-10,,Completed,0.0
O0010515,C001047,2026-06-10,PROMO_LATE,Completed,0.0
O0010516,C001977,2026-06-10,,Completed,0.0
O0010517,C001774,2026-06-10,PROMO_LATE,Completed,0.0
O0010518,C001594,2026-06-10,,Completed,6.99
O0010519,C000913,2026-06-10,,Completed,0.0
O0010520,C000781,2026-06-10,PROMO_LATE,Completed,0.0
O0010521,C001989,2026-06-10,,Completed,4.99
O0010522,C001298,2026-06-10,,Completed,6.99
O0010523,C001815,2026-06-10,PROMO_LATE,Completed,4.99
O0010524,C001693,2026-06-10,,Completed,0.0
O0010525,C001795,2026-06-10,PROMO_LATE,Completed,0.0
O0010526,C001738,2026-06-10,,Completed,0.0
O0010527,C000127,2026-06-10,,Completed,0.0
O0010528,C001145,2026-06-10,,Completed,0.0
O0010529,C000692,2026-06-10,PROMO_LATE,Completed,6.99
O0010530,C000598,2026-06-10,,Completed,9.99
O0010531,C001675,2026-06-10,,Completed,9.99
O0010532,C001273,2026-06-10,,Completed,9.99
O0010533,C000092,2026-06-10,,Completed,0.0
O0010534,C002402,2026-06-10,PROMO_LATE,Completed,0.0
O0010535,C002098,2026-06-10,,Completed,0.0
O0010536,C001362,2026-06-10,,Completed,9.99
O0010537,C001234,2026-06-10,,Completed,9.99
O0010538,C000098,2026-06-10,PROMO_LATE,Completed,6.99
O0010539,C000667,2026-06-10,PROMO_LATE,Completed,9.99
O0010540,C002019,2026-06-10,,Completed,0.0
O0010541,C001919,2026-06-10,,Completed,6.99
O0010542,C000820,2026-06-10,,Completed,9.99
O0010543,C000278,2026-06-10,,Completed,0.0
O0010544,C001384,2026-06-10,,Completed,0.0
O0010545,C001922,2026-06-10,,Completed,0.0
O0010546,C000564,2026-06-10,,Completed,0.0
O0010547,C000547,2026-06-10,PROMO_LATE,Completed,0.0
O0010548,C002231,2026-06-10,PROMO_LATE,Completed,0.0
O0010549,C001390,2026-06-11,,Completed,0.0
O0010550,C000978,2026-06-11,,Completed,0.0
O0010551,C002259,2026-06-11,,Completed,0.0
O0010552,C001503,2026-06-11,,Completed,0.0
O0010553,C001707,2026-06-11,PROMO_LATE,Completed,0.0
O0010554,C000536,2026-06-11,,Completed,4.99
O0010555,C001584,2026-06-11,,Completed,0.0
O0010556,C000669,2026-06-11,,Completed,9.99
O0010557,C002481,2026-06-11,,Completed,0.0
O0010558,C000911,2026-06-11,,Completed,9.99
O0010559,C001268,2026-06-11,,Completed,6.99
O0010560,C002104,2026-06-11,,Completed,0.0
O0010561,C000597,2026-06-11,,Completed,4.99
O0010562,C002303,2026-06-11,,Completed,9.99
O0010563,C001723,2026-06-11,,Completed,0.0
O0010564,C000988,2026-06-11,PROMO_LATE,Completed,9.99
O0010565,C000670,2026-06-11,PROMO_LATE,Completed,0.0
O0010566,C000589,2026-06-11,,Completed,6.99
O0010567,C000437,2026-06-11,,Completed,0.0
O0010568,C000733,2026-06-11,PROMO_LATE,Completed,0.0
O0010569,C002353,2026-06-11,PROMO_LATE,Completed,9.99
O0010570,C000644,2026-06-11,,Completed,0.0
O0010571,C001291,2026-06-11,PROMO_LATE,Completed,4.99
O0010572,C001660,2026-06-11,PROMO_LATE,Completed,6.99
O0010573,C000956,2026-06-11,,Completed,0.0
O0010574,C001391,2026-06-11,PROMO_LATE,Completed,0.0
O0010575,C002000,2026-06-11,,Completed,0.0
O0010576,C001498,2026-06-11,PROMO_LATE,Completed,0.0
O0010577,C000576,2026-06-11,,Completed,0.0
O0010578,C000921,2026-06-11,PROMO_LATE,Completed,0.0
O0010579,C002435,2026-06-11,PROMO_LATE,Completed,0.0
O0010580,C000735,2026-06-11,,Completed,6.99
O0010581,C000898,2026-06-11,PROMO_LATE,Completed,0.0
O0010582,C000270,2026-06-11,PROMO_LATE,Completed,0.0
O0010583,C000749,2026-06-11,,Completed,4.99
O0010584,C001566,2026-06-11,PROMO_LATE,Completed,0.0
O0010585,C001268,2026-06-11,PROMO_LATE,Completed,0.0
O0010586,C000981,2026-06-11,,Completed,0.0
O0010587,C001684,2026-06-11,PROMO_LATE,Completed,0.0
O0010588,C002203,2026-06-11,PROMO_LATE,Completed,0.0
O0010589,C001036,2026-06-11,,Completed,4.99
O0010590,C002227,2026-06-11,,Completed,0.0
O0010591,C001633,2026-06-11,PROMO_LATE,Completed,0.0
O0010592,C000072,2026-06-11,PROMO_LATE,Completed,0.0
O0010593,C001575,2026-06-11,PROMO_LATE,Completed,6.99
O0010594,C001222,2026-06-11,PROMO_LATE,Completed,0.0
O0010595,C000005,2026-06-11,PROMO_LATE,Completed,0.0
O0010596,C001363,2026-06-11,,Completed,0.0
O0010597,C000435,2026-06-11,PROMO_LATE,Completed,4.99
O0010598,C001167,2026-06-11,,Completed,0.0
O0010599,C002434,2026-06-11,,Completed,0.0
O0010600,C002428,2026-06-11,,Completed,9.99
O0010601,C000025,2026-06-11,,Completed,4.99
O0010602,C001334,2026-06-11,,Completed,0.0
O0010603,C000911,2026-06-11,,Completed,0.0
O0010604,C000346,2026-06-11,PROMO_LATE,Completed,4.99
O0010605,C000751,2026-06-11,,Completed,4.99
O0010606,C000438,2026-06-11,,Completed,0.0
O0010607,C002489,2026-06-11,,Completed,6.99
O0010608,C001025,2026-06-11,,Completed,0.0
O0010609,C001357,2026-06-11,PROMO_LATE,Completed,6.99
O0010610,C000763,2026-06-11,,Completed,9.99
O0010611,C000665,2026-06-11,,Completed,0.0
O0010612,C002151,2026-06-11,,Completed,0.0
O0010613,C001429,2026-06-11,,Completed,0.0
O0010614,C000298,2026-06-11,,Completed,0.0
O0010615,C002259,2026-06-11,PROMO_LATE,Completed,4.99
O0010616,C001026,2026-06-11,,Completed,0.0
O0010617,C001603,2026-06-11,,Completed,4.99
O0010618,C002306,2026-06-11,PROMO_LATE,Completed,0.0
O0010619,C000305,2026-06-11,,Completed,0.0
O0010620,C002288,2026-06-11,,Completed,0.0
O0010621,C002098,2026-06-11,,Completed,0.0
O0010622,C000488,2026-06-11,,Completed,0.0
O0010623,C002232,2026-06-11,,Completed,0.0
O0010624,C000008,2026-06-11,PROMO_LATE,Completed,0.0
O0010625,C000405,2026-06-11,,Completed,0.0
O0010626,C001663,2026-06-11,,Completed,0.0
O0010627,C002123,2026-06-11,,Completed,6.99
O0010628,C000346,2026-06-12,,Completed,0.0
O0010629,C001485,2026-06-12,,Completed,4.99
O0010630,C000382,2026-06-12,,Completed,4.99
O0010631,C000197,2026-06-12,,Completed,4.99
O0010632,C000384,2026-06-12,,Completed,9.99
O0010633,C001609,2026-06-12,,Completed,0.0
O0010634,C002379,2026-06-12,,Completed,0.0
O0010635,C000802,2026-06-12,,Completed,0.0
O0010636,C001605,2026-06-12,PROMO_LATE,Completed,9.99
O0010637,C001661,2026-06-12,,Completed,9.99
O0010638,C001866,2026-06-12,,Completed,9.99
O0010639,C002074,2026-06-12,PROMO_LATE,Completed,9.99
O0010640,C000784,2026-06-12,PROMO_LATE,Completed,0.0
O0010641,C000810,2026-06-12,,Completed,6.99
O0010642,C001140,2026-06-12,,Completed,0.0
O0010643,C001622,2026-06-12,PROMO_LATE,Completed,9.99
O0010644,C001918,2026-06-12,,Completed,6.99
O0010645,C000774,2026-06-12,,Completed,0.0
O0010646,C001978,2026-06-12,,Completed,0.0
O0010647,C001518,2026-06-12,PROMO_LATE,Completed,0.0
O0010648,C001369,2026-06-12,,Completed,6.99
O0010649,C000885,2026-06-12,PROMO_LATE,Completed,6.99
O0010650,C000927,2026-06-12,PROMO_LATE,Completed,6.99
O0010651,C002434,2026-06-12,,Completed,0.0
O0010652,C000078,2026-06-12,,Completed,0.0
O0010653,C001396,2026-06-12,,Completed,0.0
O0010654,C000977,2026-06-12,,Completed,6.99
O0010655,C001300,2026-06-12,,Completed,0.0
O0010656,C000336,2026-06-12,PROMO_LATE,Completed,4.99
O0010657,C001666,2026-06-12,,Completed,9.99
O0010658,C001017,2026-06-12,,Completed,0.0
O0010659,C001755,2026-06-12,,Completed,9.99
O0010660,C002220,2026-06-12,,Completed,6.99
O0010661,C002105,2026-06-12,,Completed,9.99
O0010662,C001398,2026-06-12,,Completed,0.0
O0010663,C000212,2026-06-12,PROMO_LATE,Completed,0.0
O0010664,C002041,2026-06-12,,Completed,4.99
O0010665,C000854,2026-06-12,,Completed,6.99
O0010666,C001634,2026-06-12,,Completed,4.99
O0010667,C000589,2026-06-12,,Completed,0.0
O0010668,C000119,2026-06-12,PROMO_LATE,Completed,0.0
O0010669,C000040,2026-06-12,,Completed,0.0
O0010670,C002122,2026-06-12,,Completed,4.99
O0010671,C002162,2026-06-12,PROMO_LATE,Completed,4.99
O0010672,C002044,2026-06-12,,Completed,0.0
O0010673,C000355,2026-06-12,PROMO_LATE,Completed,9.99
O0010674,C000066,2026-06-12,,Completed,0.0
O0010675,C001393,2026-06-12,,Completed,0.0
O0010676,C000040,2026-06-12,,Completed,0.0
O0010677,C000104,2026-06-12,PROMO_LATE,Completed,0.0
O0010678,C000506,2026-06-12,PROMO_LATE,Completed,0.0
O0010679,C002245,2026-06-12,,Completed,4.99
O0010680,C000057,2026-06-12,,Completed,6.99
O0010681,C002389,2026-06-12,,Completed,0.0
O0010682,C001033,2026-06-12,,Completed,0.0
O0010683,C001044,2026-06-12,,Completed,0.0
O0010684,C001625,2026-06-12,PROMO_LATE,Completed,6.99
O0010685,C001120,2026-06-12,,Completed,0.0
O0010686,C000516,2026-06-12,,Completed,0.0
O0010687,C001518,2026-06-12,PROMO_LATE,Completed,0.0
O0010688,C002110,2026-06-12,,Completed,0.0
O0010689,C002387,2026-06-12,,Completed,0.0
O0010690,C001713,2026-06-12,,Completed,0.0
O0010691,C002434,2026-06-12,,Completed,9.99
O0010692,C000322,2026-06-12,PROMO_LATE,Completed,0.0
O0010693,C001184,2026-06-12,,Completed,0.0
O0010694,C001661,2026-06-12,PROMO_LATE,Completed,0.0
O0010695,C000633,2026-06-12,PROMO_LATE,Completed,0.0
O0010696,C001076,2026-06-12,,Completed,0.0
O0010697,C000733,2026-06-12,PROMO_LATE,Completed,4.99
O0010698,C000050,2026-06-12,,Completed,9.99
O0010699,C002303,2026-06-12,,Completed,9.99
O0010700,C000818,2026-06-12,PROMO_LATE,Completed,0.0
O0010701,C001071,2026-06-12,,Completed,0.0
O0010702,C001544,2026-06-12,,Completed,0.0
O0010703,C000431,2026-06-12,PROMO_LATE,Completed,9.99
O0010704,C001398,2026-06-12,,Completed,0.0
O0010705,C001001,2026-06-12,,Completed,0.0
O0010706,C002301,2026-06-12,PROMO_LATE,Completed,0.0
O0010707,C002156,2026-06-12,,Completed,0.0
O0010708,C000706,2026-06-12,PROMO_LATE,Completed,9.99
O0010709,C002115,2026-06-12,,Completed,0.0
O0010710,C000087,2026-06-13,,Completed,9.99
O0010711,C002361,2026-06-13,,Completed,4.99
O0010712,C000362,2026-06-13,,Completed,0.0
O0010713,C001961,2026-06-13,,Completed,4.99
O0010714,C000832,2026-06-13,,Completed,0.0
O0010715,C001860,2026-06-13,,Completed,4.99
O0010716,C002398,2026-06-13,PROMO_LATE,Completed,6.99
O0010717,C002162,2026-06-13,PROMO_LATE,Completed,0.0
O0010718,C001298,2026-06-13,,Completed,6.99
O0010719,C002329,2026-06-13,PROMO_LATE,Completed,6.99
O0010720,C001170,2026-06-13,,Completed,4.99
O0010721,C000064,2026-06-13,,Completed,4.99
O0010722,C001517,2026-06-13,,Completed,4.99
O0010723,C001662,2026-06-13,,Completed,0.0
O0010724,C002228,2026-06-13,PROMO_LATE,Completed,4.99
O0010725,C000675,2026-06-13,,Completed,4.99
O0010726,C001137,2026-06-13,,Completed,9.99
O0010727,C001381,2026-06-13,PROMO_LATE,Completed,9.99
O0010728,C000396,2026-06-13,,Completed,9.99
O0010729,C002327,2026-06-13,,Completed,0.0
O0010730,C000438,2026-06-13,PROMO_LATE,Completed,6.99
O0010731,C002018,2026-06-13,PROMO_LATE,Completed,6.99
O0010732,C000061,2026-06-13,,Completed,4.99
O0010733,C000362,2026-06-13,PROMO_LATE,Completed,4.99
O0010734,C001390,2026-06-13,PROMO_LATE,Completed,0.0
O0010735,C000719,2026-06-13,PROMO_LATE,Completed,0.0
O0010736,C000802,2026-06-13,,Completed,0.0
O0010737,C000758,2026-06-13,PROMO_LATE,Completed,4.99
O0010738,C002231,2026-06-13,PROMO_LATE,Completed,6.99
O0010739,C002213,2026-06-13,,Completed,0.0
O0010740,C000408,2026-06-13,,Completed,4.99
O0010741,C001621,2026-06-13,,Completed,9.99
O0010742,C002018,2026-06-13,,Completed,0.0
O0010743,C000576,2026-06-13,PROMO_LATE,Completed,0.0
O0010744,C000584,2026-06-13,,Completed,9.99
O0010745,C000160,2026-06-13,,Completed,4.99
O0010746,C001222,2026-06-13,PROMO_LATE,Completed,6.99
O0010747,C000811,2026-06-13,,Completed,4.99
O0010748,C001368,2026-06-13,PROMO_LATE,Completed,6.99
O0010749,C002458,2026-06-13,,Completed,0.0
O0010750,C001620,2026-06-13,,Completed,4.99
O0010751,C000043,2026-06-13,,Completed,0.0
O0010752,C000355,2026-06-13,,Completed,0.0
O0010753,C000266,2026-06-13,PROMO_LATE,Completed,0.0
O0010754,C001141,2026-06-13,PROMO_LATE,Completed,6.99
O0010755,C001697,2026-06-13,,Completed,4.99
O0010756,C000940,2026-06-13,PROMO_LATE,Completed,4.99
O0010757,C001724,2026-06-13,PROMO_LATE,Completed,0.0
O0010758,C001764,2026-06-13,PROMO_LATE,Completed,4.99
O0010759,C002461,2026-06-13,,Completed,0.0
O0010760,C000282,2026-06-13,PROMO_LATE,Completed,6.99
O0010761,C001650,2026-06-13,PROMO_LATE,Completed,9.99
O0010762,C000531,2026-06-13,,Completed,0.0
O0010763,C000938,2026-06-13,,Completed,4.99
O0010764,C000589,2026-06-13,,Completed,0.0
O0010765,C001477,2026-06-13,PROMO_LATE,Completed,6.99
O0010766,C002152,2026-06-13,,Completed,6.99
O0010767,C001018,2026-06-13,PROMO_LATE,Completed,9.99
O0010768,C002354,2026-06-13,,Completed,0.0
O0010769,C000382,2026-06-13,,Completed,0.0
O0010770,C000078,2026-06-13,,Completed,9.99
O0010771,C002458,2026-06-13,,Completed,6.99
O0010772,C001115,2026-06-13,PROMO_LATE,Completed,0.0
O0010773,C001093,2026-06-13,,Completed,0.0
O0010774,C000458,2026-06-13,,Completed,9.99
O0010775,C000529,2026-06-13,,Completed,4.99
O0010776,C000235,2026-06-13,PROMO_LATE,Completed,6.99
O0010777,C001993,2026-06-13,PROMO_LATE,Completed,6.99
O0010778,C000041,2026-06-13,,Completed,0.0
O0010779,C000038,2026-06-13,PROMO_LATE,Completed,0.0
O0010780,C001516,2026-06-13,,Completed,6.99
O0010781,C000246,2026-06-13,,Completed,9.99
O0010782,C000350,2026-06-13,,Completed,0.0
O0010783,C000052,2026-06-13,PROMO_LATE,Completed,4.99
O0010784,C000684,2026-06-13,,Completed,0.0
O0010785,C002052,2026-06-13,PROMO_LATE,Completed,6.99
O0010786,C000960,2026-06-13,PROMO_LATE,Completed,6.99
O0010787,C000807,2026-06-13,PROMO_LATE,Completed,0.0
O0010788,C001850,2026-06-13,PROMO_LATE,Completed,0.0
O0010789,C001684,2026-06-13,PROMO_LATE,Completed,0.0
O0010790,C001302,2026-06-14,PROMO_LATE,Completed,0.0
O0010791,C001027,2026-06-14,,Completed,0.0
O0010792,C002350,2026-06-14,,Completed,6.99
O0010793,C002388,2026-06-14,,Completed,0.0
O0010794,C000470,2026-06-14,,Completed,0.0
O0010795,C001426,2026-06-14,,Completed,6.99
O0010796,C000499,2026-06-14,,Completed,9.99
O0010797,C001249,2026-06-14,,Completed,9.99
O0010798,C000456,2026-06-14,PROMO_LATE,Completed,6.99
O0010799,C001852,2026-06-14,,Completed,0.0
O0010800,C000733,2026-06-14,,Completed,0.0
O0010801,C001914,2026-06-14,,Completed,0.0
O0010802,C000647,2026-06-14,,Completed,0.0
O0010803,C001305,2026-06-14,,Completed,0.0
O0010804,C000935,2026-06-14,,Completed,0.0
O0010805,C000963,2026-06-14,,Completed,0.0
O0010806,C000861,2026-06-14,PROMO_LATE,Completed,0.0
O0010807,C000453,2026-06-14,,Completed,0.0
O0010808,C001525,2026-06-14,PROMO_LATE,Completed,0.0
O0010809,C000660,2026-06-14,,Completed,4.99
O0010810,C002458,2026-06-14,,Completed,0.0
O0010811,C002458,2026-06-14,,Completed,0.0
O0010812,C001202,2026-06-14,PROMO_LATE,Completed,0.0
O0010813,C001477,2026-06-14,,Completed,6.99
O0010814,C000170,2026-06-14,,Completed,0.0
O0010815,C000196,2026-06-14,PROMO_LATE,Completed,0.0
O0010816,C001983,2026-06-14,,Completed,4.99
O0010817,C000386,2026-06-14,,Completed,0.0
O0010818,C000272,2026-06-14,PROMO_LATE,Completed,0.0
O0010819,C002293,2026-06-14,,Completed,0.0
O0010820,C001223,2026-06-14,PROMO_LATE,Completed,0.0
O0010821,C001300,2026-06-14,PROMO_LATE,Completed,4.99
O0010822,C001812,2026-06-14,PROMO_LATE,Completed,0.0
O0010823,C002071,2026-06-14,PROMO_LATE,Completed,4.99
O0010824,C001305,2026-06-14,,Completed,0.0
O0010825,C002206,2026-06-14,,Completed,0.0
O0010826,C000048,2026-06-14,PROMO_LATE,Completed,6.99
O0010827,C000191,2026-06-14,,Completed,0.0
O0010828,C000955,2026-06-14,PROMO_LATE,Completed,6.99
O0010829,C001391,2026-06-14,PROMO_LATE,Completed,4.99
O0010830,C001544,2026-06-14,,Completed,0.0
O0010831,C001300,2026-06-14,,Completed,9.99
O0010832,C000357,2026-06-14,,Completed,4.99
O0010833,C002006,2026-06-14,,Completed,0.0
O0010834,C002206,2026-06-14,PROMO_LATE,Completed,0.0
O0010835,C001147,2026-06-14,PROMO_LATE,Completed,9.99
O0010836,C001026,2026-06-14,PROMO_LATE,Completed,0.0
O0010837,C002310,2026-06-14,,Completed,6.99
O0010838,C000727,2026-06-14,,Completed,6.99
O0010839,C000570,2026-06-14,,Completed,0.0
O0010840,C000294,2026-06-14,,Completed,0.0
O0010841,C002219,2026-06-14,PROMO_LATE,Completed,0.0
O0010842,C000532,2026-06-14,PROMO_LATE,Completed,4.99
O0010843,C000025,2026-06-14,,Completed,9.99
O0010844,C001331,2026-06-14,,Completed,0.0
O0010845,C000411,2026-06-14,,Completed,0.0
O0010846,C001087,2026-06-14,,Completed,0.0
O0010847,C001606,2026-06-14,,Completed,9.99
O0010848,C000850,2026-06-14,PROMO_LATE,Completed,4.99
O0010849,C000186,2026-06-14,,Completed,0.0
O0010850,C001939,2026-06-14,PROMO_LATE,Completed,9.99
O0010851,C002255,2026-06-14,PROMO_LATE,Completed,0.0
O0010852,C001233,2026-06-14,,Completed,4.99
O0010853,C001179,2026-06-14,,Completed,4.99
O0010854,C002336,2026-06-14,PROMO_LATE,Completed,9.99
O0010855,C000253,2026-06-14,,Completed,6.99
O0010856,C001627,2026-06-14,PROMO_LATE,Completed,0.0
O0010857,C001284,2026-06-14,,Completed,0.0
O0010858,C001853,2026-06-14,PROMO_LATE,Completed,4.99
O0010859,C000589,2026-06-14,,Completed,6.99
O0010860,C001622,2026-06-14,,Completed,0.0
O0010861,C000078,2026-06-14,,Completed,0.0
O0010862,C001764,2026-06-14,,Completed,0.0
O0010863,C001916,2026-06-14,,Completed,0.0
O0010864,C001027,2026-06-14,PROMO_LATE,Completed,0.0
O0010865,C002428,2026-06-14,,Completed,0.0
O0010866,C002256,2026-06-14,,Completed,0.0
O0010867,C002204,2026-06-14,,Completed,6.99
O0010868,C001391,2026-06-14,,Completed,4.99
O0010869,C002284,2026-06-14,,Completed,0.0
O0010870,C001180,2026-06-14,PROMO_LATE,Completed,6.99
O0010871,C000684,2026-06-14,,Completed,0.0
O0010872,C000705,2026-06-14,,Completed,0.0
O0010873,C001641,2026-06-15,,Completed,0.0
O0010874,C002196,2026-06-15,PROMO_LATE,Completed,4.99
O0010875,C001679,2026-06-15,PROMO_LATE,Completed,0.0
O0010876,C000428,2026-06-15,,Completed,9.99
O0010877,C000083,2026-06-15,,Completed,0.0
O0010878,C001781,2026-06-15,,Completed,4.99
O0010879,C000672,2026-06-15,,Completed,0.0
O0010880,C001258,2026-06-15,,Completed,0.0
O0010881,C001068,2026-06-15,,Completed,0.0
O0010882,C001340,2026-06-15,,Completed,0.0
O0010883,C000719,2026-06-15,PROMO_LATE,Completed,0.0
O0010884,C000777,2026-06-15,,Completed,6.99
O0010885,C000060,2026-06-15,PROMO_LATE,Completed,4.99
O0010886,C001019,2026-06-15,,Completed,9.99
O0010887,C001822,2026-06-15,,Completed,0.0
O0010888,C000109,2026-06-15,,Completed,0.0
O0010889,C001248,2026-06-15,,Completed,0.0
O0010890,C001871,2026-06-15,,Completed,6.99
O0010891,C002374,2026-06-15,,Completed,0.0
O0010892,C002255,2026-06-15,,Completed,0.0
O0010893,C000759,2026-06-15,,Completed,6.99
O0010894,C001511,2026-06-15,PROMO_LATE,Completed,0.0
O0010895,C001312,2026-06-15,,Completed,4.99
O0010896,C001182,2026-06-15,,Completed,0.0
O0010897,C001259,2026-06-15,,Completed,0.0
O0010898,C000683,2026-06-15,,Completed,6.99
O0010899,C002263,2026-06-15,,Completed,0.0
O0010900,C000184,2026-06-15,,Completed,0.0
O0010901,C000957,2026-06-15,,Completed,0.0
O0010902,C001542,2026-06-15,PROMO_LATE,Completed,0.0
O0010903,C000025,2026-06-15,PROMO_LATE,Completed,4.99
O0010904,C000603,2026-06-15,PROMO_LATE,Completed,0.0
O0010905,C001747,2026-06-15,,Completed,9.99
O0010906,C001863,2026-06-15,PROMO_LATE,Completed,9.99
O0010907,C002142,2026-06-15,PROMO_LATE,Completed,6.99
O0010908,C000716,2026-06-15,,Completed,0.0
O0010909,C002484,2026-06-15,PROMO_LATE,Completed,0.0
O0010910,C000803,2026-06-15,,Completed,6.99
O0010911,C000876,2026-06-15,,Completed,4.99
O0010912,C001026,2026-06-15,PROMO_LATE,Completed,0.0
O0010913,C000355,2026-06-15,,Completed,0.0
O0010914,C000021,2026-06-15,,Completed,4.99
O0010915,C002162,2026-06-15,,Completed,9.99
O0010916,C000445,2026-06-15,,Completed,0.0
O0010917,C002358,2026-06-15,,Completed,0.0
O0010918,C000441,2026-06-15,,Completed,9.99
O0010919,C002298,2026-06-15,,Completed,6.99
O0010920,C001641,2026-06-15,,Completed,0.0
O0010921,C001117,2026-06-15,,Completed,0.0
O0010922,C000394,2026-06-15,PROMO_LATE,Completed,0.0
O0010923,C001826,2026-06-15,,Completed,4.99
O0010924,C002023,2026-06-15,,Completed,4.99
O0010925,C000339,2026-06-15,,Completed,9.99
O0010926,C002333,2026-06-15,PROMO_LATE,Completed,0.0
O0010927,C000558,2026-06-15,PROMO_LATE,Completed,0.0
O0010928,C002431,2026-06-15,PROMO_LATE,Completed,4.99
O0010929,C001285,2026-06-15,PROMO_LATE,Completed,4.99
O0010930,C000392,2026-06-15,PROMO_LATE,Completed,0.0
O0010931,C002362,2026-06-15,,Completed,0.0
O0010932,C000827,2026-06-15,PROMO_LATE,Completed,6.99
O0010933,C002240,2026-06-15,,Completed,0.0
O0010934,C000562,2026-06-15,,Completed,0.0
O0010935,C002453,2026-06-15,,Completed,6.99
O0010936,C000359,2026-06-15,PROMO_LATE,Completed,6.99
O0010937,C000804,2026-06-15,,Completed,4.99
O0010938,C002493,2026-06-15,,Completed,6.99
O0010939,C001963,2026-06-15,,Completed,0.0
O0010940,C000355,2026-06-15,PROMO_LATE,Completed,0.0
O0010941,C001776,2026-06-15,PROMO_LATE,Completed,6.99
O0010942,C000704,2026-06-15,,Completed,9.99
O0010943,C002292,2026-06-16,,Completed,0.0
O0010944,C002095,2026-06-16,,Completed,0.0
O0010945,C002471,2026-06-16,,Completed,9.99
O0010946,C000914,2026-06-16,,Completed,4.99
O0010947,C000438,2026-06-16,PROMO_LATE,Completed,4.99
O0010948,C000778,2026-06-16,PROMO_LATE,Completed,4.99
O0010949,C000869,2026-06-16,,Completed,4.99
O0010950,C000961,2026-06-16,,Completed,0.0
O0010951,C001314,2026-06-16,,Completed,4.99
O0010952,C002434,2026-06-16,,Completed,9.99
O0010953,C001412,2026-06-16,,Completed,0.0
O0010954,C002483,2026-06-16,,Completed,6.99
O0010955,C001397,2026-06-16,,Completed,0.0
O0010956,C001169,2026-06-16,,Completed,9.99
O0010957,C000480,2026-06-16,PROMO_LATE,Completed,9.99
O0010958,C002365,2026-06-16,PROMO_LATE,Completed,6.99
O0010959,C002181,2026-06-16,PROMO_LATE,Completed,0.0
O0010960,C001521,2026-06-16,,Completed,0.0
O0010961,C000766,2026-06-16,,Completed,0.0
O0010962,C001633,2026-06-16,,Completed,4.99
O0010963,C001472,2026-06-16,,Completed,6.99
O0010964,C002220,2026-06-16,PROMO_LATE,Completed,0.0
O0010965,C001026,2026-06-16,,Completed,0.0
O0010966,C001156,2026-06-16,PROMO_LATE,Completed,0.0
O0010967,C001525,2026-06-16,PROMO_LATE,Completed,0.0
O0010968,C001005,2026-06-16,,Completed,0.0
O0010969,C002247,2026-06-16,,Completed,0.0
O0010970,C000271,2026-06-16,,Completed,0.0
O0010971,C000689,2026-06-16,PROMO_LATE,Completed,4.99
O0010972,C001233,2026-06-16,,Completed,0.0
O0010973,C001605,2026-06-16,,Completed,6.99
O0010974,C001125,2026-06-16,,Completed,0.0
O0010975,C000693,2026-06-16,,Completed,0.0
O0010976,C000918,2026-06-16,,Completed,0.0
O0010977,C001558,2026-06-16,PROMO_LATE,Completed,0.0
O0010978,C001492,2026-06-16,,Completed,0.0
O0010979,C001983,2026-06-16,PROMO_LATE,Completed,0.0
O0010980,C000586,2026-06-16,,Completed,4.99
O0010981,C001682,2026-06-16,PROMO_LATE,Completed,9.99
O0010982,C001082,2026-06-16,,Completed,6.99
O0010983,C001517,2026-06-16,PROMO_LATE,Completed,4.99
O0010984,C001101,2026-06-16,,Completed,0.0
O0010985,C002151,2026-06-16,PROMO_LATE,Completed,0.0
O0010986,C002263,2026-06-16,PROMO_LATE,Completed,4.99
O0010987,C002184,2026-06-16,,Completed,0.0
O0010988,C001114,2026-06-16,,Completed,0.0
O0010989,C000964,2026-06-16,,Completed,9.99
O0010990,C001879,2026-06-16,PROMO_LATE,Completed,0.0
O0010991,C000803,2026-06-16,,Completed,6.99
O0010992,C001450,2026-06-16,PROMO_LATE,Completed,9.99
O0010993,C001655,2026-06-16,,Completed,9.99
O0010994,C001646,2026-06-16,,Completed,4.99
O0010995,C000282,2026-06-16,,Completed,0.0
O0010996,C001566,2026-06-16,,Completed,9.99
O0010997,C002358,2026-06-16,,Completed,0.0
O0010998,C001363,2026-06-16,PROMO_LATE,Completed,9.99
O0010999,C001477,2026-06-16,PROMO_LATE,Completed,0.0
O0011000,C001472,2026-06-16,PROMO_LATE,Completed,0.0
O0011001,C001927,2026-06-16,,Completed,0.0
O0011002,C000545,2026-06-16,,Completed,0.0
O0011003,C000742,2026-06-16,,Completed,0.0
O0011004,C001713,2026-06-16,PROMO_LATE,Completed,9.99
O0011005,C001409,2026-06-16,,Completed,4.99
O0011006,C001495,2026-06-16,,Completed,0.0
O0011007,C002060,2026-06-16,PROMO_LATE,Completed,4.99
O0011008,C002371,2026-06-16,,Completed,0.0
O0011009,C000404,2026-06-16,,Completed,0.0
O0011010,C001983,2026-06-16,,Completed,6.99
O0011011,C000960,2026-06-16,PROMO_LATE,Completed,9.99
O0011012,C000016,2026-06-16,,Completed,0.0
O0011013,C000413,2026-06-16,,Completed,9.99
O0011014,C000307,2026-06-16,,Completed,4.99
O0011015,C001218,2026-06-16,PROMO_LATE,Completed,0.0
O0011016,C001498,2026-06-16,PROMO_LATE,Completed,0.0
O0011017,C000723,2026-06-16,PROMO_LATE,Completed,9.99
O0011018,C001298,2026-06-16,PROMO_LATE,Completed,0.0
O0011019,C001463,2026-06-16,PROMO_LATE,Completed,0.0
O0011020,C000934,2026-06-17,,Completed,4.99
O0011021,C000003,2026-06-17,,Completed,6.99
O0011022,C001141,2026-06-17,,Completed,4.99
O0011023,C001340,2026-06-17,,Completed,0.0
O0011024,C000408,2026-06-17,,Completed,6.99
O0011025,C001937,2026-06-17,PROMO_LATE,Completed,9.99
O0011026,C001494,2026-06-17,PROMO_LATE,Completed,4.99
O0011027,C000647,2026-06-17,PROMO_LATE,Completed,4.99
O0011028,C001697,2026-06-17,PROMO_LATE,Completed,6.99
O0011029,C002299,2026-06-17,,Completed,0.0
O0011030,C002453,2026-06-17,,Completed,0.0
O0011031,C002231,2026-06-17,PROMO_LATE,Completed,4.99
O0011032,C000016,2026-06-17,,Completed,0.0
O0011033,C002032,2026-06-17,PROMO_LATE,Completed,0.0
O0011034,C001266,2026-06-17,,Completed,4.99
O0011035,C001456,2026-06-17,PROMO_LATE,Completed,0.0
O0011036,C001477,2026-06-17,,Completed,0.0
O0011037,C001320,2026-06-17,PROMO_LATE,Completed,4.99
O0011038,C001249,2026-06-17,,Completed,0.0
O0011039,C001526,2026-06-17,,Completed,6.99
O0011040,C002077,2026-06-17,PROMO_LATE,Completed,9.99
O0011041,C000327,2026-06-17,PROMO_LATE,Completed,4.99
O0011042,C000503,2026-06-17,PROMO_LATE,Completed,9.99
O0011043,C001159,2026-06-17,,Completed,9.99
O0011044,C000957,2026-06-17,,Completed,0.0
O0011045,C002365,2026-06-17,PROMO_LATE,Completed,6.99
O0011046,C000408,2026-06-17,,Completed,0.0
O0011047,C002369,2026-06-17,PROMO_LATE,Completed,0.0
O0011048,C002221,2026-06-17,,Completed,0.0
O0011049,C001772,2026-06-17,PROMO_LATE,Completed,0.0
O0011050,C000396,2026-06-17,,Completed,0.0
O0011051,C001123,2026-06-17,,Completed,0.0
O0011052,C000901,2026-06-17,,Completed,0.0
O0011053,C000480,2026-06-17,PROMO_LATE,Completed,6.99
O0011054,C000686,2026-06-17,,Completed,0.0
O0011055,C000548,2026-06-17,PROMO_LATE,Completed,0.0
O0011056,C001765,2026-06-17,,Completed,0.0
O0011057,C000507,2026-06-17,,Completed,0.0
O0011058,C002460,2026-06-17,,Completed,6.99
O0011059,C000981,2026-06-17,,Completed,4.99
O0011060,C002238,2026-06-17,,Completed,4.99
O0011061,C001320,2026-06-17,,Completed,0.0
O0011062,C001580,2026-06-17,,Completed,0.0
O0011063,C000022,2026-06-17,PROMO_LATE,Completed,4.99
O0011064,C002098,2026-06-17,,Completed,0.0
O0011065,C000514,2026-06-17,,Completed,0.0
O0011066,C000652,2026-06-17,,Completed,4.99
O0011067,C002249,2026-06-17,,Completed,0.0
O0011068,C001191,2026-06-17,,Completed,0.0
O0011069,C001707,2026-06-17,,Completed,0.0
O0011070,C000099,2026-06-17,,Completed,0.0
O0011071,C000362,2026-06-17,,Completed,0.0
O0011072,C000182,2026-06-17,,Completed,6.99
O0011073,C000417,2026-06-17,,Completed,0.0
O0011074,C000054,2026-06-17,PROMO_LATE,Completed,0.0
O0011075,C000911,2026-06-17,,Completed,0.0
O0011076,C002189,2026-06-17,PROMO_LATE,Completed,0.0
O0011077,C001063,2026-06-17,,Completed,6.99
O0011078,C002358,2026-06-17,PROMO_LATE,Completed,6.99
O0011079,C002205,2026-06-17,,Completed,0.0
O0011080,C001930,2026-06-17,,Completed,9.99
O0011081,C001363,2026-06-17,,Completed,0.0
O0011082,C000576,2026-06-17,,Completed,0.0
O0011083,C002201,2026-06-17,,Completed,0.0
O0011084,C002204,2026-06-17,PROMO_LATE,Completed,0.0
O0011085,C000338,2026-06-17,PROMO_LATE,Completed,4.99
O0011086,C002001,2026-06-17,,Completed,0.0
O0011087,C001743,2026-06-17,,Completed,6.99
O0011088,C001553,2026-06-17,,Completed,4.99
O0011089,C002034,2026-06-18,,Completed,0.0
O0011090,C000627,2026-06-18,PROMO_LATE,Completed,0.0
O0011091,C001908,2026-06-18,,Completed,0.0
O0011092,C000175,2026-06-18,PROMO_LATE,Completed,4.99
O0011093,C002190,2026-06-18,PROMO_LATE,Completed,4.99
O0011094,C000884,2026-06-18,,Completed,0.0
O0011095,C000067,2026-06-18,,Completed,0.0
O0011096,C001094,2026-06-18,,Completed,0.0
O0011097,C001591,2026-06-18,PROMO_LATE,Completed,0.0
O0011098,C001936,2026-06-18,,Completed,9.99
O0011099,C002265,2026-06-18,PROMO_LATE,Completed,9.99
O0011100,C002052,2026-06-18,,Completed,9.99
O0011101,C000807,2026-06-18,,Completed,0.0
O0011102,C000362,2026-06-18,,Completed,9.99
O0011103,C001529,2026-06-18,,Completed,0.0
O0011104,C000808,2026-06-18,,Completed,6.99
O0011105,C000355,2026-06-18,PROMO_LATE,Completed,6.99
O0011106,C000006,2026-06-18,PROMO_LATE,Completed,4.99
O0011107,C000270,2026-06-18,PROMO_LATE,Completed,4.99
O0011108,C002362,2026-06-18,,Completed,0.0
O0011109,C000013,2026-06-18,PROMO_LATE,Completed,4.99
O0011110,C001126,2026-06-18,,Completed,0.0
O0011111,C001465,2026-06-18,,Completed,6.99
O0011112,C001752,2026-06-18,,Completed,9.99
O0011113,C000894,2026-06-18,,Completed,0.0
O0011114,C002009,2026-06-18,,Completed,0.0
O0011115,C000924,2026-06-18,PROMO_LATE,Completed,0.0
O0011116,C000623,2026-06-18,,Completed,0.0
O0011117,C000817,2026-06-18,,Completed,0.0
O0011118,C001262,2026-06-18,PROMO_LATE,Completed,6.99
O0011119,C001606,2026-06-18,,Completed,9.99
O0011120,C000445,2026-06-18,PROMO_LATE,Completed,0.0
O0011121,C000854,2026-06-18,,Completed,0.0
O0011122,C000835,2026-06-18,,Completed,9.99
O0011123,C001922,2026-06-18,PROMO_LATE,Completed,6.99
O0011124,C001391,2026-06-18,,Completed,0.0
O0011125,C001233,2026-06-18,,Completed,4.99
O0011126,C002227,2026-06-18,PROMO_LATE,Completed,0.0
O0011127,C001574,2026-06-18,,Completed,6.99
O0011128,C002433,2026-06-18,,Completed,6.99
O0011129,C001486,2026-06-18,,Completed,4.99
O0011130,C001026,2026-06-18,PROMO_LATE,Completed,0.0
O0011131,C001365,2026-06-18,,Completed,0.0
O0011132,C000597,2026-06-18,,Completed,0.0
O0011133,C000001,2026-06-18,,Completed,0.0
O0011134,C000178,2026-06-18,,Completed,9.99
O0011135,C000016,2026-06-18,,Completed,6.99
O0011136,C001500,2026-06-18,,Completed,0.0
O0011137,C001784,2026-06-18,PROMO_LATE,Completed,0.0
O0011138,C001877,2026-06-18,PROMO_LATE,Completed,4.99
O0011139,C001610,2026-06-18,,Completed,0.0
O0011140,C001243,2026-06-18,,Completed,0.0
O0011141,C001629,2026-06-18,,Completed,4.99
O0011142,C002299,2026-06-18,PROMO_LATE,Completed,0.0
O0011143,C001534,2026-06-18,,Completed,9.99
O0011144,C000231,2026-06-18,,Completed,0.0
O0011145,C001026,2026-06-18,PROMO_LATE,Completed,0.0
O0011146,C001711,2026-06-18,PROMO_LATE,Completed,9.99
O0011147,C000135,2026-06-18,,Completed,4.99
O0011148,C001628,2026-06-18,,Completed,0.0
O0011149,C002023,2026-06-18,PROMO_LATE,Completed,9.99
O0011150,C000436,2026-06-18,,Completed,9.99
O0011151,C001500,2026-06-18,,Completed,0.0
O0011152,C000095,2026-06-18,,Completed,9.99
O0011153,C000165,2026-06-18,,Completed,6.99
O0011154,C001580,2026-06-18,,Completed,0.0
O0011155,C001415,2026-06-18,,Completed,0.0
O0011156,C000438,2026-06-18,,Completed,9.99
O0011157,C001645,2026-06-18,PROMO_LATE,Completed,0.0
O0011158,C000556,2026-06-18,,Completed,6.99
O0011159,C002185,2026-06-18,,Completed,6.99
O0011160,C002374,2026-06-18,,Completed,0.0
O0011161,C001286,2026-06-18,,Completed,0.0
O0011162,C000523,2026-06-18,PROMO_LATE,Completed,0.0
O0011163,C002095,2026-06-18,,Completed,4.99
O0011164,C001773,2026-06-18,,Completed,6.99
O0011165,C001689,2026-06-18,,Completed,0.0
O0011166,C000759,2026-06-18,,Completed,6.99
O0011167,C001298,2026-06-18,,Completed,0.0
O0011168,C002028,2026-06-18,,Completed,0.0
O0011169,C000228,2026-06-18,,Completed,9.99
O0011170,C000586,2026-06-18,,Completed,9.99
O0011171,C002017,2026-06-18,,Completed,0.0
O0011172,C001978,2026-06-18,,Completed,0.0
O0011173,C000711,2026-06-18,,Completed,0.0
O0011174,C000844,2026-06-18,,Completed,0.0
O0011175,C001923,2026-06-19,,Completed,0.0
O0011176,C001726,2026-06-19,,Completed,0.0
O0011177,C001722,2026-06-19,PROMO_LATE,Completed,9.99
O0011178,C002304,2026-06-19,,Completed,6.99
O0011179,C001698,2026-06-19,,Completed,6.99
O0011180,C000680,2026-06-19,,Completed,0.0
O0011181,C002433,2026-06-19,PROMO_LATE,Completed,0.0
O0011182,C001782,2026-06-19,,Completed,4.99
O0011183,C001552,2026-06-19,,Completed,4.99
O0011184,C000641,2026-06-19,PROMO_LATE,Completed,0.0
O0011185,C000597,2026-06-19,,Completed,0.0
O0011186,C002304,2026-06-19,PROMO_LATE,Completed,6.99
O0011187,C000117,2026-06-19,PROMO_LATE,Completed,4.99
O0011188,C001580,2026-06-19,,Completed,0.0
O0011189,C001782,2026-06-19,PROMO_LATE,Completed,0.0
O0011190,C000794,2026-06-19,PROMO_LATE,Completed,0.0
O0011191,C002481,2026-06-19,,Completed,9.99
O0011192,C002263,2026-06-19,PROMO_LATE,Completed,0.0
O0011193,C001479,2026-06-19,PROMO_LATE,Completed,6.99
O0011194,C000700,2026-06-19,,Completed,0.0
O0011195,C000208,2026-06-19,,Completed,0.0
O0011196,C000408,2026-06-19,PROMO_LATE,Completed,4.99
O0011197,C000654,2026-06-19,,Completed,0.0
O0011198,C002371,2026-06-19,PROMO_LATE,Completed,0.0
O0011199,C000705,2026-06-19,,Completed,6.99
O0011200,C001472,2026-06-19,PROMO_LATE,Completed,6.99
O0011201,C002151,2026-06-19,,Completed,0.0
O0011202,C000362,2026-06-19,,Completed,9.99
O0011203,C002085,2026-06-19,,Completed,0.0
O0011204,C002025,2026-06-19,PROMO_LATE,Completed,0.0
O0011205,C001854,2026-06-19,,Completed,0.0
O0011206,C002119,2026-06-19,,Completed,0.0
O0011207,C001503,2026-06-19,,Completed,0.0
O0011208,C000742,2026-06-19,PROMO_LATE,Completed,0.0
O0011209,C001989,2026-06-19,,Completed,0.0
O0011210,C000282,2026-06-19,,Completed,0.0
O0011211,C001525,2026-06-19,PROMO_LATE,Completed,0.0
O0011212,C002194,2026-06-19,,Completed,4.99
O0011213,C002415,2026-06-19,PROMO_LATE,Completed,6.99
O0011214,C000641,2026-06-19,,Completed,0.0
O0011215,C000730,2026-06-19,,Completed,0.0
O0011216,C001683,2026-06-19,,Completed,0.0
O0011217,C000495,2026-06-19,,Completed,0.0
O0011218,C001299,2026-06-19,,Completed,6.99
O0011219,C001184,2026-06-19,PROMO_LATE,Completed,0.0
O0011220,C002160,2026-06-19,,Completed,0.0
O0011221,C002188,2026-06-19,,Completed,0.0
O0011222,C000188,2026-06-19,,Completed,0.0
O0011223,C000383,2026-06-19,,Completed,0.0
O0011224,C002216,2026-06-19,,Completed,0.0
O0011225,C000685,2026-06-19,,Completed,0.0
O0011226,C001860,2026-06-19,,Completed,0.0
O0011227,C001956,2026-06-19,PROMO_LATE,Completed,0.0
O0011228,C002458,2026-06-19,,Completed,0.0
O0011229,C000359,2026-06-19,,Completed,9.99
O0011230,C001268,2026-06-19,,Completed,0.0
O0011231,C000212,2026-06-19,,Completed,0.0
O0011232,C000684,2026-06-19,,Completed,0.0
O0011233,C000030,2026-06-19,PROMO_LATE,Completed,0.0
O0011234,C000638,2026-06-19,PROMO_LATE,Completed,4.99
O0011235,C000436,2026-06-19,,Completed,6.99
O0011236,C000989,2026-06-19,,Completed,0.0
O0011237,C001851,2026-06-19,,Completed,0.0
O0011238,C000503,2026-06-19,,Completed,0.0
O0011239,C000742,2026-06-19,PROMO_LATE,Completed,0.0
O0011240,C002040,2026-06-19,PROMO_LATE,Completed,6.99
O0011241,C000615,2026-06-19,,Completed,9.99
O0011242,C001320,2026-06-19,PROMO_LATE,Completed,9.99
O0011243,C000682,2026-06-19,PROMO_LATE,Completed,4.99
O0011244,C001932,2026-06-19,,Completed,0.0
O0011245,C001469,2026-06-19,,Completed,9.99
O0011246,C002393,2026-06-19,,Completed,0.0
O0011247,C000926,2026-06-19,,Completed,0.0
O0011248,C001407,2026-06-19,,Completed,0.0
O0011249,C001658,2026-06-20,PROMO_LATE,Completed,6.99
O0011250,C002156,2026-06-20,,Completed,0.0
O0011251,C000713,2026-06-20,PROMO_LATE,Completed,9.99
O0011252,C000751,2026-06-20,PROMO_LATE,Completed,0.0
O0011253,C001965,2026-06-20,,Completed,9.99
O0011254,C000326,2026-06-20,,Completed,0.0
O0011255,C000701,2026-06-20,,Completed,0.0
O0011256,C001008,2026-06-20,,Completed,0.0
O0011257,C001469,2026-06-20,,Completed,0.0
O0011258,C000114,2026-06-20,,Completed,0.0
O0011259,C000355,2026-06-20,,Completed,0.0
O0011260,C001026,2026-06-20,,Completed,0.0
O0011261,C000355,2026-06-20,,Completed,0.0
O0011262,C000456,2026-06-20,,Completed,4.99
O0011263,C001896,2026-06-20,,Completed,0.0
O0011264,C002275,2026-06-20,PROMO_LATE,Completed,6.99
O0011265,C001388,2026-06-20,,Completed,0.0
O0011266,C000720,2026-06-20,,Completed,9.99
O0011267,C002253,2026-06-20,,Completed,9.99
O0011268,C001709,2026-06-20,PROMO_LATE,Completed,0.0
O0011269,C000533,2026-06-20,,Completed,0.0
O0011270,C000869,2026-06-20,,Completed,0.0
O0011271,C001110,2026-06-20,PROMO_LATE,Completed,0.0
O0011272,C002185,2026-06-20,,Completed,0.0
O0011273,C000801,2026-06-20,,Completed,6.99
O0011274,C001773,2026-06-20,,Completed,4.99
O0011275,C001675,2026-06-20,PROMO_LATE,Completed,4.99
O0011276,C000399,2026-06-20,PROMO_LATE,Completed,6.99
O0011277,C002298,2026-06-20,,Completed,6.99
O0011278,C000696,2026-06-20,PROMO_LATE,Completed,0.0
O0011279,C000445,2026-06-20,,Completed,0.0
O0011280,C001486,2026-06-20,,Completed,0.0
O0011281,C000926,2026-06-20,,Completed,0.0
O0011282,C001620,2026-06-20,,Completed,0.0
O0011283,C002197,2026-06-20,,Completed,0.0
O0011284,C000058,2026-06-20,,Completed,0.0
O0011285,C001572,2026-06-20,,Completed,4.99
O0011286,C002345,2026-06-20,PROMO_LATE,Completed,0.0
O0011287,C002000,2026-06-20,,Completed,4.99
O0011288,C000524,2026-06-20,,Completed,6.99
O0011289,C002393,2026-06-20,,Completed,0.0
O0011290,C000388,2026-06-20,PROMO_LATE,Completed,0.0
O0011291,C001927,2026-06-20,PROMO_LATE,Completed,6.99
O0011292,C001836,2026-06-20,,Completed,0.0
O0011293,C000060,2026-06-20,,Completed,0.0
O0011294,C000601,2026-06-20,,Completed,0.0
O0011295,C002263,2026-06-20,PROMO_LATE,Completed,0.0
O0011296,C001003,2026-06-20,PROMO_LATE,Completed,0.0
O0011297,C000319,2026-06-20,PROMO_LATE,Completed,6.99
O0011298,C001152,2026-06-20,PROMO_LATE,Completed,0.0
O0011299,C001561,2026-06-20,PROMO_LATE,Completed,4.99
O0011300,C000265,2026-06-20,,Completed,0.0
O0011301,C002284,2026-06-20,,Completed,9.99
O0011302,C000659,2026-06-20,PROMO_LATE,Completed,0.0
O0011303,C001381,2026-06-20,,Completed,0.0
O0011304,C000823,2026-06-20,,Completed,9.99
O0011305,C000295,2026-06-20,PROMO_LATE,Completed,0.0
O0011306,C001266,2026-06-20,,Completed,9.99
O0011307,C000700,2026-06-20,,Completed,0.0
O0011308,C002263,2026-06-20,,Completed,0.0
O0011309,C001989,2026-06-20,,Completed,0.0
O0011310,C001280,2026-06-20,PROMO_LATE,Completed,0.0
O0011311,C001389,2026-06-20,,Completed,0.0
O0011312,C000033,2026-06-20,,Completed,6.99
O0011313,C000626,2026-06-20,PROMO_LATE,Completed,0.0
O0011314,C000512,2026-06-20,,Completed,0.0
O0011315,C000734,2026-06-20,,Completed,0.0
O0011316,C002101,2026-06-20,,Completed,9.99
O0011317,C000369,2026-06-20,,Completed,0.0
O0011318,C001123,2026-06-20,PROMO_LATE,Completed,6.99
O0011319,C001505,2026-06-20,,Completed,6.99
O0011320,C000808,2026-06-21,,Completed,4.99
O0011321,C000241,2026-06-21,PROMO_LATE,Completed,0.0
O0011322,C000519,2026-06-21,PROMO_LATE,Completed,0.0
O0011323,C001036,2026-06-21,PROMO_LATE,Completed,0.0
O0011324,C000154,2026-06-21,,Completed,0.0
O0011325,C000387,2026-06-21,,Completed,0.0
O0011326,C000511,2026-06-21,,Completed,9.99
O0011327,C001332,2026-06-21,PROMO_LATE,Completed,9.99
O0011328,C001428,2026-06-21,,Completed,9.99
O0011329,C002050,2026-06-21,PROMO_LATE,Completed,0.0
O0011330,C000072,2026-06-21,,Completed,0.0
O0011331,C000327,2026-06-21,,Completed,0.0
O0011332,C001680,2026-06-21,,Completed,0.0
O0011333,C001157,2026-06-21,,Completed,0.0
O0011334,C001200,2026-06-21,,Completed,6.99
O0011335,C001681,2026-06-21,,Completed,0.0
O0011336,C002347,2026-06-21,,Completed,9.99
O0011337,C000735,2026-06-21,PROMO_LATE,Completed,0.0
O0011338,C000640,2026-06-21,,Completed,0.0
O0011339,C000729,2026-06-21,PROMO_LATE,Completed,0.0
O0011340,C001355,2026-06-21,,Completed,0.0
O0011341,C001294,2026-06-21,,Completed,6.99
O0011342,C000949,2026-06-21,,Completed,0.0
O0011343,C002118,2026-06-21,PROMO_LATE,Completed,0.0
O0011344,C002179,2026-06-21,,Completed,0.0
O0011345,C000477,2026-06-21,,Completed,0.0
O0011346,C002205,2026-06-21,,Completed,0.0
O0011347,C001222,2026-06-21,PROMO_LATE,Completed,0.0
O0011348,C001381,2026-06-21,,Completed,0.0
O0011349,C000758,2026-06-21,PROMO_LATE,Completed,0.0
O0011350,C001684,2026-06-21,,Completed,0.0
O0011351,C000689,2026-06-21,PROMO_LATE,Completed,0.0
O0011352,C001643,2026-06-21,PROMO_LATE,Completed,4.99
O0011353,C001341,2026-06-21,PROMO_LATE,Completed,6.99
O0011354,C000078,2026-06-21,PROMO_LATE,Completed,6.99
O0011355,C000822,2026-06-21,,Completed,9.99
O0011356,C000150,2026-06-21,,Completed,0.0
O0011357,C000074,2026-06-21,PROMO_LATE,Completed,4.99
O0011358,C001026,2026-06-21,,Completed,0.0
O0011359,C000359,2026-06-21,,Completed,9.99
O0011360,C001386,2026-06-21,,Completed,6.99
O0011361,C001930,2026-06-21,,Completed,0.0
O0011362,C001671,2026-06-21,PROMO_LATE,Completed,0.0
O0011363,C001298,2026-06-21,PROMO_LATE,Completed,0.0
O0011364,C001541,2026-06-21,,Completed,0.0
O0011365,C002219,2026-06-21,,Completed,0.0
O0011366,C001440,2026-06-21,PROMO_LATE,Completed,0.0
O0011367,C002315,2026-06-21,,Completed,0.0
O0011368,C002097,2026-06-21,PROMO_LATE,Completed,9.99
O0011369,C001114,2026-06-21,,Completed,0.0
O0011370,C000561,2026-06-21,,Completed,0.0
O0011371,C001114,2026-06-21,PROMO_LATE,Completed,0.0
O0011372,C001161,2026-06-21,,Completed,6.99
O0011373,C001237,2026-06-21,,Completed,6.99
O0011374,C000369,2026-06-21,,Completed,0.0
O0011375,C002428,2026-06-21,PROMO_LATE,Completed,4.99
O0011376,C000817,2026-06-21,,Completed,6.99
O0011377,C000218,2026-06-21,,Completed,0.0
O0011378,C002482,2026-06-21,PROMO_LATE,Completed,0.0
O0011379,C001774,2026-06-21,,Completed,0.0
O0011380,C001089,2026-06-21,,Completed,0.0
O0011381,C001474,2026-06-21,PROMO_LATE,Completed,4.99
O0011382,C002267,2026-06-21,,Completed,4.99
O0011383,C001940,2026-06-21,,Completed,9.99
O0011384,C000042,2026-06-21,,Completed,6.99
O0011385,C001680,2026-06-21,,Completed,4.99
O0011386,C001096,2026-06-21,PROMO_LATE,Completed,4.99
O0011387,C000674,2026-06-21,,Completed,0.0
O0011388,C000346,2026-06-22,,Completed,6.99
O0011389,C001228,2026-06-22,,Completed,6.99
O0011390,C002074,2026-06-22,,Completed,0.0
O0011391,C000658,2026-06-22,,Completed,4.99
O0011392,C000926,2026-06-22,,Completed,0.0
O0011393,C000048,2026-06-22,PROMO_LATE,Completed,6.99
O0011394,C002347,2026-06-22,,Completed,0.0
O0011395,C002410,2026-06-22,PROMO_LATE,Completed,6.99
O0011396,C001580,2026-06-22,,Completed,6.99
O0011397,C000033,2026-06-22,PROMO_LATE,Completed,0.0
O0011398,C001170,2026-06-22,,Completed,0.0
O0011399,C002370,2026-06-22,,Completed,9.99
O0011400,C002311,2026-06-22,,Completed,9.99
O0011401,C001759,2026-06-22,,Completed,0.0
O0011402,C001794,2026-06-22,,Completed,0.0
O0011403,C001213,2026-06-22,,Completed,9.99
O0011404,C000430,2026-06-22,,Completed,0.0
O0011405,C000255,2026-06-22,PROMO_LATE,Completed,0.0
O0011406,C000331,2026-06-22,,Completed,0.0
O0011407,C000703,2026-06-22,,Completed,4.99
O0011408,C001670,2026-06-22,,Completed,9.99
O0011409,C001536,2026-06-22,,Completed,0.0
O0011410,C001759,2026-06-22,,Completed,6.99
O0011411,C001854,2026-06-22,,Completed,6.99
O0011412,C001026,2026-06-22,,Completed,0.0
O0011413,C002034,2026-06-22,,Completed,4.99
O0011414,C000303,2026-06-22,,Completed,0.0
O0011415,C001607,2026-06-22,PROMO_LATE,Completed,4.99
O0011416,C001481,2026-06-22,,Completed,0.0
O0011417,C002060,2026-06-22,PROMO_LATE,Completed,9.99
O0011418,C000388,2026-06-22,,Completed,0.0
O0011419,C002380,2026-06-22,PROMO_LATE,Completed,6.99
O0011420,C000015,2026-06-22,,Completed,9.99
O0011421,C000801,2026-06-22,,Completed,0.0
O0011422,C001582,2026-06-22,PROMO_LATE,Completed,9.99
O0011423,C002313,2026-06-22,,Completed,0.0
O0011424,C001826,2026-06-22,PROMO_LATE,Completed,0.0
O0011425,C001601,2026-06-22,,Completed,6.99
O0011426,C000563,2026-06-22,,Completed,0.0
O0011427,C000491,2026-06-22,,Completed,9.99
O0011428,C001359,2026-06-22,,Completed,0.0
O0011429,C001035,2026-06-22,,Completed,4.99
O0011430,C002290,2026-06-22,PROMO_LATE,Completed,4.99
O0011431,C001728,2026-06-22,,Completed,9.99
O0011432,C002154,2026-06-22,,Completed,4.99
O0011433,C002249,2026-06-22,,Completed,4.99
O0011434,C001711,2026-06-22,PROMO_LATE,Completed,0.0
O0011435,C001996,2026-06-22,,Completed,4.99
O0011436,C002160,2026-06-22,,Completed,6.99
O0011437,C001479,2026-06-22,,Completed,0.0
O0011438,C000155,2026-06-22,PROMO_LATE,Completed,0.0
O0011439,C002184,2026-06-22,PROMO_LATE,Completed,0.0
O0011440,C001388,2026-06-22,,Completed,4.99
O0011441,C002481,2026-06-22,,Completed,4.99
O0011442,C001939,2026-06-22,,Completed,6.99
O0011443,C000099,2026-06-22,PROMO_LATE,Completed,0.0
O0011444,C002229,2026-06-22,PROMO_LATE,Completed,0.0
O0011445,C000834,2026-06-22,PROMO_LATE,Completed,6.99
O0011446,C001936,2026-06-22,,Completed,4.99
O0011447,C000285,2026-06-22,,Completed,0.0
O0011448,C000276,2026-06-22,,Completed,0.0
O0011449,C001391,2026-06-22,,Completed,0.0
O0011450,C002018,2026-06-22,,Completed,4.99
O0011451,C000346,2026-06-22,,Completed,6.99
O0011452,C000078,2026-06-22,PROMO_LATE,Completed,0.0
O0011453,C001457,2026-06-22,,Completed,6.99
O0011454,C001877,2026-06-22,PROMO_LATE,Completed,0.0
O0011455,C001185,2026-06-22,,Completed,0.0
O0011456,C000210,2026-06-22,,Completed,4.99
O0011457,C002436,2026-06-23,PROMO_LATE,Completed,4.99
O0011458,C001107,2026-06-23,PROMO_LATE,Completed,0.0
O0011459,C002453,2026-06-23,,Completed,0.0
O0011460,C001191,2026-06-23,,Completed,9.99
O0011461,C002306,2026-06-23,,Completed,4.99
O0011462,C002428,2026-06-23,PROMO_LATE,Completed,6.99
O0011463,C000128,2026-06-23,,Completed,4.99
O0011464,C000015,2026-06-23,PROMO_LATE,Completed,9.99
O0011465,C001117,2026-06-23,,Completed,6.99
O0011466,C000282,2026-06-23,,Completed,0.0
O0011467,C000125,2026-06-23,,Completed,0.0
O0011468,C001993,2026-06-23,PROMO_LATE,Completed,0.0
O0011469,C000490,2026-06-23,PROMO_LATE,Completed,0.0
O0011470,C001734,2026-06-23,,Completed,6.99
O0011471,C000952,2026-06-23,,Completed,0.0
O0011472,C001391,2026-06-23,PROMO_LATE,Completed,0.0
O0011473,C002346,2026-06-23,,Completed,0.0
O0011474,C000322,2026-06-23,PROMO_LATE,Completed,0.0
O0011475,C000227,2026-06-23,,Completed,0.0
O0011476,C001477,2026-06-23,,Completed,0.0
O0011477,C000029,2026-06-23,,Completed,9.99
O0011478,C002325,2026-06-23,,Completed,0.0
O0011479,C000969,2026-06-23,,Completed,9.99
O0011480,C000675,2026-06-23,,Completed,9.99
O0011481,C000975,2026-06-23,,Completed,6.99
O0011482,C001547,2026-06-23,,Completed,0.0
O0011483,C000074,2026-06-23,,Completed,0.0
O0011484,C002206,2026-06-23,,Completed,0.0
O0011485,C000183,2026-06-23,,Completed,0.0
O0011486,C000321,2026-06-23,,Completed,9.99
O0011487,C001282,2026-06-23,,Completed,9.99
O0011488,C002074,2026-06-23,,Completed,0.0
O0011489,C001417,2026-06-23,PROMO_LATE,Completed,0.0
O0011490,C000013,2026-06-23,PROMO_LATE,Completed,0.0
O0011491,C000983,2026-06-23,,Completed,0.0
O0011492,C001377,2026-06-23,,Completed,0.0
O0011493,C001671,2026-06-23,,Completed,0.0
O0011494,C001111,2026-06-23,,Completed,0.0
O0011495,C001372,2026-06-23,PROMO_LATE,Completed,0.0
O0011496,C001391,2026-06-23,PROMO_LATE,Completed,0.0
O0011497,C000133,2026-06-23,PROMO_LATE,Completed,0.0
O0011498,C001453,2026-06-23,,Completed,0.0
O0011499,C001478,2026-06-23,,Completed,9.99
O0011500,C001891,2026-06-23,,Completed,4.99
O0011501,C002085,2026-06-23,,Completed,9.99
O0011502,C000017,2026-06-23,,Completed,0.0
O0011503,C001670,2026-06-23,PROMO_LATE,Completed,9.99
O0011504,C000073,2026-06-23,PROMO_LATE,Completed,0.0
O0011505,C001355,2026-06-23,,Completed,6.99
O0011506,C001582,2026-06-23,,Completed,6.99
O0011507,C001482,2026-06-23,,Completed,9.99
O0011508,C001580,2026-06-23,,Completed,0.0
O0011509,C002004,2026-06-23,,Completed,0.0
O0011510,C002194,2026-06-23,,Completed,0.0
O0011511,C000117,2026-06-23,PROMO_LATE,Completed,0.0
O0011512,C001478,2026-06-23,PROMO_LATE,Completed,6.99
O0011513,C001794,2026-06-23,,Completed,9.99
O0011514,C001275,2026-06-23,,Completed,0.0
O0011515,C000753,2026-06-23,,Completed,0.0
O0011516,C000609,2026-06-23,,Completed,6.99
O0011517,C001709,2026-06-23,PROMO_LATE,Completed,0.0
O0011518,C002254,2026-06-23,,Completed,0.0
O0011519,C002227,2026-06-23,,Completed,0.0
O0011520,C000595,2026-06-24,,Completed,6.99
O0011521,C001003,2026-06-24,,Completed,9.99
O0011522,C000969,2026-06-24,PROMO_LATE,Completed,6.99
O0011523,C000112,2026-06-24,,Completed,0.0
O0011524,C002389,2026-06-24,PROMO_LATE,Completed,0.0
O0011525,C001902,2026-06-24,PROMO_LATE,Completed,0.0
O0011526,C001534,2026-06-24,,Completed,0.0
O0011527,C001464,2026-06-24,PROMO_LATE,Completed,0.0
O0011528,C001477,2026-06-24,,Completed,0.0
O0011529,C000852,2026-06-24,PROMO_LATE,Completed,0.0
O0011530,C001662,2026-06-24,,Completed,0.0
O0011531,C000331,2026-06-24,PROMO_LATE,Completed,4.99
O0011532,C002395,2026-06-24,PROMO_LATE,Completed,9.99
O0011533,C001645,2026-06-24,PROMO_LATE,Completed,6.99
O0011534,C002245,2026-06-24,,Completed,9.99
O0011535,C001599,2026-06-24,PROMO_LATE,Completed,9.99
O0011536,C001191,2026-06-24,,Completed,0.0
O0011537,C000212,2026-06-24,,Completed,0.0
O0011538,C001332,2026-06-24,PROMO_LATE,Completed,0.0
O0011539,C002431,2026-06-24,,Completed,6.99
O0011540,C000435,2026-06-24,PROMO_LATE,Completed,4.99
O0011541,C002277,2026-06-24,,Completed,0.0
O0011542,C001396,2026-06-24,PROMO_LATE,Completed,0.0
O0011543,C001955,2026-06-24,,Completed,4.99
O0011544,C001997,2026-06-24,,Completed,6.99
O0011545,C001806,2026-06-24,,Completed,4.99
O0011546,C000030,2026-06-24,PROMO_LATE,Completed,0.0
O0011547,C001884,2026-06-24,,Completed,6.99
O0011548,C001331,2026-06-24,,Completed,6.99
O0011549,C002292,2026-06-24,,Completed,4.99
O0011550,C002428,2026-06-24,PROMO_LATE,Completed,0.0
O0011551,C002072,2026-06-24,PROMO_LATE,Completed,4.99
O0011552,C001210,2026-06-24,,Completed,6.99
O0011553,C000098,2026-06-24,,Completed,0.0
O0011554,C001006,2026-06-24,,Completed,6.99
O0011555,C001265,2026-06-24,PROMO_LATE,Completed,9.99
O0011556,C000265,2026-06-24,PROMO_LATE,Completed,9.99
O0011557,C002277,2026-06-24,,Completed,9.99
O0011558,C001044,2026-06-24,PROMO_LATE,Completed,4.99
O0011559,C000516,2026-06-24,,Completed,0.0
O0011560,C000307,2026-06-24,PROMO_LATE,Completed,0.0
O0011561,C002409,2026-06-24,PROMO_LATE,Completed,9.99
O0011562,C000505,2026-06-24,,Completed,0.0
O0011563,C001405,2026-06-24,,Completed,0.0
O0011564,C001939,2026-06-24,,Completed,9.99
O0011565,C002272,2026-06-24,,Completed,0.0
O0011566,C001595,2026-06-24,PROMO_LATE,Completed,6.99
O0011567,C002186,2026-06-24,,Completed,9.99
O0011568,C002070,2026-06-24,,Completed,9.99
O0011569,C000016,2026-06-24,,Completed,6.99
O0011570,C000565,2026-06-24,,Completed,0.0
O0011571,C000785,2026-06-24,,Completed,0.0
O0011572,C001215,2026-06-25,,Completed,6.99
O0011573,C000362,2026-06-25,,Completed,0.0
O0011574,C001647,2026-06-25,,Completed,0.0
O0011575,C001401,2026-06-25,,Completed,0.0
O0011576,C001427,2026-06-25,,Completed,9.99
O0011577,C001331,2026-06-25,PROMO_LATE,Completed,0.0
O0011578,C000643,2026-06-25,PROMO_LATE,Completed,0.0
O0011579,C002378,2026-06-25,,Completed,9.99
O0011580,C002013,2026-06-25,PROMO_LATE,Completed,0.0
O0011581,C001134,2026-06-25,,Completed,0.0
O0011582,C002194,2026-06-25,,Completed,4.99
O0011583,C000338,2026-06-25,,Completed,4.99
O0011584,C002385,2026-06-25,,Completed,0.0
O0011585,C000821,2026-06-25,,Completed,0.0
O0011586,C000989,2026-06-25,,Completed,0.0
O0011587,C000834,2026-06-25,,Completed,9.99
O0011588,C001773,2026-06-25,PROMO_LATE,Completed,6.99
O0011589,C000910,2026-06-25,,Completed,0.0
O0011590,C002072,2026-06-25,,Completed,9.99
O0011591,C000013,2026-06-25,PROMO_LATE,Completed,6.99
O0011592,C002365,2026-06-25,PROMO_LATE,Completed,4.99
O0011593,C001774,2026-06-25,,Completed,0.0
O0011594,C001011,2026-06-25,,Completed,0.0
O0011595,C001419,2026-06-25,,Completed,9.99
O0011596,C002108,2026-06-25,,Completed,9.99
O0011597,C000369,2026-06-25,PROMO_LATE,Completed,0.0
O0011598,C001213,2026-06-25,,Completed,4.99
O0011599,C000714,2026-06-25,,Completed,6.99
O0011600,C001455,2026-06-25,,Completed,0.0
O0011601,C001162,2026-06-25,PROMO_LATE,Completed,9.99
O0011602,C000683,2026-06-25,,Completed,4.99
O0011603,C001616,2026-06-25,,Completed,6.99
O0011604,C002072,2026-06-25,,Completed,0.0
O0011605,C000178,2026-06-25,PROMO_LATE,Completed,0.0
O0011606,C001850,2026-06-25,PROMO_LATE,Completed,4.99
O0011607,C001309,2026-06-25,PROMO_LATE,Completed,6.99
O0011608,C002378,2026-06-25,,Completed,4.99
O0011609,C000786,2026-06-25,,Completed,9.99
O0011610,C000669,2026-06-25,,Completed,0.0
O0011611,C000244,2026-06-25,,Completed,0.0
O0011612,C000037,2026-06-25,,Completed,0.0
O0011613,C000912,2026-06-25,PROMO_LATE,Completed,9.99
O0011614,C000078,2026-06-25,,Completed,0.0
O0011615,C002431,2026-06-25,PROMO_LATE,Completed,4.99
O0011616,C001745,2026-06-25,,Completed,0.0
O0011617,C001806,2026-06-25,PROMO_LATE,Completed,0.0
O0011618,C002055,2026-06-25,,Completed,9.99
O0011619,C000725,2026-06-25,PROMO_LATE,Completed,6.99
O0011620,C001819,2026-06-25,,Completed,0.0
O0011621,C002169,2026-06-25,PROMO_LATE,Completed,9.99
O0011622,C002233,2026-06-25,PROMO_LATE,Completed,0.0
O0011623,C001821,2026-06-25,,Completed,0.0
O0011624,C001041,2026-06-25,,Completed,0.0
O0011625,C001044,2026-06-25,,Completed,4.99
O0011626,C001896,2026-06-25,,Completed,9.99
O0011627,C002043,2026-06-25,,Completed,0.0
O0011628,C000346,2026-06-25,,Completed,0.0
O0011629,C000981,2026-06-25,,Completed,0.0
O0011630,C002188,2026-06-25,PROMO_LATE,Completed,0.0
O0011631,C001700,2026-06-25,PROMO_LATE,Completed,9.99
O0011632,C000359,2026-06-25,,Completed,9.99
O0011633,C000675,2026-06-25,PROMO_LATE,Completed,0.0
O0011634,C001751,2026-06-25,,Completed,9.99
O0011635,C001902,2026-06-25,,Completed,0.0
O0011636,C001086,2026-06-25,PROMO_LATE,Completed,0.0
O0011637,C000913,2026-06-25,,Completed,0.0
O0011638,C000914,2026-06-25,,Completed,0.0
O0011639,C000212,2026-06-26,PROMO_LATE,Completed,6.99
O0011640,C000160,2026-06-26,,Completed,0.0
O0011641,C000408,2026-06-26,,Completed,4.99
O0011642,C001157,2026-06-26,,Completed,9.99
O0011643,C002389,2026-06-26,PROMO_LATE,Completed,0.0
O0011644,C000923,2026-06-26,,Completed,6.99
O0011645,C001635,2026-06-26,,Completed,6.99
O0011646,C000683,2026-06-26,PROMO_LATE,Completed,0.0
O0011647,C002009,2026-06-26,,Completed,9.99
O0011648,C000078,2026-06-26,PROMO_LATE,Completed,0.0
O0011649,C000516,2026-06-26,PROMO_LATE,Completed,9.99
O0011650,C001384,2026-06-26,PROMO_LATE,Completed,0.0
O0011651,C000409,2026-06-26,PROMO_LATE,Completed,0.0
O0011652,C000893,2026-06-26,PROMO_LATE,Completed,0.0
O0011653,C001268,2026-06-26,,Completed,4.99
O0011654,C000695,2026-06-26,PROMO_LATE,Completed,0.0
O0011655,C000894,2026-06-26,PROMO_LATE,Completed,6.99
O0011656,C001332,2026-06-26,PROMO_LATE,Completed,0.0
O0011657,C001657,2026-06-26,,Completed,4.99
O0011658,C000419,2026-06-26,,Completed,6.99
O0011659,C000697,2026-06-26,,Completed,4.99
O0011660,C002207,2026-06-26,,Completed,9.99
O0011661,C000992,2026-06-26,,Completed,6.99
O0011662,C002173,2026-06-26,,Completed,0.0
O0011663,C000373,2026-06-26,,Completed,6.99
O0011664,C002405,2026-06-26,,Completed,4.99
O0011665,C002297,2026-06-26,,Completed,0.0
O0011666,C002434,2026-06-26,PROMO_LATE,Completed,0.0
O0011667,C001497,2026-06-26,,Completed,0.0
O0011668,C001673,2026-06-26,,Completed,4.99
O0011669,C000035,2026-06-26,,Completed,9.99
O0011670,C002198,2026-06-26,PROMO_LATE,Completed,0.0
O0011671,C000656,2026-06-26,PROMO_LATE,Completed,4.99
O0011672,C001395,2026-06-26,PROMO_LATE,Completed,4.99
O0011673,C002306,2026-06-26,,Completed,6.99
O0011674,C002392,2026-06-26,PROMO_LATE,Completed,6.99
O0011675,C001899,2026-06-26,,Completed,0.0
O0011676,C001620,2026-06-26,PROMO_LATE,Completed,0.0
O0011677,C002363,2026-06-26,PROMO_LATE,Completed,0.0
O0011678,C000236,2026-06-26,PROMO_LATE,Completed,0.0
O0011679,C000582,2026-06-26,,Completed,6.99
O0011680,C001997,2026-06-26,PROMO_LATE,Completed,6.99
O0011681,C001013,2026-06-26,PROMO_LATE,Completed,0.0
O0011682,C001618,2026-06-26,,Completed,0.0
O0011683,C002426,2026-06-26,PROMO_LATE,Completed,0.0
O0011684,C000911,2026-06-26,,Completed,9.99
O0011685,C000625,2026-06-26,,Completed,0.0
O0011686,C001190,2026-06-26,,Completed,0.0
O0011687,C001061,2026-06-26,PROMO_LATE,Completed,6.99
O0011688,C000962,2026-06-26,PROMO_LATE,Completed,9.99
O0011689,C001592,2026-06-26,,Completed,0.0
O0011690,C000508,2026-06-26,PROMO_LATE,Completed,0.0
O0011691,C001226,2026-06-26,PROMO_LATE,Completed,0.0
O0011692,C000076,2026-06-26,PROMO_LATE,Completed,0.0
O0011693,C002007,2026-06-26,,Completed,0.0
O0011694,C001090,2026-06-26,,Completed,0.0
O0011695,C001019,2026-06-26,,Completed,6.99
O0011696,C001726,2026-06-26,,Completed,0.0
O0011697,C001399,2026-06-26,PROMO_LATE,Completed,6.99
O0011698,C000854,2026-06-26,,Completed,9.99
O0011699,C002184,2026-06-26,PROMO_LATE,Completed,6.99
O0011700,C002198,2026-06-26,,Completed,0.0
O0011701,C002440,2026-06-26,,Completed,4.99
O0011702,C000064,2026-06-26,,Completed,0.0
O0011703,C002478,2026-06-26,PROMO_LATE,Completed,0.0
O0011704,C000355,2026-06-26,,Completed,0.0
O0011705,C002431,2026-06-26,PROMO_LATE,Completed,6.99
O0011706,C002431,2026-06-26,,Completed,4.99
O0011707,C000089,2026-06-27,,Completed,0.0
O0011708,C000564,2026-06-27,PROMO_LATE,Completed,0.0
O0011709,C000386,2026-06-27,,Completed,0.0
O0011710,C000025,2026-06-27,,Completed,9.99
O0011711,C000456,2026-06-27,PROMO_LATE,Completed,0.0
O0011712,C001426,2026-06-27,PROMO_LATE,Completed,0.0
O0011713,C000422,2026-06-27,PROMO_LATE,Completed,9.99
O0011714,C002475,2026-06-27,,Completed,4.99
O0011715,C002376,2026-06-27,PROMO_LATE,Completed,9.99
O0011716,C001051,2026-06-27,,Completed,0.0
O0011717,C002328,2026-06-27,PROMO_LATE,Completed,0.0
O0011718,C000688,2026-06-27,PROMO_LATE,Completed,6.99
O0011719,C002364,2026-06-27,,Completed,9.99
O0011720,C002184,2026-06-27,,Completed,9.99
O0011721,C000220,2026-06-27,PROMO_LATE,Completed,4.99
O0011722,C000851,2026-06-27,PROMO_LATE,Completed,0.0
O0011723,C001959,2026-06-27,,Completed,9.99
O0011724,C000626,2026-06-27,,Completed,4.99
O0011725,C001672,2026-06-27,,Completed,0.0
O0011726,C002383,2026-06-27,,Completed,0.0
O0011727,C000157,2026-06-27,PROMO_LATE,Completed,9.99
O0011728,C000991,2026-06-27,,Completed,0.0
O0011729,C002365,2026-06-27,,Completed,0.0
O0011730,C002333,2026-06-27,,Completed,9.99
O0011731,C001939,2026-06-27,PROMO_LATE,Completed,6.99
O0011732,C001882,2026-06-27,,Completed,6.99
O0011733,C001166,2026-06-27,PROMO_LATE,Completed,6.99
O0011734,C001335,2026-06-27,,Completed,0.0
O0011735,C001196,2026-06-27,,Completed,9.99
O0011736,C001190,2026-06-27,,Completed,9.99
O0011737,C000050,2026-06-27,,Completed,0.0
O0011738,C001398,2026-06-27,PROMO_LATE,Completed,0.0
O0011739,C001033,2026-06-27,,Completed,0.0
O0011740,C002226,2026-06-27,PROMO_LATE,Completed,9.99
O0011741,C001114,2026-06-27,,Completed,0.0
O0011742,C001256,2026-06-27,,Completed,9.99
O0011743,C002218,2026-06-27,,Completed,9.99
O0011744,C000359,2026-06-27,PROMO_LATE,Completed,0.0
O0011745,C000445,2026-06-27,,Completed,9.99
O0011746,C000866,2026-06-27,PROMO_LATE,Completed,9.99
O0011747,C000962,2026-06-27,,Completed,0.0
O0011748,C000282,2026-06-27,PROMO_LATE,Completed,9.99
O0011749,C000975,2026-06-27,PROMO_LATE,Completed,6.99
O0011750,C001354,2026-06-27,,Completed,9.99
O0011751,C000781,2026-06-27,PROMO_LATE,Completed,6.99
O0011752,C000788,2026-06-27,PROMO_LATE,Completed,0.0
O0011753,C000913,2026-06-27,,Completed,9.99
O0011754,C002401,2026-06-27,,Completed,4.99
O0011755,C001330,2026-06-27,,Completed,0.0
O0011756,C000994,2026-06-27,,Completed,0.0
O0011757,C001026,2026-06-27,,Completed,0.0
O0011758,C002129,2026-06-27,PROMO_LATE,Completed,4.99
O0011759,C000015,2026-06-27,,Completed,0.0
O0011760,C000604,2026-06-27,,Completed,9.99
O0011761,C000591,2026-06-27,,Completed,4.99
O0011762,C001941,2026-06-27,PROMO_LATE,Completed,0.0
O0011763,C000990,2026-06-27,,Completed,9.99
O0011764,C001013,2026-06-27,PROMO_LATE,Completed,0.0
O0011765,C001151,2026-06-27,,Completed,0.0
O0011766,C001486,2026-06-27,,Completed,0.0
O0011767,C002159,2026-06-27,PROMO_LATE,Completed,4.99
O0011768,C000891,2026-06-27,,Completed,0.0
O0011769,C001019,2026-06-27,,Completed,0.0
O0011770,C000852,2026-06-27,,Completed,4.99
O0011771,C000225,2026-06-27,,Completed,6.99
O0011772,C002398,2026-06-27,,Completed,9.99
O0011773,C002247,2026-06-27,,Completed,0.0
O0011774,C000447,2026-06-27,,Completed,0.0
O0011775,C000658,2026-06-27,,Completed,0.0
O0011776,C001118,2026-06-27,,Completed,9.99
O0011777,C001166,2026-06-27,PROMO_LATE,Completed,0.0
O0011778,C001159,2026-06-27,,Completed,0.0
O0011779,C000540,2026-06-27,,Completed,9.99
O0011780,C001595,2026-06-27,PROMO_LATE,Completed,6.99
O0011781,C001803,2026-06-27,,Completed,0.0
O0011782,C002113,2026-06-27,,Completed,4.99
O0011783,C000841,2026-06-27,PROMO_LATE,Completed,6.99
O0011784,C000636,2026-06-27,PROMO_LATE,Completed,0.0
O0011785,C000564,2026-06-28,PROMO_LATE,Completed,0.0
O0011786,C000335,2026-06-28,,Completed,0.0
O0011787,C001242,2026-06-28,,Completed,0.0
O0011788,C000109,2026-06-28,PROMO_LATE,Completed,0.0
O0011789,C001065,2026-06-28,,Completed,0.0
O0011790,C000413,2026-06-28,,Completed,4.99
O0011791,C001709,2026-06-28,,Completed,0.0
O0011792,C001177,2026-06-28,PROMO_LATE,Completed,0.0
O0011793,C001209,2026-06-28,PROMO_LATE,Completed,6.99
O0011794,C000645,2026-06-28,,Completed,0.0
O0011795,C000804,2026-06-28,,Completed,0.0
O0011796,C001300,2026-06-28,PROMO_LATE,Completed,0.0
O0011797,C001574,2026-06-28,,Completed,0.0
O0011798,C000801,2026-06-28,,Completed,6.99
O0011799,C000964,2026-06-28,PROMO_LATE,Completed,0.0
O0011800,C002092,2026-06-28,,Completed,0.0
O0011801,C002068,2026-06-28,PROMO_LATE,Completed,4.99
O0011802,C000029,2026-06-28,,Completed,4.99
O0011803,C002419,2026-06-28,,Completed,0.0
O0011804,C001915,2026-06-28,,Completed,4.99
O0011805,C001667,2026-06-28,,Completed,6.99
O0011806,C002351,2026-06-28,,Completed,0.0
O0011807,C001835,2026-06-28,PROMO_LATE,Completed,4.99
O0011808,C000933,2026-06-28,,Completed,0.0
O0011809,C000341,2026-06-28,PROMO_LATE,Completed,4.99
O0011810,C000687,2026-06-28,,Completed,4.99
O0011811,C000315,2026-06-28,,Completed,0.0
O0011812,C000742,2026-06-28,,Completed,0.0
O0011813,C000608,2026-06-28,,Completed,0.0
O0011814,C001610,2026-06-28,,Completed,6.99
O0011815,C001191,2026-06-28,,Completed,0.0
O0011816,C000686,2026-06-28,,Completed,0.0
O0011817,C001531,2026-06-28,,Completed,9.99
O0011818,C000483,2026-06-28,,Completed,4.99
O0011819,C000064,2026-06-28,PROMO_LATE,Completed,0.0
O0011820,C001083,2026-06-28,,Completed,4.99
O0011821,C001512,2026-06-28,PROMO_LATE,Completed,0.0
O0011822,C001874,2026-06-28,PROMO_LATE,Completed,0.0
O0011823,C000527,2026-06-28,PROMO_LATE,Completed,9.99
O0011824,C001112,2026-06-28,PROMO_LATE,Completed,0.0
O0011825,C001594,2026-06-28,,Completed,4.99
O0011826,C000433,2026-06-28,,Completed,4.99
O0011827,C002459,2026-06-28,PROMO_LATE,Completed,9.99
O0011828,C002406,2026-06-28,PROMO_LATE,Completed,9.99
O0011829,C000051,2026-06-28,PROMO_LATE,Completed,0.0
O0011830,C001387,2026-06-28,,Completed,6.99
O0011831,C002351,2026-06-28,,Completed,4.99
O0011832,C002232,2026-06-28,PROMO_LATE,Completed,6.99
O0011833,C000254,2026-06-28,,Completed,0.0
O0011834,C000347,2026-06-28,PROMO_LATE,Completed,4.99
O0011835,C001642,2026-06-28,PROMO_LATE,Completed,6.99
O0011836,C000705,2026-06-28,,Completed,0.0
O0011837,C001369,2026-06-28,,Completed,6.99
O0011838,C000362,2026-06-28,PROMO_LATE,Completed,0.0
O0011839,C000884,2026-06-28,,Completed,0.0
O0011840,C001157,2026-06-28,,Completed,0.0
O0011841,C001213,2026-06-28,,Completed,4.99
O0011842,C001363,2026-06-28,,Completed,0.0
O0011843,C000897,2026-06-28,PROMO_LATE,Completed,0.0
O0011844,C000782,2026-06-28,,Completed,9.99
O0011845,C000645,2026-06-28,,Completed,0.0
O0011846,C000368,2026-06-28,,Completed,0.0
O0011847,C001471,2026-06-28,,Completed,4.99
O0011848,C000358,2026-06-28,,Completed,0.0
O0011849,C001803,2026-06-28,PROMO_LATE,Completed,6.99
O0011850,C002179,2026-06-28,,Completed,0.0
O0011851,C000234,2026-06-28,,Completed,0.0
O0011852,C000233,2026-06-28,,Completed,0.0
O0011853,C000443,2026-06-28,PROMO_LATE,Completed,4.99
O0011854,C000089,2026-06-28,,Completed,0.0
O0011855,C000037,2026-06-28,,Completed,0.0
O0011856,C000472,2026-06-29,,Completed,9.99
O0011857,C002418,2026-06-29,,Completed,9.99
O0011858,C002282,2026-06-29,PROMO_LATE,Completed,4.99
O0011859,C000276,2026-06-29,,Completed,9.99
O0011860,C000884,2026-06-29,PROMO_LATE,Completed,0.0
O0011861,C002355,2026-06-29,PROMO_LATE,Completed,6.99
O0011862,C001713,2026-06-29,PROMO_LATE,Completed,0.0
O0011863,C000384,2026-06-29,PROMO_LATE,Completed,0.0
O0011864,C001170,2026-06-29,PROMO_LATE,Completed,4.99
O0011865,C000046,2026-06-29,,Completed,0.0
O0011866,C000669,2026-06-29,PROMO_LATE,Completed,0.0
O0011867,C002288,2026-06-29,PROMO_LATE,Completed,0.0
O0011868,C000921,2026-06-29,,Completed,4.99
O0011869,C000476,2026-06-29,,Completed,0.0
O0011870,C000914,2026-06-29,PROMO_LATE,Completed,0.0
O0011871,C001889,2026-06-29,,Completed,0.0
O0011872,C001530,2026-06-29,,Completed,0.0
O0011873,C001318,2026-06-29,PROMO_LATE,Completed,0.0
O0011874,C002460,2026-06-29,,Completed,0.0
O0011875,C001815,2026-06-29,,Completed,6.99
O0011876,C000515,2026-06-29,,Completed,0.0
O0011877,C000695,2026-06-29,PROMO_LATE,Completed,9.99
O0011878,C001435,2026-06-29,,Completed,4.99
O0011879,C002303,2026-06-29,,Completed,0.0
O0011880,C001439,2026-06-29,,Completed,6.99
O0011881,C001314,2026-06-29,PROMO_LATE,Completed,4.99
O0011882,C002255,2026-06-29,,Completed,0.0
O0011883,C001941,2026-06-29,,Completed,0.0
O0011884,C001684,2026-06-29,PROMO_LATE,Completed,0.0
O0011885,C002276,2026-06-29,,Completed,0.0
O0011886,C000327,2026-06-29,PROMO_LATE,Completed,0.0
O0011887,C000407,2026-06-29,,Completed,0.0
O0011888,C000346,2026-06-29,PROMO_LATE,Completed,6.99
O0011889,C001891,2026-06-29,PROMO_LATE,Completed,0.0
O0011890,C001993,2026-06-29,,Completed,0.0
O0011891,C001567,2026-06-29,,Completed,0.0
O0011892,C000033,2026-06-29,,Completed,6.99
O0011893,C000912,2026-06-29,,Completed,9.99
O0011894,C000507,2026-06-29,,Completed,0.0
O0011895,C000292,2026-06-29,PROMO_LATE,Completed,9.99
O0011896,C001530,2026-06-29,,Completed,9.99
O0011897,C000013,2026-06-29,,Completed,4.99
O0011898,C001587,2026-06-29,,Completed,0.0
O0011899,C001303,2026-06-29,,Completed,0.0
O0011900,C000578,2026-06-29,PROMO_LATE,Completed,9.99
O0011901,C001138,2026-06-29,PROMO_LATE,Completed,0.0
O0011902,C001106,2026-06-29,PROMO_LATE,Completed,0.0
O0011903,C001877,2026-06-29,PROMO_LATE,Completed,0.0
O0011904,C000296,2026-06-29,,Completed,0.0
O0011905,C000774,2026-06-29,PROMO_LATE,Completed,9.99
O0011906,C000213,2026-06-29,,Completed,6.99
O0011907,C001374,2026-06-29,,Completed,6.99
O0011908,C001065,2026-06-29,,Completed,9.99
O0011909,C002315,2026-06-29,,Completed,0.0
O0011910,C001609,2026-06-29,,Completed,4.99
O0011911,C001320,2026-06-29,,Completed,0.0
O0011912,C002347,2026-06-29,,Completed,0.0
O0011913,C002415,2026-06-29,,Completed,0.0
O0011914,C000212,2026-06-29,PROMO_LATE,Completed,0.0
O0011915,C002302,2026-06-29,PROMO_LATE,Completed,9.99
O0011916,C000488,2026-06-29,PROMO_LATE,Completed,0.0
O0011917,C001881,2026-06-29,,Completed,0.0
O0011918,C002066,2026-06-29,,Completed,0.0
O0011919,C001461,2026-06-29,,Completed,9.99
O0011920,C000267,2026-06-29,PROMO_LATE,Completed,0.0
O0011921,C001619,2026-06-29,PROMO_LATE,Completed,4.99
O0011922,C000481,2026-06-29,PROMO_LATE,Completed,0.0
O0011923,C000271,2026-06-29,,Completed,0.0
O0011924,C002475,2026-06-29,,Completed,0.0
O0011925,C001360,2026-06-30,,Completed,0.0
O0011926,C000259,2026-06-30,,Completed,0.0
O0011927,C002096,2026-06-30,,Completed,0.0
O0011928,C002344,2026-06-30,,Completed,4.99
O0011929,C002262,2026-06-30,,Completed,0.0
O0011930,C001286,2026-06-30,,Completed,6.99
O0011931,C002051,2026-06-30,,Completed,0.0
O0011932,C000487,2026-06-30,,Completed,0.0
O0011933,C001734,2026-06-30,,Completed,0.0
O0011934,C001595,2026-06-30,,Completed,6.99
O0011935,C000464,2026-06-30,PROMO_LATE,Completed,4.99
O0011936,C000843,2026-06-30,,Completed,0.0
O0011937,C000710,2026-06-30,,Completed,0.0
O0011938,C000818,2026-06-30,,Completed,9.99
O0011939,C000078,2026-06-30,PROMO_LATE,Completed,0.0
O0011940,C001309,2026-06-30,,Completed,9.99
O0011941,C001909,2026-06-30,PROMO_LATE,Completed,0.0
O0011942,C001298,2026-06-30,PROMO_LATE,Completed,0.0
O0011943,C001817,2026-06-30,,Completed,0.0
O0011944,C001385,2026-06-30,,Completed,6.99
O0011945,C000756,2026-06-30,PROMO_LATE,Completed,9.99
O0011946,C001606,2026-06-30,,Completed,0.0
O0011947,C001817,2026-06-30,,Completed,0.0
O0011948,C002353,2026-06-30,,Completed,0.0
O0011949,C002142,2026-06-30,PROMO_LATE,Completed,4.99
O0011950,C000699,2026-06-30,,Completed,6.99
O0011951,C001223,2026-06-30,,Completed,9.99
O0011952,C000169,2026-06-30,,Completed,0.0
O0011953,C001023,2026-06-30,,Completed,0.0
O0011954,C000025,2026-06-30,PROMO_LATE,Completed,4.99
O0011955,C000346,2026-06-30,,Completed,9.99
O0011956,C001790,2026-06-30,,Completed,4.99
O0011957,C001856,2026-06-30,PROMO_LATE,Completed,0.0
O0011958,C001522,2026-06-30,,Completed,0.0
O0011959,C000706,2026-06-30,,Completed,0.0
O0011960,C000929,2026-06-30,,Completed,0.0
O0011961,C002363,2026-06-30,,Completed,0.0
O0011962,C001501,2026-06-30,,Completed,0.0
O0011963,C002187,2026-06-30,,Completed,0.0
O0011964,C001139,2026-06-30,,Completed,0.0
O0011965,C001131,2026-06-30,PROMO_LATE,Completed,6.99
O0011966,C000448,2026-06-30,,Completed,0.0
O0011967,C001781,2026-06-30,,Completed,9.99
O0011968,C001456,2026-06-30,,Completed,0.0
O0011969,C001488,2026-06-30,,Completed,6.99
O0011970,C002273,2026-06-30,,Completed,9.99
O0011971,C002362,2026-06-30,,Completed,0.0
O0011972,C001627,2026-06-30,,Completed,0.0
O0011973,C002184,2026-06-30,,Completed,0.0
O0011974,C000258,2026-06-30,PROMO_LATE,Completed,0.0
O0011975,C000857,2026-06-30,,Completed,0.0
O0011976,C001731,2026-06-30,,Completed,6.99
O0011977,C001340,2026-06-30,,Completed,6.99
O0011978,C001530,2026-06-30,PROMO_LATE,Completed,6.99
O0011979,C000175,2026-06-30,,Completed,0.0
O0011980,C000113,2026-06-30,PROMO_LATE,Completed,0.0
O0011981,C001617,2026-06-30,,Completed,9.99
O0011982,C001894,2026-06-30,,Completed,0.0
O0011983,C002023,2026-06-30,,Completed,9.99
O0011984,C001551,2026-06-30,,Completed,0.0
O0011985,C002098,2026-06-30,,Completed,0.0
O0011986,C002066,2026-06-30,,Completed,9.99
O0011987,C000064,2026-06-30,,Completed,0.0
O0011988,C001421,2026-06-30,,Completed,6.99
O0011989,C001339,2026-06-30,PROMO_LATE,Completed,6.99
O0011990,C001402,2026-06-30,,Completed,0.0
O0011991,C000228,2026-06-30,PROMO_LATE,Completed,9.99
O0011992,C002013,2026-06-30,PROMO_LATE,Completed,0.0
O0011993,C000172,2026-06-30,PROMO_LATE,Completed,0.0
O0011994,C000849,2026-06-30,PROMO_LATE,Completed,0.0
O0011995,C001391,2026-06-30,,Completed,0.0
O0011996,C002162,2026-06-30,,Completed,0.0
O0011997,C001909,2026-06-30,,Completed,0.0
O0011998,C000693,2026-06-30,PROMO_LATE,Completed,6.99
O0011999,C001779,2026-06-30,,Completed,6.99
O0012000,C000989,2026-06-30,,Completed,6.99
