return_id,order_item_id,return_date,return_quantity,return_amount,return_reason
R0000001,OI00000016,2026-01-17,1,65.92,
R0000002,OI00000019,2026-01-28,1,84.73,Changed Mind
R0000003,OI00000031,2026-01-12,1,681.04,
R0000004,OI00000053,2026-01-30,1,137.35,Size or Fit
R0000005,OI00000055,2026-01-09,1,326.23,Damaged
R0000006,OI00000064,2026-01-17,1,100.4,Arrived Late
R0000007,OI00000091,2026-01-09,1,641.83,Arrived Late
R0000008,OI00000109,2026-01-13,1,28.54,Wrong Item
R0000009,OI00000110,2026-01-22,1,437.44,Changed Mind
R0000010,OI00000117,2026-02-04,1,289.52,Not as Described
R0000011,OI00000120,2026-02-02,1,139.55,Size or Fit
R0000012,OI00000126,2026-01-07,1,158.43,Wrong Item
R0000013,OI00000127,2026-02-06,1,61.15,Damaged
R0000014,OI00000128,2026-02-12,1,157.33,Changed Mind
R0000015,OI00000141,2026-01-15,1,68.44,
R0000016,OI00000142,2026-02-02,1,274.09,Changed Mind
R0000017,OI00000153,2026-01-16,1,81.29,Size or Fit
R0000018,OI00000180,2026-01-09,1,275.02,Size or Fit
R0000019,OI00000187,2026-01-27,1,148.85,Arrived Late
R0000020,OI00000188,2026-01-10,1,163.12,
R0000021,OI00000191,2026-01-23,1,133.27,Damaged
R0000022,OI00000200,2026-01-11,1,62.71,
R0000023,OI00000202,2026-01-16,1,23.66,Changed Mind
R0000024,OI00000216,2026-02-14,2,291.54,
R0000025,OI00000223,2026-01-11,1,258.14,Size or Fit
R0000026,OI00000232,2026-02-06,1,61.7,Damaged
R0000027,OI00000241,2026-02-04,1,82.7,Changed Mind
R0000028,OI00000244,2026-02-12,1,81.33,Arrived Late
R0000029,OI00000250,2026-01-19,1,417.18,Damaged
R0000030,OI00000264,2026-01-11,1,279.66,Damaged
R0000031,OI00000265,2026-02-04,1,143.79,Size or Fit
R0000032,OI00000281,2026-01-30,1,83.56,Arrived Late
R0000033,OI00000292,2026-02-01,1,143.46,Wrong Item
R0000034,OI00000295,2026-02-02,1,674.98,Wrong Item
R0000035,OI00000311,2026-01-28,1,28.61,Changed Mind
R0000036,OI00000313,2026-01-22,1,295.47,Arrived Late
R0000037,OI00000319,2026-01-29,1,79.56,
R0000038,OI00000325,2026-02-16,1,692.74,Size or Fit
R0000039,OI00000335,2026-01-28,1,434.46,Damaged
R0000040,OI00000343,2026-01-17,1,114.17,Changed Mind
R0000041,OI00000348,2026-01-24,1,136.91,Changed Mind
R0000042,OI00000358,2026-01-26,1,117.7,Size or Fit
R0000043,OI00000360,2026-02-01,1,657.29,Changed Mind
R0000044,OI00000379,2026-02-06,2,57.06,
R0000045,OI00000381,2026-02-19,1,77.71,Arrived Late
R0000046,OI00000390,2026-02-04,1,121.71,Size or Fit
R0000047,OI00000393,2026-01-14,1,270.45,
R0000048,OI00000410,2026-01-17,1,13.37,Arrived Late
R0000049,OI00000414,2026-02-08,1,80.77,Not as Described
R0000050,OI00000432,2026-02-10,1,289.85,Damaged
R0000051,OI00000439,2026-02-12,1,66.51,Wrong Item
R0000052,OI00000447,2026-01-27,1,74.46,Damaged
R0000053,OI00000465,2026-02-18,1,330.93,Not as Described
R0000054,OI00000470,2026-01-15,1,375.01,Damaged
R0000055,OI00000490,2026-02-18,1,291.53,Changed Mind
R0000056,OI00000492,2026-01-30,1,137.93,Arrived Late
R0000057,OI00000493,2026-01-29,1,120.59,Size or Fit
R0000058,OI00000500,2026-01-25,1,158.16,Not as Described
R0000059,OI00000501,2026-02-05,1,101.97,Changed Mind
R0000060,OI00000533,2026-01-29,1,145.18,Size or Fit
R0000061,OI00000539,2026-02-17,1,117.35,Changed Mind
R0000062,OI00000551,2026-02-12,1,412.64,Not as Described
R0000063,OI00000555,2026-02-11,1,120.37,Not as Described
R0000064,OI00000557,2026-02-13,1,83.51,
R0000065,OI00000567,2026-01-24,1,599.09,Not as Described
R0000066,OI00000592,2026-01-17,1,82.92,Wrong Item
R0000067,OI00000604,2026-02-16,1,120.91,Wrong Item
R0000068,OI00000606,2026-02-12,1,83.89,
R0000069,OI00000619,2026-01-22,1,125.33,Changed Mind
R0000070,OI00000622,2026-01-21,1,234.89,Wrong Item
R0000071,OI00000629,2026-02-08,1,131.4,Not as Described
R0000072,OI00000631,2026-01-27,1,270.07,
R0000073,OI00000636,2026-02-22,1,135.52,Not as Described
R0000074,OI00000638,2026-02-16,1,418.99,Not as Described
R0000075,OI00000639,2026-02-01,1,135.64,Arrived Late
R0000076,OI00000640,2026-02-04,1,126.66,Changed Mind
R0000077,OI00000641,2026-02-09,1,539.16,Damaged
R0000078,OI00000652,2026-01-16,1,264.39,Changed Mind
R0000079,OI00000660,2026-01-27,1,124.38,Size or Fit
R0000080,OI00000668,2026-02-21,1,144.36,Changed Mind
R0000081,OI00000671,2026-01-28,1,253.56,Damaged
R0000082,OI00000678,2026-02-20,2,158.7,Damaged
R0000083,OI00000685,2026-01-22,1,63.16,Damaged
R0000084,OI00000686,2026-01-18,1,357.38,Size or Fit
R0000085,OI00000687,2026-01-23,1,142.76,Wrong Item
R0000086,OI00000692,2026-01-19,1,133.29,Arrived Late
R0000087,OI00000699,2026-02-07,1,255.93,Damaged
R0000088,OI00000702,2026-02-10,1,75.52,Changed Mind
R0000089,OI00000703,2026-01-25,1,226.89,Changed Mind
R0000090,OI00000747,2026-01-31,1,52.35,
R0000091,OI00000751,2026-01-23,2,38.92,Damaged
R0000092,OI00000767,2026-01-22,1,67.47,Size or Fit
R0000093,OI00000773,2026-01-31,1,365.26,Changed Mind
R0000094,OI00000776,2026-02-03,1,76.32,Size or Fit
R0000095,OI00000778,2026-02-01,1,79.41,
R0000096,OI00000782,2026-01-26,1,68.88,Wrong Item
R0000097,OI00000783,2026-02-08,1,189.54,Changed Mind
R0000098,OI00000830,2026-01-31,1,14.19,Wrong Item
R0000099,OI00000831,2026-01-27,1,83.31,
R0000100,OI00000846,2026-02-05,1,133.93,Changed Mind
R0000101,OI00000848,2026-01-16,1,80.28,Wrong Item
R0000102,OI00000849,2026-02-20,1,150.52,Size or Fit
R0000103,OI00000850,2026-01-20,1,121.23,Damaged
R0000104,OI00000870,2026-02-09,1,267.98,Size or Fit
R0000105,OI00000883,2026-01-19,1,679.04,Size or Fit
R0000106,OI00000885,2026-02-14,1,66.98,Changed Mind
R0000107,OI00000887,2026-02-17,1,66.82,Size or Fit
R0000108,OI00000893,2026-01-23,1,105.17,Not as Described
R0000109,OI00000940,2026-01-25,1,267.01,Changed Mind
R0000110,OI00000942,2026-01-26,1,113.03,Size or Fit
R0000111,OI00000947,2026-01-26,1,397.82,Changed Mind
R0000112,OI00000958,2026-01-28,1,618.58,
R0000113,OI00000962,2026-02-13,1,420.77,Not as Described
R0000114,OI00000970,2026-02-10,1,247.11,Size or Fit
R0000115,OI00000974,2026-01-23,1,275.83,Changed Mind
R0000116,OI00000975,2026-02-19,1,111.6,Damaged
R0000117,OI00000976,2026-02-08,1,12.0,
R0000118,OI00000984,2026-02-21,1,149.28,
R0000119,OI00000986,2026-02-15,1,148.71,Wrong Item
R0000120,OI00000995,2026-01-24,1,81.78,Changed Mind
R0000121,OI00001006,2026-02-13,1,80.6,Size or Fit
R0000122,OI00001013,2026-02-11,1,121.39,
R0000123,OI00001023,2026-02-12,2,244.26,Damaged
R0000124,OI00001031,2026-02-18,1,23.79,Size or Fit
R0000125,OI00001049,2026-02-20,2,130.08,Damaged
R0000126,OI00001055,2026-02-02,1,311.72,Damaged
R0000127,OI00001062,2026-02-03,1,682.3,Changed Mind
R0000128,OI00001070,2026-01-18,1,82.7,Size or Fit
R0000129,OI00001073,2026-02-16,1,336.94,
R0000130,OI00001078,2026-02-25,1,652.45,Not as Described
R0000131,OI00001085,2026-02-10,1,265.28,
R0000132,OI00001086,2026-01-19,1,67.71,Not as Described
R0000133,OI00001101,2026-02-15,1,80.68,Wrong Item
R0000134,OI00001106,2026-02-25,1,111.87,Size or Fit
R0000135,OI00001112,2026-02-24,1,30.61,
R0000136,OI00001125,2026-02-15,1,145.93,
R0000137,OI00001126,2026-02-16,1,409.14,Size or Fit
R0000138,OI00001155,2026-01-21,1,77.19,Changed Mind
R0000139,OI00001159,2026-02-14,1,107.98,Arrived Late
R0000140,OI00001161,2026-02-25,1,63.82,Changed Mind
R0000141,OI00001166,2026-02-10,1,50.55,Size or Fit
R0000142,OI00001170,2026-01-26,1,111.47,Size or Fit
R0000143,OI00001180,2026-01-17,1,157.92,Wrong Item
R0000144,OI00001182,2026-01-30,2,1624.4,Not as Described
R0000145,OI00001195,2026-01-30,1,88.24,Changed Mind
R0000146,OI00001200,2026-01-29,1,403.88,Size or Fit
R0000147,OI00001206,2026-01-31,1,320.72,Not as Described
R0000148,OI00001214,2026-02-25,1,86.78,Changed Mind
R0000149,OI00001220,2026-02-15,1,100.04,Arrived Late
R0000150,OI00001228,2026-01-18,1,253.88,Size or Fit
R0000151,OI00001229,2026-01-26,1,82.98,Changed Mind
R0000152,OI00001237,2026-02-19,1,86.72,Damaged
R0000153,OI00001240,2026-02-16,1,74.81,Damaged
R0000154,OI00001242,2026-01-31,1,143.55,Size or Fit
R0000155,OI00001244,2026-02-01,1,74.57,Size or Fit
R0000156,OI00001246,2026-02-02,1,127.08,Size or Fit
R0000157,OI00001254,2026-01-30,1,109.6,Changed Mind
R0000158,OI00001265,2026-02-04,1,424.52,Damaged
R0000159,OI00001273,2026-02-24,1,282.22,Changed Mind
R0000160,OI00001286,2026-02-03,1,83.87,Changed Mind
R0000161,OI00001287,2026-02-08,1,74.78,Size or Fit
R0000162,OI00001301,2026-02-19,1,260.8,Damaged
R0000163,OI00001303,2026-01-19,1,490.1,Changed Mind
R0000164,OI00001308,2026-01-18,1,272.83,Arrived Late
R0000165,OI00001316,2026-02-20,1,83.08,Changed Mind
R0000166,OI00001325,2026-01-27,1,242.08,Changed Mind
R0000167,OI00001345,2026-02-12,1,145.68,
R0000168,OI00001347,2026-02-15,1,261.64,Not as Described
R0000169,OI00001351,2026-02-12,1,486.49,Arrived Late
R0000170,OI00001361,2026-02-06,1,143.65,Wrong Item
R0000171,OI00001364,2026-02-02,1,99.56,Size or Fit
R0000172,OI00001366,2026-01-19,1,81.22,Changed Mind
R0000173,OI00001367,2026-02-05,1,476.16,Not as Described
R0000174,OI00001369,2026-02-08,1,141.1,Not as Described
R0000175,OI00001370,2026-01-19,1,272.36,Not as Described
R0000176,OI00001385,2026-02-18,1,19.64,
R0000177,OI00001400,2026-02-18,1,109.24,Size or Fit
R0000178,OI00001429,2026-02-17,1,150.57,
R0000179,OI00001434,2026-01-23,1,118.48,Wrong Item
R0000180,OI00001435,2026-01-31,1,111.95,Changed Mind
R0000181,OI00001456,2026-02-03,1,102.34,Wrong Item
R0000182,OI00001459,2026-02-27,1,158.21,Size or Fit
R0000183,OI00001467,2026-02-04,1,144.96,Damaged
R0000184,OI00001476,2026-02-04,1,145.17,
R0000185,OI00001477,2026-01-26,1,79.44,Size or Fit
R0000186,OI00001481,2026-03-01,1,429.26,Damaged
R0000187,OI00001484,2026-01-30,1,627.61,
R0000188,OI00001490,2026-02-02,1,214.34,
R0000189,OI00001496,2026-02-09,1,87.72,Changed Mind
R0000190,OI00001511,2026-02-23,1,144.76,Damaged
R0000191,OI00001522,2026-02-15,1,125.33,Size or Fit
R0000192,OI00001523,2026-02-24,1,117.14,
R0000193,OI00001532,2026-02-12,1,144.85,
R0000194,OI00001540,2026-02-24,1,136.51,Changed Mind
R0000195,OI00001561,2026-02-26,1,156.96,
R0000196,OI00001571,2026-01-31,1,103.93,Size or Fit
R0000197,OI00001576,2026-03-01,1,141.11,
R0000198,OI00001582,2026-01-29,1,150.96,Size or Fit
R0000199,OI00001607,2026-02-11,1,71.37,Size or Fit
R0000200,OI00001608,2026-01-25,1,266.03,Damaged
R0000201,OI00001621,2026-01-22,1,126.45,Not as Described
R0000202,OI00001636,2026-01-26,1,123.39,
R0000203,OI00001642,2026-02-13,1,82.66,Not as Described
R0000204,OI00001649,2026-02-20,1,123.58,Changed Mind
R0000205,OI00001651,2026-02-13,1,67.78,Size or Fit
R0000206,OI00001654,2026-02-22,1,136.77,
R0000207,OI00001668,2026-01-24,1,52.81,Size or Fit
R0000208,OI00001695,2026-03-02,1,138.71,Changed Mind
R0000209,OI00001699,2026-02-11,1,189.85,Size or Fit
R0000210,OI00001700,2026-02-03,1,659.39,Changed Mind
R0000211,OI00001710,2026-01-22,1,76.78,Size or Fit
R0000212,OI00001711,2026-02-10,1,147.87,Not as Described
R0000213,OI00001720,2026-02-20,2,602.85,
R0000214,OI00001725,2026-02-25,1,76.17,Size or Fit
R0000215,OI00001734,2026-02-14,1,79.37,Changed Mind
R0000216,OI00001740,2026-02-16,1,143.26,Not as Described
R0000217,OI00001745,2026-02-11,1,139.16,Size or Fit
R0000218,OI00001746,2026-02-05,1,127.59,Size or Fit
R0000219,OI00001754,2026-01-24,1,266.96,
R0000220,OI00001773,2026-02-21,2,186.2,
R0000221,OI00001800,2026-01-30,1,249.2,Size or Fit
R0000222,OI00001812,2026-02-04,1,141.78,Changed Mind
R0000223,OI00001813,2026-02-27,1,62.85,Not as Described
R0000224,OI00001814,2026-03-04,1,113.04,
R0000225,OI00001815,2026-01-31,1,46.79,
R0000226,OI00001822,2026-02-17,1,125.29,
R0000227,OI00001832,2026-02-27,1,62.26,Wrong Item
R0000228,OI00001860,2026-02-20,1,62.08,Size or Fit
R0000229,OI00001865,2026-02-10,1,229.81,Changed Mind
R0000230,OI00001874,2026-02-15,1,139.11,Arrived Late
R0000231,OI00001884,2026-02-28,1,106.62,Size or Fit
R0000232,OI00001911,2026-02-14,1,107.99,Changed Mind
R0000233,OI00001912,2026-02-23,1,75.06,Changed Mind
R0000234,OI00001913,2026-02-06,1,110.78,
R0000235,OI00001914,2026-02-23,1,674.82,Not as Described
R0000236,OI00001929,2026-03-01,2,628.58,Size or Fit
R0000237,OI00001942,2026-02-15,1,115.03,Size or Fit
R0000238,OI00001953,2026-02-08,1,90.22,Damaged
R0000239,OI00001955,2026-02-23,1,14.1,Changed Mind
R0000240,OI00001966,2026-01-25,1,111.43,Size or Fit
R0000241,OI00001967,2026-02-24,1,52.32,Changed Mind
R0000242,OI00001980,2026-01-28,1,28.95,Arrived Late
R0000243,OI00001983,2026-02-05,1,82.0,
R0000244,OI00001985,2026-02-22,2,280.2,Size or Fit
R0000245,OI00001995,2026-01-30,1,82.15,Not as Described
R0000246,OI00002006,2026-02-22,1,132.78,Size or Fit
R0000247,OI00002010,2026-02-24,1,126.19,Damaged
R0000248,OI00002015,2026-01-25,1,414.76,Size or Fit
R0000249,OI00002021,2026-02-23,1,154.35,Size or Fit
R0000250,OI00002028,2026-02-08,1,66.04,Changed Mind
R0000251,OI00002029,2026-02-17,1,322.9,Size or Fit
R0000252,OI00002066,2026-02-05,1,460.58,Not as Described
R0000253,OI00002067,2026-01-29,2,303.24,Changed Mind
R0000254,OI00002069,2026-02-22,1,405.03,Arrived Late
R0000255,OI00002070,2026-02-16,1,80.08,Changed Mind
R0000256,OI00002086,2026-02-12,1,105.45,Damaged
R0000257,OI00002104,2026-03-03,1,677.97,Changed Mind
R0000258,OI00002116,2026-02-26,1,78.96,Arrived Late
R0000259,OI00002121,2026-02-15,1,114.35,Size or Fit
R0000260,OI00002142,2026-02-19,1,157.25,Wrong Item
R0000261,OI00002166,2026-02-05,2,242.42,Size or Fit
R0000262,OI00002168,2026-02-02,1,19.03,Not as Described
R0000263,OI00002172,2026-03-06,1,800.33,Changed Mind
R0000264,OI00002173,2026-01-31,1,132.54,
R0000265,OI00002184,2026-02-10,1,86.38,Size or Fit
R0000266,OI00002187,2026-02-13,1,120.82,Arrived Late
R0000267,OI00002200,2026-02-25,2,276.6,Not as Described
R0000268,OI00002206,2026-02-16,1,88.05,Size or Fit
R0000269,OI00002225,2026-01-29,2,1559.22,Not as Described
R0000270,OI00002231,2026-01-30,1,268.66,Changed Mind
R0000271,OI00002239,2026-01-29,1,45.09,Wrong Item
R0000272,OI00002244,2026-02-13,1,337.55,Changed Mind
R0000273,OI00002250,2026-02-20,1,561.09,
R0000274,OI00002251,2026-02-13,1,104.65,
R0000275,OI00002270,2026-02-12,1,160.31,Changed Mind
R0000276,OI00002278,2026-03-01,1,60.5,Arrived Late
R0000277,OI00002284,2026-02-24,1,48.38,Changed Mind
R0000278,OI00002293,2026-01-31,1,83.21,Not as Described
R0000279,OI00002296,2026-02-18,1,110.22,Size or Fit
R0000280,OI00002310,2026-01-30,1,140.03,Arrived Late
R0000281,OI00002312,2026-03-07,1,76.18,Changed Mind
R0000282,OI00002319,2026-02-18,1,125.03,Size or Fit
R0000283,OI00002335,2026-03-08,1,67.77,Changed Mind
R0000284,OI00002337,2026-03-04,1,111.1,Changed Mind
R0000285,OI00002356,2026-01-29,1,100.31,Changed Mind
R0000286,OI00002368,2026-02-17,2,183.27,Not as Described
R0000287,OI00002376,2026-02-21,1,86.57,
R0000288,OI00002378,2026-02-04,1,654.58,
R0000289,OI00002387,2026-02-26,1,82.35,Size or Fit
R0000290,OI00002407,2026-03-05,1,59.02,Changed Mind
R0000291,OI00002413,2026-02-14,2,149.65,Size or Fit
R0000292,OI00002414,2026-02-17,1,268.38,Changed Mind
R0000293,OI00002415,2026-03-11,1,240.16,Not as Described
R0000294,OI00002416,2026-02-23,1,129.14,Not as Described
R0000295,OI00002425,2026-03-02,1,130.47,Size or Fit
R0000296,OI00002428,2026-01-31,1,186.64,Arrived Late
R0000297,OI00002433,2026-02-25,1,140.94,Not as Described
R0000298,OI00002434,2026-02-27,1,153.44,Size or Fit
R0000299,OI00002463,2026-02-23,1,485.44,Arrived Late
R0000300,OI00002475,2026-02-03,3,369.81,
R0000301,OI00002489,2026-02-04,1,60.55,Damaged
R0000302,OI00002498,2026-02-21,1,68.36,Not as Described
R0000303,OI00002502,2026-02-07,1,63.97,Size or Fit
R0000304,OI00002505,2026-02-27,1,143.12,Size or Fit
R0000305,OI00002507,2026-02-08,1,493.38,Size or Fit
R0000306,OI00002513,2026-01-31,1,78.34,Arrived Late
R0000307,OI00002514,2026-02-17,1,65.87,Wrong Item
R0000308,OI00002521,2026-02-06,1,602.51,Changed Mind
R0000309,OI00002551,2026-02-09,1,119.09,Damaged
R0000310,OI00002555,2026-02-14,2,840.22,Changed Mind
R0000311,OI00002564,2026-02-02,1,75.49,Size or Fit
R0000312,OI00002571,2026-02-28,1,79.12,Size or Fit
R0000313,OI00002586,2026-02-16,1,79.68,Size or Fit
R0000314,OI00002622,2026-02-08,1,147.27,Damaged
R0000315,OI00002629,2026-02-11,1,79.83,Damaged
R0000316,OI00002646,2026-02-06,2,294.5,Damaged
R0000317,OI00002649,2026-02-14,1,588.37,Not as Described
R0000318,OI00002657,2026-02-25,1,52.77,Changed Mind
R0000319,OI00002674,2026-02-17,1,80.85,Changed Mind
R0000320,OI00002683,2026-03-09,1,152.64,Size or Fit
R0000321,OI00002700,2026-02-13,1,83.95,
R0000322,OI00002709,2026-02-08,1,102.19,Size or Fit
R0000323,OI00002721,2026-02-23,1,127.87,Wrong Item
R0000324,OI00002727,2026-02-21,2,1156.27,Changed Mind
R0000325,OI00002760,2026-02-13,1,103.02,Changed Mind
R0000326,OI00002761,2026-02-08,1,83.91,Arrived Late
R0000327,OI00002778,2026-02-24,1,383.49,Changed Mind
R0000328,OI00002798,2026-03-11,2,269.3,Not as Described
R0000329,OI00002808,2026-02-28,1,85.5,
R0000330,OI00002816,2026-02-19,1,28.45,Damaged
R0000331,OI00002841,2026-03-16,1,346.4,
R0000332,OI00002844,2026-02-07,1,503.25,
R0000333,OI00002848,2026-02-04,1,434.38,Changed Mind
R0000334,OI00002861,2026-03-05,1,369.94,Not as Described
R0000335,OI00002873,2026-03-09,1,123.24,Size or Fit
R0000336,OI00002901,2026-02-17,1,657.99,Changed Mind
R0000337,OI00002905,2026-02-08,1,146.36,Changed Mind
R0000338,OI00002913,2026-03-13,1,685.8,Changed Mind
R0000339,OI00002923,2026-02-17,1,75.52,Wrong Item
R0000340,OI00002926,2026-03-13,1,75.81,Changed Mind
R0000341,OI00002927,2026-03-07,1,108.87,
R0000342,OI00002928,2026-02-21,1,143.72,Size or Fit
R0000343,OI00002941,2026-03-12,1,123.91,Damaged
R0000344,OI00002945,2026-03-11,1,235.69,Size or Fit
R0000345,OI00002949,2026-02-09,1,14.16,
R0000346,OI00002962,2026-03-15,1,123.34,Size or Fit
R0000347,OI00002970,2026-03-15,1,270.01,Arrived Late
R0000348,OI00002991,2026-03-13,2,953.18,Arrived Late
R0000349,OI00003010,2026-02-05,1,260.17,Size or Fit
R0000350,OI00003012,2026-03-04,1,401.28,
R0000351,OI00003013,2026-03-07,1,83.75,Size or Fit
R0000352,OI00003026,2026-02-12,1,83.14,Damaged
R0000353,OI00003027,2026-02-11,1,152.87,Wrong Item
R0000354,OI00003039,2026-02-07,1,622.96,
R0000355,OI00003047,2026-02-19,1,81.21,Damaged
R0000356,OI00003052,2026-02-17,1,272.06,Not as Described
R0000357,OI00003066,2026-03-06,1,122.64,Not as Described
R0000358,OI00003072,2026-02-15,1,143.92,Size or Fit
R0000359,OI00003073,2026-03-18,1,382.0,Wrong Item
R0000360,OI00003074,2026-02-14,1,60.01,Size or Fit
R0000361,OI00003080,2026-03-14,1,76.17,
R0000362,OI00003084,2026-02-13,1,124.28,Damaged
R0000363,OI00003101,2026-02-25,1,125.93,Arrived Late
R0000364,OI00003103,2026-03-18,1,84.76,Changed Mind
R0000365,OI00003111,2026-02-16,1,289.62,Size or Fit
R0000366,OI00003120,2026-02-18,1,64.68,
R0000367,OI00003137,2026-02-22,1,73.58,Not as Described
R0000368,OI00003141,2026-02-07,1,177.0,Arrived Late
R0000369,OI00003157,2026-03-09,1,156.85,Damaged
R0000370,OI00003169,2026-02-09,1,120.21,Size or Fit
R0000371,OI00003170,2026-02-13,1,62.1,Size or Fit
R0000372,OI00003209,2026-03-15,2,221.06,Size or Fit
R0000373,OI00003214,2026-02-08,1,30.84,Size or Fit
R0000374,OI00003236,2026-02-16,1,101.56,Arrived Late
R0000375,OI00003242,2026-02-22,1,153.56,Size or Fit
R0000376,OI00003249,2026-02-23,1,137.17,Wrong Item
R0000377,OI00003256,2026-03-18,1,122.94,
R0000378,OI00003264,2026-03-09,1,75.4,Damaged
R0000379,OI00003274,2026-03-01,1,267.49,Arrived Late
R0000380,OI00003275,2026-03-05,1,83.6,Size or Fit
R0000381,OI00003277,2026-02-23,1,30.73,
R0000382,OI00003294,2026-03-10,1,125.23,Changed Mind
R0000383,OI00003295,2026-02-25,1,79.99,Size or Fit
R0000384,OI00003302,2026-03-04,1,128.11,Wrong Item
R0000385,OI00003308,2026-02-21,1,127.14,Damaged
R0000386,OI00003310,2026-03-06,1,83.06,
R0000387,OI00003311,2026-03-07,1,30.52,Damaged
R0000388,OI00003315,2026-02-27,1,45.9,Damaged
R0000389,OI00003320,2026-02-09,1,613.47,Wrong Item
R0000390,OI00003326,2026-03-15,1,662.24,Changed Mind
R0000391,OI00003327,2026-03-08,1,27.78,Not as Described
R0000392,OI00003336,2026-03-17,1,780.15,Not as Described
R0000393,OI00003345,2026-02-16,1,153.09,Changed Mind
R0000394,OI00003353,2026-03-10,2,808.46,Damaged
R0000395,OI00003363,2026-02-23,1,82.97,Size or Fit
R0000396,OI00003366,2026-02-16,2,163.94,Size or Fit
R0000397,OI00003368,2026-03-18,1,151.57,Size or Fit
R0000398,OI00003413,2026-02-25,1,97.3,Size or Fit
R0000399,OI00003416,2026-03-12,1,79.9,Size or Fit
R0000400,OI00003419,2026-02-14,1,73.09,Size or Fit
R0000401,OI00003430,2026-03-17,1,80.94,Changed Mind
R0000402,OI00003439,2026-02-18,1,75.96,Not as Described
R0000403,OI00003442,2026-02-10,1,134.46,
R0000404,OI00003448,2026-03-11,1,69.78,Arrived Late
R0000405,OI00003461,2026-03-10,1,317.1,Size or Fit
R0000406,OI00003463,2026-03-01,1,66.21,Arrived Late
R0000407,OI00003470,2026-02-28,1,137.39,Damaged
R0000408,OI00003474,2026-02-15,1,112.19,
R0000409,OI00003477,2026-02-19,1,125.73,Size or Fit
R0000410,OI00003482,2026-03-05,1,66.82,Not as Described
R0000411,OI00003484,2026-02-10,1,145.57,Wrong Item
R0000412,OI00003491,2026-02-18,1,122.27,
R0000413,OI00003495,2026-02-13,1,57.88,Arrived Late
R0000414,OI00003502,2026-03-06,1,81.98,
R0000415,OI00003509,2026-03-02,1,158.27,
R0000416,OI00003511,2026-02-18,1,293.02,Wrong Item
R0000417,OI00003543,2026-03-08,1,81.64,Size or Fit
R0000418,OI00003544,2026-02-17,1,114.45,Size or Fit
R0000419,OI00003550,2026-03-23,1,136.27,Changed Mind
R0000420,OI00003559,2026-02-13,1,141.96,Changed Mind
R0000421,OI00003584,2026-02-17,1,433.05,
R0000422,OI00003588,2026-03-17,1,139.9,Arrived Late
R0000423,OI00003611,2026-02-11,1,87.47,Size or Fit
R0000424,OI00003617,2026-03-20,1,155.52,Size or Fit
R0000425,OI00003629,2026-03-02,1,161.95,
R0000426,OI00003633,2026-03-18,1,120.34,Arrived Late
R0000427,OI00003640,2026-03-20,1,148.02,Wrong Item
R0000428,OI00003657,2026-03-19,1,81.66,Size or Fit
R0000429,OI00003658,2026-03-05,1,142.17,
R0000430,OI00003671,2026-02-26,1,338.76,Damaged
R0000431,OI00003677,2026-03-03,2,519.38,Changed Mind
R0000432,OI00003700,2026-02-19,1,45.03,Wrong Item
R0000433,OI00003713,2026-03-15,1,124.93,Wrong Item
R0000434,OI00003724,2026-02-21,1,273.09,Arrived Late
R0000435,OI00003744,2026-02-18,1,93.15,Wrong Item
R0000436,OI00003748,2026-03-15,1,371.23,
R0000437,OI00003757,2026-02-16,1,69.26,Changed Mind
R0000438,OI00003790,2026-02-22,1,353.6,Size or Fit
R0000439,OI00003797,2026-02-20,1,161.36,Changed Mind
R0000440,OI00003807,2026-03-04,2,164.2,Not as Described
R0000441,OI00003810,2026-03-02,1,126.17,Damaged
R0000442,OI00003813,2026-03-10,2,699.43,
R0000443,OI00003814,2026-03-02,1,124.07,Changed Mind
R0000444,OI00003833,2026-03-04,2,183.06,Changed Mind
R0000445,OI00003849,2026-03-23,1,109.71,Damaged
R0000446,OI00003866,2026-02-23,1,81.82,Size or Fit
R0000447,OI00003868,2026-03-25,1,81.12,Damaged
R0000448,OI00003870,2026-03-07,1,150.82,Not as Described
R0000449,OI00003879,2026-03-01,1,447.01,Size or Fit
R0000450,OI00003895,2026-03-10,1,443.77,Arrived Late
R0000451,OI00003929,2026-03-15,1,363.25,Changed Mind
R0000452,OI00003936,2026-02-25,1,30.17,Changed Mind
R0000453,OI00003938,2026-03-21,1,76.27,Wrong Item
R0000454,OI00003951,2026-02-27,2,171.32,Changed Mind
R0000455,OI00003953,2026-03-15,1,67.86,Size or Fit
R0000456,OI00003961,2026-03-19,1,124.27,
R0000457,OI00003963,2026-02-27,1,150.58,Changed Mind
R0000458,OI00003965,2026-03-25,1,67.36,Changed Mind
R0000459,OI00003973,2026-03-14,1,320.3,Arrived Late
R0000460,OI00003986,2026-03-11,1,74.7,Wrong Item
R0000461,OI00003987,2026-03-19,1,11.71,Changed Mind
R0000462,OI00003997,2026-03-13,2,282.2,Changed Mind
R0000463,OI00004024,2026-03-11,1,284.74,Size or Fit
R0000464,OI00004028,2026-03-27,1,290.22,Arrived Late
R0000465,OI00004036,2026-03-16,2,297.26,
R0000466,OI00004039,2026-03-25,1,642.76,Damaged
R0000467,OI00004061,2026-03-15,2,310.1,Changed Mind
R0000468,OI00004062,2026-03-02,1,113.16,
R0000469,OI00004082,2026-03-28,1,83.24,Size or Fit
R0000470,OI00004086,2026-03-10,1,108.99,Changed Mind
R0000471,OI00004126,2026-02-18,1,83.66,Wrong Item
R0000472,OI00004143,2026-02-18,1,117.46,
R0000473,OI00004145,2026-03-10,1,79.24,Size or Fit
R0000474,OI00004154,2026-03-24,1,321.58,Changed Mind
R0000475,OI00004157,2026-03-19,1,119.86,Size or Fit
R0000476,OI00004167,2026-03-12,1,254.41,Changed Mind
R0000477,OI00004193,2026-03-03,1,117.44,Size or Fit
R0000478,OI00004202,2026-03-15,1,265.61,Damaged
R0000479,OI00004216,2026-02-22,1,51.4,Not as Described
R0000480,OI00004219,2026-03-21,1,29.05,Size or Fit
R0000481,OI00004226,2026-03-04,1,121.33,Damaged
R0000482,OI00004231,2026-03-27,1,106.15,Wrong Item
R0000483,OI00004232,2026-03-14,1,621.87,Size or Fit
R0000484,OI00004240,2026-02-28,1,66.03,Damaged
R0000485,OI00004245,2026-03-14,1,84.11,Changed Mind
R0000486,OI00004262,2026-03-10,1,74.42,Wrong Item
R0000487,OI00004275,2026-03-04,1,169.12,Damaged
R0000488,OI00004281,2026-03-18,1,639.68,Size or Fit
R0000489,OI00004295,2026-03-16,1,145.61,Not as Described
R0000490,OI00004300,2026-02-18,1,69.95,Damaged
R0000491,OI00004303,2026-03-21,1,661.57,Changed Mind
R0000492,OI00004305,2026-02-21,1,422.18,Not as Described
R0000493,OI00004310,2026-03-21,1,118.27,Not as Described
R0000494,OI00004312,2026-03-22,1,118.83,Damaged
R0000495,OI00004315,2026-03-26,1,121.73,Size or Fit
R0000496,OI00004319,2026-03-12,1,73.67,Size or Fit
R0000497,OI00004328,2026-02-19,1,136.26,Arrived Late
R0000498,OI00004336,2026-03-01,1,682.94,Wrong Item
R0000499,OI00004347,2026-03-23,1,124.74,Arrived Late
R0000500,OI00004351,2026-03-18,1,121.56,Changed Mind
R0000501,OI00004359,2026-02-28,1,67.5,Changed Mind
R0000502,OI00004363,2026-03-05,1,133.24,Size or Fit
R0000503,OI00004371,2026-02-20,2,165.12,Changed Mind
R0000504,OI00004395,2026-02-19,1,151.66,Size or Fit
R0000505,OI00004397,2026-03-01,1,71.82,
R0000506,OI00004398,2026-03-02,1,103.48,Changed Mind
R0000507,OI00004404,2026-03-18,2,158.72,Size or Fit
R0000508,OI00004413,2026-03-04,1,126.42,Damaged
R0000509,OI00004425,2026-03-08,1,114.0,Not as Described
R0000510,OI00004439,2026-02-22,1,126.76,
R0000511,OI00004461,2026-03-14,1,119.13,Changed Mind
R0000512,OI00004466,2026-03-20,1,146.35,Damaged
R0000513,OI00004472,2026-03-18,1,156.58,Size or Fit
R0000514,OI00004474,2026-03-29,1,65.22,Not as Described
R0000515,OI00004479,2026-03-09,1,131.01,Arrived Late
R0000516,OI00004489,2026-02-26,1,112.78,
R0000517,OI00004530,2026-02-24,1,276.02,Changed Mind
R0000518,OI00004533,2026-03-21,1,679.73,Not as Described
R0000519,OI00004537,2026-03-01,1,16.35,Wrong Item
R0000520,OI00004557,2026-03-07,1,108.39,Size or Fit
R0000521,OI00004560,2026-02-23,1,112.94,Changed Mind
R0000522,OI00004567,2026-02-20,1,27.36,Size or Fit
R0000523,OI00004584,2026-03-05,1,447.96,Wrong Item
R0000524,OI00004594,2026-03-04,1,632.81,
R0000525,OI00004599,2026-03-12,1,72.22,Wrong Item
R0000526,OI00004605,2026-03-01,1,70.49,
R0000527,OI00004610,2026-02-20,1,289.65,Wrong Item
R0000528,OI00004613,2026-02-24,1,318.04,
R0000529,OI00004615,2026-03-18,1,616.4,Damaged
R0000530,OI00004621,2026-02-24,1,149.69,Damaged
R0000531,OI00004633,2026-03-14,1,127.72,Size or Fit
R0000532,OI00004634,2026-03-13,1,124.0,Arrived Late
R0000533,OI00004637,2026-02-21,1,102.49,Changed Mind
R0000534,OI00004640,2026-03-12,1,543.31,Size or Fit
R0000535,OI00004665,2026-03-13,1,82.83,Changed Mind
R0000536,OI00004668,2026-03-15,2,246.22,
R0000537,OI00004670,2026-03-03,1,12.58,Arrived Late
R0000538,OI00004683,2026-03-04,1,60.13,Changed Mind
R0000539,OI00004684,2026-02-28,2,318.42,Size or Fit
R0000540,OI00004692,2026-03-16,1,683.64,Damaged
R0000541,OI00004693,2026-03-04,1,142.14,Changed Mind
R0000542,OI00004695,2026-02-23,1,779.11,Size or Fit
R0000543,OI00004697,2026-03-06,1,271.0,Arrived Late
R0000544,OI00004706,2026-03-05,1,248.65,Arrived Late
R0000545,OI00004712,2026-03-20,1,140.29,
R0000546,OI00004717,2026-02-23,1,72.14,
R0000547,OI00004718,2026-03-04,1,125.95,Not as Described
R0000548,OI00004735,2026-03-22,1,628.86,Not as Described
R0000549,OI00004740,2026-03-14,1,428.03,Not as Described
R0000550,OI00004751,2026-02-28,1,12.54,Size or Fit
R0000551,OI00004752,2026-02-28,1,93.21,Damaged
R0000552,OI00004759,2026-03-03,1,126.78,Not as Described
R0000553,OI00004771,2026-03-02,1,164.74,Size or Fit
R0000554,OI00004780,2026-03-19,1,87.52,Damaged
R0000555,OI00004787,2026-02-21,1,109.79,Size or Fit
R0000556,OI00004790,2026-03-08,1,437.43,Damaged
R0000557,OI00004799,2026-03-07,1,65.15,Arrived Late
R0000558,OI00004804,2026-03-07,1,113.72,Changed Mind
R0000559,OI00004807,2026-03-15,1,372.24,Wrong Item
R0000560,OI00004817,2026-03-27,2,836.88,Arrived Late
R0000561,OI00004820,2026-02-24,1,139.87,Not as Described
R0000562,OI00004837,2026-03-29,1,675.22,Not as Described
R0000563,OI00004838,2026-03-18,1,766.91,Wrong Item
R0000564,OI00004842,2026-02-24,2,570.96,Wrong Item
R0000565,OI00004844,2026-03-21,2,125.0,Wrong Item
R0000566,OI00004851,2026-02-23,1,91.16,Changed Mind
R0000567,OI00004853,2026-03-28,2,123.74,Changed Mind
R0000568,OI00004855,2026-03-11,1,79.04,
R0000569,OI00004886,2026-03-18,1,101.0,Wrong Item
R0000570,OI00004902,2026-03-09,1,135.53,Wrong Item
R0000571,OI00004916,2026-03-23,1,470.45,Size or Fit
R0000572,OI00004932,2026-03-06,1,124.24,Arrived Late
R0000573,OI00004935,2026-04-02,1,59.75,Arrived Late
R0000574,OI00004955,2026-03-05,1,81.19,Size or Fit
R0000575,OI00004959,2026-02-26,2,164.24,Damaged
R0000576,OI00004960,2026-03-03,1,31.76,Changed Mind
R0000577,OI00004966,2026-03-31,1,122.76,Size or Fit
R0000578,OI00004971,2026-04-02,1,163.37,Not as Described
R0000579,OI00004979,2026-03-09,1,318.05,Size or Fit
R0000580,OI00005001,2026-04-02,1,542.15,Damaged
R0000581,OI00005006,2026-02-24,1,154.34,Not as Described
R0000582,OI00005011,2026-03-21,1,136.8,Damaged
R0000583,OI00005024,2026-03-02,1,86.56,Arrived Late
R0000584,OI00005025,2026-03-24,1,113.59,Size or Fit
R0000585,OI00005052,2026-03-03,1,80.86,Size or Fit
R0000586,OI00005061,2026-03-12,1,79.78,Changed Mind
R0000587,OI00005075,2026-03-31,1,133.27,Size or Fit
R0000588,OI00005093,2026-03-13,1,80.57,
R0000589,OI00005137,2026-03-04,1,254.91,Size or Fit
R0000590,OI00005140,2026-04-03,1,149.21,Size or Fit
R0000591,OI00005160,2026-03-18,1,384.49,Size or Fit
R0000592,OI00005163,2026-03-01,1,243.95,Changed Mind
R0000593,OI00005168,2026-04-04,1,104.02,Size or Fit
R0000594,OI00005169,2026-02-27,1,665.91,Not as Described
R0000595,OI00005184,2026-04-01,1,658.96,Changed Mind
R0000596,OI00005186,2026-02-27,1,694.92,Arrived Late
R0000597,OI00005188,2026-03-24,1,128.64,Not as Described
R0000598,OI00005191,2026-03-03,1,142.91,Wrong Item
R0000599,OI00005195,2026-03-14,1,110.37,
R0000600,OI00005197,2026-02-28,1,53.78,Size or Fit
R0000601,OI00005200,2026-04-02,1,418.64,Not as Described
R0000602,OI00005260,2026-04-06,1,68.05,Not as Described
R0000603,OI00005264,2026-03-20,1,82.74,Size or Fit
R0000604,OI00005265,2026-03-09,1,390.4,Not as Described
R0000605,OI00005269,2026-03-11,1,292.34,Changed Mind
R0000606,OI00005276,2026-02-28,1,138.45,Size or Fit
R0000607,OI00005284,2026-04-01,1,124.76,Damaged
R0000608,OI00005296,2026-02-28,1,111.33,
R0000609,OI00005316,2026-03-11,1,110.3,Damaged
R0000610,OI00005317,2026-03-09,1,127.55,Not as Described
R0000611,OI00005318,2026-03-13,2,62.04,Changed Mind
R0000612,OI00005328,2026-03-07,1,86.93,Changed Mind
R0000613,OI00005329,2026-03-24,1,82.09,
R0000614,OI00005353,2026-04-08,1,62.19,
R0000615,OI00005358,2026-03-14,1,55.76,
R0000616,OI00005378,2026-04-01,1,93.74,Not as Described
R0000617,OI00005382,2026-04-04,1,310.36,Not as Described
R0000618,OI00005388,2026-04-03,1,81.84,Not as Described
R0000619,OI00005390,2026-03-10,1,148.01,Size or Fit
R0000620,OI00005398,2026-03-10,1,62.97,Changed Mind
R0000621,OI00005400,2026-03-30,1,124.56,Changed Mind
R0000622,OI00005401,2026-03-31,1,421.92,Wrong Item
R0000623,OI00005408,2026-03-11,1,68.9,Changed Mind
R0000624,OI00005410,2026-04-04,1,78.12,Size or Fit
R0000625,OI00005435,2026-03-30,1,267.41,Changed Mind
R0000626,OI00005440,2026-03-02,1,64.35,Size or Fit
R0000627,OI00005441,2026-03-26,1,186.53,Changed Mind
R0000628,OI00005444,2026-03-19,1,146.21,Size or Fit
R0000629,OI00005447,2026-04-10,1,604.99,Changed Mind
R0000630,OI00005450,2026-03-26,1,582.95,
R0000631,OI00005452,2026-03-09,1,78.84,Damaged
R0000632,OI00005456,2026-03-25,1,67.01,Size or Fit
R0000633,OI00005466,2026-03-19,1,75.4,
R0000634,OI00005467,2026-04-04,2,161.78,Not as Described
R0000635,OI00005468,2026-03-01,2,57.98,Arrived Late
R0000636,OI00005475,2026-03-20,1,80.97,Not as Described
R0000637,OI00005485,2026-03-16,1,148.59,Wrong Item
R0000638,OI00005489,2026-03-06,2,218.8,Not as Described
R0000639,OI00005496,2026-03-20,1,71.4,Arrived Late
R0000640,OI00005518,2026-03-31,1,132.95,
R0000641,OI00005522,2026-03-03,1,124.23,
R0000642,OI00005538,2026-03-17,1,121.43,Size or Fit
R0000643,OI00005544,2026-04-06,1,80.14,Size or Fit
R0000644,OI00005549,2026-03-24,1,156.49,Damaged
R0000645,OI00005584,2026-03-17,1,77.34,Changed Mind
R0000646,OI00005595,2026-03-26,1,80.44,Changed Mind
R0000647,OI00005604,2026-03-25,1,65.29,Changed Mind
R0000648,OI00005610,2026-04-07,1,798.01,Size or Fit
R0000649,OI00005614,2026-03-10,1,134.56,Changed Mind
R0000650,OI00005621,2026-03-28,1,141.76,Size or Fit
R0000651,OI00005624,2026-03-18,1,426.73,Size or Fit
R0000652,OI00005628,2026-03-13,1,14.21,Changed Mind
R0000653,OI00005644,2026-03-04,1,120.21,
R0000654,OI00005656,2026-03-10,1,89.92,
R0000655,OI00005670,2026-03-18,1,477.31,Not as Described
R0000656,OI00005674,2026-03-06,1,66.83,Damaged
R0000657,OI00005677,2026-03-31,1,61.25,
R0000658,OI00005682,2026-04-04,1,265.57,Size or Fit
R0000659,OI00005685,2026-03-30,1,386.74,Wrong Item
R0000660,OI00005686,2026-03-21,2,292.2,Wrong Item
R0000661,OI00005689,2026-03-14,1,149.01,Changed Mind
R0000662,OI00005701,2026-03-27,1,662.8,Changed Mind
R0000663,OI00005715,2026-03-30,1,395.36,Changed Mind
R0000664,OI00005716,2026-03-23,1,380.25,Changed Mind
R0000665,OI00005723,2026-03-10,1,806.33,Not as Described
R0000666,OI00005726,2026-03-19,1,125.62,Size or Fit
R0000667,OI00005739,2026-04-04,1,154.59,Arrived Late
R0000668,OI00005740,2026-03-16,1,82.98,Size or Fit
R0000669,OI00005742,2026-04-05,1,157.27,
R0000670,OI00005762,2026-03-10,1,664.62,Damaged
R0000671,OI00005764,2026-03-19,1,342.92,
R0000672,OI00005771,2026-04-08,1,125.18,Arrived Late
R0000673,OI00005797,2026-03-10,1,143.79,Changed Mind
R0000674,OI00005815,2026-04-12,1,108.89,Size or Fit
R0000675,OI00005829,2026-03-05,1,130.28,Changed Mind
R0000676,OI00005836,2026-03-18,2,167.52,Not as Described
R0000677,OI00005846,2026-04-09,1,81.38,Size or Fit
R0000678,OI00005860,2026-04-12,2,346.37,
R0000679,OI00005875,2026-04-05,1,110.83,Damaged
R0000680,OI00005877,2026-03-19,1,80.38,Size or Fit
R0000681,OI00005879,2026-04-11,1,431.81,Changed Mind
R0000682,OI00005886,2026-03-13,1,108.08,Damaged
R0000683,OI00005893,2026-03-26,1,283.57,Size or Fit
R0000684,OI00005896,2026-03-05,1,444.35,Wrong Item
R0000685,OI00005902,2026-03-09,1,78.1,Damaged
R0000686,OI00005927,2026-03-18,1,127.19,Size or Fit
R0000687,OI00005941,2026-04-03,1,137.63,Wrong Item
R0000688,OI00005957,2026-03-27,1,62.24,Changed Mind
R0000689,OI00005961,2026-04-09,1,82.31,Size or Fit
R0000690,OI00005965,2026-03-17,1,16.74,Not as Described
R0000691,OI00005966,2026-04-14,1,79.82,Not as Described
R0000692,OI00005970,2026-03-16,1,93.81,Damaged
R0000693,OI00005972,2026-04-01,1,100.18,Size or Fit
R0000694,OI00005973,2026-03-27,1,112.52,Size or Fit
R0000695,OI00005975,2026-03-18,1,331.73,Size or Fit
R0000696,OI00005992,2026-03-10,1,87.81,Arrived Late
R0000697,OI00006000,2026-03-08,1,377.35,Changed Mind
R0000698,OI00006017,2026-04-12,1,448.46,Arrived Late
R0000699,OI00006018,2026-04-08,1,126.35,Damaged
R0000700,OI00006024,2026-03-16,1,72.02,Size or Fit
R0000701,OI00006032,2026-03-27,1,44.76,Changed Mind
R0000702,OI00006063,2026-04-16,1,128.25,Size or Fit
R0000703,OI00006073,2026-03-12,1,123.26,
R0000704,OI00006074,2026-04-13,1,46.97,Size or Fit
R0000705,OI00006076,2026-04-14,1,133.33,Not as Described
R0000706,OI00006083,2026-03-16,1,19.13,
R0000707,OI00006085,2026-03-18,1,135.89,
R0000708,OI00006098,2026-04-13,1,95.28,Damaged
R0000709,OI00006100,2026-03-11,1,111.3,Not as Described
R0000710,OI00006107,2026-03-12,1,146.47,Size or Fit
R0000711,OI00006119,2026-03-23,1,124.55,Size or Fit
R0000712,OI00006132,2026-04-12,1,74.41,Not as Described
R0000713,OI00006133,2026-03-09,1,26.22,Damaged
R0000714,OI00006138,2026-04-07,1,591.84,Damaged
R0000715,OI00006139,2026-03-25,1,359.13,Not as Described
R0000716,OI00006142,2026-04-06,1,54.07,Not as Described
R0000717,OI00006174,2026-04-17,1,65.79,Size or Fit
R0000718,OI00006189,2026-04-16,1,82.63,Not as Described
R0000719,OI00006209,2026-03-11,1,103.03,Wrong Item
R0000720,OI00006229,2026-03-27,2,158.44,Changed Mind
R0000721,OI00006238,2026-04-17,1,123.24,Damaged
R0000722,OI00006241,2026-04-17,1,74.78,Not as Described
R0000723,OI00006242,2026-03-25,1,28.7,Not as Described
R0000724,OI00006247,2026-04-16,1,638.24,Damaged
R0000725,OI00006250,2026-03-11,1,149.77,Arrived Late
R0000726,OI00006257,2026-04-15,1,149.66,Damaged
R0000727,OI00006269,2026-03-21,1,119.1,Damaged
R0000728,OI00006294,2026-04-05,1,83.57,Size or Fit
R0000729,OI00006296,2026-03-18,1,76.71,Changed Mind
R0000730,OI00006303,2026-03-09,1,90.32,Size or Fit
R0000731,OI00006311,2026-04-15,1,164.33,Changed Mind
R0000732,OI00006322,2026-03-14,1,87.11,Arrived Late
R0000733,OI00006324,2026-03-24,1,606.42,Not as Described
R0000734,OI00006325,2026-04-10,1,78.98,Damaged
R0000735,OI00006334,2026-03-16,1,146.56,Size or Fit
R0000736,OI00006344,2026-04-03,1,97.46,Size or Fit
R0000737,OI00006347,2026-03-24,1,120.38,Damaged
R0000738,OI00006349,2026-03-13,2,885.6,Arrived Late
R0000739,OI00006350,2026-04-14,1,87.61,Wrong Item
R0000740,OI00006356,2026-04-12,1,372.07,
R0000741,OI00006357,2026-03-30,1,126.39,Damaged
R0000742,OI00006379,2026-04-05,1,148.77,Damaged
R0000743,OI00006388,2026-03-25,1,123.13,Arrived Late
R0000744,OI00006396,2026-03-11,1,122.48,Not as Described
R0000745,OI00006399,2026-04-04,1,124.07,
R0000746,OI00006404,2026-04-01,2,1476.69,Not as Described
R0000747,OI00006406,2026-04-17,1,159.51,Size or Fit
R0000748,OI00006426,2026-04-11,1,100.14,Arrived Late
R0000749,OI00006433,2026-03-12,1,414.15,
R0000750,OI00006451,2026-03-30,1,691.39,Not as Described
R0000751,OI00006464,2026-03-20,1,136.86,Not as Described
R0000752,OI00006493,2026-03-14,1,53.72,Damaged
R0000753,OI00006499,2026-04-20,1,81.39,Changed Mind
R0000754,OI00006526,2026-03-18,1,39.62,Size or Fit
R0000755,OI00006547,2026-04-18,1,103.91,Damaged
R0000756,OI00006562,2026-04-08,1,326.18,Damaged
R0000757,OI00006565,2026-03-13,1,54.48,Changed Mind
R0000758,OI00006566,2026-03-18,1,45.49,Not as Described
R0000759,OI00006567,2026-04-15,1,142.16,Size or Fit
R0000760,OI00006599,2026-04-09,1,306.06,Size or Fit
R0000761,OI00006620,2026-04-12,1,317.91,Changed Mind
R0000762,OI00006639,2026-04-08,1,68.78,Changed Mind
R0000763,OI00006649,2026-04-02,1,112.0,Arrived Late
R0000764,OI00006678,2026-03-22,1,638.03,Damaged
R0000765,OI00006686,2026-04-08,1,79.62,Damaged
R0000766,OI00006694,2026-03-17,1,67.32,Size or Fit
R0000767,OI00006701,2026-04-16,1,66.67,Damaged
R0000768,OI00006715,2026-04-05,1,460.77,Arrived Late
R0000769,OI00006716,2026-04-12,1,674.72,Changed Mind
R0000770,OI00006717,2026-04-06,1,81.56,Size or Fit
R0000771,OI00006721,2026-03-16,1,86.14,Damaged
R0000772,OI00006723,2026-04-11,1,659.46,Changed Mind
R0000773,OI00006735,2026-03-29,1,122.05,Damaged
R0000774,OI00006736,2026-03-15,1,83.94,
R0000775,OI00006745,2026-03-29,2,163.28,Size or Fit
R0000776,OI00006751,2026-03-31,1,74.57,Not as Described
R0000777,OI00006765,2026-04-16,1,79.79,Size or Fit
R0000778,OI00006766,2026-03-21,1,274.3,Size or Fit
R0000779,OI00006785,2026-04-19,1,29.64,
R0000780,OI00006798,2026-04-07,1,135.15,Changed Mind
R0000781,OI00006805,2026-03-26,1,67.96,Wrong Item
R0000782,OI00006806,2026-03-31,1,81.64,Size or Fit
R0000783,OI00006818,2026-03-22,1,127.3,Size or Fit
R0000784,OI00006829,2026-03-28,1,80.29,Size or Fit
R0000785,OI00006832,2026-03-22,1,71.61,
R0000786,OI00006843,2026-03-31,1,115.41,Changed Mind
R0000787,OI00006848,2026-04-19,1,84.01,Size or Fit
R0000788,OI00006851,2026-04-08,2,276.0,Size or Fit
R0000789,OI00006853,2026-04-20,1,110.89,Size or Fit
R0000790,OI00006868,2026-03-29,1,138.37,Not as Described
R0000791,OI00006872,2026-03-19,1,28.23,Changed Mind
R0000792,OI00006889,2026-03-24,1,273.38,Arrived Late
R0000793,OI00006890,2026-04-08,1,786.97,Not as Described
R0000794,OI00006902,2026-03-30,1,124.3,Size or Fit
R0000795,OI00006904,2026-04-21,1,458.71,Arrived Late
R0000796,OI00006917,2026-04-08,1,103.12,Wrong Item
R0000797,OI00006925,2026-03-28,1,296.78,Changed Mind
R0000798,OI00006931,2026-03-30,1,260.47,
R0000799,OI00006936,2026-03-31,1,296.61,
R0000800,OI00006938,2026-03-18,1,273.28,Damaged
R0000801,OI00006939,2026-04-02,1,165.44,Damaged
R0000802,OI00006942,2026-03-24,1,137.01,Size or Fit
R0000803,OI00006946,2026-04-23,1,67.24,Arrived Late
R0000804,OI00006948,2026-04-09,2,136.84,Not as Described
R0000805,OI00006963,2026-03-19,1,125.48,Size or Fit
R0000806,OI00006966,2026-03-17,1,144.5,Damaged
R0000807,OI00006975,2026-03-18,1,134.46,Arrived Late
R0000808,OI00006979,2026-04-17,1,116.45,Size or Fit
R0000809,OI00006980,2026-04-07,1,69.01,Damaged
R0000810,OI00006987,2026-04-08,1,292.3,Arrived Late
R0000811,OI00006996,2026-03-20,1,110.68,Changed Mind
R0000812,OI00007009,2026-03-25,1,79.3,Damaged
R0000813,OI00007012,2026-04-08,1,12.17,Damaged
R0000814,OI00007035,2026-04-19,1,156.67,Not as Described
R0000815,OI00007052,2026-03-17,2,294.22,
R0000816,OI00007058,2026-03-29,1,402.46,Size or Fit
R0000817,OI00007059,2026-03-20,1,188.74,
R0000818,OI00007064,2026-04-06,1,304.62,Size or Fit
R0000819,OI00007065,2026-04-20,1,368.14,Size or Fit
R0000820,OI00007074,2026-04-09,1,145.26,Size or Fit
R0000821,OI00007080,2026-04-08,1,14.4,Not as Described
R0000822,OI00007082,2026-04-05,1,417.83,Changed Mind
R0000823,OI00007084,2026-03-21,1,310.52,Changed Mind
R0000824,OI00007090,2026-04-10,1,70.83,Changed Mind
R0000825,OI00007098,2026-04-23,2,206.42,
R0000826,OI00007099,2026-04-16,1,135.83,Size or Fit
R0000827,OI00007115,2026-03-22,1,110.66,Size or Fit
R0000828,OI00007116,2026-04-02,1,59.85,
R0000829,OI00007117,2026-04-23,1,128.63,Size or Fit
R0000830,OI00007137,2026-04-16,1,479.5,Size or Fit
R0000831,OI00007144,2026-04-03,2,252.2,Size or Fit
R0000832,OI00007153,2026-04-21,1,120.72,Not as Described
R0000833,OI00007176,2026-04-17,1,63.1,
R0000834,OI00007185,2026-04-15,1,430.22,Arrived Late
R0000835,OI00007189,2026-04-26,1,149.52,Changed Mind
R0000836,OI00007193,2026-03-25,1,117.85,Size or Fit
R0000837,OI00007198,2026-04-21,1,125.13,Not as Described
R0000838,OI00007199,2026-04-24,1,82.42,Arrived Late
R0000839,OI00007200,2026-04-14,1,287.25,Damaged
R0000840,OI00007205,2026-03-20,1,54.94,Arrived Late
R0000841,OI00007206,2026-03-23,1,108.96,Arrived Late
R0000842,OI00007219,2026-04-13,1,82.29,Not as Described
R0000843,OI00007228,2026-04-08,1,261.75,Size or Fit
R0000844,OI00007251,2026-04-19,2,1363.3,Size or Fit
R0000845,OI00007258,2026-03-19,1,142.09,Damaged
R0000846,OI00007272,2026-04-11,1,142.33,
R0000847,OI00007273,2026-04-08,1,82.49,Damaged
R0000848,OI00007274,2026-04-05,1,300.63,Arrived Late
R0000849,OI00007291,2026-03-25,1,121.99,Damaged
R0000850,OI00007300,2026-03-29,1,401.83,
R0000851,OI00007329,2026-04-19,1,80.49,Damaged
R0000852,OI00007330,2026-04-01,1,415.34,
R0000853,OI00007336,2026-03-22,1,235.76,Changed Mind
R0000854,OI00007365,2026-03-26,1,121.78,Changed Mind
R0000855,OI00007366,2026-04-08,1,99.43,Changed Mind
R0000856,OI00007398,2026-04-03,1,611.66,Changed Mind
R0000857,OI00007403,2026-03-28,1,99.9,Size or Fit
R0000858,OI00007406,2026-03-25,1,441.21,
R0000859,OI00007412,2026-04-07,1,347.17,Not as Described
R0000860,OI00007429,2026-04-23,1,125.15,Changed Mind
R0000861,OI00007437,2026-04-08,1,329.61,Changed Mind
R0000862,OI00007460,2026-03-23,1,144.27,
R0000863,OI00007461,2026-04-14,1,19.33,Changed Mind
R0000864,OI00007474,2026-03-25,1,123.33,Damaged
R0000865,OI00007481,2026-04-26,1,140.39,Arrived Late
R0000866,OI00007496,2026-04-08,1,103.56,
R0000867,OI00007505,2026-04-06,1,27.62,Size or Fit
R0000868,OI00007514,2026-04-05,1,267.77,Changed Mind
R0000869,OI00007516,2026-04-15,1,30.35,Changed Mind
R0000870,OI00007519,2026-04-25,1,147.15,Changed Mind
R0000871,OI00007524,2026-04-04,1,30.22,Wrong Item
R0000872,OI00007527,2026-03-23,1,119.19,Not as Described
R0000873,OI00007530,2026-03-23,1,361.02,Changed Mind
R0000874,OI00007543,2026-04-11,1,60.39,Not as Described
R0000875,OI00007546,2026-04-25,1,137.78,Size or Fit
R0000876,OI00007557,2026-04-25,1,80.51,Size or Fit
R0000877,OI00007580,2026-04-04,1,675.44,Changed Mind
R0000878,OI00007585,2026-04-21,1,788.42,Not as Described
R0000879,OI00007587,2026-04-02,1,139.98,Changed Mind
R0000880,OI00007588,2026-04-03,1,83.65,Wrong Item
R0000881,OI00007590,2026-04-28,1,140.91,
R0000882,OI00007599,2026-04-07,1,138.18,Damaged
R0000883,OI00007603,2026-04-28,1,812.57,
R0000884,OI00007615,2026-04-28,1,421.5,Changed Mind
R0000885,OI00007616,2026-04-26,1,283.76,Damaged
R0000886,OI00007623,2026-04-03,1,103.98,Size or Fit
R0000887,OI00007627,2026-03-22,1,85.31,Changed Mind
R0000888,OI00007633,2026-03-25,1,102.82,Size or Fit
R0000889,OI00007640,2026-04-20,2,1568.92,Size or Fit
R0000890,OI00007645,2026-04-26,1,117.23,Size or Fit
R0000891,OI00007649,2026-04-08,1,124.64,Damaged
R0000892,OI00007651,2026-04-23,2,136.34,Wrong Item
R0000893,OI00007652,2026-04-17,1,135.41,Wrong Item
R0000894,OI00007669,2026-04-06,1,118.22,Changed Mind
R0000895,OI00007672,2026-04-22,1,809.42,
R0000896,OI00007678,2026-03-26,1,147.29,Damaged
R0000897,OI00007680,2026-03-25,1,81.49,Changed Mind
R0000898,OI00007696,2026-04-28,1,273.63,Damaged
R0000899,OI00007702,2026-03-25,1,81.21,
R0000900,OI00007708,2026-04-25,1,74.23,Arrived Late
R0000901,OI00007716,2026-04-18,1,61.31,Changed Mind
R0000902,OI00007718,2026-03-23,1,81.48,Not as Described
R0000903,OI00007719,2026-04-17,1,142.8,Not as Described
R0000904,OI00007722,2026-04-25,1,774.44,
R0000905,OI00007728,2026-04-26,1,82.28,Damaged
R0000906,OI00007743,2026-04-18,2,242.44,Arrived Late
R0000907,OI00007746,2026-04-04,1,75.82,Wrong Item
R0000908,OI00007750,2026-04-20,2,166.32,Changed Mind
R0000909,OI00007777,2026-04-14,1,101.72,
R0000910,OI00007781,2026-04-23,1,72.0,Damaged
R0000911,OI00007790,2026-04-13,1,46.98,Not as Described
R0000912,OI00007792,2026-04-19,2,552.48,Wrong Item
R0000913,OI00007807,2026-04-21,1,67.18,Size or Fit
R0000914,OI00007858,2026-03-25,1,80.46,Changed Mind
R0000915,OI00007862,2026-04-19,1,17.25,Not as Described
R0000916,OI00007863,2026-04-19,1,284.7,
R0000917,OI00007866,2026-04-24,1,653.67,Arrived Late
R0000918,OI00007872,2026-04-10,1,538.74,Damaged
R0000919,OI00007873,2026-04-21,1,559.17,Changed Mind
R0000920,OI00007883,2026-03-31,1,193.85,Changed Mind
R0000921,OI00007885,2026-04-15,1,803.06,Arrived Late
R0000922,OI00007886,2026-03-27,1,103.33,
R0000923,OI00007894,2026-04-01,2,250.94,Not as Described
R0000924,OI00007911,2026-04-12,1,75.16,
R0000925,OI00007923,2026-04-06,1,671.13,Not as Described
R0000926,OI00007928,2026-03-30,1,325.87,
R0000927,OI00007931,2026-04-23,1,58.15,Changed Mind
R0000928,OI00007944,2026-03-30,1,123.23,
R0000929,OI00007949,2026-04-24,1,267.1,Changed Mind
R0000930,OI00007951,2026-04-16,1,81.25,Size or Fit
R0000931,OI00007953,2026-03-27,1,682.41,
R0000932,OI00007956,2026-04-15,1,143.25,Damaged
R0000933,OI00007957,2026-04-25,1,324.91,Damaged
R0000934,OI00007974,2026-04-17,1,155.79,Size or Fit
R0000935,OI00007982,2026-03-28,1,689.33,Damaged
R0000936,OI00007984,2026-04-06,1,125.0,Size or Fit
R0000937,OI00007985,2026-03-27,1,150.61,Size or Fit
R0000938,OI00007988,2026-04-03,1,126.19,Changed Mind
R0000939,OI00008021,2026-04-14,1,81.98,Size or Fit
R0000940,OI00008026,2026-03-31,1,431.05,Damaged
R0000941,OI00008027,2026-04-24,1,162.43,Wrong Item
R0000942,OI00008040,2026-04-20,1,456.48,
R0000943,OI00008065,2026-03-28,1,123.67,
R0000944,OI00008066,2026-04-08,1,89.36,
R0000945,OI00008093,2026-04-11,1,55.12,Changed Mind
R0000946,OI00008095,2026-04-30,1,148.85,
R0000947,OI00008099,2026-04-27,1,126.91,Size or Fit
R0000948,OI00008100,2026-04-27,1,82.45,Changed Mind
R0000949,OI00008114,2026-04-06,1,129.29,Not as Described
R0000950,OI00008128,2026-04-20,1,810.29,Damaged
R0000951,OI00008135,2026-04-18,1,67.54,Changed Mind
R0000952,OI00008136,2026-04-29,1,100.51,Size or Fit
R0000953,OI00008149,2026-04-15,1,143.51,Size or Fit
R0000954,OI00008155,2026-04-01,1,80.13,Size or Fit
R0000955,OI00008170,2026-04-10,1,254.99,Size or Fit
R0000956,OI00008173,2026-04-02,1,122.08,Changed Mind
R0000957,OI00008181,2026-04-27,1,359.15,Changed Mind
R0000958,OI00008182,2026-04-21,1,79.69,Size or Fit
R0000959,OI00008191,2026-04-26,1,30.38,Damaged
R0000960,OI00008194,2026-04-25,1,92.96,Changed Mind
R0000961,OI00008202,2026-04-06,1,126.98,Size or Fit
R0000962,OI00008215,2026-04-29,1,672.97,Changed Mind
R0000963,OI00008218,2026-04-17,1,141.4,Changed Mind
R0000964,OI00008224,2026-04-16,1,90.42,Changed Mind
R0000965,OI00008226,2026-04-22,1,81.77,Damaged
R0000966,OI00008239,2026-04-14,1,110.98,
R0000967,OI00008240,2026-04-10,1,134.49,Changed Mind
R0000968,OI00008250,2026-04-29,1,13.58,Arrived Late
R0000969,OI00008257,2026-04-10,1,73.58,Damaged
R0000970,OI00008263,2026-04-15,1,102.17,Changed Mind
R0000971,OI00008270,2026-04-24,1,130.65,Arrived Late
R0000972,OI00008284,2026-03-30,2,475.58,Changed Mind
R0000973,OI00008290,2026-03-27,1,431.75,Damaged
R0000974,OI00008293,2026-04-09,2,231.49,Changed Mind
R0000975,OI00008298,2026-04-28,1,121.66,Changed Mind
R0000976,OI00008318,2026-04-23,1,14.33,Size or Fit
R0000977,OI00008321,2026-05-06,1,105.39,Not as Described
R0000978,OI00008324,2026-04-04,1,83.85,Changed Mind
R0000979,OI00008327,2026-05-05,1,186.44,Damaged
R0000980,OI00008341,2026-04-21,1,105.63,
R0000981,OI00008356,2026-04-06,1,124.55,Changed Mind
R0000982,OI00008374,2026-05-06,1,129.58,Wrong Item
R0000983,OI00008376,2026-04-04,1,768.11,Not as Described
R0000984,OI00008392,2026-04-12,1,134.6,Changed Mind
R0000985,OI00008395,2026-04-04,1,102.47,Size or Fit
R0000986,OI00008409,2026-04-09,1,123.53,
R0000987,OI00008427,2026-04-21,1,83.02,Changed Mind
R0000988,OI00008431,2026-05-07,2,655.36,Wrong Item
R0000989,OI00008437,2026-04-04,1,52.65,
R0000990,OI00008448,2026-04-05,1,326.15,Wrong Item
R0000991,OI00008451,2026-04-27,1,434.15,Size or Fit
R0000992,OI00008460,2026-04-09,1,410.56,
R0000993,OI00008474,2026-03-29,1,122.37,Size or Fit
R0000994,OI00008481,2026-04-28,1,145.19,Damaged
R0000995,OI00008484,2026-04-29,1,566.33,Size or Fit
R0000996,OI00008512,2026-04-03,1,110.23,
R0000997,OI00008517,2026-04-25,1,143.4,
R0000998,OI00008543,2026-04-09,1,79.38,Size or Fit
R0000999,OI00008564,2026-04-22,1,141.34,Damaged
R0001000,OI00008569,2026-05-03,1,31.33,
R0001001,OI00008587,2026-05-05,2,244.22,Changed Mind
R0001002,OI00008593,2026-05-02,1,51.74,Arrived Late
R0001003,OI00008604,2026-04-06,1,123.87,
R0001004,OI00008616,2026-04-18,1,51.73,Not as Described
R0001005,OI00008634,2026-04-16,1,780.33,Not as Described
R0001006,OI00008651,2026-04-30,1,618.56,Changed Mind
R0001007,OI00008660,2026-04-19,1,406.18,Arrived Late
R0001008,OI00008662,2026-05-01,1,111.02,Size or Fit
R0001009,OI00008668,2026-04-19,1,76.29,Size or Fit
R0001010,OI00008683,2026-04-09,1,279.66,Wrong Item
R0001011,OI00008689,2026-04-13,2,161.84,Size or Fit
R0001012,OI00008690,2026-04-26,1,265.08,
R0001013,OI00008694,2026-04-01,1,68.43,Changed Mind
R0001014,OI00008695,2026-04-11,1,163.61,Arrived Late
R0001015,OI00008698,2026-04-10,1,76.46,Size or Fit
R0001016,OI00008702,2026-04-28,1,622.73,Arrived Late
R0001017,OI00008704,2026-04-13,1,30.98,Wrong Item
R0001018,OI00008711,2026-05-04,1,104.5,
R0001019,OI00008725,2026-05-04,1,139.35,Changed Mind
R0001020,OI00008734,2026-04-30,1,137.01,Size or Fit
R0001021,OI00008739,2026-04-14,1,49.86,Changed Mind
R0001022,OI00008760,2026-04-01,1,271.37,Size or Fit
R0001023,OI00008763,2026-04-06,1,98.54,Damaged
R0001024,OI00008773,2026-04-09,2,281.96,Damaged
R0001025,OI00008782,2026-04-04,1,670.92,Size or Fit
R0001026,OI00008793,2026-04-26,1,140.67,Not as Described
R0001027,OI00008803,2026-04-02,1,127.64,Wrong Item
R0001028,OI00008820,2026-04-13,1,83.93,
R0001029,OI00008824,2026-04-21,1,59.87,Damaged
R0001030,OI00008825,2026-04-12,2,793.61,Arrived Late
R0001031,OI00008829,2026-04-07,1,336.82,Damaged
R0001032,OI00008849,2026-05-04,1,389.07,Changed Mind
R0001033,OI00008850,2026-04-29,1,164.39,Not as Described
R0001034,OI00008851,2026-05-10,1,479.68,Not as Described
R0001035,OI00008859,2026-04-02,1,157.5,
R0001036,OI00008861,2026-04-19,1,686.96,Changed Mind
R0001037,OI00008884,2026-05-02,1,112.61,Changed Mind
R0001038,OI00008885,2026-04-12,1,393.94,Changed Mind
R0001039,OI00008901,2026-05-06,1,111.46,Changed Mind
R0001040,OI00008924,2026-04-12,2,251.58,Size or Fit
R0001041,OI00008925,2026-04-14,1,143.9,Size or Fit
R0001042,OI00008930,2026-04-22,1,163.63,Changed Mind
R0001043,OI00008943,2026-04-07,1,100.45,Damaged
R0001044,OI00008957,2026-04-03,1,80.37,
R0001045,OI00008973,2026-04-20,1,362.94,Changed Mind
R0001046,OI00008975,2026-04-10,3,411.0,Not as Described
R0001047,OI00008976,2026-04-04,1,102.2,Arrived Late
R0001048,OI00008990,2026-04-29,1,383.77,Changed Mind
R0001049,OI00009011,2026-04-30,1,372.18,Not as Described
R0001050,OI00009014,2026-05-04,1,340.2,Wrong Item
R0001051,OI00009019,2026-04-10,1,346.1,Changed Mind
R0001052,OI00009020,2026-05-06,1,628.88,
R0001053,OI00009029,2026-04-14,1,79.83,Size or Fit
R0001054,OI00009033,2026-04-17,1,121.19,
R0001055,OI00009035,2026-04-04,1,82.14,Size or Fit
R0001056,OI00009036,2026-04-20,1,400.96,Not as Described
R0001057,OI00009044,2026-04-28,1,80.91,Damaged
R0001058,OI00009073,2026-04-08,1,111.46,Damaged
R0001059,OI00009083,2026-05-02,1,143.29,Size or Fit
R0001060,OI00009096,2026-05-03,1,673.37,Wrong Item
R0001061,OI00009100,2026-04-04,1,135.48,Size or Fit
R0001062,OI00009105,2026-05-14,1,123.81,
R0001063,OI00009122,2026-04-20,1,366.4,Arrived Late
R0001064,OI00009132,2026-05-10,1,428.13,Changed Mind
R0001065,OI00009141,2026-04-22,1,323.09,
R0001066,OI00009161,2026-04-26,1,134.04,Size or Fit
R0001067,OI00009162,2026-04-25,1,138.11,Size or Fit
R0001068,OI00009166,2026-05-04,1,106.7,Damaged
R0001069,OI00009186,2026-04-27,1,148.21,Damaged
R0001070,OI00009189,2026-04-19,1,68.65,Changed Mind
R0001071,OI00009197,2026-05-10,1,144.8,Arrived Late
R0001072,OI00009201,2026-04-19,1,132.69,Wrong Item
R0001073,OI00009212,2026-04-22,1,126.68,Changed Mind
R0001074,OI00009216,2026-05-07,1,117.9,Changed Mind
R0001075,OI00009232,2026-04-18,1,275.11,
R0001076,OI00009233,2026-04-29,1,485.04,Size or Fit
R0001077,OI00009247,2026-05-10,1,78.24,Size or Fit
R0001078,OI00009248,2026-04-08,1,76.3,Arrived Late
R0001079,OI00009257,2026-04-24,1,31.56,
R0001080,OI00009259,2026-04-09,1,148.21,Size or Fit
R0001081,OI00009263,2026-05-07,1,144.78,Changed Mind
R0001082,OI00009265,2026-04-23,1,124.9,Size or Fit
R0001083,OI00009270,2026-04-18,2,1205.04,Changed Mind
R0001084,OI00009284,2026-04-22,1,376.28,Damaged
R0001085,OI00009289,2026-04-20,1,106.01,Wrong Item
R0001086,OI00009299,2026-04-23,2,755.46,
R0001087,OI00009310,2026-05-15,1,27.03,Arrived Late
R0001088,OI00009322,2026-04-17,1,660.77,Changed Mind
R0001089,OI00009334,2026-04-25,1,83.76,
R0001090,OI00009340,2026-05-07,1,148.52,Size or Fit
R0001091,OI00009345,2026-04-21,1,642.32,Arrived Late
R0001092,OI00009361,2026-05-13,1,99.01,Wrong Item
R0001093,OI00009365,2026-05-02,1,64.98,Not as Described
R0001094,OI00009368,2026-05-06,1,196.33,Changed Mind
R0001095,OI00009392,2026-04-27,1,413.84,Wrong Item
R0001096,OI00009395,2026-04-11,1,127.58,Size or Fit
R0001097,OI00009405,2026-05-03,1,73.13,Wrong Item
R0001098,OI00009407,2026-05-15,1,103.08,Not as Described
R0001099,OI00009417,2026-05-03,1,582.55,Changed Mind
R0001100,OI00009429,2026-04-19,1,93.59,Damaged
R0001101,OI00009430,2026-04-20,1,17.97,Wrong Item
R0001102,OI00009433,2026-04-21,1,244.35,Size or Fit
R0001103,OI00009441,2026-04-09,1,83.02,Arrived Late
R0001104,OI00009446,2026-04-22,1,333.6,Not as Described
R0001105,OI00009448,2026-04-12,1,53.41,Not as Described
R0001106,OI00009480,2026-05-16,1,123.64,
R0001107,OI00009481,2026-05-11,1,80.48,Size or Fit
R0001108,OI00009508,2026-05-08,1,197.27,Not as Described
R0001109,OI00009516,2026-04-23,1,419.45,Changed Mind
R0001110,OI00009518,2026-04-25,1,63.07,Damaged
R0001111,OI00009536,2026-05-18,1,67.15,
R0001112,OI00009541,2026-05-06,1,114.82,Damaged
R0001113,OI00009543,2026-04-16,1,316.17,Damaged
R0001114,OI00009568,2026-04-13,1,54.34,Not as Described
R0001115,OI00009570,2026-04-29,1,110.32,
R0001116,OI00009572,2026-05-05,1,116.57,Changed Mind
R0001117,OI00009575,2026-05-17,1,62.92,
R0001118,OI00009609,2026-05-10,1,74.99,
R0001119,OI00009633,2026-05-03,1,148.27,Wrong Item
R0001120,OI00009635,2026-05-06,1,143.33,Size or Fit
R0001121,OI00009643,2026-04-17,1,138.95,Changed Mind
R0001122,OI00009647,2026-05-18,1,551.75,Changed Mind
R0001123,OI00009671,2026-05-01,1,127.65,Not as Described
R0001124,OI00009672,2026-04-19,1,445.87,
R0001125,OI00009675,2026-05-04,1,119.66,Not as Described
R0001126,OI00009679,2026-04-25,1,535.37,Damaged
R0001127,OI00009680,2026-04-22,1,153.95,
R0001128,OI00009682,2026-04-24,1,152.74,Size or Fit
R0001129,OI00009685,2026-05-07,1,405.55,Damaged
R0001130,OI00009687,2026-05-17,1,80.34,Wrong Item
R0001131,OI00009691,2026-05-12,1,82.65,
R0001132,OI00009692,2026-04-23,1,144.03,
R0001133,OI00009696,2026-05-14,1,662.8,Changed Mind
R0001134,OI00009697,2026-05-19,1,538.99,Arrived Late
R0001135,OI00009699,2026-04-11,1,55.46,Arrived Late
R0001136,OI00009702,2026-05-12,1,356.46,Arrived Late
R0001137,OI00009706,2026-04-09,1,127.33,Changed Mind
R0001138,OI00009707,2026-04-30,1,60.6,Size or Fit
R0001139,OI00009708,2026-04-13,1,120.82,Size or Fit
R0001140,OI00009726,2026-04-19,1,120.28,Damaged
R0001141,OI00009733,2026-04-28,1,235.68,Arrived Late
R0001142,OI00009747,2026-04-17,1,69.58,Arrived Late
R0001143,OI00009748,2026-05-14,1,420.24,Not as Described
R0001144,OI00009769,2026-04-14,1,376.68,Not as Described
R0001145,OI00009802,2026-05-11,1,428.19,Size or Fit
R0001146,OI00009805,2026-04-19,1,577.52,Changed Mind
R0001147,OI00009810,2026-04-12,1,42.65,Changed Mind
R0001148,OI00009816,2026-05-19,1,352.4,Arrived Late
R0001149,OI00009818,2026-05-02,1,145.49,
R0001150,OI00009842,2026-05-11,1,124.05,Not as Described
R0001151,OI00009864,2026-04-25,1,111.19,Damaged
R0001152,OI00009871,2026-04-11,1,150.78,Size or Fit
R0001153,OI00009874,2026-04-22,1,74.47,Changed Mind
R0001154,OI00009887,2026-04-29,1,146.5,Size or Fit
R0001155,OI00009889,2026-04-20,1,375.22,Damaged
R0001156,OI00009898,2026-05-10,1,159.44,Wrong Item
R0001157,OI00009914,2026-04-23,1,270.12,Changed Mind
R0001158,OI00009928,2026-04-18,1,144.17,Changed Mind
R0001159,OI00009948,2026-05-05,1,811.64,Size or Fit
R0001160,OI00009955,2026-05-19,1,66.19,Damaged
R0001161,OI00009964,2026-05-05,1,55.3,
R0001162,OI00009992,2026-05-19,2,227.6,Wrong Item
R0001163,OI00009997,2026-04-29,1,271.58,Size or Fit
R0001164,OI00010003,2026-04-15,1,66.41,Arrived Late
R0001165,OI00010021,2026-04-29,1,153.35,Size or Fit
R0001166,OI00010022,2026-05-01,2,60.42,Size or Fit
R0001167,OI00010037,2026-04-19,1,319.1,Changed Mind
R0001168,OI00010041,2026-04-22,1,397.87,Changed Mind
R0001169,OI00010045,2026-04-13,1,108.01,
R0001170,OI00010062,2026-05-02,1,685.3,Damaged
R0001171,OI00010080,2026-05-12,1,571.37,
R0001172,OI00010084,2026-05-05,1,64.06,Size or Fit
R0001173,OI00010110,2026-04-30,1,63.29,Size or Fit
R0001174,OI00010129,2026-05-09,1,144.25,Size or Fit
R0001175,OI00010135,2026-04-28,1,19.34,Size or Fit
R0001176,OI00010151,2026-05-07,1,79.48,Size or Fit
R0001177,OI00010176,2026-04-15,1,134.39,Not as Described
R0001178,OI00010177,2026-04-27,1,662.77,Wrong Item
R0001179,OI00010231,2026-05-12,1,76.71,Changed Mind
R0001180,OI00010237,2026-05-04,1,79.99,Arrived Late
R0001181,OI00010240,2026-05-12,1,79.96,Not as Described
R0001182,OI00010248,2026-04-28,1,807.63,Damaged
R0001183,OI00010252,2026-05-01,1,459.93,Size or Fit
R0001184,OI00010255,2026-05-02,1,23.91,Not as Described
R0001185,OI00010265,2026-05-20,1,472.06,
R0001186,OI00010275,2026-05-10,1,471.9,Changed Mind
R0001187,OI00010313,2026-04-22,1,84.6,Changed Mind
R0001188,OI00010329,2026-04-27,1,114.72,Damaged
R0001189,OI00010332,2026-05-04,1,143.65,Not as Described
R0001190,OI00010353,2026-05-24,1,317.79,Wrong Item
R0001191,OI00010362,2026-05-03,1,153.93,
R0001192,OI00010363,2026-04-17,1,120.62,Changed Mind
R0001193,OI00010377,2026-04-27,1,27.66,Size or Fit
R0001194,OI00010383,2026-05-24,1,131.94,
R0001195,OI00010390,2026-04-25,2,593.98,Size or Fit
R0001196,OI00010398,2026-05-15,1,346.03,Not as Described
R0001197,OI00010399,2026-05-19,1,81.69,Changed Mind
R0001198,OI00010413,2026-05-23,1,19.26,
R0001199,OI00010421,2026-05-24,1,104.08,Size or Fit
R0001200,OI00010439,2026-05-14,2,237.68,Wrong Item
R0001201,OI00010440,2026-04-24,1,276.26,Damaged
R0001202,OI00010442,2026-05-23,1,100.92,Size or Fit
R0001203,OI00010451,2026-05-09,2,301.62,Changed Mind
R0001204,OI00010452,2026-04-27,1,606.77,Wrong Item
R0001205,OI00010454,2026-04-21,2,298.55,Size or Fit
R0001206,OI00010461,2026-05-21,1,415.91,Damaged
R0001207,OI00010462,2026-05-01,1,145.35,Damaged
R0001208,OI00010469,2026-04-27,2,125.78,Size or Fit
R0001209,OI00010479,2026-04-23,1,127.83,Size or Fit
R0001210,OI00010490,2026-04-19,1,67.07,Changed Mind
R0001211,OI00010508,2026-04-15,1,443.25,Changed Mind
R0001212,OI00010522,2026-05-08,1,145.19,Changed Mind
R0001213,OI00010526,2026-04-17,1,30.46,Size or Fit
R0001214,OI00010532,2026-04-18,1,28.27,Arrived Late
R0001215,OI00010533,2026-05-12,1,781.63,Changed Mind
R0001216,OI00010563,2026-05-01,1,147.96,Changed Mind
R0001217,OI00010577,2026-05-22,1,806.37,
R0001218,OI00010600,2026-04-17,1,51.9,Size or Fit
R0001219,OI00010606,2026-04-23,1,16.37,
R0001220,OI00010611,2026-05-13,1,132.19,Damaged
R0001221,OI00010662,2026-05-16,1,677.94,Wrong Item
R0001222,OI00010672,2026-05-02,1,138.7,Changed Mind
R0001223,OI00010680,2026-04-29,1,136.26,Wrong Item
R0001224,OI00010695,2026-04-27,1,79.92,
R0001225,OI00010700,2026-05-11,1,70.56,Changed Mind
R0001226,OI00010701,2026-05-23,1,78.79,Size or Fit
R0001227,OI00010714,2026-04-20,1,129.91,Wrong Item
R0001228,OI00010716,2026-05-09,1,249.63,Size or Fit
R0001229,OI00010721,2026-04-27,1,18.64,Damaged
R0001230,OI00010728,2026-05-04,1,81.3,Changed Mind
R0001231,OI00010737,2026-05-06,1,114.1,Arrived Late
R0001232,OI00010763,2026-05-04,1,60.02,Not as Described
R0001233,OI00010768,2026-04-29,1,543.26,Not as Described
R0001234,OI00010772,2026-05-03,1,518.36,Damaged
R0001235,OI00010779,2026-04-22,1,147.55,Changed Mind
R0001236,OI00010781,2026-05-08,1,144.38,Changed Mind
R0001237,OI00010784,2026-04-22,1,70.42,Changed Mind
R0001238,OI00010785,2026-05-11,1,224.52,Changed Mind
R0001239,OI00010799,2026-05-08,2,123.22,Arrived Late
R0001240,OI00010807,2026-05-16,1,161.29,Not as Described
R0001241,OI00010824,2026-05-21,1,75.39,Changed Mind
R0001242,OI00010831,2026-04-30,1,305.72,Not as Described
R0001243,OI00010854,2026-04-23,2,124.7,Size or Fit
R0001244,OI00010866,2026-05-10,1,108.44,
R0001245,OI00010872,2026-05-07,1,141.36,
R0001246,OI00010885,2026-05-09,1,124.04,Changed Mind
R0001247,OI00010889,2026-04-27,1,409.04,Not as Described
R0001248,OI00010893,2026-05-06,1,123.18,Wrong Item
R0001249,OI00010925,2026-05-16,1,68.75,Size or Fit
R0001250,OI00010931,2026-05-05,1,678.05,Changed Mind
R0001251,OI00010936,2026-05-24,1,82.23,Size or Fit
R0001252,OI00010937,2026-05-06,1,424.12,Damaged
R0001253,OI00010948,2026-04-19,1,114.08,Size or Fit
R0001254,OI00010954,2026-05-03,1,49.72,Arrived Late
R0001255,OI00010964,2026-05-07,1,162.98,Not as Described
R0001256,OI00010968,2026-05-11,1,132.52,Wrong Item
R0001257,OI00010970,2026-05-24,1,79.28,Size or Fit
R0001258,OI00010984,2026-04-20,1,262.85,Arrived Late
R0001259,OI00010990,2026-05-15,1,63.33,Wrong Item
R0001260,OI00010996,2026-05-24,2,165.66,Wrong Item
R0001261,OI00010997,2026-05-15,1,108.7,Wrong Item
R0001262,OI00011010,2026-04-25,1,87.03,
R0001263,OI00011013,2026-05-04,1,65.32,Damaged
R0001264,OI00011019,2026-04-28,1,122.5,Not as Described
R0001265,OI00011022,2026-04-19,1,102.26,Size or Fit
R0001266,OI00011026,2026-04-25,1,134.58,Damaged
R0001267,OI00011046,2026-04-28,1,144.0,Size or Fit
R0001268,OI00011047,2026-05-18,1,263.24,Size or Fit
R0001269,OI00011051,2026-05-06,2,320.6,Changed Mind
R0001270,OI00011053,2026-05-17,1,383.2,Size or Fit
R0001271,OI00011055,2026-05-09,1,89.9,Size or Fit
R0001272,OI00011058,2026-05-08,2,241.36,Damaged
R0001273,OI00011059,2026-05-14,1,121.9,Not as Described
R0001274,OI00011068,2026-05-04,1,125.48,Size or Fit
R0001275,OI00011088,2026-05-29,1,158.12,Not as Described
R0001276,OI00011089,2026-05-09,2,247.45,Size or Fit
R0001277,OI00011098,2026-05-26,1,262.93,
R0001278,OI00011100,2026-04-30,1,270.95,Size or Fit
R0001279,OI00011118,2026-05-14,1,543.56,Not as Described
R0001280,OI00011124,2026-05-20,1,73.67,Changed Mind
R0001281,OI00011164,2026-05-16,1,141.46,Size or Fit
R0001282,OI00011168,2026-05-13,1,43.4,
R0001283,OI00011169,2026-05-04,1,133.11,Size or Fit
R0001284,OI00011174,2026-05-09,1,125.34,Size or Fit
R0001285,OI00011192,2026-05-05,1,115.84,Changed Mind
R0001286,OI00011213,2026-05-11,1,110.91,Not as Described
R0001287,OI00011222,2026-05-27,1,140.4,Not as Described
R0001288,OI00011247,2026-05-23,1,58.6,Damaged
R0001289,OI00011263,2026-05-06,1,123.31,Wrong Item
R0001290,OI00011268,2026-04-28,2,455.94,Size or Fit
R0001291,OI00011271,2026-05-03,1,113.33,Damaged
R0001292,OI00011282,2026-05-17,1,65.05,Changed Mind
R0001293,OI00011305,2026-04-24,1,329.59,Arrived Late
R0001294,OI00011316,2026-05-29,1,124.9,
R0001295,OI00011319,2026-05-20,1,122.76,Size or Fit
R0001296,OI00011321,2026-05-30,1,125.69,Size or Fit
R0001297,OI00011322,2026-04-27,1,62.48,Changed Mind
R0001298,OI00011324,2026-05-25,1,68.02,Size or Fit
R0001299,OI00011327,2026-05-17,1,105.92,Arrived Late
R0001300,OI00011329,2026-05-19,1,146.87,Changed Mind
R0001301,OI00011330,2026-05-23,1,75.33,Changed Mind
R0001302,OI00011332,2026-05-23,1,155.59,Not as Described
R0001303,OI00011337,2026-05-27,1,125.65,Size or Fit
R0001304,OI00011339,2026-05-30,1,627.4,Size or Fit
R0001305,OI00011340,2026-04-21,1,573.04,Damaged
R0001306,OI00011348,2026-04-25,1,80.47,
R0001307,OI00011359,2026-05-31,1,678.42,
R0001308,OI00011383,2026-05-12,1,112.53,Arrived Late
R0001309,OI00011388,2026-05-26,1,49.15,
R0001310,OI00011389,2026-04-24,1,121.64,
R0001311,OI00011391,2026-05-07,1,662.93,Arrived Late
R0001312,OI00011398,2026-05-12,1,79.25,Size or Fit
R0001313,OI00011400,2026-05-03,1,157.4,Arrived Late
R0001314,OI00011402,2026-04-26,1,435.58,Changed Mind
R0001315,OI00011403,2026-05-21,1,76.87,Size or Fit
R0001316,OI00011404,2026-04-30,2,320.92,Changed Mind
R0001317,OI00011407,2026-05-27,1,60.56,Wrong Item
R0001318,OI00011418,2026-05-14,1,238.93,Changed Mind
R0001319,OI00011419,2026-05-07,1,77.97,Not as Described
R0001320,OI00011422,2026-04-25,1,74.2,Not as Described
R0001321,OI00011436,2026-05-10,1,124.23,Size or Fit
R0001322,OI00011438,2026-05-29,2,161.78,
R0001323,OI00011443,2026-05-03,1,143.64,Wrong Item
R0001324,OI00011461,2026-04-27,1,28.27,Not as Described
R0001325,OI00011498,2026-05-14,1,370.87,Changed Mind
R0001326,OI00011506,2026-05-03,1,124.58,Not as Described
R0001327,OI00011515,2026-06-01,1,166.42,
R0001328,OI00011532,2026-05-21,1,254.26,Arrived Late
R0001329,OI00011538,2026-04-30,1,286.78,Size or Fit
R0001330,OI00011554,2026-05-29,1,354.39,
R0001331,OI00011558,2026-05-31,2,93.06,Wrong Item
R0001332,OI00011569,2026-05-14,1,79.42,Size or Fit
R0001333,OI00011580,2026-05-09,1,255.46,Damaged
R0001334,OI00011581,2026-04-28,1,104.09,
R0001335,OI00011583,2026-05-18,1,196.95,Size or Fit
R0001336,OI00011590,2026-04-25,1,77.62,Size or Fit
R0001337,OI00011601,2026-04-29,1,142.47,Changed Mind
R0001338,OI00011603,2026-05-16,1,564.0,Not as Described
R0001339,OI00011607,2026-05-23,1,133.91,Size or Fit
R0001340,OI00011635,2026-05-09,1,784.73,Changed Mind
R0001341,OI00011636,2026-04-26,1,30.43,
R0001342,OI00011644,2026-05-29,2,255.48,Damaged
R0001343,OI00011648,2026-05-23,1,59.36,Changed Mind
R0001344,OI00011658,2026-05-14,1,123.56,Arrived Late
R0001345,OI00011661,2026-06-01,1,126.35,Size or Fit
R0001346,OI00011673,2026-05-14,1,51.62,Arrived Late
R0001347,OI00011685,2026-05-09,1,124.87,Arrived Late
R0001348,OI00011708,2026-05-29,1,156.06,Size or Fit
R0001349,OI00011721,2026-05-05,1,80.48,Size or Fit
R0001350,OI00011733,2026-05-20,1,353.94,Size or Fit
R0001351,OI00011737,2026-05-07,1,318.72,Wrong Item
R0001352,OI00011751,2026-04-28,1,373.87,Wrong Item
R0001353,OI00011756,2026-04-29,1,442.55,Damaged
R0001354,OI00011757,2026-05-04,1,46.16,Not as Described
R0001355,OI00011783,2026-06-03,1,693.08,Damaged
R0001356,OI00011802,2026-05-16,1,61.7,Damaged
R0001357,OI00011826,2026-04-24,1,68.19,Changed Mind
R0001358,OI00011833,2026-06-01,1,308.44,Not as Described
R0001359,OI00011839,2026-06-01,1,133.61,
R0001360,OI00011855,2026-05-04,1,144.53,Changed Mind
R0001361,OI00011876,2026-05-20,1,525.21,Not as Described
R0001362,OI00011879,2026-05-04,1,411.4,Changed Mind
R0001363,OI00011889,2026-04-28,1,140.07,Size or Fit
R0001364,OI00011900,2026-04-26,1,137.59,Changed Mind
R0001365,OI00011903,2026-06-04,1,328.33,Size or Fit
R0001366,OI00011913,2026-04-26,1,150.47,Size or Fit
R0001367,OI00011914,2026-05-30,1,128.43,Arrived Late
R0001368,OI00011928,2026-05-31,1,252.57,Wrong Item
R0001369,OI00011942,2026-06-01,1,80.18,Size or Fit
R0001370,OI00011947,2026-05-21,1,132.98,Wrong Item
R0001371,OI00011956,2026-05-18,1,164.02,Changed Mind
R0001372,OI00011960,2026-05-24,1,312.74,Size or Fit
R0001373,OI00011965,2026-04-25,1,112.85,Size or Fit
R0001374,OI00011966,2026-05-08,1,94.93,Damaged
R0001375,OI00011982,2026-05-16,1,112.84,
R0001376,OI00011983,2026-04-25,1,161.73,Changed Mind
R0001377,OI00011993,2026-05-04,1,79.63,Arrived Late
R0001378,OI00011998,2026-05-11,1,533.62,Changed Mind
R0001379,OI00012008,2026-06-01,1,88.16,Size or Fit
R0001380,OI00012025,2026-05-20,1,75.02,Changed Mind
R0001381,OI00012044,2026-05-01,1,71.78,Changed Mind
R0001382,OI00012051,2026-05-29,1,121.86,Damaged
R0001383,OI00012059,2026-05-09,1,646.13,Changed Mind
R0001384,OI00012067,2026-05-23,1,84.85,Damaged
R0001385,OI00012074,2026-05-21,1,582.42,Changed Mind
R0001386,OI00012076,2026-05-04,1,632.53,Not as Described
R0001387,OI00012087,2026-05-12,1,74.29,Damaged
R0001388,OI00012090,2026-04-30,1,372.68,Size or Fit
R0001389,OI00012096,2026-05-22,1,66.89,Size or Fit
R0001390,OI00012100,2026-05-30,1,74.35,Damaged
R0001391,OI00012105,2026-06-05,1,73.15,Arrived Late
R0001392,OI00012106,2026-06-02,1,398.9,Damaged
R0001393,OI00012111,2026-05-18,1,296.07,Size or Fit
R0001394,OI00012120,2026-05-20,1,41.47,Damaged
R0001395,OI00012124,2026-04-30,1,79.59,Size or Fit
R0001396,OI00012137,2026-05-09,1,54.32,Damaged
R0001397,OI00012139,2026-05-15,2,132.02,Changed Mind
R0001398,OI00012156,2026-05-01,1,87.32,Wrong Item
R0001399,OI00012184,2026-06-06,1,30.36,Not as Described
R0001400,OI00012207,2026-06-01,1,573.1,Changed Mind
R0001401,OI00012210,2026-05-17,1,136.66,Size or Fit
R0001402,OI00012228,2026-05-29,1,143.56,Size or Fit
R0001403,OI00012246,2026-06-01,1,301.34,
R0001404,OI00012264,2026-05-19,1,66.73,Wrong Item
R0001405,OI00012271,2026-05-01,1,144.71,Changed Mind
R0001406,OI00012273,2026-05-15,1,66.26,Not as Described
R0001407,OI00012274,2026-05-19,1,99.29,Changed Mind
R0001408,OI00012281,2026-05-03,1,615.62,Not as Described
R0001409,OI00012283,2026-05-14,1,151.51,Wrong Item
R0001410,OI00012308,2026-05-26,1,69.03,Changed Mind
R0001411,OI00012310,2026-05-11,1,165.1,Not as Described
R0001412,OI00012311,2026-05-27,1,125.8,Changed Mind
R0001413,OI00012319,2026-05-28,1,125.55,Not as Described
R0001414,OI00012331,2026-05-20,1,59.53,
R0001415,OI00012336,2026-06-05,1,139.69,Size or Fit
R0001416,OI00012359,2026-05-15,2,296.12,
R0001417,OI00012364,2026-05-12,1,77.3,Size or Fit
R0001418,OI00012390,2026-05-25,1,74.12,Not as Described
R0001419,OI00012394,2026-05-03,1,293.89,
R0001420,OI00012423,2026-05-20,1,74.94,Size or Fit
R0001421,OI00012425,2026-05-12,1,79.04,Not as Described
R0001422,OI00012454,2026-06-08,1,144.34,Size or Fit
R0001423,OI00012470,2026-05-22,2,522.71,
R0001424,OI00012482,2026-06-05,1,138.44,Size or Fit
R0001425,OI00012500,2026-05-12,1,123.77,Size or Fit
R0001426,OI00012502,2026-05-26,1,158.21,Size or Fit
R0001427,OI00012507,2026-05-09,1,386.74,Changed Mind
R0001428,OI00012514,2026-06-06,1,120.91,Size or Fit
R0001429,OI00012516,2026-06-02,2,301.22,Arrived Late
R0001430,OI00012519,2026-05-15,1,434.8,Changed Mind
R0001431,OI00012520,2026-06-07,1,76.72,Changed Mind
R0001432,OI00012536,2026-05-13,1,31.66,Not as Described
R0001433,OI00012557,2026-05-24,1,448.55,Changed Mind
R0001434,OI00012567,2026-05-11,1,124.48,Size or Fit
R0001435,OI00012578,2026-05-27,1,139.88,Damaged
R0001436,OI00012579,2026-06-07,1,138.01,Changed Mind
R0001437,OI00012582,2026-05-02,1,62.07,Not as Described
R0001438,OI00012587,2026-05-10,1,74.48,Damaged
R0001439,OI00012602,2026-06-05,2,145.76,Size or Fit
R0001440,OI00012603,2026-05-08,1,82.06,Not as Described
R0001441,OI00012607,2026-06-07,1,105.62,Wrong Item
R0001442,OI00012608,2026-05-20,1,39.81,Damaged
R0001443,OI00012616,2026-06-08,1,122.28,Size or Fit
R0001444,OI00012637,2026-05-06,1,82.78,
R0001445,OI00012652,2026-05-02,1,123.22,Size or Fit
R0001446,OI00012655,2026-05-28,1,120.89,Not as Described
R0001447,OI00012658,2026-05-23,1,281.08,Damaged
R0001448,OI00012661,2026-05-30,1,330.68,Changed Mind
R0001449,OI00012669,2026-06-05,1,135.26,Arrived Late
R0001450,OI00012670,2026-05-20,1,432.83,
R0001451,OI00012672,2026-05-11,1,357.5,Changed Mind
R0001452,OI00012675,2026-06-09,1,90.64,Damaged
R0001453,OI00012689,2026-06-06,1,468.73,Not as Described
R0001454,OI00012697,2026-06-06,1,370.25,Damaged
R0001455,OI00012703,2026-05-24,1,67.15,Arrived Late
R0001456,OI00012718,2026-05-30,1,300.41,
R0001457,OI00012722,2026-05-19,2,133.14,
R0001458,OI00012731,2026-05-31,1,267.54,Changed Mind
R0001459,OI00012735,2026-05-24,1,80.82,Changed Mind
R0001460,OI00012737,2026-05-09,1,196.69,Changed Mind
R0001461,OI00012746,2026-06-09,1,65.25,Changed Mind
R0001462,OI00012752,2026-05-26,1,142.63,Arrived Late
R0001463,OI00012764,2026-05-29,1,154.65,Not as Described
R0001464,OI00012775,2026-06-06,1,192.95,Damaged
R0001465,OI00012783,2026-05-08,1,273.54,Not as Described
R0001466,OI00012789,2026-05-12,2,166.82,Size or Fit
R0001467,OI00012791,2026-05-30,2,1359.38,Arrived Late
R0001468,OI00012797,2026-06-04,1,85.2,Size or Fit
R0001469,OI00012799,2026-05-28,1,664.53,Size or Fit
R0001470,OI00012811,2026-05-06,1,628.18,Size or Fit
R0001471,OI00012815,2026-05-27,1,123.31,Size or Fit
R0001472,OI00012817,2026-05-03,1,62.61,Not as Described
R0001473,OI00012832,2026-06-07,1,267.55,Damaged
R0001474,OI00012833,2026-06-01,1,79.08,Size or Fit
R0001475,OI00012834,2026-06-11,1,160.71,Damaged
R0001476,OI00012849,2026-05-05,1,56.64,Changed Mind
R0001477,OI00012877,2026-05-13,1,80.17,Changed Mind
R0001478,OI00012880,2026-05-05,1,109.67,Size or Fit
R0001479,OI00012883,2026-05-23,1,95.92,Not as Described
R0001480,OI00012897,2026-06-07,1,69.5,Changed Mind
R0001481,OI00012899,2026-06-07,1,28.64,Changed Mind
R0001482,OI00012900,2026-05-24,2,822.2,Size or Fit
R0001483,OI00012902,2026-05-03,1,83.74,Changed Mind
R0001484,OI00012943,2026-06-04,1,124.47,Wrong Item
R0001485,OI00012954,2026-05-23,1,139.71,
R0001486,OI00012955,2026-05-23,1,70.58,Arrived Late
R0001487,OI00012975,2026-05-07,1,24.8,Changed Mind
R0001488,OI00012978,2026-06-04,1,132.87,Damaged
R0001489,OI00012983,2026-05-16,1,75.29,Size or Fit
R0001490,OI00012989,2026-05-26,2,649.62,Changed Mind
R0001491,OI00012997,2026-05-31,1,256.28,Wrong Item
R0001492,OI00013000,2026-05-15,1,123.99,Size or Fit
R0001493,OI00013002,2026-06-07,1,102.73,Size or Fit
R0001494,OI00013003,2026-05-26,1,295.05,Size or Fit
R0001495,OI00013004,2026-05-14,1,86.98,Size or Fit
R0001496,OI00013007,2026-05-08,2,225.94,Size or Fit
R0001497,OI00013008,2026-05-14,1,127.76,Not as Described
R0001498,OI00013017,2026-05-08,1,81.18,Size or Fit
R0001499,OI00013019,2026-05-23,1,798.37,Size or Fit
R0001500,OI00013022,2026-05-17,1,655.37,Damaged
R0001501,OI00013024,2026-05-30,1,45.31,
R0001502,OI00013028,2026-05-16,1,157.86,Changed Mind
R0001503,OI00013034,2026-06-08,1,77.91,
R0001504,OI00013041,2026-06-07,1,138.53,Size or Fit
R0001505,OI00013072,2026-05-31,1,82.39,Arrived Late
R0001506,OI00013075,2026-05-17,1,42.99,Changed Mind
R0001507,OI00013076,2026-06-06,1,59.47,Damaged
R0001508,OI00013086,2026-06-09,1,141.5,Size or Fit
R0001509,OI00013091,2026-05-30,1,55.76,Not as Described
R0001510,OI00013094,2026-05-24,1,59.78,Size or Fit
R0001511,OI00013095,2026-05-21,1,154.96,Damaged
R0001512,OI00013098,2026-05-19,1,100.25,Size or Fit
R0001513,OI00013099,2026-05-25,1,143.69,Size or Fit
R0001514,OI00013108,2026-06-12,1,115.39,Arrived Late
R0001515,OI00013111,2026-05-20,1,120.19,Not as Described
R0001516,OI00013122,2026-06-05,1,273.48,Damaged
R0001517,OI00013136,2026-05-19,1,82.49,Changed Mind
R0001518,OI00013150,2026-05-15,1,575.76,
R0001519,OI00013160,2026-06-08,1,143.06,Changed Mind
R0001520,OI00013161,2026-05-16,1,159.34,Size or Fit
R0001521,OI00013184,2026-05-15,1,645.38,
R0001522,OI00013185,2026-05-25,1,110.47,Size or Fit
R0001523,OI00013199,2026-05-21,1,111.86,Size or Fit
R0001524,OI00013209,2026-05-08,1,349.97,Not as Described
R0001525,OI00013213,2026-06-14,1,389.16,Damaged
R0001526,OI00013216,2026-05-27,2,734.3,Changed Mind
R0001527,OI00013230,2026-05-20,1,68.86,Changed Mind
R0001528,OI00013239,2026-06-01,1,141.16,Size or Fit
R0001529,OI00013242,2026-06-07,1,220.13,Changed Mind
R0001530,OI00013253,2026-06-04,1,72.57,Size or Fit
R0001531,OI00013254,2026-06-11,1,41.86,Arrived Late
R0001532,OI00013264,2026-05-25,2,302.02,Size or Fit
R0001533,OI00013275,2026-05-27,1,123.01,Damaged
R0001534,OI00013284,2026-06-12,1,620.97,Damaged
R0001535,OI00013292,2026-06-10,1,258.99,Damaged
R0001536,OI00013295,2026-05-23,1,432.84,Arrived Late
R0001537,OI00013301,2026-05-22,1,271.7,Size or Fit
R0001538,OI00013314,2026-06-04,1,85.05,Size or Fit
R0001539,OI00013317,2026-06-06,1,66.34,Size or Fit
R0001540,OI00013318,2026-05-15,1,121.6,Size or Fit
R0001541,OI00013324,2026-06-05,1,115.76,
R0001542,OI00013328,2026-06-05,2,575.32,Size or Fit
R0001543,OI00013343,2026-05-13,1,155.91,Wrong Item
R0001544,OI00013347,2026-05-27,1,66.85,Not as Described
R0001545,OI00013350,2026-06-02,1,622.16,Changed Mind
R0001546,OI00013352,2026-05-24,1,83.61,Size or Fit
R0001547,OI00013353,2026-05-11,1,155.7,Damaged
R0001548,OI00013376,2026-06-07,1,264.82,Damaged
R0001549,OI00013380,2026-05-20,1,369.14,Wrong Item
R0001550,OI00013386,2026-05-22,1,451.8,Size or Fit
R0001551,OI00013392,2026-06-14,1,89.5,Not as Described
R0001552,OI00013396,2026-05-11,1,117.46,Changed Mind
R0001553,OI00013403,2026-05-15,1,142.16,Size or Fit
R0001554,OI00013405,2026-05-23,1,83.95,Arrived Late
R0001555,OI00013409,2026-05-28,1,67.92,Wrong Item
R0001556,OI00013413,2026-05-18,1,82.27,Changed Mind
R0001557,OI00013430,2026-05-22,1,366.47,
R0001558,OI00013432,2026-05-31,1,143.96,Damaged
R0001559,OI00013433,2026-05-12,1,109.56,Size or Fit
R0001560,OI00013435,2026-05-10,1,254.91,Wrong Item
R0001561,OI00013454,2026-05-20,1,453.26,Size or Fit
R0001562,OI00013457,2026-06-04,1,85.51,
R0001563,OI00013491,2026-06-15,1,186.46,Changed Mind
R0001564,OI00013495,2026-05-23,1,189.71,Size or Fit
R0001565,OI00013498,2026-05-29,1,43.58,Not as Described
R0001566,OI00013499,2026-05-12,1,606.06,
R0001567,OI00013503,2026-05-19,1,617.2,Not as Described
R0001568,OI00013508,2026-06-14,1,73.64,Not as Described
R0001569,OI00013509,2026-06-05,1,529.69,Damaged
R0001570,OI00013510,2026-06-12,1,153.3,Arrived Late
R0001571,OI00013515,2026-05-09,1,642.88,Changed Mind
R0001572,OI00013518,2026-06-13,1,142.2,Damaged
R0001573,OI00013531,2026-06-14,1,215.85,Not as Described
R0001574,OI00013535,2026-05-21,1,411.79,Changed Mind
R0001575,OI00013539,2026-06-16,1,234.56,Damaged
R0001576,OI00013548,2026-05-21,1,781.83,Not as Described
R0001577,OI00013555,2026-05-09,1,80.66,Damaged
R0001578,OI00013572,2026-05-14,1,259.04,
R0001579,OI00013576,2026-06-08,1,805.42,
R0001580,OI00013578,2026-06-17,1,772.09,
R0001581,OI00013579,2026-05-25,1,107.93,Size or Fit
R0001582,OI00013583,2026-05-22,1,79.16,Size or Fit
R0001583,OI00013589,2026-05-21,1,299.85,Not as Described
R0001584,OI00013598,2026-05-23,1,325.62,
R0001585,OI00013607,2026-05-23,1,28.24,Arrived Late
R0001586,OI00013609,2026-05-15,1,687.16,Wrong Item
R0001587,OI00013617,2026-06-04,1,158.55,Damaged
R0001588,OI00013622,2026-06-15,1,137.32,Size or Fit
R0001589,OI00013623,2026-06-04,1,374.4,Damaged
R0001590,OI00013628,2026-05-17,1,39.04,Arrived Late
R0001591,OI00013642,2026-05-26,1,274.28,
R0001592,OI00013650,2026-06-09,1,67.97,Damaged
R0001593,OI00013654,2026-06-10,1,121.78,Arrived Late
R0001594,OI00013656,2026-05-18,1,368.5,Size or Fit
R0001595,OI00013668,2026-06-13,1,125.21,
R0001596,OI00013679,2026-05-13,1,269.34,Not as Described
R0001597,OI00013691,2026-05-14,1,73.55,
R0001598,OI00013701,2026-06-15,1,779.47,Size or Fit
R0001599,OI00013705,2026-05-21,1,160.13,Changed Mind
R0001600,OI00013707,2026-06-06,1,66.3,Arrived Late
R0001601,OI00013713,2026-05-30,1,57.5,Arrived Late
R0001602,OI00013725,2026-05-24,1,66.44,Not as Described
R0001603,OI00013728,2026-06-07,1,138.7,Size or Fit
R0001604,OI00013731,2026-05-25,1,139.09,Size or Fit
R0001605,OI00013735,2026-05-13,1,224.15,
R0001606,OI00013738,2026-05-25,1,80.16,
R0001607,OI00013741,2026-05-23,1,80.43,Changed Mind
R0001608,OI00013776,2026-06-05,1,87.75,Wrong Item
R0001609,OI00013790,2026-05-24,3,185.22,Changed Mind
R0001610,OI00013796,2026-05-12,1,81.07,Wrong Item
R0001611,OI00013809,2026-05-21,1,82.16,Size or Fit
R0001612,OI00013845,2026-06-03,1,148.19,Damaged
R0001613,OI00013864,2026-05-12,1,78.97,Wrong Item
R0001614,OI00013865,2026-05-15,1,410.65,Size or Fit
R0001615,OI00013881,2026-06-16,1,72.85,Not as Described
R0001616,OI00013903,2026-05-11,1,74.02,Size or Fit
R0001617,OI00013905,2026-06-10,1,74.4,Size or Fit
R0001618,OI00013906,2026-06-11,1,332.96,Damaged
R0001619,OI00013908,2026-06-15,1,128.03,Arrived Late
R0001620,OI00013909,2026-06-18,1,85.08,Size or Fit
R0001621,OI00013924,2026-06-19,1,142.2,Size or Fit
R0001622,OI00013954,2026-05-23,1,82.44,
R0001623,OI00013971,2026-05-30,1,414.15,Damaged
R0001624,OI00013974,2026-05-16,1,126.43,Damaged
R0001625,OI00013978,2026-05-22,1,83.13,Size or Fit
R0001626,OI00013979,2026-06-03,1,159.38,Damaged
R0001627,OI00013983,2026-05-13,1,80.45,
R0001628,OI00013986,2026-05-27,1,77.89,Changed Mind
R0001629,OI00013991,2026-05-26,1,160.34,Size or Fit
R0001630,OI00013992,2026-05-16,1,121.76,Damaged
R0001631,OI00014007,2026-06-21,2,350.49,Changed Mind
R0001632,OI00014016,2026-06-05,1,133.44,Not as Described
R0001633,OI00014020,2026-05-12,1,139.96,Size or Fit
R0001634,OI00014024,2026-06-16,1,23.05,Not as Described
R0001635,OI00014027,2026-06-15,1,67.07,Changed Mind
R0001636,OI00014031,2026-05-20,1,121.8,Changed Mind
R0001637,OI00014033,2026-05-31,1,69.13,Not as Described
R0001638,OI00014034,2026-05-31,1,67.69,Wrong Item
R0001639,OI00014044,2026-05-23,1,44.58,Changed Mind
R0001640,OI00014046,2026-06-10,1,359.82,Wrong Item
R0001641,OI00014049,2026-06-12,1,80.87,Size or Fit
R0001642,OI00014052,2026-05-15,1,118.23,Changed Mind
R0001643,OI00014061,2026-06-21,1,81.53,Changed Mind
R0001644,OI00014063,2026-05-13,1,102.52,Changed Mind
R0001645,OI00014064,2026-06-08,1,109.82,Size or Fit
R0001646,OI00014065,2026-05-19,1,124.56,Changed Mind
R0001647,OI00014068,2026-05-21,1,144.11,Size or Fit
R0001648,OI00014072,2026-06-09,1,152.94,Changed Mind
R0001649,OI00014088,2026-06-12,2,278.4,Arrived Late
R0001650,OI00014094,2026-06-11,1,67.79,Size or Fit
R0001651,OI00014097,2026-05-29,2,295.64,Size or Fit
R0001652,OI00014101,2026-05-20,1,164.73,Not as Described
R0001653,OI00014113,2026-06-02,2,253.84,Damaged
R0001654,OI00014115,2026-06-08,1,96.92,Arrived Late
R0001655,OI00014119,2026-06-01,1,111.33,Size or Fit
R0001656,OI00014123,2026-06-20,1,242.8,Changed Mind
R0001657,OI00014128,2026-05-31,1,239.08,Arrived Late
R0001658,OI00014131,2026-05-13,1,651.67,Damaged
R0001659,OI00014132,2026-05-31,1,85.86,Changed Mind
R0001660,OI00014135,2026-05-21,1,108.9,Size or Fit
R0001661,OI00014136,2026-05-13,1,66.36,Changed Mind
R0001662,OI00014141,2026-06-10,2,820.8,Arrived Late
R0001663,OI00014150,2026-06-15,1,51.38,Changed Mind
R0001664,OI00014153,2026-06-09,1,118.55,Changed Mind
R0001665,OI00014156,2026-06-14,1,75.3,Not as Described
R0001666,OI00014157,2026-05-24,1,91.64,Changed Mind
R0001667,OI00014165,2026-06-03,2,559.98,
R0001668,OI00014171,2026-05-22,1,151.51,Changed Mind
R0001669,OI00014174,2026-06-10,1,66.65,Size or Fit
R0001670,OI00014183,2026-06-04,1,139.3,Changed Mind
R0001671,OI00014195,2026-06-13,1,641.9,Not as Described
R0001672,OI00014205,2026-06-16,1,67.3,Wrong Item
R0001673,OI00014219,2026-06-02,2,267.56,Wrong Item
R0001674,OI00014227,2026-06-15,1,80.42,Not as Described
R0001675,OI00014236,2026-06-21,1,152.18,
R0001676,OI00014238,2026-06-12,1,641.13,Wrong Item
R0001677,OI00014239,2026-06-01,1,12.15,Changed Mind
R0001678,OI00014249,2026-06-14,1,688.95,Size or Fit
R0001679,OI00014250,2026-06-23,1,139.42,Wrong Item
R0001680,OI00014254,2026-06-21,1,142.09,
R0001681,OI00014266,2026-05-20,1,89.28,Not as Described
R0001682,OI00014268,2026-06-18,1,142.28,
R0001683,OI00014271,2026-05-15,1,57.56,Not as Described
R0001684,OI00014282,2026-05-31,1,448.29,Changed Mind
R0001685,OI00014285,2026-05-22,2,242.66,Changed Mind
R0001686,OI00014303,2026-06-10,1,139.83,Damaged
R0001687,OI00014323,2026-06-10,1,71.72,Size or Fit
R0001688,OI00014324,2026-06-19,1,124.0,Changed Mind
R0001689,OI00014326,2026-06-20,1,125.25,
R0001690,OI00014333,2026-06-01,1,413.43,Changed Mind
R0001691,OI00014350,2026-05-18,1,83.92,Size or Fit
R0001692,OI00014354,2026-06-10,1,80.13,Wrong Item
R0001693,OI00014361,2026-05-15,1,143.55,Size or Fit
R0001694,OI00014371,2026-06-12,1,82.46,Size or Fit
R0001695,OI00014375,2026-05-23,1,123.26,Changed Mind
R0001696,OI00014391,2026-06-20,1,175.53,
R0001697,OI00014394,2026-05-20,1,74.25,Size or Fit
R0001698,OI00014399,2026-05-17,1,92.06,Not as Described
R0001699,OI00014400,2026-06-13,1,98.05,Size or Fit
R0001700,OI00014414,2026-06-11,1,75.56,Changed Mind
R0001701,OI00014415,2026-06-22,1,78.83,Size or Fit
R0001702,OI00014422,2026-05-15,1,318.32,Size or Fit
R0001703,OI00014428,2026-06-03,1,99.61,Arrived Late
R0001704,OI00014440,2026-06-16,1,315.83,
R0001705,OI00014442,2026-05-26,1,286.51,Not as Described
R0001706,OI00014448,2026-06-01,1,117.38,Damaged
R0001707,OI00014459,2026-05-24,1,26.67,Size or Fit
R0001708,OI00014468,2026-06-14,2,1625.36,
R0001709,OI00014477,2026-05-17,2,133.88,Changed Mind
R0001710,OI00014480,2026-05-17,1,646.4,Changed Mind
R0001711,OI00014483,2026-06-23,1,124.87,Changed Mind
R0001712,OI00014488,2026-05-25,1,87.89,Size or Fit
R0001713,OI00014501,2026-06-22,1,655.0,
R0001714,OI00014510,2026-05-20,1,68.37,Changed Mind
R0001715,OI00014553,2026-06-16,1,261.0,Not as Described
R0001716,OI00014565,2026-06-16,1,108.9,Damaged
R0001717,OI00014568,2026-05-20,1,138.89,Wrong Item
R0001718,OI00014585,2026-05-29,1,456.17,Not as Described
R0001719,OI00014588,2026-06-13,1,247.57,
R0001720,OI00014592,2026-06-22,1,72.05,Not as Described
R0001721,OI00014595,2026-06-19,1,163.79,Changed Mind
R0001722,OI00014599,2026-06-04,2,1355.08,Changed Mind
R0001723,OI00014600,2026-05-26,1,102.39,Arrived Late
R0001724,OI00014606,2026-06-24,1,140.62,Wrong Item
R0001725,OI00014609,2026-06-12,1,412.65,Arrived Late
R0001726,OI00014610,2026-05-31,1,106.42,Changed Mind
R0001727,OI00014624,2026-06-12,2,157.94,Size or Fit
R0001728,OI00014629,2026-05-29,1,368.25,Changed Mind
R0001729,OI00014636,2026-06-12,1,70.12,
R0001730,OI00014637,2026-05-23,1,224.74,Size or Fit
R0001731,OI00014649,2026-05-24,1,127.07,Not as Described
R0001732,OI00014650,2026-06-08,1,108.35,Size or Fit
R0001733,OI00014651,2026-06-25,1,433.63,Changed Mind
R0001734,OI00014672,2026-06-12,1,671.4,Damaged
R0001735,OI00014674,2026-06-17,1,80.8,Size or Fit
R0001736,OI00014704,2026-05-20,1,111.41,Changed Mind
R0001737,OI00014718,2026-06-12,1,73.64,Size or Fit
R0001738,OI00014719,2026-06-21,1,230.06,Not as Described
R0001739,OI00014722,2026-05-29,1,45.27,Not as Described
R0001740,OI00014730,2026-05-23,1,103.52,Changed Mind
R0001741,OI00014735,2026-06-03,1,652.89,
R0001742,OI00014736,2026-06-07,1,159.52,Size or Fit
R0001743,OI00014744,2026-05-27,1,688.28,
R0001744,OI00014750,2026-06-07,1,657.63,Size or Fit
R0001745,OI00014761,2026-06-06,1,102.09,Changed Mind
R0001746,OI00014763,2026-06-03,1,83.88,
R0001747,OI00014766,2026-06-11,1,142.59,
R0001748,OI00014767,2026-05-28,1,163.65,Not as Described
R0001749,OI00014778,2026-06-25,1,78.8,Arrived Late
R0001750,OI00014799,2026-06-02,1,641.14,Not as Described
R0001751,OI00014802,2026-06-22,1,53.39,Size or Fit
R0001752,OI00014806,2026-06-18,1,74.45,Size or Fit
R0001753,OI00014816,2026-05-29,2,154.24,Arrived Late
R0001754,OI00014824,2026-06-08,1,83.71,Size or Fit
R0001755,OI00014828,2026-06-02,2,821.6,
R0001756,OI00014837,2026-06-01,1,111.19,
R0001757,OI00014845,2026-06-16,1,81.51,
R0001758,OI00014853,2026-06-12,1,67.1,Size or Fit
R0001759,OI00014856,2026-06-05,1,136.01,Size or Fit
R0001760,OI00014859,2026-05-26,1,82.54,Damaged
R0001761,OI00014862,2026-06-06,1,466.98,Size or Fit
R0001762,OI00014882,2026-06-19,2,549.92,Arrived Late
R0001763,OI00014903,2026-06-25,1,231.79,Damaged
R0001764,OI00014906,2026-06-10,1,117.61,Arrived Late
R0001765,OI00014921,2026-06-16,1,67.2,Size or Fit
R0001766,OI00014922,2026-05-30,1,78.53,Arrived Late
R0001767,OI00014923,2026-06-03,1,139.86,Damaged
R0001768,OI00014933,2026-05-27,1,82.13,
R0001769,OI00014975,2026-06-24,1,126.61,Wrong Item
R0001770,OI00014989,2026-06-16,1,99.29,Wrong Item
R0001771,OI00014995,2026-06-24,1,147.72,Damaged
R0001772,OI00015005,2026-06-17,1,103.99,Changed Mind
R0001773,OI00015006,2026-06-16,1,294.91,Size or Fit
R0001774,OI00015015,2026-05-26,1,635.08,Size or Fit
R0001775,OI00015021,2026-06-21,1,103.0,Changed Mind
R0001776,OI00015029,2026-06-12,2,304.58,Changed Mind
R0001777,OI00015042,2026-05-19,1,66.36,Not as Described
R0001778,OI00015046,2026-06-26,1,653.66,Not as Described
R0001779,OI00015061,2026-05-29,1,601.33,Size or Fit
R0001780,OI00015082,2026-05-26,1,107.51,Damaged
R0001781,OI00015086,2026-05-31,1,744.64,Changed Mind
R0001782,OI00015096,2026-06-08,1,126.37,Size or Fit
R0001783,OI00015099,2026-06-15,1,132.47,Damaged
R0001784,OI00015109,2026-06-17,2,216.8,Size or Fit
R0001785,OI00015123,2026-06-14,2,868.04,Size or Fit
R0001786,OI00015130,2026-06-10,1,505.79,Size or Fit
R0001787,OI00015131,2026-06-06,1,261.08,Damaged
R0001788,OI00015137,2026-06-21,1,152.3,Size or Fit
R0001789,OI00015146,2026-06-26,1,108.92,Size or Fit
R0001790,OI00015168,2026-06-23,1,344.62,Damaged
R0001791,OI00015172,2026-05-27,1,135.61,Changed Mind
R0001792,OI00015187,2026-06-26,1,153.42,Changed Mind
R0001793,OI00015192,2026-06-17,1,110.28,Changed Mind
R0001794,OI00015194,2026-06-02,1,538.87,
R0001795,OI00015207,2026-06-05,1,111.11,Damaged
R0001796,OI00015222,2026-06-02,1,164.27,Damaged
R0001797,OI00015236,2026-06-10,1,196.6,Arrived Late
R0001798,OI00015239,2026-06-06,1,68.13,Changed Mind
R0001799,OI00015255,2026-06-02,1,79.0,Size or Fit
R0001800,OI00015268,2026-05-30,1,135.02,
R0001801,OI00015276,2026-06-21,2,313.38,Size or Fit
R0001802,OI00015279,2026-06-16,1,86.72,Size or Fit
R0001803,OI00015281,2026-06-26,1,140.3,Size or Fit
R0001804,OI00015290,2026-05-26,1,77.85,Size or Fit
R0001805,OI00015294,2026-06-08,1,13.89,Size or Fit
R0001806,OI00015296,2026-06-14,1,437.96,
R0001807,OI00015305,2026-06-30,1,111.78,Wrong Item
R0001808,OI00015313,2026-05-27,1,68.86,Size or Fit
R0001809,OI00015332,2026-06-18,1,76.66,Size or Fit
R0001810,OI00015339,2026-06-27,1,159.47,
R0001811,OI00015352,2026-06-23,2,236.56,Wrong Item
R0001812,OI00015353,2026-06-20,1,81.44,
R0001813,OI00015355,2026-06-18,1,141.23,Not as Described
R0001814,OI00015358,2026-05-24,1,69.67,Not as Described
R0001815,OI00015383,2026-06-29,1,141.54,Changed Mind
R0001816,OI00015401,2026-06-11,1,70.49,Size or Fit
R0001817,OI00015406,2026-06-12,1,65.74,Changed Mind
R0001818,OI00015431,2026-06-04,1,18.84,Size or Fit
R0001819,OI00015443,2026-06-16,1,632.15,Not as Described
R0001820,OI00015444,2026-06-10,1,122.79,Changed Mind
R0001821,OI00015450,2026-06-16,1,328.84,Arrived Late
R0001822,OI00015453,2026-06-05,1,112.57,Size or Fit
R0001823,OI00015458,2026-06-23,1,440.55,Damaged
R0001824,OI00015472,2026-06-07,1,119.71,Not as Described
R0001825,OI00015477,2026-05-23,1,79.51,Not as Described
R0001826,OI00015479,2026-06-20,1,65.4,Arrived Late
R0001827,OI00015486,2026-06-04,1,60.44,Wrong Item
R0001828,OI00015487,2026-06-14,1,315.25,Changed Mind
R0001829,OI00015493,2026-05-30,2,682.0,Changed Mind
R0001830,OI00015509,2026-06-06,1,146.34,Damaged
R0001831,OI00015520,2026-06-29,1,110.84,Damaged
R0001832,OI00015521,2026-06-20,1,142.98,Size or Fit
R0001833,OI00015526,2026-06-05,1,660.58,Size or Fit
R0001834,OI00015527,2026-06-24,1,151.64,Damaged
R0001835,OI00015532,2026-06-11,1,84.58,Damaged
R0001836,OI00015533,2026-05-29,1,136.69,Changed Mind
R0001837,OI00015537,2026-06-14,1,115.7,Changed Mind
R0001838,OI00015543,2026-06-05,1,110.19,Arrived Late
R0001839,OI00015549,2026-06-16,1,145.56,Size or Fit
R0001840,OI00015550,2026-06-11,1,65.72,Size or Fit
R0001841,OI00015553,2026-06-15,1,135.83,Changed Mind
R0001842,OI00015562,2026-06-16,1,134.53,Arrived Late
R0001843,OI00015568,2026-06-18,1,64.08,Damaged
R0001844,OI00015584,2026-06-05,1,125.38,Size or Fit
R0001845,OI00015588,2026-06-29,1,152.19,Size or Fit
R0001846,OI00015592,2026-07-02,1,84.8,Changed Mind
R0001847,OI00015601,2026-06-16,1,290.43,
R0001848,OI00015609,2026-06-02,1,110.72,Size or Fit
R0001849,OI00015611,2026-06-13,1,329.6,Damaged
R0001850,OI00015620,2026-06-14,1,288.17,Changed Mind
R0001851,OI00015623,2026-06-04,1,53.23,Size or Fit
R0001852,OI00015625,2026-06-17,1,77.35,Wrong Item
R0001853,OI00015632,2026-06-30,1,128.6,Size or Fit
R0001854,OI00015653,2026-05-29,1,126.51,Changed Mind
R0001855,OI00015676,2026-06-27,1,128.26,Not as Described
R0001856,OI00015692,2026-07-01,2,103.92,Damaged
R0001857,OI00015711,2026-06-29,1,138.93,Size or Fit
R0001858,OI00015712,2026-05-27,1,146.39,Changed Mind
R0001859,OI00015742,2026-05-25,1,245.35,Damaged
R0001860,OI00015745,2026-06-21,1,154.62,Changed Mind
R0001861,OI00015768,2026-06-03,1,82.5,Arrived Late
R0001862,OI00015772,2026-06-28,1,62.33,Damaged
R0001863,OI00015779,2026-06-07,1,127.65,Wrong Item
R0001864,OI00015788,2026-06-10,1,122.81,Damaged
R0001865,OI00015790,2026-07-01,1,65.55,Damaged
R0001866,OI00015798,2026-07-04,1,107.32,Not as Described
R0001867,OI00015799,2026-06-08,1,158.9,Arrived Late
R0001868,OI00015804,2026-06-18,2,158.76,Damaged
R0001869,OI00015806,2026-06-09,1,621.94,Not as Described
R0001870,OI00015831,2026-06-18,1,354.51,Arrived Late
R0001871,OI00015835,2026-07-02,1,271.49,Wrong Item
R0001872,OI00015836,2026-06-17,2,127.14,Changed Mind
R0001873,OI00015842,2026-06-09,1,691.54,Size or Fit
R0001874,OI00015848,2026-06-24,1,69.12,Arrived Late
R0001875,OI00015850,2026-06-17,1,74.25,Not as Described
R0001876,OI00015851,2026-05-31,1,89.04,Arrived Late
R0001877,OI00015863,2026-06-28,1,409.91,Size or Fit
R0001878,OI00015867,2026-06-13,1,467.95,Damaged
R0001879,OI00015884,2026-06-25,1,145.51,Changed Mind
R0001880,OI00015893,2026-06-28,1,421.92,
R0001881,OI00015922,2026-05-28,1,136.28,Not as Described
R0001882,OI00015931,2026-06-27,2,217.86,Not as Described
R0001883,OI00015932,2026-05-28,1,127.28,Not as Described
R0001884,OI00015934,2026-06-29,1,122.89,Damaged
R0001885,OI00015935,2026-06-25,1,217.19,Size or Fit
R0001886,OI00015944,2026-06-07,1,117.06,Wrong Item
R0001887,OI00015946,2026-07-05,1,321.3,
R0001888,OI00015950,2026-06-12,1,536.0,Changed Mind
R0001889,OI00015954,2026-06-26,1,195.29,
R0001890,OI00015955,2026-06-23,1,262.52,Changed Mind
R0001891,OI00015973,2026-06-17,1,266.74,Changed Mind
R0001892,OI00015975,2026-06-23,1,71.14,Size or Fit
R0001893,OI00015985,2026-05-27,1,601.94,Size or Fit
R0001894,OI00015986,2026-06-01,1,129.91,Size or Fit
R0001895,OI00015989,2026-06-13,1,84.48,Damaged
R0001896,OI00015992,2026-06-03,1,77.16,
R0001897,OI00015994,2026-05-31,1,533.19,Changed Mind
R0001898,OI00016007,2026-06-28,1,131.46,Size or Fit
R0001899,OI00016011,2026-07-01,1,102.37,Size or Fit
R0001900,OI00016024,2026-05-26,1,478.53,
R0001901,OI00016027,2026-06-14,1,74.24,Size or Fit
R0001902,OI00016039,2026-06-19,1,493.3,Not as Described
R0001903,OI00016040,2026-07-03,1,569.35,Damaged
R0001904,OI00016042,2026-07-04,1,81.5,Size or Fit
R0001905,OI00016049,2026-06-07,1,80.67,Changed Mind
R0001906,OI00016050,2026-05-29,1,50.37,Changed Mind
R0001907,OI00016061,2026-06-06,1,154.8,Size or Fit
R0001908,OI00016068,2026-06-30,1,113.11,Not as Described
R0001909,OI00016081,2026-06-14,2,874.96,Size or Fit
R0001910,OI00016085,2026-06-16,1,125.17,Changed Mind
R0001911,OI00016101,2026-06-09,1,620.02,Changed Mind
R0001912,OI00016105,2026-06-23,1,146.95,
R0001913,OI00016112,2026-06-07,2,160.24,Size or Fit
R0001914,OI00016123,2026-05-31,1,120.82,Damaged
R0001915,OI00016128,2026-06-10,1,283.87,Changed Mind
R0001916,OI00016132,2026-06-26,1,101.25,Changed Mind
R0001917,OI00016140,2026-06-09,1,45.28,
R0001918,OI00016147,2026-07-03,1,110.04,Changed Mind
R0001919,OI00016153,2026-06-11,1,146.56,
R0001920,OI00016193,2026-06-09,1,369.37,Damaged
R0001921,OI00016196,2026-06-24,2,624.14,Arrived Late
R0001922,OI00016197,2026-06-23,1,61.28,Changed Mind
R0001923,OI00016201,2026-05-29,1,76.72,Arrived Late
R0001924,OI00016204,2026-07-01,1,102.68,
R0001925,OI00016205,2026-05-31,1,792.81,Not as Described
R0001926,OI00016213,2026-06-17,1,261.32,Damaged
R0001927,OI00016226,2026-07-01,2,156.78,
R0001928,OI00016233,2026-06-25,1,115.1,
R0001929,OI00016244,2026-06-21,1,81.48,
R0001930,OI00016255,2026-06-11,1,67.76,Size or Fit
R0001931,OI00016259,2026-06-11,1,371.51,Wrong Item
R0001932,OI00016261,2026-06-08,1,126.66,Size or Fit
R0001933,OI00016264,2026-06-12,1,74.68,Damaged
R0001934,OI00016277,2026-06-27,1,774.56,Not as Described
R0001935,OI00016295,2026-06-25,1,141.1,Changed Mind
R0001936,OI00016297,2026-05-29,1,82.01,Changed Mind
R0001937,OI00016303,2026-07-01,1,278.79,Wrong Item
R0001938,OI00016314,2026-06-23,1,72.72,Arrived Late
R0001939,OI00016318,2026-06-13,2,160.54,Size or Fit
R0001940,OI00016320,2026-06-06,1,122.23,Damaged
R0001941,OI00016324,2026-06-15,1,808.73,Size or Fit
R0001942,OI00016325,2026-06-27,1,453.25,Arrived Late
R0001943,OI00016349,2026-06-18,1,141.51,Size or Fit
R0001944,OI00016350,2026-06-27,1,29.43,Changed Mind
R0001945,OI00016366,2026-07-08,1,272.47,Changed Mind
R0001946,OI00016373,2026-05-31,1,110.62,Size or Fit
R0001947,OI00016374,2026-06-11,2,544.68,
R0001948,OI00016386,2026-06-25,1,480.79,Not as Described
R0001949,OI00016388,2026-06-04,1,132.06,Changed Mind
R0001950,OI00016402,2026-06-04,1,123.67,Changed Mind
R0001951,OI00016407,2026-06-05,2,620.8,Size or Fit
R0001952,OI00016422,2026-06-01,1,159.7,Not as Described
R0001953,OI00016432,2026-06-13,1,403.38,Damaged
R0001954,OI00016436,2026-06-14,1,104.69,
R0001955,OI00016444,2026-06-26,1,142.88,Size or Fit
R0001956,OI00016448,2026-06-25,1,360.34,
R0001957,OI00016455,2026-06-06,1,73.83,Arrived Late
R0001958,OI00016462,2026-06-19,1,294.53,Size or Fit
R0001959,OI00016473,2026-06-01,1,103.9,Size or Fit
R0001960,OI00016479,2026-06-24,1,112.33,Size or Fit
R0001961,OI00016487,2026-06-03,1,100.22,Arrived Late
R0001962,OI00016497,2026-05-31,1,197.35,Changed Mind
R0001963,OI00016510,2026-06-11,1,402.11,Size or Fit
R0001964,OI00016530,2026-06-04,1,148.46,Changed Mind
R0001965,OI00016538,2026-06-14,1,46.81,
R0001966,OI00016573,2026-07-02,2,165.46,Arrived Late
R0001967,OI00016574,2026-07-02,1,125.16,Size or Fit
R0001968,OI00016577,2026-06-28,1,155.29,Changed Mind
R0001969,OI00016582,2026-07-08,2,163.08,Damaged
R0001970,OI00016585,2026-07-01,1,138.64,
R0001971,OI00016590,2026-06-27,1,563.66,
R0001972,OI00016605,2026-07-10,1,96.07,Size or Fit
R0001973,OI00016608,2026-06-28,1,159.29,Not as Described
R0001974,OI00016610,2026-06-16,1,802.23,Damaged
R0001975,OI00016611,2026-06-10,1,149.49,Arrived Late
R0001976,OI00016620,2026-07-11,1,333.23,Size or Fit
R0001977,OI00016623,2026-06-14,1,367.95,Changed Mind
R0001978,OI00016654,2026-06-13,1,69.66,Size or Fit
R0001979,OI00016665,2026-06-14,1,349.95,Arrived Late
R0001980,OI00016669,2026-06-25,1,678.74,Size or Fit
R0001981,OI00016677,2026-06-13,1,123.52,Changed Mind
R0001982,OI00016694,2026-07-06,1,96.89,Size or Fit
R0001983,OI00016735,2026-06-15,1,290.78,Changed Mind
R0001984,OI00016749,2026-07-06,1,13.55,Damaged
R0001985,OI00016751,2026-07-12,1,29.37,Not as Described
R0001986,OI00016754,2026-06-09,1,67.54,Changed Mind
R0001987,OI00016761,2026-06-23,1,137.87,Size or Fit
R0001988,OI00016766,2026-07-11,1,83.4,Size or Fit
R0001989,OI00016781,2026-06-02,1,82.04,Size or Fit
R0001990,OI00016786,2026-07-12,1,62.67,Wrong Item
R0001991,OI00016793,2026-07-02,1,260.5,Size or Fit
R0001992,OI00016797,2026-07-04,1,67.76,
R0001993,OI00016802,2026-06-30,1,80.68,Size or Fit
R0001994,OI00016810,2026-06-07,1,77.48,Changed Mind
R0001995,OI00016817,2026-07-07,1,75.15,Damaged
R0001996,OI00016819,2026-07-03,1,71.45,Damaged
R0001997,OI00016821,2026-07-06,1,71.25,Damaged
R0001998,OI00016831,2026-06-25,1,664.82,Size or Fit
R0001999,OI00016834,2026-06-09,1,59.9,Changed Mind
R0002000,OI00016835,2026-06-23,1,80.58,
R0002001,OI00016840,2026-07-13,2,1115.0,Size or Fit
R0002002,OI00016844,2026-06-06,1,31.41,Changed Mind
R0002003,OI00016845,2026-06-11,1,152.72,Arrived Late
R0002004,OI00016862,2026-06-21,1,143.19,Size or Fit
R0002005,OI00016870,2026-06-26,1,680.79,Changed Mind
R0002006,OI00016873,2026-07-02,1,132.23,Not as Described
R0002007,OI00016875,2026-06-23,1,76.9,Changed Mind
R0002008,OI00016896,2026-06-28,1,157.26,Size or Fit
R0002009,OI00016901,2026-06-14,1,54.53,
R0002010,OI00016904,2026-07-09,1,142.44,Damaged
R0002011,OI00016911,2026-07-06,1,28.12,Changed Mind
R0002012,OI00016913,2026-06-18,1,484.95,Arrived Late
R0002013,OI00016918,2026-07-11,2,1241.32,Arrived Late
R0002014,OI00016930,2026-06-18,1,101.14,Damaged
R0002015,OI00016951,2026-06-20,1,65.28,Size or Fit
R0002016,OI00016953,2026-07-02,2,151.22,Damaged
R0002017,OI00016956,2026-07-05,1,162.58,Arrived Late
R0002018,OI00016966,2026-06-10,1,108.63,Size or Fit
R0002019,OI00016967,2026-06-15,1,331.26,
R0002020,OI00016978,2026-07-13,1,123.99,Size or Fit
R0002021,OI00016980,2026-06-04,2,248.28,Size or Fit
R0002022,OI00016985,2026-06-15,1,81.49,Size or Fit
R0002023,OI00016986,2026-07-04,1,31.31,Size or Fit
R0002024,OI00017005,2026-07-04,2,171.88,
R0002025,OI00017010,2026-07-14,1,123.43,Damaged
R0002026,OI00017024,2026-06-23,1,288.92,Damaged
R0002027,OI00017029,2026-06-07,1,81.16,Damaged
R0002028,OI00017033,2026-07-13,1,273.96,Damaged
R0002029,OI00017037,2026-06-22,1,100.57,Changed Mind
R0002030,OI00017047,2026-06-07,1,134.01,Size or Fit
R0002031,OI00017052,2026-06-15,1,731.28,
R0002032,OI00017053,2026-07-02,1,112.91,Size or Fit
R0002033,OI00017062,2026-06-30,1,68.5,Size or Fit
R0002034,OI00017068,2026-06-12,1,70.27,Damaged
R0002035,OI00017070,2026-07-04,1,196.58,Changed Mind
R0002036,OI00017072,2026-06-20,1,145.39,Arrived Late
R0002037,OI00017074,2026-07-13,1,69.12,Not as Described
R0002038,OI00017075,2026-07-14,1,82.46,Size or Fit
R0002039,OI00017079,2026-06-28,1,126.9,Size or Fit
R0002040,OI00017090,2026-06-22,1,122.54,
R0002041,OI00017092,2026-06-08,1,67.88,Size or Fit
R0002042,OI00017093,2026-07-01,1,656.18,Size or Fit
R0002043,OI00017105,2026-07-10,1,130.93,Arrived Late
R0002044,OI00017108,2026-06-27,1,123.99,Not as Described
R0002045,OI00017115,2026-07-07,1,344.24,Damaged
R0002046,OI00017116,2026-06-25,2,205.82,Size or Fit
R0002047,OI00017123,2026-06-30,1,76.87,Changed Mind
R0002048,OI00017126,2026-07-09,1,102.97,Changed Mind
R0002049,OI00017137,2026-06-18,1,110.41,Size or Fit
R0002050,OI00017147,2026-07-06,1,79.62,Arrived Late
R0002051,OI00017152,2026-06-25,1,66.82,Changed Mind
R0002052,OI00017155,2026-07-11,1,85.95,Not as Described
R0002053,OI00017164,2026-07-06,1,47.44,Arrived Late
R0002054,OI00017165,2026-06-22,1,75.59,Damaged
R0002055,OI00017169,2026-06-08,1,125.86,
R0002056,OI00017174,2026-07-11,1,620.52,Damaged
R0002057,OI00017177,2026-07-01,1,101.69,Size or Fit
R0002058,OI00017193,2026-06-22,1,66.99,Size or Fit
R0002059,OI00017209,2026-06-23,1,122.06,Changed Mind
R0002060,OI00017228,2026-07-11,1,70.8,
R0002061,OI00017230,2026-06-29,1,286.05,
R0002062,OI00017251,2026-07-06,1,805.25,Not as Described
R0002063,OI00017254,2026-06-26,1,45.09,Changed Mind
R0002064,OI00017266,2026-06-19,1,70.15,Wrong Item
R0002065,OI00017268,2026-06-11,1,492.31,
R0002066,OI00017271,2026-06-10,1,773.75,Damaged
R0002067,OI00017285,2026-06-09,1,270.0,Arrived Late
R0002068,OI00017292,2026-06-24,1,120.74,Damaged
R0002069,OI00017295,2026-07-06,1,75.79,Not as Described
R0002070,OI00017297,2026-07-16,1,122.37,Size or Fit
R0002071,OI00017315,2026-06-16,1,143.43,
R0002072,OI00017322,2026-07-15,1,18.71,Damaged
R0002073,OI00017325,2026-06-18,1,148.96,
R0002074,OI00017333,2026-07-04,1,121.6,Arrived Late
R0002075,OI00017345,2026-07-12,1,72.15,Damaged
R0002076,OI00017363,2026-07-04,1,126.56,Changed Mind
R0002077,OI00017367,2026-07-17,2,107.94,Wrong Item
R0002078,OI00017369,2026-06-17,1,62.55,Changed Mind
R0002079,OI00017370,2026-06-26,1,677.61,Wrong Item
R0002080,OI00017371,2026-07-06,1,123.69,Size or Fit
R0002081,OI00017381,2026-06-10,1,406.11,
R0002082,OI00017383,2026-06-18,1,128.64,Changed Mind
R0002083,OI00017389,2026-07-15,1,83.79,Size or Fit
R0002084,OI00017408,2026-07-12,1,140.09,Size or Fit
R0002085,OI00017411,2026-07-13,1,419.16,Arrived Late
R0002086,OI00017414,2026-07-11,1,124.25,Arrived Late
R0002087,OI00017421,2026-06-11,1,67.72,Wrong Item
R0002088,OI00017441,2026-07-06,1,120.28,Wrong Item
R0002089,OI00017453,2026-07-07,2,303.34,Arrived Late
R0002090,OI00017456,2026-07-02,1,189.27,Arrived Late
R0002091,OI00017500,2026-07-12,1,67.72,Arrived Late
R0002092,OI00017542,2026-07-10,1,260.23,Not as Described
R0002093,OI00017543,2026-06-21,1,139.92,Size or Fit
R0002094,OI00017551,2026-06-12,1,105.62,Size or Fit
R0002095,OI00017570,2026-06-27,1,113.13,Damaged
R0002096,OI00017584,2026-07-06,2,812.27,Arrived Late
R0002097,OI00017585,2026-06-28,1,67.04,Size or Fit
R0002098,OI00017592,2026-06-24,1,81.86,Arrived Late
R0002099,OI00017603,2026-06-25,1,111.92,Size or Fit
R0002100,OI00017637,2026-07-16,1,77.12,Wrong Item
R0002101,OI00017638,2026-07-06,1,149.59,Changed Mind
R0002102,OI00017640,2026-06-26,1,149.75,Not as Described
R0002103,OI00017654,2026-06-14,1,110.05,Changed Mind
R0002104,OI00017656,2026-06-19,1,63.43,Size or Fit
R0002105,OI00017665,2026-06-12,2,251.64,Size or Fit
R0002106,OI00017668,2026-07-18,1,124.28,Size or Fit
R0002107,OI00017713,2026-06-21,1,314.48,Damaged
R0002108,OI00017717,2026-07-10,1,660.33,Changed Mind
R0002109,OI00017720,2026-06-18,1,358.08,Changed Mind
R0002110,OI00017730,2026-06-30,1,88.62,Size or Fit
R0002111,OI00017741,2026-06-29,1,53.47,Size or Fit
R0002112,OI00017754,2026-06-23,1,63.41,
R0002113,OI00017757,2026-06-12,1,111.3,Arrived Late
R0002114,OI00017760,2026-07-11,1,124.37,Not as Described
R0002115,OI00017786,2026-07-01,1,85.66,Arrived Late
R0002116,OI00017789,2026-06-21,1,111.7,Wrong Item
R0002117,OI00017791,2026-07-12,1,79.15,Size or Fit
R0002118,OI00017803,2026-06-14,1,81.42,Not as Described
R0002119,OI00017808,2026-06-20,1,103.99,Size or Fit
R0002120,OI00017813,2026-06-15,1,263.2,Changed Mind
R0002121,OI00017816,2026-06-12,1,160.61,Wrong Item
R0002122,OI00017818,2026-07-03,1,102.45,
R0002123,OI00017831,2026-06-24,1,114.02,Changed Mind
R0002124,OI00017833,2026-07-17,1,29.39,Arrived Late
R0002125,OI00017836,2026-06-10,1,315.05,Wrong Item
R0002126,OI00017841,2026-07-12,1,100.92,Not as Described
R0002127,OI00017842,2026-07-16,1,66.99,Arrived Late
R0002128,OI00017844,2026-07-01,1,146.05,Damaged
R0002129,OI00017851,2026-06-29,1,150.2,Damaged
R0002130,OI00017855,2026-07-20,1,94.84,Damaged
R0002131,OI00017864,2026-07-11,1,273.74,Wrong Item
R0002132,OI00017870,2026-07-21,1,31.62,Changed Mind
R0002133,OI00017882,2026-06-17,1,397.29,Damaged
R0002134,OI00017888,2026-07-02,1,83.01,Changed Mind
R0002135,OI00017898,2026-07-12,1,100.75,Damaged
R0002136,OI00017909,2026-06-24,1,30.27,Wrong Item
R0002137,OI00017949,2026-06-24,1,151.62,
R0002138,OI00017952,2026-06-25,1,145.32,Arrived Late
R0002139,OI00017972,2026-07-18,1,123.09,Damaged
R0002140,OI00017974,2026-07-01,1,82.12,Damaged
R0002141,OI00017993,2026-07-06,1,52.45,Size or Fit
R0002142,OI00018011,2026-06-19,1,13.96,Wrong Item
R0002143,OI00018015,2026-06-28,1,138.46,Not as Described
R0002144,OI00018019,2026-07-16,1,137.4,
R0002145,OI00018027,2026-07-07,1,113.05,Wrong Item
R0002146,OI00018040,2026-07-10,1,141.12,Not as Described
R0002147,OI00018059,2026-06-14,1,74.88,
R0002148,OI00018072,2026-06-25,1,297.79,Size or Fit
R0002149,OI00018077,2026-06-16,1,63.62,Damaged
R0002150,OI00018085,2026-06-18,1,139.64,Damaged
R0002151,OI00018097,2026-07-03,1,104.72,Not as Described
R0002152,OI00018102,2026-06-25,1,72.85,Not as Described
R0002153,OI00018105,2026-06-13,1,81.93,Size or Fit
R0002154,OI00018111,2026-06-19,1,161.57,Changed Mind
R0002155,OI00018115,2026-07-23,1,80.83,Changed Mind
R0002156,OI00018123,2026-07-23,1,379.34,
R0002157,OI00018129,2026-06-18,1,136.44,Size or Fit
R0002158,OI00018132,2026-06-28,1,81.75,Changed Mind
R0002159,OI00018144,2026-07-15,1,80.53,Changed Mind
R0002160,OI00018147,2026-07-06,1,260.27,Changed Mind
R0002161,OI00018158,2026-07-04,1,129.8,Not as Described
R0002162,OI00018174,2026-07-21,1,121.21,Size or Fit
R0002163,OI00018177,2026-06-26,1,420.3,Size or Fit
R0002164,OI00018181,2026-06-18,1,466.38,Size or Fit
R0002165,OI00018199,2026-07-16,1,638.08,Changed Mind
R0002166,OI00018208,2026-07-08,1,483.59,Wrong Item
R0002167,OI00018214,2026-07-09,1,121.57,
R0002168,OI00018231,2026-07-18,1,80.1,Size or Fit
R0002169,OI00018232,2026-07-13,1,81.17,Not as Described
R0002170,OI00018237,2026-06-16,1,145.11,Changed Mind
R0002171,OI00018241,2026-06-20,2,211.39,
R0002172,OI00018255,2026-07-07,1,58.05,Not as Described
R0002173,OI00018257,2026-06-18,1,81.9,Changed Mind
R0002174,OI00018262,2026-06-18,1,77.45,Not as Described
R0002175,OI00018268,2026-07-12,1,147.63,
R0002176,OI00018269,2026-07-09,1,108.51,Size or Fit
R0002177,OI00018274,2026-07-01,1,122.24,Wrong Item
R0002178,OI00018280,2026-07-16,1,73.97,Damaged
R0002179,OI00018286,2026-06-19,1,315.61,Arrived Late
R0002180,OI00018294,2026-07-03,1,79.91,Size or Fit
R0002181,OI00018296,2026-07-19,1,85.62,
R0002182,OI00018312,2026-07-24,1,250.07,Damaged
R0002183,OI00018334,2026-07-01,1,107.39,Changed Mind
R0002184,OI00018341,2026-07-02,1,104.24,Size or Fit
R0002185,OI00018371,2026-07-23,1,66.8,Damaged
R0002186,OI00018376,2026-07-18,1,149.75,Arrived Late
R0002187,OI00018389,2026-06-22,1,123.64,Changed Mind
R0002188,OI00018398,2026-06-27,1,102.12,Not as Described
R0002189,OI00018406,2026-06-17,1,651.18,
R0002190,OI00018411,2026-07-15,1,403.66,Size or Fit
R0002191,OI00018412,2026-06-17,1,57.48,Not as Described
R0002192,OI00018414,2026-07-16,1,470.49,Size or Fit
R0002193,OI00018424,2026-06-29,1,105.18,Size or Fit
R0002194,OI00018425,2026-06-17,1,108.43,Damaged
R0002195,OI00018428,2026-07-24,1,62.96,
R0002196,OI00018431,2026-07-10,1,137.61,Size or Fit
R0002197,OI00018460,2026-06-29,1,124.01,Changed Mind
R0002198,OI00018470,2026-06-15,1,560.83,Not as Described
R0002199,OI00018484,2026-07-10,1,82.74,Size or Fit
R0002200,OI00018485,2026-07-10,1,82.03,Size or Fit
R0002201,OI00018495,2026-07-06,1,405.56,Changed Mind
R0002202,OI00018499,2026-07-21,1,80.73,Size or Fit
R0002203,OI00018508,2026-07-07,1,83.48,
R0002204,OI00018528,2026-07-23,1,103.84,Changed Mind
R0002205,OI00018530,2026-06-29,1,107.68,Changed Mind
R0002206,OI00018541,2026-07-09,1,141.81,Size or Fit
R0002207,OI00018544,2026-06-21,1,140.19,
R0002208,OI00018546,2026-06-18,1,123.77,Size or Fit
R0002209,OI00018555,2026-07-26,2,163.64,Arrived Late
R0002210,OI00018580,2026-06-25,1,572.97,Damaged
R0002211,OI00018584,2026-07-15,1,28.87,Damaged
R0002212,OI00018590,2026-07-02,1,476.08,Size or Fit
R0002213,OI00018602,2026-07-19,1,260.99,Changed Mind
R0002214,OI00018611,2026-06-25,1,74.4,Changed Mind
R0002215,OI00018625,2026-06-22,1,663.81,Arrived Late
R0002216,OI00018627,2026-07-15,1,469.21,Damaged
R0002217,OI00018637,2026-07-16,2,295.2,Size or Fit
R0002218,OI00018638,2026-06-26,1,659.58,Damaged
R0002219,OI00018642,2026-06-24,1,101.99,
R0002220,OI00018644,2026-06-29,1,123.19,Changed Mind
R0002221,OI00018657,2026-07-17,1,43.38,Not as Described
R0002222,OI00018666,2026-07-11,1,80.48,Arrived Late
R0002223,OI00018675,2026-06-17,2,521.54,Damaged
R0002224,OI00018709,2026-07-22,1,18.83,Size or Fit
R0002225,OI00018720,2026-07-04,1,78.54,Damaged
R0002226,OI00018732,2026-06-18,2,225.41,Changed Mind
R0002227,OI00018738,2026-07-06,1,794.94,
R0002228,OI00018752,2026-06-26,2,37.58,Size or Fit
R0002229,OI00018761,2026-07-03,1,148.45,Damaged
R0002230,OI00018766,2026-06-28,1,93.92,Damaged
R0002231,OI00018792,2026-07-20,1,332.02,Changed Mind
R0002232,OI00018794,2026-07-05,1,118.68,
R0002233,OI00018805,2026-06-19,1,81.75,Arrived Late
R0002234,OI00018808,2026-07-16,1,68.78,Changed Mind
R0002235,OI00018810,2026-07-18,1,132.47,Damaged
R0002236,OI00018823,2026-07-26,1,128.12,Wrong Item
R0002237,OI00018828,2026-07-03,1,73.58,Changed Mind
R0002238,OI00018840,2026-07-21,1,66.28,Wrong Item
R0002239,OI00018861,2026-06-25,1,113.54,Damaged
R0002240,OI00018866,2026-07-28,1,67.2,Changed Mind
R0002241,OI00018867,2026-06-28,1,60.98,Arrived Late
R0002242,OI00018879,2026-07-19,1,56.79,Wrong Item
R0002243,OI00018886,2026-07-05,1,120.37,Size or Fit
R0002244,OI00018891,2026-07-16,1,80.86,Size or Fit
R0002245,OI00018903,2026-07-27,1,799.95,Not as Described
R0002246,OI00018905,2026-07-26,1,142.94,Arrived Late
R0002247,OI00018923,2026-07-18,2,781.13,
R0002248,OI00018928,2026-07-23,1,65.82,Changed Mind
R0002249,OI00018961,2026-07-01,1,103.61,Changed Mind
R0002250,OI00018966,2026-07-22,1,66.64,
R0002251,OI00018977,2026-07-27,1,18.66,Wrong Item
R0002252,OI00018982,2026-06-21,1,85.05,Damaged
R0002253,OI00018996,2026-07-09,2,252.86,Wrong Item
R0002254,OI00019001,2026-07-28,1,145.91,
R0002255,OI00019003,2026-07-05,1,353.73,Not as Described
R0002256,OI00019004,2026-07-16,1,150.66,Damaged
R0002257,OI00019015,2026-07-09,1,82.8,Wrong Item
R0002258,OI00019017,2026-06-29,1,125.5,Changed Mind
R0002259,OI00019021,2026-07-23,1,44.88,Changed Mind
R0002260,OI00019030,2026-07-15,1,261.55,Not as Described
R0002261,OI00019035,2026-07-14,1,61.46,Not as Described
R0002262,OI00019038,2026-07-27,1,670.23,Size or Fit
R0002263,OI00019059,2026-07-24,1,440.05,Wrong Item
R0002264,OI00019060,2026-07-17,1,416.89,Changed Mind
R0002265,OI00019068,2026-07-05,1,75.34,
R0002266,OI00019092,2026-07-11,1,262.04,
R0002267,OI00019117,2026-07-16,1,355.8,Changed Mind
R0002268,OI00019122,2026-07-18,1,137.06,
R0002269,OI00019139,2026-07-07,1,293.93,Changed Mind
R0002270,OI00019145,2026-07-22,1,688.75,Damaged
R0002271,OI00019148,2026-07-11,1,121.67,Not as Described
R0002272,OI00019151,2026-07-31,2,148.36,Arrived Late
R0002273,OI00019160,2026-07-09,2,248.64,Damaged
R0002274,OI00019175,2026-07-10,1,312.76,Not as Described
R0002275,OI00019180,2026-07-20,1,106.1,
R0002276,OI00019188,2026-07-26,1,143.75,Changed Mind
R0002277,OI00019189,2026-07-05,1,637.36,Changed Mind
R0002278,OI00019190,2026-07-14,1,68.55,Size or Fit
R0002279,OI00019194,2026-07-26,1,265.45,Changed Mind
R0002280,OI00019197,2026-06-25,1,144.51,Arrived Late
R0002281,OI00019202,2026-07-23,1,420.71,Changed Mind
R0002282,OI00019207,2026-06-24,1,118.79,Changed Mind
R0002283,OI00019209,2026-07-12,1,98.19,Size or Fit
R0002284,OI00019212,2026-07-31,1,82.6,Size or Fit
R0002285,OI00019214,2026-07-18,1,122.51,Changed Mind
R0002286,OI00019215,2026-07-29,1,76.54,Size or Fit
R0002287,OI00019218,2026-07-05,1,95.47,
R0002288,OI00019224,2026-07-17,1,144.44,Size or Fit
R0002289,OI00019226,2026-07-01,1,37.87,Arrived Late
R0002290,OI00019233,2026-07-11,1,98.95,Not as Described
R0002291,OI00019237,2026-06-22,1,486.73,Not as Described
R0002292,OI00019242,2026-06-30,1,129.91,Size or Fit
R0002293,OI00019243,2026-07-24,1,122.15,Not as Described
R0002294,OI00019244,2026-06-30,2,133.46,Not as Described
R0002295,OI00019246,2026-06-26,1,148.05,
R0002296,OI00019253,2026-06-28,1,140.19,Arrived Late
R0002297,OI00019263,2026-06-24,1,124.67,Damaged
R0002298,OI00019268,2026-07-15,1,82.06,Changed Mind
R0002299,OI00019270,2026-07-29,1,676.55,Changed Mind
R0002300,OI00019273,2026-07-04,1,152.22,Size or Fit
R0002301,OI00019274,2026-06-28,2,237.46,Damaged
R0002302,OI00019279,2026-07-28,1,68.81,
R0002303,OI00019286,2026-07-12,1,101.54,Changed Mind
R0002304,OI00019290,2026-06-25,1,287.22,Not as Described
R0002305,OI00019293,2026-07-02,1,230.63,Damaged
R0002306,OI00019305,2026-07-11,1,28.17,Size or Fit
R0002307,OI00019307,2026-07-07,1,66.59,Size or Fit
R0002308,OI00019310,2026-07-31,1,67.21,Size or Fit
R0002309,OI00019323,2026-07-15,1,140.25,Size or Fit
R0002310,OI00019326,2026-07-08,1,134.85,Damaged
R0002311,OI00019327,2026-07-03,1,107.18,Damaged
R0002312,OI00019330,2026-06-28,1,60.62,Changed Mind
R0002313,OI00019349,2026-06-22,1,396.9,Not as Described
R0002314,OI00019375,2026-07-13,1,288.38,Damaged
R0002315,OI00019389,2026-07-23,1,132.33,
R0002316,OI00019396,2026-07-17,1,272.93,Arrived Late
R0002317,OI00019411,2026-07-07,1,149.29,Size or Fit
R0002318,OI00019450,2026-07-13,2,285.02,Changed Mind
R0002319,OI00019458,2026-07-03,1,317.19,Arrived Late
R0002320,OI00019459,2026-07-23,1,68.4,Size or Fit
R0002321,OI00019460,2026-07-15,1,388.83,Changed Mind
R0002322,OI00019465,2026-07-31,1,92.61,Wrong Item
R0002323,OI00019475,2026-06-28,1,83.87,Changed Mind
R0002324,OI00019477,2026-06-30,1,100.55,Size or Fit
R0002325,OI00019486,2026-07-10,1,143.53,Arrived Late
R0002326,OI00019503,2026-07-15,1,109.99,Size or Fit
R0002327,OI00019505,2026-06-24,1,31.23,
R0002328,OI00019516,2026-06-27,1,166.18,Size or Fit
R0002329,OI00019518,2026-07-14,1,74.37,Damaged
R0002330,OI00019519,2026-07-20,1,27.7,Size or Fit
R0002331,OI00019521,2026-07-28,2,132.3,Arrived Late
R0002332,OI00019534,2026-06-26,1,247.87,Not as Described
R0002333,OI00019539,2026-07-23,2,56.1,Changed Mind
R0002334,OI00019542,2026-06-25,1,159.68,Changed Mind
R0002335,OI00019544,2026-06-23,1,157.65,
R0002336,OI00019550,2026-06-27,1,138.12,Arrived Late
R0002337,OI00019562,2026-07-18,1,237.22,
R0002338,OI00019565,2026-07-20,1,51.97,Damaged
R0002339,OI00019571,2026-07-14,1,137.69,Size or Fit
R0002340,OI00019573,2026-07-02,1,76.73,Damaged
R0002341,OI00019588,2026-08-03,1,471.57,Not as Described
R0002342,OI00019589,2026-07-23,1,258.11,Changed Mind
R0002343,OI00019590,2026-07-17,1,69.6,Not as Described
R0002344,OI00019594,2026-06-28,1,142.92,Size or Fit
R0002345,OI00019598,2026-06-29,1,473.39,Arrived Late
R0002346,OI00019599,2026-06-29,1,154.29,Damaged
R0002347,OI00019615,2026-07-23,1,147.61,Not as Described
R0002348,OI00019621,2026-07-23,1,476.64,Damaged
R0002349,OI00019623,2026-07-21,1,79.68,Size or Fit
R0002350,OI00019636,2026-07-25,1,100.97,Arrived Late
R0002351,OI00019661,2026-07-27,1,98.78,Changed Mind
R0002352,OI00019668,2026-07-13,1,71.02,Arrived Late
R0002353,OI00019670,2026-06-28,1,131.17,
R0002354,OI00019683,2026-08-01,1,298.94,Size or Fit
R0002355,OI00019685,2026-07-27,1,109.08,Damaged
R0002356,OI00019731,2026-06-25,1,124.47,Wrong Item
R0002357,OI00019733,2026-07-25,1,50.68,Changed Mind
R0002358,OI00019735,2026-06-28,1,145.59,Not as Described
R0002359,OI00019740,2026-08-03,1,148.97,
R0002360,OI00019746,2026-06-25,1,434.98,Not as Described
R0002361,OI00019757,2026-06-26,1,102.04,Changed Mind
R0002362,OI00019763,2026-07-11,1,112.2,Changed Mind
R0002363,OI00019782,2026-07-06,1,696.49,Changed Mind
R0002364,OI00019783,2026-07-29,1,141.02,Changed Mind
R0002365,OI00019799,2026-07-16,1,65.89,
R0002366,OI00019818,2026-07-02,1,123.06,Not as Described
R0002367,OI00019835,2026-07-08,1,128.16,
R0002368,OI00019838,2026-07-21,1,155.48,Changed Mind
R0002369,OI00019856,2026-07-25,1,55.44,Size or Fit
R0002370,OI00019859,2026-07-29,1,452.24,Wrong Item
R0002371,OI00019861,2026-07-31,2,132.78,Not as Described
R0002372,OI00019864,2026-06-28,1,88.72,Not as Described
R0002373,OI00019871,2026-06-29,1,60.97,Not as Described
R0002374,OI00019888,2026-07-27,1,44.34,
R0002375,OI00019896,2026-07-17,1,316.14,Damaged
R0002376,OI00019900,2026-07-19,1,112.49,Wrong Item
R0002377,OI00019905,2026-07-08,1,56.1,Damaged
R0002378,OI00019915,2026-07-25,1,82.23,
R0002379,OI00019939,2026-07-25,1,640.91,Changed Mind
R0002380,OI00019941,2026-07-03,1,124.38,Size or Fit
R0002381,OI00019942,2026-07-25,1,319.39,Not as Described
R0002382,OI00019944,2026-07-20,1,143.05,Not as Described
R0002383,OI00019983,2026-07-30,1,160.27,Not as Described
R0002384,OI00019991,2026-07-20,1,479.91,Size or Fit
R0002385,OI00019993,2026-08-02,1,145.99,Size or Fit
R0002386,OI00019997,2026-07-13,1,80.73,Size or Fit
R0002387,OI00020009,2026-07-25,2,775.42,Changed Mind
R0002388,OI00020016,2026-07-11,1,260.22,Changed Mind
R0002389,OI00020018,2026-06-28,1,122.56,Arrived Late
R0002390,OI00020019,2026-07-15,1,83.87,Changed Mind
R0002391,OI00020030,2026-08-06,1,74.16,Size or Fit
R0002392,OI00020035,2026-08-02,1,107.07,Size or Fit
R0002393,OI00020045,2026-07-27,1,125.53,Wrong Item
R0002394,OI00020051,2026-07-16,1,89.63,Size or Fit
R0002395,OI00020070,2026-07-02,1,436.18,
R0002396,OI00020078,2026-07-14,1,146.19,Size or Fit
R0002397,OI00020100,2026-07-28,1,49.76,Size or Fit
R0002398,OI00020105,2026-07-24,1,146.64,Not as Described
R0002399,OI00020119,2026-08-06,1,126.1,Damaged
R0002400,OI00020122,2026-06-28,1,637.08,
R0002401,OI00020137,2026-07-06,1,124.38,Size or Fit
R0002402,OI00020140,2026-06-30,2,259.97,
R0002403,OI00020142,2026-08-06,1,72.55,Size or Fit
R0002404,OI00020156,2026-07-06,1,82.72,Size or Fit
R0002405,OI00020161,2026-07-09,1,79.57,Changed Mind
R0002406,OI00020167,2026-07-11,2,288.99,Damaged
R0002407,OI00020186,2026-07-11,1,28.85,Not as Described
R0002408,OI00020187,2026-07-23,1,534.28,Changed Mind
R0002409,OI00020188,2026-07-01,1,55.58,Size or Fit
R0002410,OI00020191,2026-07-01,1,110.47,
R0002411,OI00020200,2026-07-15,1,91.7,Changed Mind
R0002412,OI00020208,2026-08-04,1,70.84,Not as Described
R0002413,OI00020212,2026-07-24,1,84.82,Arrived Late
R0002414,OI00020222,2026-07-04,1,122.42,Arrived Late
R0002415,OI00020229,2026-08-08,2,103.52,Size or Fit
R0002416,OI00020251,2026-07-27,1,73.26,Changed Mind
R0002417,OI00020258,2026-07-30,1,122.22,Size or Fit
R0002418,OI00020259,2026-07-30,1,250.46,Changed Mind
R0002419,OI00020261,2026-08-04,1,109.17,Size or Fit
R0002420,OI00020278,2026-07-24,2,148.3,Size or Fit
R0002421,OI00020283,2026-07-07,1,136.82,Not as Described
R0002422,OI00020284,2026-07-14,1,76.74,
R0002423,OI00020293,2026-07-14,1,196.83,Damaged
R0002424,OI00020295,2026-07-04,1,109.53,Size or Fit
R0002425,OI00020309,2026-07-17,2,110.65,Damaged
R0002426,OI00020313,2026-07-02,1,93.36,Changed Mind
R0002427,OI00020317,2026-07-19,1,147.13,Not as Described
R0002428,OI00020321,2026-07-13,1,67.44,Size or Fit
R0002429,OI00020323,2026-07-19,1,31.3,Changed Mind
R0002430,OI00020324,2026-07-06,1,110.68,Not as Described
R0002431,OI00020327,2026-07-06,1,131.88,Arrived Late
R0002432,OI00020336,2026-07-12,1,95.43,Changed Mind
R0002433,OI00020340,2026-07-18,1,109.42,Changed Mind
R0002434,OI00020341,2026-06-30,1,764.52,Arrived Late
R0002435,OI00020354,2026-08-03,1,194.01,Wrong Item
R0002436,OI00020355,2026-07-28,1,795.26,Size or Fit
R0002437,OI00020364,2026-07-10,1,402.8,Changed Mind
R0002438,OI00020381,2026-07-27,1,238.39,Not as Described
R0002439,OI00020385,2026-07-14,1,165.18,Damaged
R0002440,OI00020391,2026-07-24,1,126.19,Size or Fit
R0002441,OI00020401,2026-08-08,1,67.02,Changed Mind
R0002442,OI00020402,2026-07-16,1,141.44,Damaged
R0002443,OI00020404,2026-07-21,1,58.9,Size or Fit
R0002444,OI00020406,2026-07-17,1,66.45,Damaged
R0002445,OI00020409,2026-07-03,1,138.48,Size or Fit
R0002446,OI00020414,2026-07-27,1,106.24,Size or Fit
R0002447,OI00020419,2026-07-27,1,225.59,Arrived Late
R0002448,OI00020426,2026-07-09,1,65.4,Damaged
R0002449,OI00020432,2026-07-20,1,104.18,Size or Fit
R0002450,OI00020433,2026-08-04,1,396.05,Changed Mind
R0002451,OI00020435,2026-07-28,1,715.61,Damaged
R0002452,OI00020440,2026-08-09,1,65.08,Not as Described
R0002453,OI00020441,2026-07-14,2,644.02,Changed Mind
R0002454,OI00020446,2026-07-16,1,57.37,
R0002455,OI00020452,2026-07-28,1,649.64,Size or Fit
R0002456,OI00020454,2026-08-09,1,127.75,Not as Described
R0002457,OI00020478,2026-07-11,1,72.51,Size or Fit
R0002458,OI00020484,2026-08-03,2,294.96,Not as Described
R0002459,OI00020486,2026-07-31,1,125.09,Changed Mind
R0002460,OI00020499,2026-07-07,1,80.1,Size or Fit
R0002461,OI00020506,2026-07-28,1,51.96,Changed Mind
R0002462,OI00020507,2026-07-18,1,144.87,Changed Mind
R0002463,OI00020511,2026-07-21,1,767.13,Size or Fit
R0002464,OI00020518,2026-07-07,1,344.22,Wrong Item
R0002465,OI00020521,2026-08-11,1,268.18,Not as Described
R0002466,OI00020523,2026-07-13,1,88.08,
R0002467,OI00020529,2026-07-20,1,122.81,Changed Mind
R0002468,OI00020534,2026-08-07,1,54.35,Changed Mind
R0002469,OI00020536,2026-07-24,1,67.18,Size or Fit
R0002470,OI00020539,2026-08-08,1,91.56,Changed Mind
R0002471,OI00020555,2026-07-24,1,45.71,
R0002472,OI00020566,2026-07-26,1,492.69,Size or Fit
R0002473,OI00020584,2026-07-02,1,69.25,Changed Mind
R0002474,OI00020591,2026-07-08,1,106.57,Changed Mind
R0002475,OI00020602,2026-07-10,1,381.85,Arrived Late
R0002476,OI00020612,2026-07-11,1,622.04,Size or Fit
R0002477,OI00020629,2026-07-11,1,88.03,Not as Described
R0002478,OI00020632,2026-07-18,1,248.57,
R0002479,OI00020636,2026-08-07,1,315.21,Size or Fit
R0002480,OI00020644,2026-07-20,1,82.5,Not as Described
R0002481,OI00020645,2026-07-06,1,88.13,Damaged
R0002482,OI00020665,2026-08-10,1,146.45,Changed Mind
R0002483,OI00020674,2026-07-03,1,117.5,Size or Fit
R0002484,OI00020691,2026-08-06,1,655.21,
R0002485,OI00020707,2026-07-15,1,114.42,Size or Fit
R0002486,OI00020734,2026-07-10,1,135.2,Size or Fit
R0002487,OI00020736,2026-07-31,1,650.41,Arrived Late
R0002488,OI00020752,2026-08-02,1,127.18,Not as Described
R0002489,OI00020759,2026-08-02,1,300.04,Damaged
R0002490,OI00020793,2026-07-29,1,124.78,Size or Fit
R0002491,OI00020799,2026-07-23,1,64.32,Size or Fit
R0002492,OI00020812,2026-07-12,1,286.6,Damaged
R0002493,OI00020814,2026-08-01,1,141.81,Size or Fit
R0002494,OI00020818,2026-07-25,1,79.34,
R0002495,OI00020829,2026-07-18,1,137.98,Damaged
R0002496,OI00020833,2026-07-12,1,435.35,Changed Mind
R0002497,OI00020835,2026-07-10,1,47.33,Size or Fit
R0002498,OI00020843,2026-07-26,1,379.9,Not as Described
R0002499,OI00020848,2026-07-12,1,412.94,Changed Mind
R0002500,OI00020860,2026-07-06,1,151.66,Damaged
R0002501,OI00020868,2026-07-08,1,318.71,Damaged
R0002502,OI00020877,2026-08-13,1,102.68,Wrong Item
R0002503,OI00020892,2026-07-06,1,90.35,Not as Described
R0002504,OI00020896,2026-07-29,1,134.16,Wrong Item
R0002505,OI00020904,2026-07-09,1,89.9,Size or Fit
R0002506,OI00020914,2026-08-04,1,126.31,Size or Fit
R0002507,OI00020915,2026-07-21,1,273.53,Arrived Late
R0002508,OI00020927,2026-08-09,1,113.34,Changed Mind
R0002509,OI00020934,2026-07-23,1,147.34,Changed Mind
R0002510,OI00020936,2026-08-01,1,666.93,Changed Mind
R0002511,OI00020938,2026-07-20,1,657.26,Changed Mind
R0002512,OI00020945,2026-07-27,1,86.65,Not as Described
R0002513,OI00020948,2026-08-01,1,69.41,Not as Described
R0002514,OI00020966,2026-07-14,1,82.21,Wrong Item
